config,day,n_trades,pnl_total,ev_per_trade,n_fills,n_signals_emitted,n_signals_consumed,n_soft_stops,n_inv_trades_submitted,n_inv_trades_filled,n_fvg_zones,n_fvg_live,n_fvg_inverted,n_fvg_marginal,n_fvg_hunt,trades_per_zone,fill_rate,error
BASELINE,2024-01-05,34,-1.2780730461658247,-0.03759038371075955,34,13,13,13,0,0,0,0,15,0,0,0.0,0.8717948717948718,
BASELINE,2024-01-17,69,-0.3496487080070285,-0.005067372579812007,69,24,24,24,0,0,0,0,27,0,0,0.0,0.9583333333333334,
BASELINE,2024-01-29,38,-0.48424169395199596,-0.012743202472420946,38,15,15,5,0,0,0,0,6,0,0,0.0,0.8444444444444444,
BASELINE,2024-02-13,42,-1.084309030370605,-0.025816881675490597,42,17,17,18,0,0,0,0,18,0,0,0.0,0.8235294117647058,
BASELINE,2024-02-16,34,0.40979122443316857,0.01205268307156378,34,13,13,13,0,0,0,0,17,0,0,0.0,0.8717948717948718,
BASELINE,2024-02-23,50,-0.245608486187545,-0.0049121697237509,50,21,21,21,0,0,0,0,21,0,0,0.0,0.7936507936507936,
BASELINE,2024-03-27,43,-0.7882551262561417,-0.01833151456409632,43,17,17,9,0,0,0,0,13,0,0,0.0,0.8431372549019608,
BASELINE,2024-05-03,47,0.5488886034495408,0.011678480924458315,47,19,19,15,0,0,0,0,18,0,0,0.0,0.8245614035087719,
BASELINE,2024-05-14,74,-2.4430724232117127,-0.033014492205563684,74,26,26,23,0,0,0,0,34,0,0,0.0,0.9487179487179487,
BASELINE,2024-05-17,90,-0.7964265161878453,-0.00884918351319828,90,33,33,36,0,0,0,0,46,0,0,0.0,0.9090909090909091,
BASELINE,2024-06-06,74,-2.000889217429934,-0.02703904347878289,74,27,27,18,0,0,0,0,18,0,0,0.0,0.9135802469135802,
BASELINE,2024-06-11,52,-1.326294733706618,-0.0255056679558965,52,18,18,12,0,0,0,0,12,0,0,0.0,0.9629629629629629,
BASELINE,2024-06-12,68,-1.8914684346709691,-0.027815712274573075,68,26,26,15,0,0,0,0,15,0,0,0.0,0.8717948717948718,
BASELINE,2024-07-08,77,-0.474575131514636,-0.0061633133962939735,77,30,30,23,0,0,0,0,27,0,0,0.0,0.8555555555555555,
BASELINE,2024-07-30,52,-0.8465883396311257,-0.01628054499290626,52,20,20,12,0,0,0,0,15,0,0,0.0,0.8666666666666667,
BASELINE,2024-08-14,82,-3.3456816564657856,-0.04080099581055836,82,29,29,35,0,0,0,0,37,0,0,0.0,0.9425287356321839,
BASELINE,2024-08-21,43,-0.41002050801049933,-0.009535360651406961,43,18,18,16,0,0,0,0,20,0,0,0.0,0.7962962962962963,
BASELINE,2024-10-01,68,-1.8043249767720229,-0.02653419083488269,68,27,27,26,0,0,0,0,29,0,0,0.0,0.8395061728395061,
BASELINE,2024-10-07,35,-0.9119220724937805,-0.02605491635696516,35,14,14,6,0,0,0,0,8,0,0,0.0,0.8333333333333334,
BASELINE,2024-10-25,61,-1.5464444750368784,-0.02535154877109637,61,25,25,21,0,0,0,0,21,0,0,0.0,0.8133333333333334,
BASELINE,2024-11-29,38,-0.4498526311558635,-0.011838227135680618,38,14,14,22,0,0,0,0,24,0,0,0.0,0.9047619047619048,
BASELINE,2024-12-18,70,-2.0153952413713037,-0.028791360591018625,70,27,27,30,0,0,0,0,32,0,0,0.0,0.8641975308641975,
BASELINE,2024-12-26,61,-1.8076749141262858,-0.029634014985676815,61,22,22,29,0,0,0,0,32,0,0,0.0,0.9242424242424242,
BASELINE,2025-01-10,52,-1.4982093364650004,-0.028811718008942316,52,20,19,15,0,0,0,0,15,0,0,0.0,0.8666666666666667,
BASELINE,2025-01-20,49,-2.3411702669329015,-0.04777898503944697,49,18,18,33,0,0,0,0,33,0,0,0.0,0.9074074074074074,
BASELINE,2025-01-21,99,-4.165055473953696,-0.042071267413673695,99,35,35,50,0,0,0,0,51,0,0,0.0,0.9428571428571428,
BASELINE,2025-01-29,49,-3.1579381830996076,-0.06444771802244097,49,18,18,33,0,0,0,0,33,0,0,0.0,0.9074074074074074,
BASELINE,2025-03-07,56,-1.0400999230405432,-0.01857321291143827,56,21,21,23,0,0,0,0,26,0,0,0.0,0.8888888888888888,
BASELINE,2025-03-14,41,-2.0034504414664602,-0.048864644913816105,41,15,15,9,0,0,0,0,9,0,0,0.0,0.9111111111111111,
BASELINE,2025-03-18,96,-2.3790185086741076,-0.02478144279868862,96,34,34,37,0,0,0,0,42,0,0,0.0,0.9411764705882353,
BASELINE,2025-04-11,58,-2.3469550358331617,-0.04046474199712348,58,23,23,24,0,0,0,0,31,0,0,0.0,0.8405797101449275,
BASELINE,2025-04-29,66,-4.0129899384035825,-0.060802877854599736,66,24,24,27,0,0,0,0,27,0,0,0.0,0.9166666666666666,
BASELINE,2025-05-15,111,-4.535485051543371,-0.04086022568957992,111,44,44,39,0,0,0,0,48,0,0,0.0,0.8409090909090909,
BASELINE,2025-06-04,29,-1.0881591241013666,-0.0375227284172885,29,12,12,9,0,0,0,0,9,0,0,0.0,0.8055555555555556,
BASELINE,2025-06-20,65,-1.207000276959813,-0.01856923503015097,65,24,24,16,0,0,0,0,18,0,0,0.0,0.9027777777777778,
BASELINE,2025-07-04,33,-0.08541264854845089,-0.0025882620772257844,33,13,13,11,0,0,0,0,12,0,0,0.0,0.8461538461538461,
BASELINE,2025-07-07,60,0.010300448428855148,0.00017167414048091913,60,26,26,23,0,0,0,0,27,0,0,0.0,0.7692307692307693,
BASELINE,2025-08-06,47,-1.9599564061568346,-0.04170120013099648,47,17,17,17,0,0,0,0,18,0,0,0.0,0.9215686274509803,
BASELINE,2025-08-13,38,-1.1874079673048072,-0.03124757808696861,38,15,15,12,0,0,0,0,12,0,0,0.0,0.8444444444444444,
BASELINE,2025-09-19,73,-2.6735897267117252,-0.03662451680427021,73,27,27,40,0,0,0,0,42,0,0,0.0,0.9012345679012346,
BASELINE,2025-09-25,45,-1.506831741616073,-0.03348514981369051,45,17,17,14,0,0,0,0,16,0,0,0.0,0.8823529411764706,
BASELINE,2025-10-29,76,-0.9702496654960366,-0.012766442967053114,76,32,31,24,0,0,0,0,27,0,0,0.0,0.7916666666666666,
BASELINE,2025-11-24,99,-7.1239247869427045,-0.07195883623174448,99,38,38,36,0,0,0,0,42,0,0,0.0,0.868421052631579,
BASELINE,2025-12-01,44,-3.3055781491442153,-0.07512677611691398,44,17,17,21,0,0,0,0,21,0,0,0.0,0.8627450980392157,
BASELINE,2025-12-22,134,-7.167831654359665,-0.05349128100268406,134,51,51,55,0,0,0,0,60,0,0,0.0,0.8758169934640523,
BASELINE,2026-01-02,102,-3.887526702471405,-0.038113006886974554,102,38,38,34,0,0,0,0,45,0,0,0.0,0.8947368421052632,
BASELINE,2026-01-15,60,-3.847400142241592,-0.06412333570402654,60,23,23,33,0,0,0,0,33,0,0,0.0,0.8695652173913043,
BASELINE,2026-02-09,71,-5.3407930431170225,-0.07522243722700031,71,28,27,19,0,0,0,0,21,0,0,0.0,0.8452380952380952,
BASELINE,2026-02-11,63,-7.246017528777278,-0.11501615125043299,63,23,23,24,0,0,0,0,24,0,0,0.0,0.9130434782608695,
BASELINE,2026-02-13,79,-5.863685940843425,-0.07422387266890411,79,30,30,41,0,0,0,0,47,0,0,0.0,0.8777777777777778,
BASELINE,2026-02-26,54,-3.6225666418983264,-0.0670845674425616,54,18,18,17,0,0,0,0,18,0,0,0.0,1.0,
BASELINE,2026-02-27,74,-4.000493868693714,-0.05406072795532046,74,31,31,24,0,0,0,0,24,0,0,0.0,0.7956989247311828,
BASELINE,2026-03-04,65,-4.512410667522697,-0.06942170257727226,65,24,24,13,0,0,0,0,15,0,0,0.0,0.9027777777777778,
BASELINE,2026-03-13,70,-5.426532206507242,-0.07752188866438918,70,28,28,27,0,0,0,0,30,0,0,0.0,0.8333333333333334,
BASELINE,2026-03-30,78,-12.346436248217287,-0.15828764420791394,78,28,28,34,0,0,0,0,36,0,0,0.0,0.9285714285714286,
BASELINE,2026-03-31,110,-14.76282190661156,-0.1342074718782869,110,44,44,54,0,0,0,0,57,0,0,0.0,0.8333333333333334,
BASELINE,2026-05-08,52,-2.7847411007845344,-0.053552713476625664,52,21,20,15,0,0,0,0,18,0,0,0.0,0.8253968253968254,
BASELINE,2026-05-28,108,-6.56054624565968,-0.06074579857092296,108,44,44,38,0,0,0,0,42,0,0,0.0,0.8181818181818182,
BASELINE,2026-06-25,26,-2.0005736658134388,-0.07694514099282457,26,11,11,12,0,0,0,0,12,0,0,0.0,0.7878787878787878,
BASELINE,2026-07-14,99,-4.482438706474872,-0.04527715865126133,99,39,39,26,0,0,0,0,36,0,0,0.0,0.8461538461538461,
BIAS_GATE,2024-01-05,12,-0.7017129054199056,-0.0584760754516588,12,4,4,3,0,0,0,0,3,0,0,0.0,1.0,
BIAS_GATE,2024-01-17,41,-0.08658940425304226,-0.0021119366890985916,41,14,14,21,0,0,0,0,24,0,0,0.0,0.9761904761904762,
BIAS_GATE,2024-01-29,14,0.233029134047077,0.016644938146219788,14,6,6,5,0,0,0,0,6,0,0,0.0,0.7777777777777778,
BIAS_GATE,2024-02-13,23,-1.2167713253784314,-0.05290310110341006,23,9,9,12,0,0,0,0,12,0,0,0.0,0.8518518518518519,
BIAS_GATE,2024-02-16,22,0.7914572365710532,0.03597532893504787,22,9,9,10,0,0,0,0,14,0,0,0.0,0.8148148148148148,
BIAS_GATE,2024-02-23,35,-0.5953759954059783,-0.017010742725885094,35,14,14,18,0,0,0,0,18,0,0,0.0,0.8333333333333334,
BIAS_GATE,2024-03-27,24,-0.5436111415803377,-0.022650464232514073,24,9,9,9,0,0,0,0,13,0,0,0.0,0.8888888888888888,
BIAS_GATE,2024-05-03,24,0.9566043494508752,0.03985851456045313,24,9,9,12,0,0,0,0,15,0,0,0.0,0.8888888888888888,
BIAS_GATE,2024-05-14,41,-1.4364722393852392,-0.03503590827768876,41,14,14,19,0,0,0,0,23,0,0,0.0,0.9761904761904762,
BIAS_GATE,2024-05-17,48,-0.8177488961452278,-0.017036435336358912,48,17,17,33,0,0,0,0,39,0,0,0.0,0.9411764705882353,
BIAS_GATE,2024-06-06,30,-1.011361427956975,-0.03371204759856583,30,12,12,12,0,0,0,0,12,0,0,0.0,0.8333333333333334,
BIAS_GATE,2024-06-11,18,-0.7292350815650934,-0.04051306008694963,18,6,6,6,0,0,0,0,6,0,0,0.0,1.0,
BIAS_GATE,2024-06-12,28,-1.4631441524561524,-0.05225514830200544,28,11,11,15,0,0,0,0,15,0,0,0.0,0.8484848484848485,
BIAS_GATE,2024-07-08,37,-0.930939071594518,-0.025160515448500488,37,14,14,20,0,0,0,0,24,0,0,0.0,0.8809523809523809,
BIAS_GATE,2024-07-30,20,-0.4659518359620355,-0.023297591798101775,20,8,8,9,0,0,0,0,9,0,0,0.0,0.8333333333333334,
BIAS_GATE,2024-08-14,39,-1.8944577496278423,-0.048575839734047235,39,14,14,25,0,0,0,0,27,0,0,0.0,0.9285714285714286,
BIAS_GATE,2024-08-21,23,0.009567683933103924,0.0004159862579610402,23,10,10,13,0,0,0,0,17,0,0,0.0,0.7666666666666667,
BIAS_GATE,2024-10-01,35,-0.9683321931897809,-0.027666634091136597,35,14,14,15,0,0,0,0,17,0,0,0.0,0.8333333333333334,
BIAS_GATE,2024-10-07,17,-0.21179640948715442,-0.01245861232277379,17,7,7,3,0,0,0,0,5,0,0,0.0,0.8095238095238095,
BIAS_GATE,2024-10-25,29,-1.1004171177608746,-0.037945417853823264,29,14,14,12,0,0,0,0,12,0,0,0.0,0.6904761904761905,
BIAS_GATE,2024-11-29,22,-0.22221782202344303,-0.010100810091974683,22,8,8,13,0,0,0,0,15,0,0,0.0,0.9166666666666666,
BIAS_GATE,2024-12-18,28,0.0841621801652461,0.0030057921487587893,28,13,13,21,0,0,0,0,23,0,0,0.0,0.717948717948718,
BIAS_GATE,2024-12-26,40,-1.1594353363126781,-0.028985883407816954,40,14,14,24,0,0,0,0,26,0,0,0.0,0.9523809523809523,
BIAS_GATE,2025-01-10,21,-1.392491514595804,-0.06630911974265732,21,8,7,12,0,0,0,0,12,0,0,0.0,0.875,
BIAS_GATE,2025-01-20,28,-1.3676799555807218,-0.04884571269931149,28,11,11,21,0,0,0,0,21,0,0,0.0,0.8484848484848485,
BIAS_GATE,2025-01-21,55,-2.446622437706992,-0.04448404432194531,55,19,19,39,0,0,0,0,39,0,0,0.0,0.9649122807017544,
BIAS_GATE,2025-01-29,30,-1.986643678161272,-0.06622145593870907,30,11,11,27,0,0,0,0,27,0,0,0.0,0.9090909090909091,
BIAS_GATE,2025-03-07,26,-0.618260583011003,-0.023779253192730884,26,10,10,17,0,0,0,0,20,0,0,0.0,0.8666666666666667,
BIAS_GATE,2025-03-14,18,-0.8266857021512806,-0.04592698345284892,18,7,7,9,0,0,0,0,9,0,0,0.0,0.8571428571428571,
BIAS_GATE,2025-03-18,50,-1.6566097375251352,-0.033132194750502705,50,18,18,31,0,0,0,0,33,0,0,0.0,0.9259259259259259,
BIAS_GATE,2025-04-11,27,-1.7253542832257456,-0.06390201048984243,27,11,11,12,0,0,0,0,15,0,0,0.0,0.8181818181818182,
BIAS_GATE,2025-04-29,29,-2.53539311241002,-0.08742734870379379,29,10,10,24,0,0,0,0,24,0,0,0.0,0.9666666666666667,
BIAS_GATE,2025-05-15,61,-2.2875955946407585,-0.03750156712525834,61,24,24,27,0,0,0,0,35,0,0,0.0,0.8472222222222222,
BIAS_GATE,2025-06-04,12,-0.4234910466763419,-0.03529092055636183,12,5,5,6,0,0,0,0,6,0,0,0.0,0.8,
BIAS_GATE,2025-06-20,36,-1.491807950777305,-0.041439109743814026,36,12,12,10,0,0,0,0,12,0,0,0.0,1.0,
BIAS_GATE,2025-07-04,17,-0.44910638053064156,-0.026418022384155387,17,6,6,8,0,0,0,0,9,0,0,0.0,0.9444444444444444,
BIAS_GATE,2025-07-07,33,0.4593745250019006,0.013920440151572747,33,15,15,20,0,0,0,0,21,0,0,0.0,0.7333333333333333,
BIAS_GATE,2025-08-06,21,-1.4041946414298159,-0.0668664114966579,21,8,8,12,0,0,0,0,12,0,0,0.0,0.875,
BIAS_GATE,2025-08-13,12,-0.40348686169469755,-0.0336239051412248,12,5,5,6,0,0,0,0,6,0,0,0.0,0.8,
BIAS_GATE,2025-09-19,34,-1.1678293614028614,-0.034347922394201806,34,12,12,19,0,0,0,0,21,0,0,0.0,0.9444444444444444,
BIAS_GATE,2025-09-25,27,-0.5571139320824539,-0.02063384933638718,27,11,11,11,0,0,0,0,13,0,0,0.0,0.8181818181818182,
BIAS_GATE,2025-10-29,40,-0.13780418079992765,-0.0034451045199981913,40,16,16,18,0,0,0,0,21,0,0,0.0,0.8333333333333334,
BIAS_GATE,2025-11-24,47,-3.044439692273348,-0.0647753126015606,47,18,18,15,0,0,0,0,21,0,0,0.0,0.8703703703703703,
BIAS_GATE,2025-12-01,23,-1.4430572382983278,-0.06274161905644904,23,9,9,12,0,0,0,0,12,0,0,0.0,0.8518518518518519,
BIAS_GATE,2025-12-22,81,-6.501652382807455,-0.08026731336799327,81,30,30,52,0,0,0,0,57,0,0,0.0,0.9,
BIAS_GATE,2026-01-02,55,-0.45347525755520707,-0.008245004682821947,55,21,21,23,0,0,0,0,33,0,0,0.0,0.873015873015873,
BIAS_GATE,2026-01-15,21,-1.916923572746479,-0.09128207489268948,21,7,7,18,0,0,0,0,18,0,0,0.0,1.0,
BIAS_GATE,2026-02-09,37,-3.4601641867523845,-0.09351795099330769,37,13,13,17,0,0,0,0,18,0,0,0.0,0.9487179487179487,
BIAS_GATE,2026-02-11,35,-4.843735660090109,-0.13839244743114598,35,12,12,15,0,0,0,0,15,0,0,0.0,0.9722222222222222,
BIAS_GATE,2026-02-13,51,-3.9415630571262836,-0.07728555013973105,51,19,19,31,0,0,0,0,35,0,0,0.0,0.8947368421052632,
BIAS_GATE,2026-02-26,21,-2.2145147492650117,-0.10545308329833389,21,7,7,17,0,0,0,0,18,0,0,0.0,1.0,
BIAS_GATE,2026-02-27,34,-1.819284690247514,-0.05350837324257394,34,15,15,21,0,0,0,0,21,0,0,0.0,0.7555555555555555,
BIAS_GATE,2026-03-04,32,-1.6810807880823024,-0.05253377462757195,32,12,12,13,0,0,0,0,15,0,0,0.0,0.8888888888888888,
BIAS_GATE,2026-03-13,33,-2.056752523637442,-0.06232583404961946,33,14,14,19,0,0,0,0,21,0,0,0.0,0.7857142857142857,
BIAS_GATE,2026-03-30,30,-4.527283396910813,-0.1509094465636938,30,11,11,19,0,0,0,0,21,0,0,0.0,0.9090909090909091,
BIAS_GATE,2026-03-31,59,-8.905039406197224,-0.15093287129147837,59,25,25,41,0,0,0,0,42,0,0,0.0,0.7866666666666666,
BIAS_GATE,2026-05-08,26,-3.1542628083155555,-0.12131780031982906,26,10,10,17,0,0,0,0,18,0,0,0.0,0.8666666666666667,
BIAS_GATE,2026-05-28,51,-2.2707564655638635,-0.0445246365796836,51,20,20,25,0,0,0,0,27,0,0,0.0,0.85,
BIAS_GATE,2026-06-25,9,-0.5999999999997575,-0.06666666666663973,9,3,3,9,0,0,0,0,9,0,0,0.0,1.0,
BIAS_GATE,2026-07-14,53,-2.1498157551001595,-0.040562561416984146,53,21,21,20,0,0,0,0,30,0,0,0.0,0.8412698412698413,
NO_SUPERSEDE,2024-01-05,390,-22.32725518601827,-0.057249372271841716,390,134,133,184,0,0,0,0,207,0,0,0.0,0.9701492537313433,
NO_SUPERSEDE,2024-01-17,443,-18.5744201941424,-0.04192871375652912,443,153,150,214,0,0,0,0,236,0,0,0.0,0.9651416122004357,
NO_SUPERSEDE,2024-01-29,316,-14.334485351920724,-0.045362295417470645,316,109,108,151,0,0,0,0,167,0,0,0.0,0.9663608562691132,
NO_SUPERSEDE,2024-02-13,245,-12.547966238117018,-0.05121618872700824,245,86,86,143,0,0,0,0,152,0,0,0.0,0.9496124031007752,
NO_SUPERSEDE,2024-02-16,252,-8.63737795008289,-0.03427530932572575,252,87,87,105,0,0,0,0,123,0,0,0.0,0.9655172413793104,
NO_SUPERSEDE,2024-02-23,263,-8.206142226472366,-0.03120206169761356,263,93,93,126,0,0,0,0,147,0,0,0.0,0.942652329749104,
NO_SUPERSEDE,2024-03-27,390,-19.951162064770415,-0.05115682580710363,390,134,134,179,0,0,0,0,197,0,0,0.0,0.9701492537313433,
NO_SUPERSEDE,2024-05-03,499,-31.107419948298837,-0.062339518934466605,499,175,171,254,0,0,0,0,280,0,0,0.0,0.9504761904761905,
NO_SUPERSEDE,2024-05-14,481,-24.83751625246972,-0.051637247926132473,481,164,162,249,0,0,0,0,284,0,0,0.0,0.9776422764227642,
NO_SUPERSEDE,2024-05-17,532,-21.68196105642043,-0.040755565895527125,532,181,181,214,0,0,0,0,262,0,0,0.0,0.9797421731123389,
NO_SUPERSEDE,2024-06-06,590,-30.047245697668437,-0.05092753508079396,590,201,200,271,0,0,0,0,293,0,0,0.0,0.978441127694859,
NO_SUPERSEDE,2024-06-11,450,-23.87266722910484,-0.05305037162023298,450,151,151,211,0,0,0,0,230,0,0,0.0,0.9933774834437086,
NO_SUPERSEDE,2024-06-12,532,-28.889342493557557,-0.05430327536382999,532,183,183,229,0,0,0,0,259,0,0,0.0,0.9690346083788707,
NO_SUPERSEDE,2024-07-08,533,-22.216412210512622,-0.041681824034732876,533,183,183,234,0,0,0,0,261,0,0,0.0,0.970856102003643,
NO_SUPERSEDE,2024-07-30,609,-31.20363177919156,-0.05123749060622588,609,206,206,290,0,0,0,0,322,0,0,0.0,0.9854368932038835,
NO_SUPERSEDE,2024-08-14,495,-26.894076831617895,-0.05433146834670282,495,169,169,223,0,0,0,0,247,0,0,0.0,0.9763313609467456,
NO_SUPERSEDE,2024-08-21,595,-35.87246537318394,-0.06028985777005705,595,203,203,275,0,0,0,0,301,0,0,0.0,0.9770114942528736,
NO_SUPERSEDE,2024-10-01,542,-31.728762343185434,-0.058540151924696374,542,187,186,259,0,0,0,0,280,0,0,0.0,0.966131907308378,
NO_SUPERSEDE,2024-10-07,568,-28.5109591619101,-0.050195350637165674,568,193,193,249,0,0,0,0,285,0,0,0.0,0.9810017271157168,
NO_SUPERSEDE,2024-10-25,526,-19.613798339839683,-0.03728858999969521,526,182,181,233,0,0,0,0,267,0,0,0.0,0.9633699633699634,
NO_SUPERSEDE,2024-11-29,551,-31.814872968202508,-0.057740241321601646,551,187,187,233,0,0,0,0,262,0,0,0.0,0.982174688057041,
NO_SUPERSEDE,2024-12-18,488,-27.257496597258676,-0.05585552581405467,488,168,167,245,0,0,0,0,259,0,0,0.0,0.9682539682539683,
NO_SUPERSEDE,2024-12-26,443,-18.80537373607634,-0.04245005358030777,443,151,150,197,0,0,0,0,233,0,0,0.0,0.977924944812362,
NO_SUPERSEDE,2025-01-10,431,-30.923671295379943,-0.0717486572978653,431,151,146,180,0,0,0,0,190,0,0,0.0,0.9514348785871964,
NO_SUPERSEDE,2025-01-20,353,-19.381382748730328,-0.05490476699357033,353,120,120,193,0,0,0,0,210,0,0,0.0,0.9805555555555555,
NO_SUPERSEDE,2025-01-21,447,-23.209284847176455,-0.05192233746571914,447,153,152,233,0,0,0,0,255,0,0,0.0,0.9738562091503268,
NO_SUPERSEDE,2025-01-29,433,-26.24806204695157,-0.06061908093984197,433,146,146,222,0,0,0,0,239,0,0,0.0,0.9885844748858448,
NO_SUPERSEDE,2025-03-07,590,-40.41772793057756,-0.06850462361114841,590,200,200,255,0,0,0,0,279,0,0,0.0,0.9833333333333333,
NO_SUPERSEDE,2025-03-14,473,-31.368252386229567,-0.0663176583218384,473,160,159,203,0,0,0,0,216,0,0,0.0,0.9854166666666667,
NO_SUPERSEDE,2025-03-18,533,-31.555876960835427,-0.05920427197154864,533,180,180,245,0,0,0,0,273,0,0,0.0,0.987037037037037,
NO_SUPERSEDE,2025-04-11,713,-66.32442665454118,-0.09302163626162858,713,242,242,309,0,0,0,0,365,0,0,0.0,0.9820936639118457,
NO_SUPERSEDE,2025-04-29,668,-60.71034425181127,-0.090883748879957,668,225,225,332,0,0,0,0,368,0,0,0.0,0.9896296296296296,
NO_SUPERSEDE,2025-05-15,599,-51.38718548070741,-0.08578828961720769,599,209,208,273,0,0,0,0,305,0,0,0.0,0.9553429027113237,
NO_SUPERSEDE,2025-06-04,647,-55.87594707736192,-0.08636158744569077,647,219,219,325,0,0,0,0,349,0,0,0.0,0.984779299847793,
NO_SUPERSEDE,2025-06-20,430,-30.140216030653544,-0.07009352565268266,430,150,148,207,0,0,0,0,227,0,0,0.0,0.9555555555555556,
NO_SUPERSEDE,2025-07-04,289,-17.704326191224027,-0.06126064426029075,289,99,99,117,0,0,0,0,129,0,0,0.0,0.9730639730639731,
NO_SUPERSEDE,2025-07-07,505,-32.32800633884184,-0.06401585413632047,505,177,176,222,0,0,0,0,244,0,0,0.0,0.9510357815442562,
NO_SUPERSEDE,2025-08-06,512,-30.480246532691126,-0.059531731509162356,512,174,173,220,0,0,0,0,231,0,0,0.0,0.9808429118773946,
NO_SUPERSEDE,2025-08-13,548,-33.02797213995549,-0.06027002215320344,548,185,185,285,0,0,0,0,309,0,0,0.0,0.9873873873873874,
NO_SUPERSEDE,2025-09-19,484,-24.480679129544722,-0.05057991555691058,484,165,164,190,0,0,0,0,224,0,0,0.0,0.9777777777777777,
NO_SUPERSEDE,2025-09-25,701,-61.78408767439714,-0.0881370722887263,701,239,237,321,0,0,0,0,349,0,0,0.0,0.9776847977684798,
NO_SUPERSEDE,2025-10-29,726,-88.73599066839476,-0.12222588246335367,726,251,248,331,0,0,0,0,365,0,0,0.0,0.9641434262948207,
NO_SUPERSEDE,2025-11-24,668,-59.843690590718026,-0.08958636315975753,668,230,229,305,0,0,0,0,343,0,0,0.0,0.9681159420289855,
NO_SUPERSEDE,2025-12-01,756,-72.69127586899019,-0.09615248130818808,756,255,255,306,0,0,0,0,345,0,0,0.0,0.9882352941176471,
NO_SUPERSEDE,2025-12-22,654,-60.369731145252445,-0.09230845740864288,654,226,225,330,0,0,0,0,346,0,0,0.0,0.9646017699115044,
NO_SUPERSEDE,2026-01-02,645,-61.08759774617981,-0.09470945387004621,645,221,220,291,0,0,0,0,339,0,0,0.0,0.9728506787330317,
NO_SUPERSEDE,2026-01-15,716,-74.66697618705955,-0.1042834862947759,716,242,242,347,0,0,0,0,390,0,0,0.0,0.9862258953168044,
NO_SUPERSEDE,2026-02-09,767,-150.81242163906217,-0.19662636458808627,767,264,260,374,0,0,0,0,419,0,0,0.0,0.9684343434343434,
NO_SUPERSEDE,2026-02-11,693,-107.61979788421256,-0.15529552364244237,693,238,234,328,0,0,0,0,365,0,0,0.0,0.9705882352941176,
NO_SUPERSEDE,2026-02-13,676,-120.52297672407835,-0.17828842710662476,676,230,229,319,0,0,0,0,356,0,0,0.0,0.9797101449275363,
NO_SUPERSEDE,2026-02-26,685,-85.38562690707295,-0.12465055022930357,685,231,230,317,0,0,0,0,355,0,0,0.0,0.9884559884559885,
NO_SUPERSEDE,2026-02-27,607,-71.36822283126034,-0.11757532591640912,607,211,210,283,0,0,0,0,308,0,0,0.0,0.9589257503949447,
NO_SUPERSEDE,2026-03-04,758,-122.48719993564889,-0.16159261205230724,758,257,257,331,0,0,0,0,373,0,0,0.0,0.9831387808041504,
NO_SUPERSEDE,2026-03-13,636,-99.64410333521391,-0.1566731184515942,636,217,217,299,0,0,0,0,316,0,0,0.0,0.9769585253456221,
NO_SUPERSEDE,2026-03-30,766,-116.84946228270687,-0.1525449899252048,766,261,259,313,0,0,0,0,362,0,0,0.0,0.9782886334610472,
NO_SUPERSEDE,2026-03-31,789,-152.28713481674185,-0.19301284514162464,789,272,271,369,0,0,0,0,403,0,0,0.0,0.9669117647058824,
NO_SUPERSEDE,2026-05-08,726,-88.02773185574492,-0.12125031936053018,726,246,245,344,0,0,0,0,368,0,0,0.0,0.983739837398374,
NO_SUPERSEDE,2026-05-28,714,-72.65722077925572,-0.10176081341632455,714,247,247,313,0,0,0,0,343,0,0,0.0,0.9635627530364372,
NO_SUPERSEDE,2026-06-25,789,-115.78755221005638,-0.14675228416990668,789,268,267,379,0,0,0,0,413,0,0,0.0,0.9813432835820896,
NO_SUPERSEDE,2026-07-14,615,-58.36830817523954,-0.0949078181711212,615,213,212,266,0,0,0,0,301,0,0,0.0,0.9624413145539906,
NO_RETEST_REQ,2024-01-05,34,-1.7308449759902942,-0.050907205176185126,34,13,13,15,0,0,0,0,15,0,0,0.0,0.8717948717948718,
NO_RETEST_REQ,2024-01-17,62,-0.9211387506451653,-0.014857076623309116,62,22,22,26,0,0,0,0,27,0,0,0.0,0.9393939393939394,
NO_RETEST_REQ,2024-01-29,37,0.6363289320894788,0.01719807924566159,37,15,15,6,0,0,0,0,8,0,0,0.0,0.8222222222222222,
NO_RETEST_REQ,2024-02-13,37,-0.17927792123350636,-0.004845349222527199,37,17,17,15,0,0,0,0,15,0,0,0.0,0.7254901960784313,
NO_RETEST_REQ,2024-02-16,38,-0.41727788500528123,-0.01098099697382319,38,15,15,17,0,0,0,0,20,0,0,0.0,0.8444444444444444,
NO_RETEST_REQ,2024-02-23,46,-0.08335094137229751,-0.0018119769863542937,46,20,20,20,0,0,0,0,23,0,0,0.0,0.7666666666666667,
NO_RETEST_REQ,2024-03-27,51,-1.299102682867518,-0.025472601624853295,51,19,19,17,0,0,0,0,19,0,0,0.0,0.8947368421052632,
NO_RETEST_REQ,2024-05-03,50,-0.22101480033658538,-0.004420296006731708,50,20,20,15,0,0,0,0,15,0,0,0.0,0.8333333333333334,
NO_RETEST_REQ,2024-05-14,74,-2.1105858090695624,-0.028521429852291384,74,26,26,29,0,0,0,0,38,0,0,0.0,0.9487179487179487,
NO_RETEST_REQ,2024-05-17,91,-1.9184655094612328,-0.021082038565508054,91,35,34,42,0,0,0,0,50,0,0,0.0,0.8666666666666667,
NO_RETEST_REQ,2024-06-06,74,-1.961084533208729,-0.0265011423406585,74,27,27,19,0,0,0,0,23,0,0,0.0,0.9135802469135802,
NO_RETEST_REQ,2024-06-11,45,-0.21876013071081002,-0.004861336238018,45,16,16,10,0,0,0,0,17,0,0,0.0,0.9375,
NO_RETEST_REQ,2024-06-12,68,-2.24072064513075,-0.03295177419309927,68,26,26,18,0,0,0,0,18,0,0,0.0,0.8717948717948718,
NO_RETEST_REQ,2024-07-08,67,0.12836277706734722,0.0019158623442887645,67,27,27,28,0,0,0,0,33,0,0,0.0,0.8271604938271605,
NO_RETEST_REQ,2024-07-30,52,-0.5187056284031922,-0.009975108238522927,52,20,20,18,0,0,0,0,20,0,0,0.0,0.8666666666666667,
NO_RETEST_REQ,2024-08-14,75,-2.895646229272491,-0.03860861639029988,75,28,27,29,0,0,0,0,36,0,0,0.0,0.8928571428571429,
NO_RETEST_REQ,2024-08-21,48,-1.1914232466545702,-0.02482131763863688,48,20,20,18,0,0,0,0,22,0,0,0.0,0.8,
NO_RETEST_REQ,2024-10-01,71,-2.1774970730693894,-0.030668972860132246,71,29,29,32,0,0,0,0,34,0,0,0.0,0.8160919540229885,
NO_RETEST_REQ,2024-10-07,36,-0.0965813582489925,-0.0026828155069164583,36,15,15,9,0,0,0,0,10,0,0,0.0,0.8,
NO_RETEST_REQ,2024-10-25,54,-1.183319896483075,-0.021913331416353238,54,24,24,23,0,0,0,0,27,0,0,0.0,0.75,
NO_RETEST_REQ,2024-11-29,35,-0.07352508013203383,-0.0021007165752009666,35,15,15,21,0,0,0,0,26,0,0,0.0,0.7777777777777778,
NO_RETEST_REQ,2024-12-18,69,-3.9228648121015794,-0.05685311321886347,69,27,27,36,0,0,0,0,39,0,0,0.0,0.8518518518518519,
NO_RETEST_REQ,2024-12-26,57,-1.7449282087004578,-0.030612775591236104,57,21,21,29,0,0,0,0,32,0,0,0.0,0.9047619047619048,
NO_RETEST_REQ,2025-01-10,55,-1.8564195391897256,-0.03375308253072228,55,20,20,18,0,0,0,0,18,0,0,0.0,0.9166666666666666,
NO_RETEST_REQ,2025-01-20,51,-2.3168038670911906,-0.04542752680570962,51,19,19,32,0,0,0,0,37,0,0,0.0,0.8947368421052632,
NO_RETEST_REQ,2025-01-21,96,-2.777384178196068,-0.028931085189542377,96,34,34,38,0,0,0,0,51,0,0,0.0,0.9411764705882353,
NO_RETEST_REQ,2025-01-29,48,-1.8062302183293468,-0.03762979621519472,48,18,18,27,0,0,0,0,30,0,0,0.0,0.8888888888888888,
NO_RETEST_REQ,2025-03-07,56,0.6507715994751683,0.011620921419199433,56,22,22,23,0,0,0,0,33,0,0,0.0,0.8484848484848485,
NO_RETEST_REQ,2025-03-14,30,-0.7167786249474375,-0.023892620831581248,30,12,12,8,0,0,0,0,9,0,0,0.0,0.8333333333333334,
NO_RETEST_REQ,2025-03-18,87,-1.8643131751772066,-0.021428887071002375,87,32,32,39,0,0,0,0,45,0,0,0.0,0.90625,
NO_RETEST_REQ,2025-04-11,61,-3.500584876307888,-0.05738663731652276,61,25,25,28,0,0,0,0,33,0,0,0.0,0.8133333333333334,
NO_RETEST_REQ,2025-04-29,64,-3.4063181460125334,-0.053223721031445834,64,24,24,29,0,0,0,0,31,0,0,0.0,0.8888888888888888,
NO_RETEST_REQ,2025-05-15,116,-3.6848349150175945,-0.031765818232910296,116,45,45,46,0,0,0,0,56,0,0,0.0,0.8592592592592593,
NO_RETEST_REQ,2025-06-04,31,-1.6813732967061699,-0.054237848280844186,31,12,12,9,0,0,0,0,9,0,0,0.0,0.8611111111111112,
NO_RETEST_REQ,2025-06-20,55,-0.7344746152166409,-0.013354083913029835,55,23,22,18,0,0,0,0,19,0,0,0.0,0.7971014492753623,
NO_RETEST_REQ,2025-07-04,37,-1.0041162222279734,-0.027138276276431714,37,14,14,16,0,0,0,0,18,0,0,0.0,0.8809523809523809,
NO_RETEST_REQ,2025-07-07,66,-0.26375235685130377,-0.00399624783108036,66,28,28,25,0,0,0,0,30,0,0,0.0,0.7857142857142857,
NO_RETEST_REQ,2025-08-06,38,-2.08473720736644,-0.05486150545701158,38,15,15,15,0,0,0,0,15,0,0,0.0,0.8444444444444444,
NO_RETEST_REQ,2025-08-13,41,-1.224504260137716,-0.02986595756433454,41,16,16,12,0,0,0,0,12,0,0,0.0,0.8541666666666666,
NO_RETEST_REQ,2025-09-19,73,-2.817089970287877,-0.038590273565587356,73,27,27,40,0,0,0,0,42,0,0,0.0,0.9012345679012346,
NO_RETEST_REQ,2025-09-25,47,-1.0432272377003453,-0.022196324206390325,47,18,18,21,0,0,0,0,27,0,0,0.0,0.8703703703703703,
NO_RETEST_REQ,2025-10-29,82,-0.24937481838242098,-0.0030411563217368413,82,32,32,20,0,0,0,0,30,0,0,0.0,0.8541666666666666,
NO_RETEST_REQ,2025-11-24,100,-6.678464307814011,-0.06678464307814011,100,40,40,36,0,0,0,0,43,0,0,0.0,0.8333333333333334,
NO_RETEST_REQ,2025-12-01,47,-2.4079682560468427,-0.051233367149932825,47,17,17,18,0,0,0,0,21,0,0,0.0,0.9215686274509803,
NO_RETEST_REQ,2025-12-22,139,-6.869332696296927,-0.0494196596855894,139,52,52,63,0,0,0,0,71,0,0,0.0,0.8910256410256411,
NO_RETEST_REQ,2026-01-02,96,-4.820141123920924,-0.05020980337417629,96,36,36,34,0,0,0,0,44,0,0,0.0,0.8888888888888888,
NO_RETEST_REQ,2026-01-15,60,-4.851615442395996,-0.0808602573732666,60,23,23,31,0,0,0,0,33,0,0,0.0,0.8695652173913043,
NO_RETEST_REQ,2026-02-09,71,-4.195906758686458,-0.05909727829135856,71,28,28,19,0,0,0,0,22,0,0,0.0,0.8452380952380952,
NO_RETEST_REQ,2026-02-11,67,-2.452962695733125,-0.03661138351840485,67,25,25,22,0,0,0,0,31,0,0,0.0,0.8933333333333333,
NO_RETEST_REQ,2026-02-13,80,-5.871284401263135,-0.07339105501578919,80,30,30,40,0,0,0,0,48,0,0,0.0,0.8888888888888888,
NO_RETEST_REQ,2026-02-26,51,-2.9570091112961263,-0.05798057080972797,51,18,17,12,0,0,0,0,15,0,0,0.0,0.9444444444444444,
NO_RETEST_REQ,2026-02-27,75,-5.049953809687698,-0.06733271746250263,75,32,32,26,0,0,0,0,28,0,0,0.0,0.78125,
NO_RETEST_REQ,2026-03-04,64,-2.4492471215313953,-0.03826948627392805,64,24,24,13,0,0,0,0,17,0,0,0.0,0.8888888888888888,
NO_RETEST_REQ,2026-03-13,73,-4.312595967582032,-0.059076657090164825,73,29,29,25,0,0,0,0,33,0,0,0.0,0.8390804597701149,
NO_RETEST_REQ,2026-03-30,79,-10.409622355920268,-0.13176737159392746,79,29,29,31,0,0,0,0,36,0,0,0.0,0.9080459770114943,
NO_RETEST_REQ,2026-03-31,107,-14.166536323921719,-0.13239753573758614,107,43,43,48,0,0,0,0,57,0,0,0.0,0.8294573643410853,
NO_RETEST_REQ,2026-05-08,61,-5.52226279799955,-0.09052889832786148,61,23,23,26,0,0,0,0,29,0,0,0.0,0.8840579710144928,
NO_RETEST_REQ,2026-05-28,112,-5.143352974423578,-0.04592279441449624,112,44,44,38,0,0,0,0,48,0,0,0.0,0.8484848484848485,
NO_RETEST_REQ,2026-06-25,26,-2.300635015506335,-0.08848596213485904,26,11,11,10,0,0,0,0,12,0,0,0.0,0.7878787878787878,
NO_RETEST_REQ,2026-07-14,108,-4.30980083326646,-0.039905563270985746,108,42,41,36,0,0,0,0,44,0,0,0.0,0.8571428571428571,
BOS_BOOST_ONLY,2024-01-05,34,-1.2780730461658247,-0.03759038371075955,34,13,13,13,0,0,0,0,15,0,0,0.0,0.8717948717948718,
BOS_BOOST_ONLY,2024-01-17,69,-0.3496487080070285,-0.005067372579812007,69,24,24,24,0,0,0,0,27,0,0,0.0,0.9583333333333334,
BOS_BOOST_ONLY,2024-01-29,38,-0.45986669395203233,-0.01210175510400085,38,15,15,5,0,0,0,0,6,0,0,0.0,0.8444444444444444,
BOS_BOOST_ONLY,2024-02-13,42,-1.084309030370605,-0.025816881675490597,42,17,17,18,0,0,0,0,18,0,0,0.0,0.8235294117647058,
BOS_BOOST_ONLY,2024-02-16,34,0.40979122443316857,0.01205268307156378,34,13,13,13,0,0,0,0,17,0,0,0.0,0.8717948717948718,
BOS_BOOST_ONLY,2024-02-23,50,-0.245608486187545,-0.0049121697237509,50,21,21,21,0,0,0,0,21,0,0,0.0,0.7936507936507936,
BOS_BOOST_ONLY,2024-03-27,43,-0.739570915729928,-0.017199323621626232,43,17,17,9,0,0,0,0,13,0,0,0.0,0.8431372549019608,
BOS_BOOST_ONLY,2024-05-03,47,0.5488886034495408,0.011678480924458315,47,19,19,15,0,0,0,0,18,0,0,0.0,0.8245614035087719,
BOS_BOOST_ONLY,2024-05-14,74,-2.3825930999034126,-0.03219720405274882,74,26,26,23,0,0,0,0,34,0,0,0.0,0.9487179487179487,
BOS_BOOST_ONLY,2024-05-17,90,-0.7964265161878453,-0.00884918351319828,90,33,33,36,0,0,0,0,46,0,0,0.0,0.9090909090909091,
BOS_BOOST_ONLY,2024-06-06,74,-2.000889217429934,-0.02703904347878289,74,27,27,18,0,0,0,0,18,0,0,0.0,0.9135802469135802,
BOS_BOOST_ONLY,2024-06-11,52,-1.326294733706618,-0.0255056679558965,52,18,18,12,0,0,0,0,12,0,0,0.0,0.9629629629629629,
BOS_BOOST_ONLY,2024-06-12,68,-1.8914684346709691,-0.027815712274573075,68,26,26,15,0,0,0,0,15,0,0,0.0,0.8717948717948718,
BOS_BOOST_ONLY,2024-07-08,77,-0.474575131514636,-0.0061633133962939735,77,30,30,23,0,0,0,0,27,0,0,0.0,0.8555555555555555,
BOS_BOOST_ONLY,2024-07-30,52,-0.8465883396311257,-0.01628054499290626,52,20,20,12,0,0,0,0,15,0,0,0.0,0.8666666666666667,
BOS_BOOST_ONLY,2024-08-14,82,-3.3456816564657856,-0.04080099581055836,82,29,29,35,0,0,0,0,37,0,0,0.0,0.9425287356321839,
BOS_BOOST_ONLY,2024-08-21,43,-0.41002050801049933,-0.009535360651406961,43,18,18,16,0,0,0,0,20,0,0,0.0,0.7962962962962963,
BOS_BOOST_ONLY,2024-10-01,68,-1.8043249767720229,-0.02653419083488269,68,27,27,26,0,0,0,0,29,0,0,0.0,0.8395061728395061,
BOS_BOOST_ONLY,2024-10-07,35,-0.9119220724937805,-0.02605491635696516,35,14,14,6,0,0,0,0,8,0,0,0.0,0.8333333333333334,
BOS_BOOST_ONLY,2024-10-25,61,-1.5464444750368784,-0.02535154877109637,61,25,25,21,0,0,0,0,21,0,0,0.0,0.8133333333333334,
BOS_BOOST_ONLY,2024-11-29,38,-0.4498526311558635,-0.011838227135680618,38,14,14,22,0,0,0,0,24,0,0,0.0,0.9047619047619048,
BOS_BOOST_ONLY,2024-12-18,70,-1.8622586242709076,-0.026603694632441537,70,27,27,30,0,0,0,0,32,0,0,0.0,0.8641975308641975,
BOS_BOOST_ONLY,2024-12-26,61,-1.7651424465937757,-0.028936761419570092,61,22,22,29,0,0,0,0,32,0,0,0.0,0.9242424242424242,
BOS_BOOST_ONLY,2025-01-10,52,-1.4982093364650004,-0.028811718008942316,52,20,19,15,0,0,0,0,15,0,0,0.0,0.8666666666666667,
BOS_BOOST_ONLY,2025-01-20,49,-2.3411702669329015,-0.04777898503944697,49,18,18,33,0,0,0,0,33,0,0,0.0,0.9074074074074074,
BOS_BOOST_ONLY,2025-01-21,99,-4.165055473953696,-0.042071267413673695,99,35,35,50,0,0,0,0,51,0,0,0.0,0.9428571428571428,
BOS_BOOST_ONLY,2025-01-29,49,-3.1579381830996076,-0.06444771802244097,49,18,18,33,0,0,0,0,33,0,0,0.0,0.9074074074074074,
BOS_BOOST_ONLY,2025-03-07,56,-1.0400999230405432,-0.01857321291143827,56,21,21,23,0,0,0,0,26,0,0,0.0,0.8888888888888888,
BOS_BOOST_ONLY,2025-03-14,41,-2.0034504414664602,-0.048864644913816105,41,15,15,9,0,0,0,0,9,0,0,0.0,0.9111111111111111,
BOS_BOOST_ONLY,2025-03-18,96,-2.3790185086741076,-0.02478144279868862,96,34,34,37,0,0,0,0,42,0,0,0.0,0.9411764705882353,
BOS_BOOST_ONLY,2025-04-11,58,-2.3469550358331617,-0.04046474199712348,58,23,23,24,0,0,0,0,31,0,0,0.0,0.8405797101449275,
BOS_BOOST_ONLY,2025-04-29,66,-4.0129899384035825,-0.060802877854599736,66,24,24,27,0,0,0,0,27,0,0,0.0,0.9166666666666666,
BOS_BOOST_ONLY,2025-05-15,111,-4.535485051543371,-0.04086022568957992,111,44,44,39,0,0,0,0,48,0,0,0.0,0.8409090909090909,
BOS_BOOST_ONLY,2025-06-04,29,-1.0881591241013666,-0.0375227284172885,29,12,12,9,0,0,0,0,9,0,0,0.0,0.8055555555555556,
BOS_BOOST_ONLY,2025-06-20,65,-1.207000276959813,-0.01856923503015097,65,24,24,16,0,0,0,0,18,0,0,0.0,0.9027777777777778,
BOS_BOOST_ONLY,2025-07-04,33,-0.08541264854845089,-0.0025882620772257844,33,13,13,11,0,0,0,0,12,0,0,0.0,0.8461538461538461,
BOS_BOOST_ONLY,2025-07-07,60,0.010300448428855148,0.00017167414048091913,60,26,26,23,0,0,0,0,27,0,0,0.0,0.7692307692307693,
BOS_BOOST_ONLY,2025-08-06,47,-1.9599564061568346,-0.04170120013099648,47,17,17,17,0,0,0,0,18,0,0,0.0,0.9215686274509803,
BOS_BOOST_ONLY,2025-08-13,38,-1.1874079673048072,-0.03124757808696861,38,15,15,12,0,0,0,0,12,0,0,0.0,0.8444444444444444,
BOS_BOOST_ONLY,2025-09-19,73,-2.6735897267117252,-0.03662451680427021,73,27,27,40,0,0,0,0,42,0,0,0.0,0.9012345679012346,
BOS_BOOST_ONLY,2025-09-25,45,-1.506831741616073,-0.03348514981369051,45,17,17,14,0,0,0,0,16,0,0,0.0,0.8823529411764706,
BOS_BOOST_ONLY,2025-10-29,76,-0.9702496654960366,-0.012766442967053114,76,32,31,24,0,0,0,0,27,0,0,0.0,0.7916666666666666,
BOS_BOOST_ONLY,2025-11-24,99,-7.1239247869427045,-0.07195883623174448,99,38,38,36,0,0,0,0,42,0,0,0.0,0.868421052631579,
BOS_BOOST_ONLY,2025-12-01,44,-3.3055781491442153,-0.07512677611691398,44,17,17,21,0,0,0,0,21,0,0,0.0,0.8627450980392157,
BOS_BOOST_ONLY,2025-12-22,134,-7.167831654359665,-0.05349128100268406,134,51,51,55,0,0,0,0,60,0,0,0.0,0.8758169934640523,
BOS_BOOST_ONLY,2026-01-02,102,-3.8591105534032977,-0.03783441719022841,102,38,38,34,0,0,0,0,45,0,0,0.0,0.8947368421052632,
BOS_BOOST_ONLY,2026-01-15,60,-3.847400142241592,-0.06412333570402654,60,23,23,33,0,0,0,0,33,0,0,0.0,0.8695652173913043,
BOS_BOOST_ONLY,2026-02-09,71,-4.970762922635307,-0.07001074538922968,71,28,27,19,0,0,0,0,21,0,0,0.0,0.8452380952380952,
BOS_BOOST_ONLY,2026-02-11,63,-7.246017528777278,-0.11501615125043299,63,23,23,24,0,0,0,0,24,0,0,0.0,0.9130434782608695,
BOS_BOOST_ONLY,2026-02-13,79,-5.863685940843425,-0.07422387266890411,79,30,30,41,0,0,0,0,47,0,0,0.0,0.8777777777777778,
BOS_BOOST_ONLY,2026-02-26,54,-3.6225666418983264,-0.0670845674425616,54,18,18,17,0,0,0,0,18,0,0,0.0,1.0,
BOS_BOOST_ONLY,2026-02-27,74,-4.000493868693714,-0.05406072795532046,74,31,31,24,0,0,0,0,24,0,0,0.0,0.7956989247311828,
BOS_BOOST_ONLY,2026-03-04,65,-4.512410667522697,-0.06942170257727226,65,24,24,13,0,0,0,0,15,0,0,0.0,0.9027777777777778,
BOS_BOOST_ONLY,2026-03-13,70,-5.426532206507242,-0.07752188866438918,70,28,28,27,0,0,0,0,30,0,0,0.0,0.8333333333333334,
BOS_BOOST_ONLY,2026-03-30,78,-12.346436248217287,-0.15828764420791394,78,28,28,34,0,0,0,0,36,0,0,0.0,0.9285714285714286,
BOS_BOOST_ONLY,2026-03-31,110,-14.76282190661156,-0.1342074718782869,110,44,44,54,0,0,0,0,57,0,0,0.0,0.8333333333333334,
BOS_BOOST_ONLY,2026-05-08,52,-2.7847411007845344,-0.053552713476625664,52,21,20,15,0,0,0,0,18,0,0,0.0,0.8253968253968254,
BOS_BOOST_ONLY,2026-05-28,108,-6.56054624565968,-0.06074579857092296,108,44,44,38,0,0,0,0,42,0,0,0.0,0.8181818181818182,
BOS_BOOST_ONLY,2026-06-25,26,-2.0005736658134388,-0.07694514099282457,26,11,11,12,0,0,0,0,12,0,0,0.0,0.7878787878787878,
BOS_BOOST_ONLY,2026-07-14,99,-4.482438706474872,-0.04527715865126133,99,39,39,26,0,0,0,0,36,0,0,0.0,0.8461538461538461,
DROP_INVERTED_OFF,2024-01-05,34,-1.2780730461658247,-0.03759038371075955,34,13,13,13,0,0,0,0,15,0,0,0.0,0.8717948717948718,
DROP_INVERTED_OFF,2024-01-17,69,-0.3496487080070285,-0.005067372579812007,69,24,24,24,0,0,0,0,27,0,0,0.0,0.9583333333333334,
DROP_INVERTED_OFF,2024-01-29,38,-0.48424169395199596,-0.012743202472420946,38,15,15,5,0,0,0,0,6,0,0,0.0,0.8444444444444444,
DROP_INVERTED_OFF,2024-02-13,42,-1.084309030370605,-0.025816881675490597,42,17,17,18,0,0,0,0,18,0,0,0.0,0.8235294117647058,
DROP_INVERTED_OFF,2024-02-16,34,0.40979122443316857,0.01205268307156378,34,13,13,13,0,0,0,0,17,0,0,0.0,0.8717948717948718,
DROP_INVERTED_OFF,2024-02-23,50,-0.245608486187545,-0.0049121697237509,50,21,21,21,0,0,0,0,21,0,0,0.0,0.7936507936507936,
DROP_INVERTED_OFF,2024-03-27,43,-0.7882551262561417,-0.01833151456409632,43,17,17,9,0,0,0,0,13,0,0,0.0,0.8431372549019608,
DROP_INVERTED_OFF,2024-05-03,47,0.5488886034495408,0.011678480924458315,47,19,19,15,0,0,0,0,18,0,0,0.0,0.8245614035087719,
DROP_INVERTED_OFF,2024-05-14,74,-2.4430724232117127,-0.033014492205563684,74,26,26,23,0,0,0,0,34,0,0,0.0,0.9487179487179487,
DROP_INVERTED_OFF,2024-05-17,90,-0.7964265161878453,-0.00884918351319828,90,33,33,36,0,0,0,0,46,0,0,0.0,0.9090909090909091,
DROP_INVERTED_OFF,2024-06-06,74,-2.000889217429934,-0.02703904347878289,74,27,27,18,0,0,0,0,18,0,0,0.0,0.9135802469135802,
DROP_INVERTED_OFF,2024-06-11,52,-1.326294733706618,-0.0255056679558965,52,18,18,12,0,0,0,0,12,0,0,0.0,0.9629629629629629,
DROP_INVERTED_OFF,2024-06-12,68,-1.8914684346709691,-0.027815712274573075,68,26,26,15,0,0,0,0,15,0,0,0.0,0.8717948717948718,
DROP_INVERTED_OFF,2024-07-08,77,-0.474575131514636,-0.0061633133962939735,77,30,30,23,0,0,0,0,27,0,0,0.0,0.8555555555555555,
DROP_INVERTED_OFF,2024-07-30,52,-0.8465883396311257,-0.01628054499290626,52,20,20,12,0,0,0,0,15,0,0,0.0,0.8666666666666667,
DROP_INVERTED_OFF,2024-08-14,82,-3.3456816564657856,-0.04080099581055836,82,29,29,35,0,0,0,0,37,0,0,0.0,0.9425287356321839,
DROP_INVERTED_OFF,2024-08-21,43,-0.41002050801049933,-0.009535360651406961,43,18,18,16,0,0,0,0,20,0,0,0.0,0.7962962962962963,
DROP_INVERTED_OFF,2024-10-01,68,-1.8043249767720229,-0.02653419083488269,68,27,27,26,0,0,0,0,29,0,0,0.0,0.8395061728395061,
DROP_INVERTED_OFF,2024-10-07,35,-0.9119220724937805,-0.02605491635696516,35,14,14,6,0,0,0,0,8,0,0,0.0,0.8333333333333334,
DROP_INVERTED_OFF,2024-10-25,61,-1.5464444750368784,-0.02535154877109637,61,25,25,21,0,0,0,0,21,0,0,0.0,0.8133333333333334,
DROP_INVERTED_OFF,2024-11-29,38,-0.4498526311558635,-0.011838227135680618,38,14,14,22,0,0,0,0,24,0,0,0.0,0.9047619047619048,
DROP_INVERTED_OFF,2024-12-18,70,-2.0153952413713037,-0.028791360591018625,70,27,27,30,0,0,0,0,32,0,0,0.0,0.8641975308641975,
DROP_INVERTED_OFF,2024-12-26,61,-1.8076749141262858,-0.029634014985676815,61,22,22,29,0,0,0,0,32,0,0,0.0,0.9242424242424242,
DROP_INVERTED_OFF,2025-01-10,52,-1.4982093364650004,-0.028811718008942316,52,20,19,15,0,0,0,0,15,0,0,0.0,0.8666666666666667,
DROP_INVERTED_OFF,2025-01-20,49,-2.3411702669329015,-0.04777898503944697,49,18,18,33,0,0,0,0,33,0,0,0.0,0.9074074074074074,
DROP_INVERTED_OFF,2025-01-21,99,-4.165055473953696,-0.042071267413673695,99,35,35,50,0,0,0,0,51,0,0,0.0,0.9428571428571428,
DROP_INVERTED_OFF,2025-01-29,49,-3.1579381830996076,-0.06444771802244097,49,18,18,33,0,0,0,0,33,0,0,0.0,0.9074074074074074,
DROP_INVERTED_OFF,2025-03-07,56,-1.0400999230405432,-0.01857321291143827,56,21,21,23,0,0,0,0,26,0,0,0.0,0.8888888888888888,
DROP_INVERTED_OFF,2025-03-14,41,-2.0034504414664602,-0.048864644913816105,41,15,15,9,0,0,0,0,9,0,0,0.0,0.9111111111111111,
DROP_INVERTED_OFF,2025-03-18,96,-2.3790185086741076,-0.02478144279868862,96,34,34,37,0,0,0,0,42,0,0,0.0,0.9411764705882353,
DROP_INVERTED_OFF,2025-04-11,58,-2.3469550358331617,-0.04046474199712348,58,23,23,24,0,0,0,0,31,0,0,0.0,0.8405797101449275,
DROP_INVERTED_OFF,2025-04-29,66,-4.0129899384035825,-0.060802877854599736,66,24,24,27,0,0,0,0,27,0,0,0.0,0.9166666666666666,
DROP_INVERTED_OFF,2025-05-15,111,-4.535485051543371,-0.04086022568957992,111,44,44,39,0,0,0,0,48,0,0,0.0,0.8409090909090909,
DROP_INVERTED_OFF,2025-06-04,29,-1.0881591241013666,-0.0375227284172885,29,12,12,9,0,0,0,0,9,0,0,0.0,0.8055555555555556,
DROP_INVERTED_OFF,2025-06-20,65,-1.207000276959813,-0.01856923503015097,65,24,24,16,0,0,0,0,18,0,0,0.0,0.9027777777777778,
DROP_INVERTED_OFF,2025-07-04,33,-0.08541264854845089,-0.0025882620772257844,33,13,13,11,0,0,0,0,12,0,0,0.0,0.8461538461538461,
DROP_INVERTED_OFF,2025-07-07,60,0.010300448428855148,0.00017167414048091913,60,26,26,23,0,0,0,0,27,0,0,0.0,0.7692307692307693,
DROP_INVERTED_OFF,2025-08-06,47,-1.9599564061568346,-0.04170120013099648,47,17,17,17,0,0,0,0,18,0,0,0.0,0.9215686274509803,
DROP_INVERTED_OFF,2025-08-13,38,-1.1874079673048072,-0.03124757808696861,38,15,15,12,0,0,0,0,12,0,0,0.0,0.8444444444444444,
DROP_INVERTED_OFF,2025-09-19,73,-2.6735897267117252,-0.03662451680427021,73,27,27,40,0,0,0,0,42,0,0,0.0,0.9012345679012346,
DROP_INVERTED_OFF,2025-09-25,45,-1.506831741616073,-0.03348514981369051,45,17,17,14,0,0,0,0,16,0,0,0.0,0.8823529411764706,
DROP_INVERTED_OFF,2025-10-29,76,-0.9702496654960366,-0.012766442967053114,76,32,31,24,0,0,0,0,27,0,0,0.0,0.7916666666666666,
DROP_INVERTED_OFF,2025-11-24,99,-7.1239247869427045,-0.07195883623174448,99,38,38,36,0,0,0,0,42,0,0,0.0,0.868421052631579,
DROP_INVERTED_OFF,2025-12-01,44,-3.3055781491442153,-0.07512677611691398,44,17,17,21,0,0,0,0,21,0,0,0.0,0.8627450980392157,
DROP_INVERTED_OFF,2025-12-22,134,-7.167831654359665,-0.05349128100268406,134,51,51,55,0,0,0,0,60,0,0,0.0,0.8758169934640523,
DROP_INVERTED_OFF,2026-01-02,102,-3.887526702471405,-0.038113006886974554,102,38,38,34,0,0,0,0,45,0,0,0.0,0.8947368421052632,
DROP_INVERTED_OFF,2026-01-15,60,-3.847400142241592,-0.06412333570402654,60,23,23,33,0,0,0,0,33,0,0,0.0,0.8695652173913043,
DROP_INVERTED_OFF,2026-02-09,71,-5.3407930431170225,-0.07522243722700031,71,28,27,19,0,0,0,0,21,0,0,0.0,0.8452380952380952,
DROP_INVERTED_OFF,2026-02-11,63,-7.246017528777278,-0.11501615125043299,63,23,23,24,0,0,0,0,24,0,0,0.0,0.9130434782608695,
DROP_INVERTED_OFF,2026-02-13,79,-5.863685940843425,-0.07422387266890411,79,30,30,41,0,0,0,0,47,0,0,0.0,0.8777777777777778,
DROP_INVERTED_OFF,2026-02-26,54,-3.6225666418983264,-0.0670845674425616,54,18,18,17,0,0,0,0,18,0,0,0.0,1.0,
DROP_INVERTED_OFF,2026-02-27,74,-4.000493868693714,-0.05406072795532046,74,31,31,24,0,0,0,0,24,0,0,0.0,0.7956989247311828,
DROP_INVERTED_OFF,2026-03-04,65,-4.512410667522697,-0.06942170257727226,65,24,24,13,0,0,0,0,15,0,0,0.0,0.9027777777777778,
DROP_INVERTED_OFF,2026-03-13,70,-5.426532206507242,-0.07752188866438918,70,28,28,27,0,0,0,0,30,0,0,0.0,0.8333333333333334,
DROP_INVERTED_OFF,2026-03-30,78,-12.346436248217287,-0.15828764420791394,78,28,28,34,0,0,0,0,36,0,0,0.0,0.9285714285714286,
DROP_INVERTED_OFF,2026-03-31,110,-14.76282190661156,-0.1342074718782869,110,44,44,54,0,0,0,0,57,0,0,0.0,0.8333333333333334,
DROP_INVERTED_OFF,2026-05-08,52,-2.7847411007845344,-0.053552713476625664,52,21,20,15,0,0,0,0,18,0,0,0.0,0.8253968253968254,
DROP_INVERTED_OFF,2026-05-28,108,-6.56054624565968,-0.06074579857092296,108,44,44,38,0,0,0,0,42,0,0,0.0,0.8181818181818182,
DROP_INVERTED_OFF,2026-06-25,26,-2.0005736658134388,-0.07694514099282457,26,11,11,12,0,0,0,0,12,0,0,0.0,0.7878787878787878,
DROP_INVERTED_OFF,2026-07-14,99,-4.482438706474872,-0.04527715865126133,99,39,39,26,0,0,0,0,36,0,0,0.0,0.8461538461538461,
INV_TRADE,2024-01-05,37,-1.2290730461656194,-0.033218190436908636,37,13,13,15,3,3,0,0,18,0,0,0.0,0.9487179487179487,
INV_TRADE,2024-01-17,72,0.7267512919933476,0.010093767944352051,72,24,24,25,3,3,0,0,30,0,0,0.0,1.0,
INV_TRADE,2024-01-29,38,-0.48424169395199596,-0.012743202472420946,38,15,15,5,0,0,0,0,6,0,0,0.0,0.8444444444444444,
INV_TRADE,2024-02-13,45,0.17829096962941532,0.0039620215473203406,45,17,17,19,3,3,0,0,21,0,0,0.0,0.8823529411764706,
INV_TRADE,2024-02-16,36,-0.17020877556698605,-0.00472802154352739,36,13,13,15,2,2,0,0,19,0,0,0.0,0.9230769230769231,
INV_TRADE,2024-02-23,51,0.3663915138127624,0.007184147329662008,51,21,21,21,1,1,0,0,22,0,0,0.0,0.8095238095238095,
INV_TRADE,2024-03-27,43,-0.7882551262561417,-0.01833151456409632,43,17,17,9,0,0,0,0,13,0,0,0.0,0.8431372549019608,
INV_TRADE,2024-05-03,50,0.5198886034499992,0.010397772068999984,50,19,19,17,3,3,0,0,21,0,0,0.0,0.8771929824561403,
INV_TRADE,2024-05-14,78,-1.650472423211492,-0.021159902861685793,78,26,26,25,4,4,0,0,38,0,0,0.0,1.0,
INV_TRADE,2024-05-17,94,-0.09242651618812177,-0.0009832608105119337,94,33,33,39,4,4,0,0,50,0,0,0.0,0.9494949494949495,
INV_TRADE,2024-06-06,75,-2.3908892174302614,-0.03187852289907015,75,27,27,19,1,1,0,0,19,0,0,0.0,0.9259259259259259,
INV_TRADE,2024-06-11,53,-1.7162947337064907,-0.03238291950389605,53,18,18,13,1,1,0,0,13,0,0,0.0,0.9814814814814815,
INV_TRADE,2024-06-12,70,-1.4240684346709713,-0.020343834781013877,70,26,26,16,2,2,0,0,17,0,0,0.0,0.8974358974358975,
INV_TRADE,2024-07-08,81,0.892824868484998,0.01102252924055553,81,30,30,25,4,4,0,0,31,0,0,0.0,0.9,
INV_TRADE,2024-07-30,53,-0.9965883396312166,-0.018803553577947482,53,20,20,13,1,1,0,0,16,0,0,0.0,0.8833333333333333,
INV_TRADE,2024-08-14,87,-1.4416816564657893,-0.01657105352259528,87,29,29,38,5,5,0,0,42,0,0,0.0,1.0,
INV_TRADE,2024-08-21,47,-1.9320205080108885,-0.04110681931938061,47,18,18,20,4,4,0,0,24,0,0,0.0,0.8703703703703703,
INV_TRADE,2024-10-01,71,-1.3743249767721866,-0.01935668981369277,71,27,27,28,3,3,0,0,32,0,0,0.0,0.8765432098765432,
INV_TRADE,2024-10-07,35,-0.9119220724937805,-0.02605491635696516,35,14,14,6,0,0,0,0,8,0,0,0.0,0.8333333333333334,
INV_TRADE,2024-10-25,65,-1.058444475036595,-0.016283761154409153,65,25,25,23,4,4,0,0,25,0,0,0.0,0.8666666666666667,
INV_TRADE,2024-11-29,42,-0.6738526311551141,-0.016044110265597954,42,14,14,25,4,4,0,0,28,0,0,0.0,1.0,
INV_TRADE,2024-12-18,74,-3.1753952413707034,-0.042910746505009506,74,27,27,33,4,4,0,0,36,0,0,0.0,0.9135802469135802,
INV_TRADE,2024-12-26,64,-2.131474914126405,-0.03330429553322508,64,22,22,31,3,3,0,0,35,0,0,0.0,0.9696969696969697,
INV_TRADE,2025-01-10,55,-0.7104093364649393,-0.012916533390271623,55,20,19,16,3,3,0,0,18,0,0,0.0,0.9166666666666666,
INV_TRADE,2025-01-20,54,-0.21057026693203337,-0.0038994493876302475,54,18,18,35,5,5,0,0,38,0,0,0.0,1.0,
INV_TRADE,2025-01-21,106,-0.8140554739554017,-0.007679768622220771,106,35,35,52,7,7,0,0,58,0,0,0.0,1.0095238095238095,
INV_TRADE,2025-01-29,53,-0.8379381830994439,-0.015810154398102714,53,18,18,35,4,4,0,0,37,0,0,0.0,0.9814814814814815,
INV_TRADE,2025-03-07,58,-0.8654999230407157,-0.014922412466219236,58,21,21,24,2,2,0,0,28,0,0,0.0,0.9206349206349206,
INV_TRADE,2025-03-14,42,-1.067450441466311,-0.025415486701578834,42,15,15,9,1,1,0,0,10,0,0,0.0,0.9333333333333333,
INV_TRADE,2025-03-18,99,0.3497814913262118,0.003533146377032442,99,34,34,37,3,3,0,0,45,0,0,0.0,0.9705882352941176,
INV_TRADE,2025-04-11,67,1.5130449641669657,0.02258276065920844,67,23,23,29,9,9,0,0,40,0,0,0.0,0.9710144927536232,
INV_TRADE,2025-04-29,72,-2.8209899384035757,-0.039180415811160774,72,24,24,30,6,6,0,0,33,0,0,0.0,1.0,
INV_TRADE,2025-05-15,124,-4.5754850515433345,-0.036899072996317214,124,44,44,50,13,13,0,0,61,0,0,0.0,0.9393939393939394,
INV_TRADE,2025-06-04,32,-0.2751591241017196,-0.008598722628178738,32,12,12,11,3,3,0,0,12,0,0,0.0,0.8888888888888888,
INV_TRADE,2025-06-20,67,-1.0264002769601273,-0.01531940711880787,67,24,24,17,2,2,0,0,20,0,0,0.0,0.9305555555555556,
INV_TRADE,2025-07-04,34,-0.29541264854848726,-0.008688607310249626,34,13,13,12,1,1,0,0,13,0,0,0.0,0.8717948717948718,
INV_TRADE,2025-07-07,64,2.313300448428739,0.036145319506699046,64,26,26,25,4,4,0,0,31,0,0,0.0,0.8205128205128205,
INV_TRADE,2025-08-06,50,0.8534435938440764,0.01706887187688153,50,17,17,17,3,3,0,0,21,0,0,0.0,0.9803921568627451,
INV_TRADE,2025-08-13,40,1.4639920326962965,0.036599800817407414,40,15,15,12,2,2,0,0,14,0,0,0.0,0.8888888888888888,
INV_TRADE,2025-09-19,79,-2.2545897267109467,-0.028539110464695528,79,27,27,44,6,6,0,0,48,0,0,0.0,0.9753086419753086,
INV_TRADE,2025-09-25,48,0.5505682583831608,0.011470172049649183,48,17,17,15,3,3,0,0,19,0,0,0.0,0.9411764705882353,
INV_TRADE,2025-10-29,82,-3.1462496654955125,-0.03836889835970137,82,32,31,28,6,6,0,0,33,0,0,0.0,0.8541666666666666,
INV_TRADE,2025-11-24,110,-4.367924786944665,-0.03970840715404241,110,38,38,42,11,11,0,0,53,0,0,0.0,0.9649122807017544,
INV_TRADE,2025-12-01,50,1.6034218508554354,0.03206843701710871,50,17,17,23,6,6,0,0,27,0,0,0.0,0.9803921568627451,
INV_TRADE,2025-12-22,148,5.090368345636003,0.03439438071375678,148,51,51,58,14,14,0,0,74,0,0,0.0,0.9673202614379085,
INV_TRADE,2026-01-02,112,-6.751526702477349,-0.06028148841497633,112,38,38,43,10,10,0,0,55,0,0,0.0,0.9824561403508771,
INV_TRADE,2026-01-15,65,0.5351998577574097,0.008233843965498611,65,23,23,34,5,5,0,0,38,0,0,0.0,0.9420289855072463,
INV_TRADE,2026-02-09,77,-6.656793043118645,-0.08645185770283954,77,28,27,23,6,6,0,0,27,0,0,0.0,0.9166666666666666,
INV_TRADE,2026-02-11,69,-3.425017528779184,-0.04963793519969832,69,23,23,27,6,6,0,0,30,0,0,0.0,1.0,
INV_TRADE,2026-02-13,93,-7.674685940851305,-0.08252350474033661,93,30,30,51,14,14,0,0,61,0,0,0.0,1.0333333333333334,
INV_TRADE,2026-02-26,58,-1.6135666418983117,-0.02782011451548813,58,18,18,19,4,4,0,0,22,0,0,0.0,1.0740740740740742,
INV_TRADE,2026-02-27,80,1.1375061313052963,0.014218826641316204,80,31,31,26,6,6,0,0,30,0,0,0.0,0.8602150537634409,
INV_TRADE,2026-03-04,69,-1.8994106675251412,-0.027527690833697698,69,24,24,17,4,4,0,0,19,0,0,0.0,0.9583333333333334,
INV_TRADE,2026-03-13,77,-2.4505322065121318,-0.031825093591066646,77,28,28,31,7,7,0,0,37,0,0,0.0,0.9166666666666666,
INV_TRADE,2026-03-30,88,-6.7056362482208,-0.0762004119116,88,28,28,38,10,10,0,0,46,0,0,0.0,1.0476190476190477,
INV_TRADE,2026-03-31,127,-6.510221906616305,-0.05126158981587642,127,44,44,64,17,17,0,0,74,0,0,0.0,0.9621212121212122,
INV_TRADE,2026-05-08,57,-4.876741100786907,-0.08555686141731415,57,21,20,19,5,5,0,0,23,0,0,0.0,0.9047619047619048,
INV_TRADE,2026-05-28,119,-1.2799462456632689,-0.010755850803893015,119,44,44,43,11,11,0,0,53,0,0,0.0,0.9015151515151515,
INV_TRADE,2026-06-25,28,0.951426334186332,0.033979511935226143,28,11,11,12,2,2,0,0,14,0,0,0.0,0.8484848484848485,
INV_TRADE,2026-07-14,109,-0.5954387064756099,-0.005462740426381742,109,39,39,32,10,10,0,0,46,0,0,0.0,0.9316239316239316,
CAND_DISPLACE,2024-01-05,46,-2.9160082669085723,-0.06339148406322984,46,16,16,12,0,0,0,0,15,0,0,0.0,0.9583333333333334,
CAND_DISPLACE,2024-01-17,59,-2.3443254944879,-0.03973433041504915,59,20,20,27,0,0,0,0,30,0,0,0.0,0.9833333333333333,
CAND_DISPLACE,2024-01-29,31,-1.0397834355631708,-0.03354140114719906,31,12,12,6,0,0,0,0,6,0,0,0.0,0.8611111111111112,
CAND_DISPLACE,2024-02-13,32,-0.3950255627003117,-0.01234454883438474,32,13,13,21,0,0,0,0,21,0,0,0.0,0.8205128205128205,
CAND_DISPLACE,2024-02-16,28,-0.4201869468733246,-0.015006676674047306,28,10,10,16,0,0,0,0,18,0,0,0.0,0.9333333333333333,
CAND_DISPLACE,2024-02-23,34,-0.4258739128398854,-0.012525703318820159,34,14,14,12,0,0,0,0,12,0,0,0.0,0.8095238095238095,
CAND_DISPLACE,2024-03-27,41,-1.5343782706198303,-0.03742386025902025,41,15,15,9,0,0,0,0,11,0,0,0.0,0.9111111111111111,
CAND_DISPLACE,2024-05-03,32,1.2235660064011427,0.03823643770003571,32,13,13,10,0,0,0,0,15,0,0,0.0,0.8205128205128205,
CAND_DISPLACE,2024-05-14,60,-2.4358495841922077,-0.04059749306987013,60,20,20,22,0,0,0,0,30,0,0,0.0,1.0,
CAND_DISPLACE,2024-05-17,71,-1.0552117974984867,-0.014862137992936432,71,25,25,15,0,0,0,0,21,0,0,0.0,0.9466666666666667,
CAND_DISPLACE,2024-06-06,68,-3.7374538622416367,-0.054962556797671126,68,23,23,36,0,0,0,0,36,0,0,0.0,0.9855072463768116,
CAND_DISPLACE,2024-06-11,46,-1.9866283130181728,-0.04318757202213419,46,16,16,15,0,0,0,0,15,0,0,0.0,0.9583333333333334,
CAND_DISPLACE,2024-06-12,43,-0.7489270334170518,-0.017416907753884926,43,17,17,14,0,0,0,0,18,0,0,0.0,0.8431372549019608,
CAND_DISPLACE,2024-07-08,60,-0.5987687978642195,-0.009979479964403659,60,24,24,12,0,0,0,0,15,0,0,0.0,0.8333333333333334,
CAND_DISPLACE,2024-07-30,57,-1.9785563886560644,-0.03471151559045727,57,20,20,12,0,0,0,0,12,0,0,0.0,0.95,
CAND_DISPLACE,2024-08-14,70,-2.926283946192598,-0.04180405637417997,70,24,24,41,0,0,0,0,42,0,0,0.0,0.9722222222222222,
CAND_DISPLACE,2024-08-21,33,-2.3653355200315977,-0.07167683394035144,33,13,13,18,0,0,0,0,20,0,0,0.0,0.8461538461538461,
CAND_DISPLACE,2024-10-01,76,-2.653632477713927,-0.03491621681202536,76,28,28,38,0,0,0,0,39,0,0,0.0,0.9047619047619048,
CAND_DISPLACE,2024-10-07,39,-1.3069413610317802,-0.03351131694953283,39,15,15,15,0,0,0,0,15,0,0,0.0,0.8666666666666667,
CAND_DISPLACE,2024-10-25,67,-3.016862494365493,-0.04502779842336557,67,25,25,40,0,0,0,0,45,0,0,0.0,0.8933333333333333,
CAND_DISPLACE,2024-11-29,46,-0.17855066345494688,-0.003881536162064063,46,16,16,13,0,0,0,0,15,0,0,0.0,0.9583333333333334,
CAND_DISPLACE,2024-12-18,53,-1.7901703077101654,-0.033776798258682364,53,20,20,16,0,0,0,0,16,0,0,0.0,0.8833333333333333,
CAND_DISPLACE,2024-12-26,39,-1.1937715571828753,-0.030609527107253214,39,14,14,19,0,0,0,0,21,0,0,0.0,0.9285714285714286,
CAND_DISPLACE,2025-01-10,49,-2.143380971579063,-0.04374246880773598,49,17,17,15,0,0,0,0,15,0,0,0.0,0.9607843137254902,
CAND_DISPLACE,2025-01-20,49,-2.283930101301697,-0.046610818393912186,49,18,18,34,0,0,0,0,36,0,0,0.0,0.9074074074074074,
CAND_DISPLACE,2025-01-21,56,-2.471178701863058,-0.04412819110469746,56,19,19,29,0,0,0,0,33,0,0,0.0,0.9824561403508771,
CAND_DISPLACE,2025-01-29,37,-2.3393212642845356,-0.06322489903471717,37,13,13,18,0,0,0,0,21,0,0,0.0,0.9487179487179487,
CAND_DISPLACE,2025-03-07,39,-1.810291136979534,-0.046417721461013695,39,15,15,6,0,0,0,0,7,0,0,0.0,0.8666666666666667,
CAND_DISPLACE,2025-03-14,35,-1.6890641521986254,-0.048258975777103585,35,12,12,6,0,0,0,0,6,0,0,0.0,0.9722222222222222,
CAND_DISPLACE,2025-03-18,62,-1.7772702834398235,-0.02866564973290038,62,22,22,21,0,0,0,0,27,0,0,0.0,0.9393939393939394,
CAND_DISPLACE,2025-04-11,47,-3.0303790139623743,-0.064476149233242,47,17,17,12,0,0,0,0,13,0,0,0.0,0.9215686274509803,
CAND_DISPLACE,2025-04-29,51,-3.3573836528983825,-0.06583105201761534,51,18,18,18,0,0,0,0,24,0,0,0.0,0.9444444444444444,
CAND_DISPLACE,2025-05-15,113,-8.015679750132374,-0.07093521902772013,113,41,41,44,0,0,0,0,51,0,0,0.0,0.9186991869918699,
CAND_DISPLACE,2025-06-04,44,-2.4910626851832,-0.05661506102689091,44,15,15,19,0,0,0,0,21,0,0,0.0,0.9777777777777777,
CAND_DISPLACE,2025-06-20,62,-3.90747291019837,-0.06302375661610274,62,22,22,27,0,0,0,0,27,0,0,0.0,0.9393939393939394,
CAND_DISPLACE,2025-07-04,28,-1.5720980122823678,-0.05614635758151314,28,10,10,12,0,0,0,0,12,0,0,0.0,0.9333333333333333,
CAND_DISPLACE,2025-07-07,63,-1.9294633700668178,-0.0306264026994733,63,24,24,19,0,0,0,0,24,0,0,0.0,0.875,
CAND_DISPLACE,2025-08-06,37,-2.3960206896939176,-0.06475731593767345,37,13,13,17,0,0,0,0,18,0,0,0.0,0.9487179487179487,
CAND_DISPLACE,2025-08-13,28,-0.4155908158935138,-0.014842529139054065,28,11,11,9,0,0,0,0,9,0,0,0.0,0.8484848484848485,
CAND_DISPLACE,2025-09-19,74,-2.81500317775605,-0.03804058348318986,74,26,26,29,0,0,0,0,33,0,0,0.0,0.9487179487179487,
CAND_DISPLACE,2025-09-25,58,-2.039372346578451,-0.03516159218238708,58,20,20,15,0,0,0,0,15,0,0,0.0,0.9666666666666667,
CAND_DISPLACE,2025-10-29,86,-4.673279675466347,-0.054340461342631936,86,32,32,30,0,0,0,0,35,0,0,0.0,0.8958333333333334,
CAND_DISPLACE,2025-11-24,101,-8.321675552548339,-0.08239282725295385,101,36,36,40,0,0,0,0,45,0,0,0.0,0.9351851851851852,
CAND_DISPLACE,2025-12-01,36,-2.8216388830478536,-0.07837885786244038,36,13,13,12,0,0,0,0,12,0,0,0.0,0.9230769230769231,
CAND_DISPLACE,2025-12-22,81,-4.779237545259093,-0.05900293265751967,81,30,30,30,0,0,0,0,30,0,0,0.0,0.9,
CAND_DISPLACE,2026-01-02,87,-10.125330622750274,-0.11638311060632499,87,31,31,33,0,0,0,0,39,0,0,0.0,0.9354838709677419,
CAND_DISPLACE,2026-01-15,54,-3.6058227390907027,-0.06677449516834634,54,20,20,18,0,0,0,0,18,0,0,0.0,0.9,
CAND_DISPLACE,2026-02-09,49,-6.863325564309889,-0.1400678686593855,49,17,17,13,0,0,0,0,15,0,0,0.0,0.9607843137254902,
CAND_DISPLACE,2026-02-11,51,-9.838008091371497,-0.19290211943865682,51,17,17,33,0,0,0,0,36,0,0,0.0,1.0,
CAND_DISPLACE,2026-02-13,68,-12.183642996355047,-0.17917122053463305,68,25,25,33,0,0,0,0,36,0,0,0.0,0.9066666666666666,
CAND_DISPLACE,2026-02-26,45,-3.8975578061266183,-0.08661239569170263,45,15,15,6,0,0,0,0,6,0,0,0.0,1.0,
CAND_DISPLACE,2026-02-27,65,-6.200036065991601,-0.09538517024602464,65,24,24,19,0,0,0,0,21,0,0,0.0,0.9027777777777778,
CAND_DISPLACE,2026-03-04,61,-5.789621543157106,-0.094911828576346,61,22,22,26,0,0,0,0,30,0,0,0.0,0.9242424242424242,
CAND_DISPLACE,2026-03-13,60,-7.356254733074517,-0.12260424555124196,60,23,23,27,0,0,0,0,33,0,0,0.0,0.8695652173913043,
CAND_DISPLACE,2026-03-30,64,-11.621506487712395,-0.18158603887050617,64,23,23,26,0,0,0,0,27,0,0,0.0,0.927536231884058,
CAND_DISPLACE,2026-03-31,79,-10.23859897274512,-0.1296025186423433,79,29,29,33,0,0,0,0,36,0,0,0.0,0.9080459770114943,
CAND_DISPLACE,2026-05-08,41,-4.386993341765144,-0.1069998376040279,41,15,15,19,0,0,0,0,21,0,0,0.0,0.9111111111111111,
CAND_DISPLACE,2026-05-28,80,-7.580027288605986,-0.09475034110757483,80,31,31,32,0,0,0,0,33,0,0,0.0,0.8602150537634409,
CAND_DISPLACE,2026-06-25,40,-3.7814346881597585,-0.09453586720399396,40,14,14,9,0,0,0,0,9,0,0,0.0,0.9523809523809523,
CAND_DISPLACE,2026-07-14,101,-8.081695797077828,-0.0800167900700775,101,37,37,41,0,0,0,0,51,0,0,0.0,0.9099099099099099,
CAND_DISP15,2024-01-05,35,-1.9962078586963041,-0.057034510248465835,35,13,13,10,0,0,0,0,12,0,0,0.0,0.8974358974358975,
CAND_DISP15,2024-01-17,71,-1.473821789783642,-0.020758053377234395,71,24,24,27,0,0,0,0,30,0,0,0.0,0.9861111111111112,
CAND_DISP15,2024-01-29,40,-1.4338397473567663,-0.03584599368391916,40,15,15,12,0,0,0,0,12,0,0,0.0,0.8888888888888888,
CAND_DISP15,2024-02-13,42,-2.2730033420242157,-0.05411912719105275,42,17,17,23,0,0,0,0,26,0,0,0.0,0.8235294117647058,
CAND_DISP15,2024-02-16,31,-0.4390867290082952,-0.014164088032525652,31,11,11,16,0,0,0,0,18,0,0,0.0,0.9393939393939394,
CAND_DISP15,2024-02-23,38,-0.3716172394100948,-0.009779401037107758,38,16,16,9,0,0,0,0,9,0,0,0.0,0.7916666666666666,
CAND_DISP15,2024-03-27,44,-2.5152059060934944,-0.057163770593033965,44,16,16,14,0,0,0,0,15,0,0,0.0,0.9166666666666666,
CAND_DISP15,2024-05-03,38,1.2088660815622159,0.03181226530426884,38,16,16,9,0,0,0,0,12,0,0,0.0,0.7916666666666666,
CAND_DISP15,2024-05-14,68,-2.2782459014312435,-0.033503616197518286,68,23,23,24,0,0,0,0,35,0,0,0.0,0.9855072463768116,
CAND_DISP15,2024-05-17,76,-1.5051291409827172,-0.019804330802404173,76,27,27,27,0,0,0,0,33,0,0,0.0,0.9382716049382716,
CAND_DISP15,2024-06-06,65,-3.737783891131282,-0.057504367555865875,65,22,22,33,0,0,0,0,33,0,0,0.0,0.9848484848484849,
CAND_DISP15,2024-06-11,46,-1.6249423669826988,-0.03532483406484128,46,16,16,12,0,0,0,0,12,0,0,0.0,0.9583333333333334,
CAND_DISP15,2024-06-12,46,-1.699585329664539,-0.03694750716662041,46,18,18,12,0,0,0,0,12,0,0,0.0,0.8518518518518519,
CAND_DISP15,2024-07-08,68,-0.7765230954901199,-0.01141945728661941,68,27,27,14,0,0,0,0,18,0,0,0.0,0.8395061728395061,
CAND_DISP15,2024-07-30,66,-2.055180528975901,-0.031139098923877284,66,23,23,16,0,0,0,0,18,0,0,0.0,0.9565217391304348,
CAND_DISP15,2024-08-14,69,-3.205452503599645,-0.0464558333855021,69,24,24,30,0,0,0,0,32,0,0,0.0,0.9583333333333334,
CAND_DISP15,2024-08-21,33,-1.0085641858924344,-0.030562551087649527,33,13,13,12,0,0,0,0,14,0,0,0.0,0.8461538461538461,
CAND_DISP15,2024-10-01,72,-2.3037720546302203,-0.031996834092086396,72,28,28,29,0,0,0,0,30,0,0,0.0,0.8571428571428571,
CAND_DISP15,2024-10-07,36,-0.868932019184437,-0.024137000532901028,36,14,14,12,0,0,0,0,15,0,0,0.0,0.8571428571428571,
CAND_DISP15,2024-10-25,70,-2.3697906194335396,-0.03385415170619342,70,27,27,36,0,0,0,0,42,0,0,0.0,0.8641975308641975,
CAND_DISP15,2024-11-29,47,1.015200468001088,0.021600009957469957,47,17,17,10,0,0,0,0,15,0,0,0.0,0.9215686274509803,
CAND_DISP15,2024-12-18,56,-1.3526992999545655,-0.02415534464204581,56,21,21,25,0,0,0,0,27,0,0,0.0,0.8888888888888888,
CAND_DISP15,2024-12-26,50,-1.5794634617236627,-0.031589269234473256,50,18,18,24,0,0,0,0,27,0,0,0.0,0.9259259259259259,
CAND_DISP15,2025-01-10,58,-2.4688873809142633,-0.04256702380886661,58,20,20,15,0,0,0,0,15,0,0,0.0,0.9666666666666667,
CAND_DISP15,2025-01-20,52,-2.6547454788912246,-0.05105279767098509,52,19,19,36,0,0,0,0,36,0,0,0.0,0.9122807017543859,
CAND_DISP15,2025-01-21,59,-2.5209790998527146,-0.04272845931953754,59,20,20,26,0,0,0,0,30,0,0,0.0,0.9833333333333333,
CAND_DISP15,2025-01-29,40,-2.5253135944276437,-0.0631328398606911,40,14,14,18,0,0,0,0,21,0,0,0.0,0.9523809523809523,
CAND_DISP15,2025-03-07,42,-1.9326479955052491,-0.046015428464410695,42,16,16,9,0,0,0,0,10,0,0,0.0,0.875,
CAND_DISP15,2025-03-14,40,-2.4245756941569807,-0.06061439235392452,40,14,14,12,0,0,0,0,12,0,0,0.0,0.9523809523809523,
CAND_DISP15,2025-03-18,77,-1.5721196250610774,-0.0204171379878062,77,27,27,27,0,0,0,0,33,0,0,0.0,0.9506172839506173,
CAND_DISP15,2025-04-11,58,-1.4330740129060662,-0.024708172636311487,58,22,22,15,0,0,0,0,21,0,0,0.0,0.8787878787878788,
CAND_DISP15,2025-04-29,53,-2.8249019618771554,-0.0533000370165501,53,19,19,15,0,0,0,0,18,0,0,0.0,0.9298245614035088,
CAND_DISP15,2025-05-15,121,-8.559652706923771,-0.07074093146217993,121,45,45,38,0,0,0,0,43,0,0,0.0,0.8962962962962963,
CAND_DISP15,2025-06-04,38,-1.7039625676761718,-0.04484112020200452,38,14,14,13,0,0,0,0,15,0,0,0.0,0.9047619047619048,
CAND_DISP15,2025-06-20,57,-3.134420786256215,-0.05498983835537219,57,21,21,21,0,0,0,0,21,0,0,0.0,0.9047619047619048,
CAND_DISP15,2025-07-04,25,-0.993181936558358,-0.039727277462334315,25,9,9,9,0,0,0,0,9,0,0,0.0,0.9259259259259259,
CAND_DISP15,2025-07-07,56,-0.9507210665022588,-0.016977161901826052,56,22,22,13,0,0,0,0,18,0,0,0.0,0.8484848484848485,
CAND_DISP15,2025-08-06,37,-2.200783083724825,-0.05948062388445472,37,13,13,11,0,0,0,0,12,0,0,0.0,0.9487179487179487,
CAND_DISP15,2025-08-13,40,-1.9702651437341956,-0.04925662859335489,40,15,15,18,0,0,0,0,18,0,0,0.0,0.8888888888888888,
CAND_DISP15,2025-09-19,63,-2.952699253700909,-0.046868242122236656,63,23,23,29,0,0,0,0,30,0,0,0.0,0.9130434782608695,
CAND_DISP15,2025-09-25,55,-1.2569655778185431,-0.022853919596700783,55,19,19,8,0,0,0,0,9,0,0,0.0,0.9649122807017544,
CAND_DISP15,2025-10-29,92,-5.255394692245622,-0.05712385535049589,92,34,34,33,0,0,0,0,38,0,0,0.0,0.9019607843137255,
CAND_DISP15,2025-11-24,97,-7.835596609210219,-0.08077934648670329,97,35,35,31,0,0,0,0,33,0,0,0.0,0.9238095238095239,
CAND_DISP15,2025-12-01,33,-2.5079446681705426,-0.07599832327789523,33,13,13,9,0,0,0,0,9,0,0,0.0,0.8461538461538461,
CAND_DISP15,2025-12-22,105,-7.334702397857049,-0.06985430855101951,105,38,38,39,0,0,0,0,42,0,0,0.0,0.9210526315789473,
CAND_DISP15,2026-01-02,86,-6.3285898365029425,-0.07358825391282492,86,32,32,24,0,0,0,0,27,0,0,0.0,0.8958333333333334,
CAND_DISP15,2026-01-15,60,-3.949940825787356,-0.06583234709645594,60,22,22,18,0,0,0,0,18,0,0,0.0,0.9090909090909091,
CAND_DISP15,2026-02-09,49,-3.9225504791750914,-0.08005205059541003,49,18,18,8,0,0,0,0,9,0,0,0.0,0.9074074074074074,
CAND_DISP15,2026-02-11,43,-8.571723388123853,-0.19934240437497333,43,15,15,25,0,0,0,0,27,0,0,0.0,0.9555555555555556,
CAND_DISP15,2026-02-13,68,-13.473610855540453,-0.19814133611088902,68,25,25,40,0,0,0,0,42,0,0,0.0,0.9066666666666666,
CAND_DISP15,2026-02-26,48,-3.987382412118071,-0.08307046691912648,48,16,16,9,0,0,0,0,9,0,0,0.0,1.0,
CAND_DISP15,2026-02-27,70,-6.547104431179832,-0.09353006330256904,70,28,28,21,0,0,0,0,21,0,0,0.0,0.8333333333333334,
CAND_DISP15,2026-03-04,50,-4.111799716731184,-0.08223599433462368,50,19,19,17,0,0,0,0,21,0,0,0.0,0.8771929824561403,
CAND_DISP15,2026-03-13,55,-5.051182647742583,-0.0918396845044106,55,22,22,17,0,0,0,0,21,0,0,0.0,0.8333333333333334,
CAND_DISP15,2026-03-30,61,-12.14735552150766,-0.19913697576242065,61,22,22,27,0,0,0,0,27,0,0,0.0,0.9242424242424242,
CAND_DISP15,2026-03-31,94,-14.199193093696524,-0.1510552456776226,94,35,35,40,0,0,0,0,42,0,0,0.0,0.8952380952380953,
CAND_DISP15,2026-05-08,36,-3.064292395061784,-0.08511923319616067,36,15,14,13,0,0,0,0,15,0,0,0.0,0.8,
CAND_DISP15,2026-05-28,87,-6.807332910149247,-0.07824520586378444,87,35,35,41,0,0,0,0,42,0,0,0.0,0.8285714285714286,
CAND_DISP15,2026-06-25,41,-4.080158915439824,-0.0995160711082884,41,15,15,9,0,0,0,0,9,0,0,0.0,0.9111111111111111,
CAND_DISP15,2026-07-14,91,-5.505502198821129,-0.06050002416286955,91,35,35,19,0,0,0,0,27,0,0,0.0,0.8666666666666667,
CAND_BODY_ONLY_INV,2024-01-05,34,-1.2780730461658247,-0.03759038371075955,34,13,13,13,0,0,0,0,15,0,0,0.0,0.8717948717948718,
CAND_BODY_ONLY_INV,2024-01-17,69,-0.3496487080070285,-0.005067372579812007,69,24,24,24,0,0,0,0,27,0,0,0.0,0.9583333333333334,
CAND_BODY_ONLY_INV,2024-01-29,38,-0.48424169395199596,-0.012743202472420946,38,15,15,5,0,0,0,0,6,0,0,0.0,0.8444444444444444,
CAND_BODY_ONLY_INV,2024-02-13,42,-1.084309030370605,-0.025816881675490597,42,17,17,18,0,0,0,0,18,0,0,0.0,0.8235294117647058,
CAND_BODY_ONLY_INV,2024-02-16,34,0.40979122443316857,0.01205268307156378,34,13,13,13,0,0,0,0,17,0,0,0.0,0.8717948717948718,
CAND_BODY_ONLY_INV,2024-02-23,50,-0.245608486187545,-0.0049121697237509,50,21,21,21,0,0,0,0,21,0,0,0.0,0.7936507936507936,
CAND_BODY_ONLY_INV,2024-03-27,46,-0.959269619009774,-0.020853687369777697,46,18,18,9,0,0,0,0,13,0,0,0.0,0.8518518518518519,
CAND_BODY_ONLY_INV,2024-05-03,47,0.5922219367829106,0.012600466740061928,47,19,19,15,0,0,0,0,18,0,0,0.0,0.8245614035087719,
CAND_BODY_ONLY_INV,2024-05-14,69,-2.4720382521201527,-0.035826641335074676,69,25,25,28,0,0,0,0,37,0,0,0.0,0.92,
CAND_BODY_ONLY_INV,2024-05-17,84,-0.7651089675949454,-0.009108440090416017,84,31,31,32,0,0,0,0,40,0,0,0.0,0.9032258064516129,
CAND_BODY_ONLY_INV,2024-06-06,74,-2.302388806583167,-0.031113362251123877,74,27,27,18,0,0,0,0,18,0,0,0.0,0.9135802469135802,
CAND_BODY_ONLY_INV,2024-06-11,52,-1.326294733706618,-0.0255056679558965,52,18,18,12,0,0,0,0,12,0,0,0.0,0.9629629629629629,
CAND_BODY_ONLY_INV,2024-06-12,68,-1.8326975564705208,-0.026951434653978246,68,26,26,12,0,0,0,0,12,0,0,0.0,0.8717948717948718,
CAND_BODY_ONLY_INV,2024-07-08,77,-0.474575131514636,-0.0061633133962939735,77,30,30,23,0,0,0,0,27,0,0,0.0,0.8555555555555555,
CAND_BODY_ONLY_INV,2024-07-30,52,-0.8465883396311257,-0.01628054499290626,52,20,20,12,0,0,0,0,15,0,0,0.0,0.8666666666666667,
CAND_BODY_ONLY_INV,2024-08-14,82,-3.3456816564657856,-0.04080099581055836,82,29,29,35,0,0,0,0,37,0,0,0.0,0.9425287356321839,
CAND_BODY_ONLY_INV,2024-08-21,43,-0.41002050801049933,-0.009535360651406961,43,18,18,16,0,0,0,0,20,0,0,0.0,0.7962962962962963,
CAND_BODY_ONLY_INV,2024-10-01,62,-1.35782050241581,-0.02190033068412597,62,25,25,21,0,0,0,0,26,0,0,0.0,0.8266666666666667,
CAND_BODY_ONLY_INV,2024-10-07,35,-0.9119220724937805,-0.02605491635696516,35,14,14,6,0,0,0,0,8,0,0,0.0,0.8333333333333334,
CAND_BODY_ONLY_INV,2024-10-25,61,-1.5464444750368784,-0.02535154877109637,61,25,25,21,0,0,0,0,21,0,0,0.0,0.8133333333333334,
CAND_BODY_ONLY_INV,2024-11-29,38,-0.46745497033695455,-0.012301446587814593,38,14,14,19,0,0,0,0,21,0,0,0.0,0.9047619047619048,
CAND_BODY_ONLY_INV,2024-12-18,73,-2.3848824208583514,-0.03266962220353906,73,28,28,30,0,0,0,0,32,0,0,0.0,0.8690476190476191,
CAND_BODY_ONLY_INV,2024-12-26,61,-1.6968081311129026,-0.027816526739555782,61,22,22,26,0,0,0,0,29,0,0,0.0,0.9242424242424242,
CAND_BODY_ONLY_INV,2025-01-10,52,-1.2590902888459825,-0.024213274785499665,52,20,19,15,0,0,0,0,15,0,0,0.0,0.8666666666666667,
CAND_BODY_ONLY_INV,2025-01-20,48,-1.9161702669330225,-0.03992021389443797,48,18,18,30,0,0,0,0,32,0,0,0.0,0.8888888888888888,
CAND_BODY_ONLY_INV,2025-01-21,99,-4.249034359847883,-0.042919538988362455,99,35,35,51,0,0,0,0,51,0,0,0.0,0.9428571428571428,
CAND_BODY_ONLY_INV,2025-01-29,49,-3.250604849766357,-0.06633887448502769,49,18,18,33,0,0,0,0,33,0,0,0.0,0.9074074074074074,
CAND_BODY_ONLY_INV,2025-03-07,56,-1.0400999230405432,-0.01857321291143827,56,21,21,23,0,0,0,0,26,0,0,0.0,0.8888888888888888,
CAND_BODY_ONLY_INV,2025-03-14,41,-1.3719153537470752,-0.033461350091392075,41,15,15,6,0,0,0,0,6,0,0,0.0,0.9111111111111111,
CAND_BODY_ONLY_INV,2025-03-18,93,-2.228018508674116,-0.023957188265313078,93,33,33,34,0,0,0,0,39,0,0,0.0,0.9393939393939394,
CAND_BODY_ONLY_INV,2025-04-11,58,-2.286955035833065,-0.03943025923850112,58,23,23,24,0,0,0,0,31,0,0,0.0,0.8405797101449275,
CAND_BODY_ONLY_INV,2025-04-29,66,-4.1213232717368555,-0.062444291996012966,66,24,24,27,0,0,0,0,27,0,0,0.0,0.9166666666666666,
CAND_BODY_ONLY_INV,2025-05-15,114,-4.4208084346279675,-0.03877902135638568,114,45,45,39,0,0,0,0,48,0,0,0.0,0.8444444444444444,
CAND_BODY_ONLY_INV,2025-06-04,27,-1.3224227820586143,-0.048978621557726455,27,11,11,9,0,0,0,0,9,0,0,0.0,0.8181818181818182,
CAND_BODY_ONLY_INV,2025-06-20,65,-1.207000276959813,-0.01856923503015097,65,24,24,16,0,0,0,0,18,0,0,0.0,0.9027777777777778,
CAND_BODY_ONLY_INV,2025-07-04,33,-0.09707931521522065,-0.002941797430764262,33,13,13,14,0,0,0,0,15,0,0,0.0,0.8461538461538461,
CAND_BODY_ONLY_INV,2025-07-07,60,0.36839568652385424,0.006139928108730904,60,26,26,20,0,0,0,0,24,0,0,0.0,0.7692307692307693,
CAND_BODY_ONLY_INV,2025-08-06,50,-2.1136390181536626,-0.042272780363073255,50,18,18,17,0,0,0,0,18,0,0,0.0,0.9259259259259259,
CAND_BODY_ONLY_INV,2025-08-13,38,-1.1874079673048072,-0.03124757808696861,38,15,15,12,0,0,0,0,12,0,0,0.0,0.8444444444444444,
CAND_BODY_ONLY_INV,2025-09-19,73,-2.6735897267117252,-0.03662451680427021,73,27,27,40,0,0,0,0,42,0,0,0.0,0.9012345679012346,
CAND_BODY_ONLY_INV,2025-09-25,43,-0.8779486700627787,-0.020417410931692526,43,17,17,14,0,0,0,0,16,0,0,0.0,0.8431372549019608,
CAND_BODY_ONLY_INV,2025-10-29,76,-0.9702496654960366,-0.012766442967053114,76,32,31,24,0,0,0,0,27,0,0,0.0,0.7916666666666666,
CAND_BODY_ONLY_INV,2025-11-24,99,-6.626412977536499,-0.06693346441956059,99,38,38,35,0,0,0,0,42,0,0,0.0,0.868421052631579,
CAND_BODY_ONLY_INV,2025-12-01,44,-2.455887672953395,-0.055815628930758976,44,17,17,19,0,0,0,0,21,0,0,0.0,0.8627450980392157,
CAND_BODY_ONLY_INV,2025-12-22,134,-7.167831654359665,-0.05349128100268406,134,51,51,55,0,0,0,0,60,0,0,0.0,0.8758169934640523,
CAND_BODY_ONLY_INV,2026-01-02,101,-2.8982323772139957,-0.0286953700714257,101,38,38,31,0,0,0,0,44,0,0,0.0,0.8859649122807017,
CAND_BODY_ONLY_INV,2026-01-15,57,-3.400948529336347,-0.05966576367256749,57,22,22,27,0,0,0,0,27,0,0,0.0,0.8636363636363636,
CAND_BODY_ONLY_INV,2026-02-09,71,-5.3407930431170225,-0.07522243722700031,71,28,27,19,0,0,0,0,21,0,0,0.0,0.8452380952380952,
CAND_BODY_ONLY_INV,2026-02-11,63,-7.22935086211055,-0.11475160098588175,63,23,23,24,0,0,0,0,24,0,0,0.0,0.9130434782608695,
CAND_BODY_ONLY_INV,2026-02-13,79,-5.863685940843425,-0.07422387266890411,79,30,30,41,0,0,0,0,47,0,0,0.0,0.8777777777777778,
CAND_BODY_ONLY_INV,2026-02-26,54,-3.8105831708238234,-0.07056635501525599,54,18,18,17,0,0,0,0,18,0,0,0.0,1.0,
CAND_BODY_ONLY_INV,2026-02-27,74,-4.000493868693714,-0.05406072795532046,74,31,31,24,0,0,0,0,24,0,0,0.0,0.7956989247311828,
CAND_BODY_ONLY_INV,2026-03-04,65,-4.512410667522697,-0.06942170257727226,65,24,24,13,0,0,0,0,15,0,0,0.0,0.9027777777777778,
CAND_BODY_ONLY_INV,2026-03-13,70,-5.426532206507242,-0.07752188866438918,70,28,28,27,0,0,0,0,30,0,0,0.0,0.8333333333333334,
CAND_BODY_ONLY_INV,2026-03-30,78,-11.058939107943843,-0.14178127061466464,78,28,28,29,0,0,0,0,30,0,0,0.0,0.9285714285714286,
CAND_BODY_ONLY_INV,2026-03-31,110,-14.652821906611583,-0.13320747187828713,110,44,44,54,0,0,0,0,57,0,0,0.0,0.8333333333333334,
CAND_BODY_ONLY_INV,2026-05-08,51,-1.9693839579279788,-0.038615371724078015,51,21,20,12,0,0,0,0,17,0,0,0.0,0.8095238095238095,
CAND_BODY_ONLY_INV,2026-05-28,109,-6.734871140174619,-0.061787808625455215,109,44,44,39,0,0,0,0,42,0,0,0.0,0.8257575757575758,
CAND_BODY_ONLY_INV,2026-06-25,26,-2.350573665813348,-0.09040667945435953,26,11,11,12,0,0,0,0,12,0,0,0.0,0.7878787878787878,
CAND_BODY_ONLY_INV,2026-07-14,99,-4.419327127323868,-0.04463966795276634,99,39,39,29,0,0,0,0,36,0,0,0.0,0.8461538461538461,
CAND_BODY_ONLY_MIT,2024-01-05,35,-0.9401609582537277,-0.02686174166439222,35,13,13,13,0,0,0,0,15,0,0,0.0,0.8974358974358975,
CAND_BODY_ONLY_MIT,2024-01-17,69,-0.3496487080070285,-0.005067372579812007,69,24,24,24,0,0,0,0,27,0,0,0.0,0.9583333333333334,
CAND_BODY_ONLY_MIT,2024-01-29,38,-0.48424169395199596,-0.012743202472420946,38,15,15,5,0,0,0,0,6,0,0,0.0,0.8444444444444444,
CAND_BODY_ONLY_MIT,2024-02-13,42,-1.084309030370605,-0.025816881675490597,42,16,16,18,0,0,0,0,18,0,0,0.0,0.875,
CAND_BODY_ONLY_MIT,2024-02-16,34,0.40979122443316857,0.01205268307156378,34,13,13,13,0,0,0,0,17,0,0,0.0,0.8717948717948718,
CAND_BODY_ONLY_MIT,2024-02-23,50,-0.245608486187545,-0.0049121697237509,50,21,21,21,0,0,0,0,21,0,0,0.0,0.7936507936507936,
CAND_BODY_ONLY_MIT,2024-03-27,43,-0.7882551262561417,-0.01833151456409632,43,17,17,9,0,0,0,0,13,0,0,0.0,0.8431372549019608,
CAND_BODY_ONLY_MIT,2024-05-03,47,0.5488886034495408,0.011678480924458315,47,19,19,15,0,0,0,0,18,0,0,0.0,0.8245614035087719,
CAND_BODY_ONLY_MIT,2024-05-14,74,-2.4430724232117127,-0.033014492205563684,74,26,26,23,0,0,0,0,34,0,0,0.0,0.9487179487179487,
CAND_BODY_ONLY_MIT,2024-05-17,90,-0.7964265161878453,-0.00884918351319828,90,33,33,36,0,0,0,0,46,0,0,0.0,0.9090909090909091,
CAND_BODY_ONLY_MIT,2024-06-06,74,-2.000889217429934,-0.02703904347878289,74,27,27,18,0,0,0,0,18,0,0,0.0,0.9135802469135802,
CAND_BODY_ONLY_MIT,2024-06-11,52,-1.326294733706618,-0.0255056679558965,52,18,18,12,0,0,0,0,12,0,0,0.0,0.9629629629629629,
CAND_BODY_ONLY_MIT,2024-06-12,68,-1.8914684346709691,-0.027815712274573075,68,26,26,15,0,0,0,0,15,0,0,0.0,0.8717948717948718,
CAND_BODY_ONLY_MIT,2024-07-08,77,-0.474575131514636,-0.0061633133962939735,77,30,30,23,0,0,0,0,27,0,0,0.0,0.8555555555555555,
CAND_BODY_ONLY_MIT,2024-07-30,52,-0.8465883396311257,-0.01628054499290626,52,20,20,12,0,0,0,0,15,0,0,0.0,0.8666666666666667,
CAND_BODY_ONLY_MIT,2024-08-14,82,-3.3456816564657856,-0.04080099581055836,82,29,29,35,0,0,0,0,37,0,0,0.0,0.9425287356321839,
CAND_BODY_ONLY_MIT,2024-08-21,43,-0.41002050801049933,-0.009535360651406961,43,18,18,16,0,0,0,0,20,0,0,0.0,0.7962962962962963,
CAND_BODY_ONLY_MIT,2024-10-01,68,-1.8043249767720229,-0.02653419083488269,68,27,27,26,0,0,0,0,29,0,0,0.0,0.8395061728395061,
CAND_BODY_ONLY_MIT,2024-10-07,35,-0.9119220724937805,-0.02605491635696516,35,14,14,6,0,0,0,0,8,0,0,0.0,0.8333333333333334,
CAND_BODY_ONLY_MIT,2024-10-25,62,-1.3136858543471135,-0.021188481521727635,62,24,24,21,0,0,0,0,21,0,0,0.0,0.8611111111111112,
CAND_BODY_ONLY_MIT,2024-11-29,38,-0.4498526311558635,-0.011838227135680618,38,14,14,22,0,0,0,0,24,0,0,0.0,0.9047619047619048,
CAND_BODY_ONLY_MIT,2024-12-18,70,-2.0153952413713037,-0.028791360591018625,70,26,26,30,0,0,0,0,32,0,0,0.0,0.8974358974358975,
CAND_BODY_ONLY_MIT,2024-12-26,61,-1.8076749141262858,-0.029634014985676815,61,22,22,29,0,0,0,0,32,0,0,0.0,0.9242424242424242,
CAND_BODY_ONLY_MIT,2025-01-10,52,-1.4982093364650004,-0.028811718008942316,52,20,19,15,0,0,0,0,15,0,0,0.0,0.8666666666666667,
CAND_BODY_ONLY_MIT,2025-01-20,49,-2.3411702669329015,-0.04777898503944697,49,18,18,33,0,0,0,0,33,0,0,0.0,0.9074074074074074,
CAND_BODY_ONLY_MIT,2025-01-21,99,-4.165055473953696,-0.042071267413673695,99,35,35,50,0,0,0,0,51,0,0,0.0,0.9428571428571428,
CAND_BODY_ONLY_MIT,2025-01-29,49,-3.1579381830996076,-0.06444771802244097,49,18,18,33,0,0,0,0,33,0,0,0.0,0.9074074074074074,
CAND_BODY_ONLY_MIT,2025-03-07,56,-1.0400999230405432,-0.01857321291143827,56,21,21,23,0,0,0,0,26,0,0,0.0,0.8888888888888888,
CAND_BODY_ONLY_MIT,2025-03-14,41,-2.0034504414664602,-0.048864644913816105,41,15,15,9,0,0,0,0,9,0,0,0.0,0.9111111111111111,
CAND_BODY_ONLY_MIT,2025-03-18,96,-2.3790185086741076,-0.02478144279868862,96,34,34,37,0,0,0,0,42,0,0,0.0,0.9411764705882353,
CAND_BODY_ONLY_MIT,2025-04-11,60,-2.4681671570451726,-0.04113611928408621,60,23,23,24,0,0,0,0,31,0,0,0.0,0.8695652173913043,
CAND_BODY_ONLY_MIT,2025-04-29,66,-4.0129899384035825,-0.060802877854599736,66,24,24,27,0,0,0,0,27,0,0,0.0,0.9166666666666666,
CAND_BODY_ONLY_MIT,2025-05-15,111,-4.535485051543371,-0.04086022568957992,111,44,44,39,0,0,0,0,48,0,0,0.0,0.8409090909090909,
CAND_BODY_ONLY_MIT,2025-06-04,28,-1.6583030089933952,-0.05922510746404983,28,12,12,9,0,0,0,0,9,0,0,0.0,0.7777777777777778,
CAND_BODY_ONLY_MIT,2025-06-20,65,-1.207000276959813,-0.01856923503015097,65,24,24,16,0,0,0,0,18,0,0,0.0,0.9027777777777778,
CAND_BODY_ONLY_MIT,2025-07-04,33,-0.08541264854845089,-0.0025882620772257844,33,13,13,11,0,0,0,0,12,0,0,0.0,0.8461538461538461,
CAND_BODY_ONLY_MIT,2025-07-07,60,0.010300448428855148,0.00017167414048091913,60,26,26,23,0,0,0,0,27,0,0,0.0,0.7692307692307693,
CAND_BODY_ONLY_MIT,2025-08-06,47,-1.9599564061568346,-0.04170120013099648,47,17,17,17,0,0,0,0,18,0,0,0.0,0.9215686274509803,
CAND_BODY_ONLY_MIT,2025-08-13,38,-1.1874079673048072,-0.03124757808696861,38,15,15,12,0,0,0,0,12,0,0,0.0,0.8444444444444444,
CAND_BODY_ONLY_MIT,2025-09-19,73,-2.6735897267117252,-0.03662451680427021,73,27,27,40,0,0,0,0,42,0,0,0.0,0.9012345679012346,
CAND_BODY_ONLY_MIT,2025-09-25,45,-1.506831741616073,-0.03348514981369051,45,17,17,14,0,0,0,0,16,0,0,0.0,0.8823529411764706,
CAND_BODY_ONLY_MIT,2025-10-29,76,-0.9702496654960366,-0.012766442967053114,76,32,31,24,0,0,0,0,27,0,0,0.0,0.7916666666666666,
CAND_BODY_ONLY_MIT,2025-11-24,99,-6.642443305461256,-0.06709538692385107,99,37,37,36,0,0,0,0,42,0,0,0.0,0.8918918918918919,
CAND_BODY_ONLY_MIT,2025-12-01,44,-3.3055781491442153,-0.07512677611691398,44,17,17,21,0,0,0,0,21,0,0,0.0,0.8627450980392157,
CAND_BODY_ONLY_MIT,2025-12-22,135,-7.055069416597689,-0.05225977345627918,135,51,51,55,0,0,0,0,60,0,0,0.0,0.8823529411764706,
CAND_BODY_ONLY_MIT,2026-01-02,102,-3.887526702471405,-0.038113006886974554,102,38,38,34,0,0,0,0,45,0,0,0.0,0.8947368421052632,
CAND_BODY_ONLY_MIT,2026-01-15,60,-3.847400142241592,-0.06412333570402654,60,23,23,33,0,0,0,0,33,0,0,0.0,0.8695652173913043,
CAND_BODY_ONLY_MIT,2026-02-09,71,-5.3407930431170225,-0.07522243722700031,71,28,27,19,0,0,0,0,21,0,0,0.0,0.8452380952380952,
CAND_BODY_ONLY_MIT,2026-02-11,63,-7.246017528777278,-0.11501615125043299,63,23,23,24,0,0,0,0,24,0,0,0.0,0.9130434782608695,
CAND_BODY_ONLY_MIT,2026-02-13,79,-5.863685940843425,-0.07422387266890411,79,30,30,41,0,0,0,0,47,0,0,0.0,0.8777777777777778,
CAND_BODY_ONLY_MIT,2026-02-26,56,-3.977765020120084,-0.07103151821643007,56,19,19,17,0,0,0,0,18,0,0,0.0,0.9824561403508771,
CAND_BODY_ONLY_MIT,2026-02-27,74,-4.000493868693714,-0.05406072795532046,74,30,30,24,0,0,0,0,24,0,0,0.0,0.8222222222222222,
CAND_BODY_ONLY_MIT,2026-03-04,65,-4.512410667522697,-0.06942170257727226,65,24,24,13,0,0,0,0,15,0,0,0.0,0.9027777777777778,
CAND_BODY_ONLY_MIT,2026-03-13,70,-5.426532206507242,-0.07752188866438918,70,28,28,27,0,0,0,0,30,0,0,0.0,0.8333333333333334,
CAND_BODY_ONLY_MIT,2026-03-30,78,-11.59108757529369,-0.14860368686273961,78,28,28,34,0,0,0,0,36,0,0,0.0,0.9285714285714286,
CAND_BODY_ONLY_MIT,2026-03-31,110,-14.76282190661156,-0.1342074718782869,110,43,43,54,0,0,0,0,57,0,0,0.0,0.8527131782945736,
CAND_BODY_ONLY_MIT,2026-05-08,52,-2.7847411007845344,-0.053552713476625664,52,21,20,15,0,0,0,0,18,0,0,0.0,0.8253968253968254,
CAND_BODY_ONLY_MIT,2026-05-28,108,-6.56054624565968,-0.06074579857092296,108,44,44,38,0,0,0,0,42,0,0,0.0,0.8181818181818182,
CAND_BODY_ONLY_MIT,2026-06-25,27,-2.0514995917393817,-0.07598146636071784,27,11,11,12,0,0,0,0,12,0,0,0.0,0.8181818181818182,
CAND_BODY_ONLY_MIT,2026-07-14,99,-4.482438706474872,-0.04527715865126133,99,39,39,26,0,0,0,0,36,0,0,0.0,0.8461538461538461,
CAND_IFVG_AGE_60,2024-01-05,31,-1.4085116426570798,-0.045435859440550966,31,12,12,12,0,0,0,0,12,0,0,0.0,0.8611111111111112,
CAND_IFVG_AGE_60,2024-01-17,69,-0.3496487080070285,-0.005067372579812007,69,24,24,24,0,0,0,0,27,0,0,0.0,0.9583333333333334,
CAND_IFVG_AGE_60,2024-01-29,38,-0.48424169395199596,-0.012743202472420946,38,15,15,5,0,0,0,0,6,0,0,0.0,0.8444444444444444,
CAND_IFVG_AGE_60,2024-02-13,39,-0.8643090303705777,-0.022161770009501994,39,16,16,15,0,0,0,0,15,0,0,0.0,0.8125,
CAND_IFVG_AGE_60,2024-02-16,31,0.6031245577665535,0.019455630895695273,31,12,12,10,0,0,0,0,14,0,0,0.0,0.8611111111111112,
CAND_IFVG_AGE_60,2024-02-23,47,-0.13800614700630842,-0.0029363010001342217,47,20,20,21,0,0,0,0,21,0,0,0.0,0.7833333333333333,
CAND_IFVG_AGE_60,2024-03-27,40,-0.6731554111564341,-0.01682888527891085,40,16,16,9,0,0,0,0,13,0,0,0.0,0.8333333333333334,
CAND_IFVG_AGE_60,2024-05-03,47,0.5488886034495408,0.011678480924458315,47,19,19,15,0,0,0,0,18,0,0,0.0,0.8245614035087719,
CAND_IFVG_AGE_60,2024-05-14,62,-2.241824483483773,-0.0361584594110286,62,22,22,19,0,0,0,0,28,0,0,0.0,0.9393939393939394,
CAND_IFVG_AGE_60,2024-05-17,87,-0.8005303316270631,-0.009201498064678886,87,32,32,36,0,0,0,0,46,0,0,0.0,0.90625,
CAND_IFVG_AGE_60,2024-06-06,68,-1.78588921742994,-0.026263076726910882,68,25,25,12,0,0,0,0,12,0,0,0.0,0.9066666666666666,
CAND_IFVG_AGE_60,2024-06-11,52,-1.326294733706618,-0.0255056679558965,52,18,18,12,0,0,0,0,12,0,0,0.0,0.9629629629629629,
CAND_IFVG_AGE_60,2024-06-12,68,-1.8914684346709691,-0.027815712274573075,68,26,26,15,0,0,0,0,15,0,0,0.0,0.8717948717948718,
CAND_IFVG_AGE_60,2024-07-08,74,-0.0714084648481427,-0.0009649792547046311,74,29,29,20,0,0,0,0,24,0,0,0.0,0.8505747126436781,
CAND_IFVG_AGE_60,2024-07-30,52,-0.8465883396311257,-0.01628054499290626,52,20,20,12,0,0,0,0,15,0,0,0.0,0.8666666666666667,
CAND_IFVG_AGE_60,2024-08-14,82,-3.3456816564657856,-0.04080099581055836,82,29,29,35,0,0,0,0,37,0,0,0.0,0.9425287356321839,
CAND_IFVG_AGE_60,2024-08-21,43,-0.41002050801049933,-0.009535360651406961,43,18,18,16,0,0,0,0,20,0,0,0.0,0.7962962962962963,
CAND_IFVG_AGE_60,2024-10-01,62,-1.4952156871543898,-0.024116382050877256,62,25,25,23,0,0,0,0,26,0,0,0.0,0.8266666666666667,
CAND_IFVG_AGE_60,2024-10-07,35,-0.9119220724937805,-0.02605491635696516,35,14,14,6,0,0,0,0,8,0,0,0.0,0.8333333333333334,
CAND_IFVG_AGE_60,2024-10-25,58,-1.3764444750366542,-0.023731801293735418,58,24,24,18,0,0,0,0,18,0,0,0.0,0.8055555555555556,
CAND_IFVG_AGE_60,2024-11-29,38,-0.4498526311558635,-0.011838227135680618,38,14,14,22,0,0,0,0,24,0,0,0.0,0.9047619047619048,
CAND_IFVG_AGE_60,2024-12-18,67,-1.9153952413713948,-0.028587988677184997,67,26,26,30,0,0,0,0,32,0,0,0.0,0.8589743589743589,
CAND_IFVG_AGE_60,2024-12-26,55,-1.678482225626643,-0.030517858647757145,55,20,20,26,0,0,0,0,29,0,0,0.0,0.9166666666666666,
CAND_IFVG_AGE_60,2025-01-10,52,-1.4982093364650004,-0.028811718008942316,52,20,19,15,0,0,0,0,15,0,0,0.0,0.8666666666666667,
CAND_IFVG_AGE_60,2025-01-20,40,-2.0810253393966986,-0.05202563348491747,40,15,15,27,0,0,0,0,27,0,0,0.0,0.8888888888888888,
CAND_IFVG_AGE_60,2025-01-21,87,-3.576925844324554,-0.04111409016465004,87,31,31,41,0,0,0,0,42,0,0,0.0,0.9354838709677419,
CAND_IFVG_AGE_60,2025-01-29,49,-3.1579381830996076,-0.06444771802244097,49,18,18,33,0,0,0,0,33,0,0,0.0,0.9074074074074074,
CAND_IFVG_AGE_60,2025-03-07,56,-1.0400999230405432,-0.01857321291143827,56,21,21,23,0,0,0,0,26,0,0,0.0,0.8888888888888888,
CAND_IFVG_AGE_60,2025-03-14,41,-2.0034504414664602,-0.048864644913816105,41,15,15,9,0,0,0,0,9,0,0,0.0,0.9111111111111111,
CAND_IFVG_AGE_60,2025-03-18,90,-2.1719713489743904,-0.02413301498860434,90,32,32,34,0,0,0,0,39,0,0,0.0,0.9375,
CAND_IFVG_AGE_60,2025-04-11,52,-1.3852883691662707,-0.026640160945505205,52,21,21,18,0,0,0,0,25,0,0,0.0,0.8253968253968254,
CAND_IFVG_AGE_60,2025-04-29,60,-3.502989938403668,-0.05838316564006114,60,22,22,21,0,0,0,0,21,0,0,0.0,0.9090909090909091,
CAND_IFVG_AGE_60,2025-05-15,111,-4.535485051543371,-0.04086022568957992,111,44,44,39,0,0,0,0,48,0,0,0.0,0.8409090909090909,
CAND_IFVG_AGE_60,2025-06-04,29,-1.0881591241013666,-0.0375227284172885,29,12,12,9,0,0,0,0,9,0,0,0.0,0.8055555555555556,
CAND_IFVG_AGE_60,2025-06-20,62,-1.0470002769596554,-0.016887101241284765,62,23,23,13,0,0,0,0,15,0,0,0.0,0.8985507246376812,
CAND_IFVG_AGE_60,2025-07-04,33,-0.08541264854845089,-0.0025882620772257844,33,13,13,11,0,0,0,0,12,0,0,0.0,0.8461538461538461,
CAND_IFVG_AGE_60,2025-07-07,54,0.19780044842885514,0.003662971267201021,54,24,24,17,0,0,0,0,21,0,0,0.0,0.75,
CAND_IFVG_AGE_60,2025-08-06,47,-1.9599564061568346,-0.04170120013099648,47,17,17,17,0,0,0,0,18,0,0,0.0,0.9215686274509803,
CAND_IFVG_AGE_60,2025-08-13,35,-1.0505746339714885,-0.0300164181134711,35,14,14,9,0,0,0,0,9,0,0,0.0,0.8333333333333334,
CAND_IFVG_AGE_60,2025-09-19,61,-2.4130288675229776,-0.03955785028726193,61,23,23,33,0,0,0,0,33,0,0,0.0,0.8840579710144928,
CAND_IFVG_AGE_60,2025-09-25,45,-1.506831741616073,-0.03348514981369051,45,17,17,14,0,0,0,0,16,0,0,0.0,0.8823529411764706,
CAND_IFVG_AGE_60,2025-10-29,76,-0.9702496654960366,-0.012766442967053114,76,32,31,24,0,0,0,0,27,0,0,0.0,0.7916666666666666,
CAND_IFVG_AGE_60,2025-11-24,99,-7.1239247869427045,-0.07195883623174448,99,38,38,36,0,0,0,0,42,0,0,0.0,0.868421052631579,
CAND_IFVG_AGE_60,2025-12-01,38,-2.8045781491434054,-0.07380468813535278,38,15,15,18,0,0,0,0,18,0,0,0.0,0.8444444444444444,
CAND_IFVG_AGE_60,2025-12-22,125,-7.192755933013663,-0.057542047464109305,125,48,48,52,0,0,0,0,57,0,0,0.0,0.8680555555555556,
CAND_IFVG_AGE_60,2026-01-02,90,-3.2866057587501323,-0.036517841763890356,90,34,34,30,0,0,0,0,39,0,0,0.0,0.8823529411764706,
CAND_IFVG_AGE_60,2026-01-15,57,-3.630733475574137,-0.06369707851884451,57,22,22,30,0,0,0,0,30,0,0,0.0,0.8636363636363636,
CAND_IFVG_AGE_60,2026-02-09,65,-4.6405374840475515,-0.07139288436996233,65,26,25,16,0,0,0,0,18,0,0,0.0,0.8333333333333334,
CAND_IFVG_AGE_60,2026-02-11,57,-6.829891668403434,-0.11982266084918305,57,21,21,24,0,0,0,0,24,0,0,0.0,0.9047619047619048,
CAND_IFVG_AGE_60,2026-02-13,67,-4.632985027600323,-0.06914903026269138,67,26,26,32,0,0,0,0,38,0,0,0.0,0.8589743589743589,
CAND_IFVG_AGE_60,2026-02-26,48,-3.05492296373662,-0.06364422841117959,48,16,16,14,0,0,0,0,15,0,0,0.0,1.0,
CAND_IFVG_AGE_60,2026-02-27,65,-3.6520595252580583,-0.056185531157816285,65,28,28,21,0,0,0,0,21,0,0,0.0,0.7738095238095238,
CAND_IFVG_AGE_60,2026-03-04,65,-4.512410667522697,-0.06942170257727226,65,24,24,13,0,0,0,0,15,0,0,0.0,0.9027777777777778,
CAND_IFVG_AGE_60,2026-03-13,70,-5.426532206507242,-0.07752188866438918,70,28,28,27,0,0,0,0,30,0,0,0.0,0.8333333333333334,
CAND_IFVG_AGE_60,2026-03-30,72,-11.82378663320075,-0.16421925879445487,72,26,26,34,0,0,0,0,36,0,0,0.0,0.9230769230769231,
CAND_IFVG_AGE_60,2026-03-31,95,-11.816500407595111,-0.12438421481679064,95,39,39,42,0,0,0,0,45,0,0,0.0,0.811965811965812,
CAND_IFVG_AGE_60,2026-05-08,46,-2.5314023274941064,-0.05503048538030666,46,19,18,15,0,0,0,0,18,0,0,0.0,0.8070175438596491,
CAND_IFVG_AGE_60,2026-05-28,105,-6.450546245658795,-0.061433773768179,105,43,43,35,0,0,0,0,39,0,0,0.0,0.813953488372093,
CAND_IFVG_AGE_60,2026-06-25,20,-1.3955736658135722,-0.06977868329067861,20,9,9,6,0,0,0,0,6,0,0,0.0,0.7407407407407407,
CAND_IFVG_AGE_60,2026-07-14,90,-4.20723227448904,-0.046747025272100444,90,36,36,22,0,0,0,0,30,0,0,0.0,0.8333333333333334,
LIFETIME_30MIN,2024-01-05,34,-1.2780730461658247,-0.03759038371075955,34,13,13,13,0,0,0,0,15,0,0,0.0,0.8717948717948718,
LIFETIME_30MIN,2024-01-17,67,-0.2538153746737255,-0.003788289174234709,67,24,24,24,0,0,0,0,27,0,0,0.0,0.9305555555555556,
LIFETIME_30MIN,2024-01-29,38,-0.48424169395199596,-0.012743202472420946,38,15,15,5,0,0,0,0,6,0,0,0.0,0.8444444444444444,
LIFETIME_30MIN,2024-02-13,42,-1.084309030370605,-0.025816881675490597,42,17,17,18,0,0,0,0,18,0,0,0.0,0.8235294117647058,
LIFETIME_30MIN,2024-02-16,31,0.4165879147404515,0.013438319830337145,31,13,13,13,0,0,0,0,17,0,0,0.0,0.7948717948717948,
LIFETIME_30MIN,2024-02-23,49,-0.21227515285424198,-0.004332145976617183,49,21,21,21,0,0,0,0,21,0,0,0.0,0.7777777777777778,
LIFETIME_30MIN,2024-03-27,43,-0.7882551262561417,-0.01833151456409632,43,17,17,9,0,0,0,0,13,0,0,0.0,0.8431372549019608,
LIFETIME_30MIN,2024-05-03,47,0.5488886034495408,0.011678480924458315,47,19,19,15,0,0,0,0,18,0,0,0.0,0.8245614035087719,
LIFETIME_30MIN,2024-05-14,74,-2.4430724232117127,-0.033014492205563684,74,26,26,23,0,0,0,0,34,0,0,0.0,0.9487179487179487,
LIFETIME_30MIN,2024-05-17,90,-0.7964265161878453,-0.00884918351319828,90,33,33,36,0,0,0,0,46,0,0,0.0,0.9090909090909091,
LIFETIME_30MIN,2024-06-06,72,-1.9205350657190745,-0.026674098134987147,72,27,27,18,0,0,0,0,18,0,0,0.0,0.8888888888888888,
LIFETIME_30MIN,2024-06-11,52,-1.326294733706618,-0.0255056679558965,52,18,18,12,0,0,0,0,12,0,0,0.0,0.9629629629629629,
LIFETIME_30MIN,2024-06-12,66,-1.7967537578970223,-0.02722354178631852,66,26,26,15,0,0,0,0,15,0,0,0.0,0.8461538461538461,
LIFETIME_30MIN,2024-07-08,77,-0.474575131514636,-0.0061633133962939735,77,30,30,23,0,0,0,0,27,0,0,0.0,0.8555555555555555,
LIFETIME_30MIN,2024-07-30,50,-1.0480793933090051,-0.020961587866180104,50,20,20,12,0,0,0,0,15,0,0,0.0,0.8333333333333334,
LIFETIME_30MIN,2024-08-14,79,-3.232895648235323,-0.04092272972449776,79,29,29,34,0,0,0,0,36,0,0,0.0,0.9080459770114943,
LIFETIME_30MIN,2024-08-21,43,-0.41002050801049933,-0.009535360651406961,43,18,18,16,0,0,0,0,20,0,0,0.0,0.7962962962962963,
LIFETIME_30MIN,2024-10-01,66,-1.822543885044373,-0.027614301288551104,66,27,27,26,0,0,0,0,29,0,0,0.0,0.8148148148148148,
LIFETIME_30MIN,2024-10-07,35,-0.9119220724937805,-0.02605491635696516,35,14,14,6,0,0,0,0,8,0,0,0.0,0.8333333333333334,
LIFETIME_30MIN,2024-10-25,61,-1.5464444750368784,-0.02535154877109637,61,25,25,21,0,0,0,0,21,0,0,0.0,0.8133333333333334,
LIFETIME_30MIN,2024-11-29,38,-0.4498526311558635,-0.011838227135680618,38,14,14,22,0,0,0,0,24,0,0,0.0,0.9047619047619048,
LIFETIME_30MIN,2024-12-18,70,-2.0153952413713037,-0.028791360591018625,70,27,27,30,0,0,0,0,32,0,0,0.0,0.8641975308641975,
LIFETIME_30MIN,2024-12-26,61,-1.8076749141262858,-0.029634014985676815,61,22,22,29,0,0,0,0,32,0,0,0.0,0.9242424242424242,
LIFETIME_30MIN,2025-01-10,50,-1.3863927579818667,-0.027727855159637334,50,20,19,15,0,0,0,0,15,0,0,0.0,0.8333333333333334,
LIFETIME_30MIN,2025-01-20,49,-2.3411702669329015,-0.04777898503944697,49,18,18,33,0,0,0,0,33,0,0,0.0,0.9074074074074074,
LIFETIME_30MIN,2025-01-21,99,-4.165055473953696,-0.042071267413673695,99,35,35,50,0,0,0,0,51,0,0,0.0,0.9428571428571428,
LIFETIME_30MIN,2025-01-29,49,-3.1579381830996076,-0.06444771802244097,49,18,18,33,0,0,0,0,33,0,0,0.0,0.9074074074074074,
LIFETIME_30MIN,2025-03-07,54,-0.9132956484101366,-0.016912882377965493,54,21,21,23,0,0,0,0,26,0,0,0.0,0.8571428571428571,
LIFETIME_30MIN,2025-03-14,41,-2.0034504414664602,-0.048864644913816105,41,15,15,9,0,0,0,0,9,0,0,0.0,0.9111111111111111,
LIFETIME_30MIN,2025-03-18,94,-2.2540935837491816,-0.023979718976055123,94,34,34,37,0,0,0,0,42,0,0,0.0,0.9215686274509803,
LIFETIME_30MIN,2025-04-11,55,-2.3908460418976274,-0.043469928034502316,55,23,23,24,0,0,0,0,30,0,0,0.0,0.7971014492753623,
LIFETIME_30MIN,2025-04-29,63,-3.879656605070371,-0.06158185087413287,63,24,24,27,0,0,0,0,27,0,0,0.0,0.875,
LIFETIME_30MIN,2025-05-15,110,-4.502151718210068,-0.04092865198372789,110,44,44,39,0,0,0,0,48,0,0,0.0,0.8333333333333334,
LIFETIME_30MIN,2025-06-04,29,-1.0881591241013666,-0.0375227284172885,29,12,12,9,0,0,0,0,9,0,0,0.0,0.8055555555555556,
LIFETIME_30MIN,2025-06-20,63,-1.1080103779698525,-0.017587466316981784,63,24,24,16,0,0,0,0,18,0,0,0.0,0.875,
LIFETIME_30MIN,2025-07-04,33,-0.08541264854845089,-0.0025882620772257844,33,13,13,11,0,0,0,0,12,0,0,0.0,0.8461538461538461,
LIFETIME_30MIN,2025-07-07,60,0.010300448428855148,0.00017167414048091913,60,26,26,23,0,0,0,0,27,0,0,0.0,0.7692307692307693,
LIFETIME_30MIN,2025-08-06,47,-1.9599564061568346,-0.04170120013099648,47,17,17,17,0,0,0,0,18,0,0,0.0,0.9215686274509803,
LIFETIME_30MIN,2025-08-13,38,-1.1874079673048072,-0.03124757808696861,38,15,15,12,0,0,0,0,12,0,0,0.0,0.8444444444444444,
LIFETIME_30MIN,2025-09-19,73,-2.6735897267117252,-0.03662451680427021,73,27,27,40,0,0,0,0,42,0,0,0.0,0.9012345679012346,
LIFETIME_30MIN,2025-09-25,43,-1.3936372971716082,-0.032410169701665305,43,17,17,14,0,0,0,0,16,0,0,0.0,0.8431372549019608,
LIFETIME_30MIN,2025-10-29,76,-0.9702496654960366,-0.012766442967053114,76,32,31,24,0,0,0,0,27,0,0,0.0,0.7916666666666666,
LIFETIME_30MIN,2025-11-24,99,-7.1239247869427045,-0.07195883623174448,99,38,38,36,0,0,0,0,42,0,0,0.0,0.868421052631579,
LIFETIME_30MIN,2025-12-01,43,-3.5422017653806206,-0.08237678524140978,43,17,17,21,0,0,0,0,21,0,0,0.0,0.8431372549019608,
LIFETIME_30MIN,2025-12-22,133,-7.242831654359786,-0.05445738085984801,133,51,51,55,0,0,0,0,60,0,0,0.0,0.869281045751634,
LIFETIME_30MIN,2026-01-02,102,-3.887526702471405,-0.038113006886974554,102,38,38,34,0,0,0,0,45,0,0,0.0,0.8947368421052632,
LIFETIME_30MIN,2026-01-15,60,-3.847400142241592,-0.06412333570402654,60,23,23,33,0,0,0,0,33,0,0,0.0,0.8695652173913043,
LIFETIME_30MIN,2026-02-09,70,-5.220166892104014,-0.07457381274434305,70,28,27,19,0,0,0,0,21,0,0,0.0,0.8333333333333334,
LIFETIME_30MIN,2026-02-11,63,-7.246017528777278,-0.11501615125043299,63,23,23,24,0,0,0,0,24,0,0,0.0,0.9130434782608695,
LIFETIME_30MIN,2026-02-13,78,-5.83035260750997,-0.07474811035269192,78,30,30,41,0,0,0,0,47,0,0,0.0,0.8666666666666667,
LIFETIME_30MIN,2026-02-26,51,-3.3154776524561385,-0.06500936573443408,51,18,18,17,0,0,0,0,18,0,0,0.0,0.9444444444444444,
LIFETIME_30MIN,2026-02-27,74,-4.000493868693714,-0.05406072795532046,74,31,31,24,0,0,0,0,24,0,0,0.0,0.7956989247311828,
LIFETIME_30MIN,2026-03-04,65,-4.512410667522697,-0.06942170257727226,65,24,24,13,0,0,0,0,15,0,0,0.0,0.9027777777777778,
LIFETIME_30MIN,2026-03-13,70,-5.426532206507242,-0.07752188866438918,70,28,28,27,0,0,0,0,30,0,0,0.0,0.8333333333333334,
LIFETIME_30MIN,2026-03-30,78,-12.346436248217287,-0.15828764420791394,78,28,28,34,0,0,0,0,36,0,0,0.0,0.9285714285714286,
LIFETIME_30MIN,2026-03-31,110,-14.76282190661156,-0.1342074718782869,110,44,44,54,0,0,0,0,57,0,0,0.0,0.8333333333333334,
LIFETIME_30MIN,2026-05-08,52,-2.7847411007845344,-0.053552713476625664,52,21,20,15,0,0,0,0,18,0,0,0.0,0.8253968253968254,
LIFETIME_30MIN,2026-05-28,108,-6.56054624565968,-0.06074579857092296,108,44,44,38,0,0,0,0,42,0,0,0.0,0.8181818181818182,
LIFETIME_30MIN,2026-06-25,26,-2.0005736658134388,-0.07694514099282457,26,11,11,12,0,0,0,0,12,0,0,0.0,0.7878787878787878,
LIFETIME_30MIN,2026-07-14,99,-4.482438706474872,-0.04527715865126133,99,39,39,26,0,0,0,0,36,0,0,0.0,0.8461538461538461,
LIFETIME_UNLIMITED,2024-01-05,34,-1.2780730461658247,-0.03759038371075955,34,13,13,13,0,0,0,0,15,0,0,0.0,0.8717948717948718,
LIFETIME_UNLIMITED,2024-01-17,70,-0.2746487080070588,-0.003923552971529412,70,24,24,24,0,0,0,0,27,0,0,0.0,0.9722222222222222,
LIFETIME_UNLIMITED,2024-01-29,39,-0.5583157680260532,-0.014315788923744953,39,15,15,5,0,0,0,0,6,0,0,0.0,0.8666666666666667,
LIFETIME_UNLIMITED,2024-02-13,42,-1.084309030370605,-0.025816881675490597,42,17,17,18,0,0,0,0,18,0,0,0.0,0.8235294117647058,
LIFETIME_UNLIMITED,2024-02-16,34,0.40979122443316857,0.01205268307156378,34,13,13,13,0,0,0,0,17,0,0,0.0,0.8717948717948718,
LIFETIME_UNLIMITED,2024-02-23,50,-0.245608486187545,-0.0049121697237509,50,21,21,21,0,0,0,0,21,0,0,0.0,0.7936507936507936,
LIFETIME_UNLIMITED,2024-03-27,45,-0.7575884595895939,-0.016835299101990976,45,17,17,10,0,0,0,0,14,0,0,0.0,0.8823529411764706,
LIFETIME_UNLIMITED,2024-05-03,48,0.73058963437749,0.015220617382864376,48,19,19,15,0,0,0,0,18,0,0,0.0,0.8421052631578947,
LIFETIME_UNLIMITED,2024-05-14,74,-2.4430724232117127,-0.033014492205563684,74,26,26,23,0,0,0,0,34,0,0,0.0,0.9487179487179487,
LIFETIME_UNLIMITED,2024-05-17,90,-0.7964265161878453,-0.00884918351319828,90,33,33,36,0,0,0,0,46,0,0,0.0,0.9090909090909091,
LIFETIME_UNLIMITED,2024-06-06,74,-2.000889217429934,-0.02703904347878289,74,27,27,18,0,0,0,0,18,0,0,0.0,0.9135802469135802,
LIFETIME_UNLIMITED,2024-06-11,52,-1.326294733706618,-0.0255056679558965,52,18,18,12,0,0,0,0,12,0,0,0.0,0.9629629629629629,
LIFETIME_UNLIMITED,2024-06-12,69,-1.7538102068227395,-0.025417539229315066,69,26,26,15,0,0,0,0,15,0,0,0.0,0.8846153846153846,
LIFETIME_UNLIMITED,2024-07-08,78,-0.3995751315146663,-0.005122758096341875,78,30,30,23,0,0,0,0,27,0,0,0.0,0.8666666666666667,
LIFETIME_UNLIMITED,2024-07-30,52,-0.8465883396311257,-0.01628054499290626,52,20,20,12,0,0,0,0,15,0,0,0.0,0.8666666666666667,
LIFETIME_UNLIMITED,2024-08-14,82,-3.3456816564657856,-0.04080099581055836,82,29,29,35,0,0,0,0,37,0,0,0.0,0.9425287356321839,
LIFETIME_UNLIMITED,2024-08-21,43,-0.41002050801049933,-0.009535360651406961,43,18,18,16,0,0,0,0,20,0,0,0.0,0.7962962962962963,
LIFETIME_UNLIMITED,2024-10-01,68,-1.8043249767720229,-0.02653419083488269,68,27,27,26,0,0,0,0,29,0,0,0.0,0.8395061728395061,
LIFETIME_UNLIMITED,2024-10-07,37,-0.6154295624461763,-0.016633231417464225,37,14,14,6,0,0,0,0,8,0,0,0.0,0.8809523809523809,
LIFETIME_UNLIMITED,2024-10-25,61,-1.5464444750368784,-0.02535154877109637,61,25,25,21,0,0,0,0,21,0,0,0.0,0.8133333333333334,
LIFETIME_UNLIMITED,2024-11-29,38,-0.4498526311558635,-0.011838227135680618,38,14,14,22,0,0,0,0,24,0,0,0.0,0.9047619047619048,
LIFETIME_UNLIMITED,2024-12-18,70,-2.0153952413713037,-0.028791360591018625,70,27,27,30,0,0,0,0,32,0,0,0.0,0.8641975308641975,
LIFETIME_UNLIMITED,2024-12-26,61,-1.8076749141262858,-0.029634014985676815,61,22,22,29,0,0,0,0,32,0,0,0.0,0.9242424242424242,
LIFETIME_UNLIMITED,2025-01-10,52,-1.4982093364650004,-0.028811718008942316,52,20,19,15,0,0,0,0,15,0,0,0.0,0.8666666666666667,
LIFETIME_UNLIMITED,2025-01-20,50,-2.462189375213105,-0.0492437875042621,50,18,18,33,0,0,0,0,33,0,0,0.0,0.9259259259259259,
LIFETIME_UNLIMITED,2025-01-21,99,-4.165055473953696,-0.042071267413673695,99,35,35,50,0,0,0,0,51,0,0,0.0,0.9428571428571428,
LIFETIME_UNLIMITED,2025-01-29,49,-3.1579381830996076,-0.06444771802244097,49,18,18,33,0,0,0,0,33,0,0,0.0,0.9074074074074074,
LIFETIME_UNLIMITED,2025-03-07,56,-1.0400999230405432,-0.01857321291143827,56,21,21,23,0,0,0,0,26,0,0,0.0,0.8888888888888888,
LIFETIME_UNLIMITED,2025-03-14,41,-2.0034504414664602,-0.048864644913816105,41,15,15,9,0,0,0,0,9,0,0,0.0,0.9111111111111111,
LIFETIME_UNLIMITED,2025-03-18,96,-2.3790185086741076,-0.02478144279868862,96,34,34,37,0,0,0,0,42,0,0,0.0,0.9411764705882353,
LIFETIME_UNLIMITED,2025-04-11,59,-2.3536217024998223,-0.03989189326270885,59,23,23,25,0,0,0,0,32,0,0,0.0,0.855072463768116,
LIFETIME_UNLIMITED,2025-04-29,67,-4.0463232717368856,-0.06039288465278934,67,24,24,27,0,0,0,0,27,0,0,0.0,0.9305555555555556,
LIFETIME_UNLIMITED,2025-05-15,111,-4.535485051543371,-0.04086022568957992,111,44,44,39,0,0,0,0,48,0,0,0.0,0.8409090909090909,
LIFETIME_UNLIMITED,2025-06-04,29,-1.0881591241013666,-0.0375227284172885,29,12,12,9,0,0,0,0,9,0,0,0.0,0.8055555555555556,
LIFETIME_UNLIMITED,2025-06-20,67,-1.3454996619536057,-0.020082084506770233,67,24,24,16,0,0,0,0,18,0,0,0.0,0.9305555555555556,
LIFETIME_UNLIMITED,2025-07-04,34,-0.1187459818817539,-0.003492528878875115,34,13,13,11,0,0,0,0,12,0,0,0.0,0.8717948717948718,
LIFETIME_UNLIMITED,2025-07-07,61,0.15481489219033992,0.0025379490523006545,61,26,26,23,0,0,0,0,27,0,0,0.0,0.782051282051282,
LIFETIME_UNLIMITED,2025-08-06,47,-1.9599564061568346,-0.04170120013099648,47,17,17,17,0,0,0,0,18,0,0,0.0,0.9215686274509803,
LIFETIME_UNLIMITED,2025-08-13,40,-1.183289193358481,-0.029582229833962026,40,15,15,12,0,0,0,0,12,0,0,0.0,0.8888888888888888,
LIFETIME_UNLIMITED,2025-09-19,73,-2.6735897267117252,-0.03662451680427021,73,27,27,40,0,0,0,0,42,0,0,0.0,0.9012345679012346,
LIFETIME_UNLIMITED,2025-09-25,45,-1.506831741616073,-0.03348514981369051,45,17,17,14,0,0,0,0,16,0,0,0.0,0.8823529411764706,
LIFETIME_UNLIMITED,2025-10-29,76,-0.9702496654960366,-0.012766442967053114,76,32,31,24,0,0,0,0,27,0,0,0.0,0.7916666666666666,
LIFETIME_UNLIMITED,2025-11-24,99,-7.1239247869427045,-0.07195883623174448,99,38,38,36,0,0,0,0,42,0,0,0.0,0.868421052631579,
LIFETIME_UNLIMITED,2025-12-01,44,-3.3055781491442153,-0.07512677611691398,44,17,17,21,0,0,0,0,21,0,0,0.0,0.8627450980392157,
LIFETIME_UNLIMITED,2025-12-22,136,-7.168423639787458,-0.05270899735137837,136,51,51,55,0,0,0,0,60,0,0,0.0,0.8888888888888888,
LIFETIME_UNLIMITED,2026-01-02,102,-3.887526702471405,-0.038113006886974554,102,38,38,34,0,0,0,0,45,0,0,0.0,0.8947368421052632,
LIFETIME_UNLIMITED,2026-01-15,61,-3.8807334755750467,-0.06361858156680404,61,23,23,33,0,0,0,0,33,0,0,0.0,0.8840579710144928,
LIFETIME_UNLIMITED,2026-02-09,73,-5.631588022196411,-0.07714504139995083,73,28,27,19,0,0,0,0,21,0,0,0.0,0.8690476190476191,
LIFETIME_UNLIMITED,2026-02-11,64,-7.25268419544409,-0.1133231905538139,64,23,23,25,0,0,0,0,25,0,0,0.0,0.927536231884058,
LIFETIME_UNLIMITED,2026-02-13,79,-5.863685940843425,-0.07422387266890411,79,30,30,41,0,0,0,0,47,0,0,0.0,0.8777777777777778,
LIFETIME_UNLIMITED,2026-02-26,54,-3.6225666418983264,-0.0670845674425616,54,18,18,17,0,0,0,0,18,0,0,0.0,1.0,
LIFETIME_UNLIMITED,2026-02-27,74,-4.000493868693714,-0.05406072795532046,74,31,31,24,0,0,0,0,24,0,0,0.0,0.7956989247311828,
LIFETIME_UNLIMITED,2026-03-04,65,-4.512410667522697,-0.06942170257727226,65,24,24,13,0,0,0,0,15,0,0,0.0,0.9027777777777778,
LIFETIME_UNLIMITED,2026-03-13,70,-5.426532206507242,-0.07752188866438918,70,28,28,27,0,0,0,0,30,0,0,0.0,0.8333333333333334,
LIFETIME_UNLIMITED,2026-03-30,79,-12.084969399897698,-0.15297429620123668,79,28,28,34,0,0,0,0,36,0,0,0.0,0.9404761904761905,
LIFETIME_UNLIMITED,2026-03-31,110,-14.76282190661156,-0.1342074718782869,110,44,44,54,0,0,0,0,57,0,0,0.0,0.8333333333333334,
LIFETIME_UNLIMITED,2026-05-08,52,-2.7847411007845344,-0.053552713476625664,52,21,20,15,0,0,0,0,18,0,0,0.0,0.8253968253968254,
LIFETIME_UNLIMITED,2026-05-28,112,-7.226879578992945,-0.06452571052672272,112,44,44,41,0,0,0,0,45,0,0,0.0,0.8484848484848485,
LIFETIME_UNLIMITED,2026-06-25,26,-2.0005736658134388,-0.07694514099282457,26,11,11,12,0,0,0,0,12,0,0,0.0,0.7878787878787878,
LIFETIME_UNLIMITED,2026-07-14,99,-4.482438706474872,-0.04527715865126133,99,39,39,26,0,0,0,0,36,0,0,0.0,0.8461538461538461,
BOS_GATE_STRICT,2024-01-05,34,-1.2780730461658247,-0.03759038371075955,34,13,13,13,0,0,0,0,15,0,0,0.0,0.8717948717948718,
BOS_GATE_STRICT,2024-01-17,69,-0.3496487080070285,-0.005067372579812007,69,24,24,24,0,0,0,0,27,0,0,0.0,0.9583333333333334,
BOS_GATE_STRICT,2024-01-29,38,-0.48424169395199596,-0.012743202472420946,38,15,15,5,0,0,0,0,6,0,0,0.0,0.8444444444444444,
BOS_GATE_STRICT,2024-02-13,42,-1.084309030370605,-0.025816881675490597,42,17,17,18,0,0,0,0,18,0,0,0.0,0.8235294117647058,
BOS_GATE_STRICT,2024-02-16,34,0.40979122443316857,0.01205268307156378,34,13,13,13,0,0,0,0,17,0,0,0.0,0.8717948717948718,
BOS_GATE_STRICT,2024-02-23,50,-0.245608486187545,-0.0049121697237509,50,21,21,21,0,0,0,0,21,0,0,0.0,0.7936507936507936,
BOS_GATE_STRICT,2024-03-27,43,-0.7882551262561417,-0.01833151456409632,43,17,17,9,0,0,0,0,13,0,0,0.0,0.8431372549019608,
BOS_GATE_STRICT,2024-05-03,47,0.5488886034495408,0.011678480924458315,47,19,19,15,0,0,0,0,18,0,0,0.0,0.8245614035087719,
BOS_GATE_STRICT,2024-05-14,74,-2.4430724232117127,-0.033014492205563684,74,26,26,23,0,0,0,0,34,0,0,0.0,0.9487179487179487,
BOS_GATE_STRICT,2024-05-17,90,-0.7964265161878453,-0.00884918351319828,90,33,33,36,0,0,0,0,46,0,0,0.0,0.9090909090909091,
BOS_GATE_STRICT,2024-06-06,74,-2.000889217429934,-0.02703904347878289,74,27,27,18,0,0,0,0,18,0,0,0.0,0.9135802469135802,
BOS_GATE_STRICT,2024-06-11,52,-1.326294733706618,-0.0255056679558965,52,18,18,12,0,0,0,0,12,0,0,0.0,0.9629629629629629,
BOS_GATE_STRICT,2024-06-12,68,-1.8914684346709691,-0.027815712274573075,68,26,26,15,0,0,0,0,15,0,0,0.0,0.8717948717948718,
BOS_GATE_STRICT,2024-07-08,77,-0.474575131514636,-0.0061633133962939735,77,30,30,23,0,0,0,0,27,0,0,0.0,0.8555555555555555,
BOS_GATE_STRICT,2024-07-30,52,-0.8465883396311257,-0.01628054499290626,52,20,20,12,0,0,0,0,15,0,0,0.0,0.8666666666666667,
BOS_GATE_STRICT,2024-08-14,82,-3.3456816564657856,-0.04080099581055836,82,29,29,35,0,0,0,0,37,0,0,0.0,0.9425287356321839,
BOS_GATE_STRICT,2024-08-21,43,-0.41002050801049933,-0.009535360651406961,43,18,18,16,0,0,0,0,20,0,0,0.0,0.7962962962962963,
BOS_GATE_STRICT,2024-10-01,68,-1.8043249767720229,-0.02653419083488269,68,27,27,26,0,0,0,0,29,0,0,0.0,0.8395061728395061,
BOS_GATE_STRICT,2024-10-07,35,-0.9119220724937805,-0.02605491635696516,35,14,14,6,0,0,0,0,8,0,0,0.0,0.8333333333333334,
BOS_GATE_STRICT,2024-10-25,61,-1.5464444750368784,-0.02535154877109637,61,25,25,21,0,0,0,0,21,0,0,0.0,0.8133333333333334,
BOS_GATE_STRICT,2024-11-29,38,-0.4498526311558635,-0.011838227135680618,38,14,14,22,0,0,0,0,24,0,0,0.0,0.9047619047619048,
BOS_GATE_STRICT,2024-12-18,70,-2.0153952413713037,-0.028791360591018625,70,27,27,30,0,0,0,0,32,0,0,0.0,0.8641975308641975,
BOS_GATE_STRICT,2024-12-26,61,-1.8076749141262858,-0.029634014985676815,61,22,22,29,0,0,0,0,32,0,0,0.0,0.9242424242424242,
BOS_GATE_STRICT,2025-01-10,52,-1.4982093364650004,-0.028811718008942316,52,20,19,15,0,0,0,0,15,0,0,0.0,0.8666666666666667,
BOS_GATE_STRICT,2025-01-20,49,-2.3411702669329015,-0.04777898503944697,49,18,18,33,0,0,0,0,33,0,0,0.0,0.9074074074074074,
BOS_GATE_STRICT,2025-01-21,99,-4.165055473953696,-0.042071267413673695,99,35,35,50,0,0,0,0,51,0,0,0.0,0.9428571428571428,
BOS_GATE_STRICT,2025-01-29,49,-3.1579381830996076,-0.06444771802244097,49,18,18,33,0,0,0,0,33,0,0,0.0,0.9074074074074074,
BOS_GATE_STRICT,2025-03-07,56,-1.0400999230405432,-0.01857321291143827,56,21,21,23,0,0,0,0,26,0,0,0.0,0.8888888888888888,
BOS_GATE_STRICT,2025-03-14,41,-2.0034504414664602,-0.048864644913816105,41,15,15,9,0,0,0,0,9,0,0,0.0,0.9111111111111111,
BOS_GATE_STRICT,2025-03-18,96,-2.3790185086741076,-0.02478144279868862,96,34,34,37,0,0,0,0,42,0,0,0.0,0.9411764705882353,
BOS_GATE_STRICT,2025-04-11,58,-2.3469550358331617,-0.04046474199712348,58,23,23,24,0,0,0,0,31,0,0,0.0,0.8405797101449275,
BOS_GATE_STRICT,2025-04-29,66,-4.0129899384035825,-0.060802877854599736,66,24,24,27,0,0,0,0,27,0,0,0.0,0.9166666666666666,
BOS_GATE_STRICT,2025-05-15,111,-4.535485051543371,-0.04086022568957992,111,44,44,39,0,0,0,0,48,0,0,0.0,0.8409090909090909,
BOS_GATE_STRICT,2025-06-04,29,-1.0881591241013666,-0.0375227284172885,29,12,12,9,0,0,0,0,9,0,0,0.0,0.8055555555555556,
BOS_GATE_STRICT,2025-06-20,65,-1.207000276959813,-0.01856923503015097,65,24,24,16,0,0,0,0,18,0,0,0.0,0.9027777777777778,
BOS_GATE_STRICT,2025-07-04,33,-0.08541264854845089,-0.0025882620772257844,33,13,13,11,0,0,0,0,12,0,0,0.0,0.8461538461538461,
BOS_GATE_STRICT,2025-07-07,60,0.010300448428855148,0.00017167414048091913,60,26,26,23,0,0,0,0,27,0,0,0.0,0.7692307692307693,
BOS_GATE_STRICT,2025-08-06,47,-1.9599564061568346,-0.04170120013099648,47,17,17,17,0,0,0,0,18,0,0,0.0,0.9215686274509803,
BOS_GATE_STRICT,2025-08-13,38,-1.1874079673048072,-0.03124757808696861,38,15,15,12,0,0,0,0,12,0,0,0.0,0.8444444444444444,
BOS_GATE_STRICT,2025-09-19,73,-2.6735897267117252,-0.03662451680427021,73,27,27,40,0,0,0,0,42,0,0,0.0,0.9012345679012346,
BOS_GATE_STRICT,2025-09-25,45,-1.506831741616073,-0.03348514981369051,45,17,17,14,0,0,0,0,16,0,0,0.0,0.8823529411764706,
BOS_GATE_STRICT,2025-10-29,76,-0.9702496654960366,-0.012766442967053114,76,32,31,24,0,0,0,0,27,0,0,0.0,0.7916666666666666,
BOS_GATE_STRICT,2025-11-24,99,-7.1239247869427045,-0.07195883623174448,99,38,38,36,0,0,0,0,42,0,0,0.0,0.868421052631579,
BOS_GATE_STRICT,2025-12-01,44,-3.3055781491442153,-0.07512677611691398,44,17,17,21,0,0,0,0,21,0,0,0.0,0.8627450980392157,
BOS_GATE_STRICT,2025-12-22,134,-7.167831654359665,-0.05349128100268406,134,51,51,55,0,0,0,0,60,0,0,0.0,0.8758169934640523,
BOS_GATE_STRICT,2026-01-02,102,-3.887526702471405,-0.038113006886974554,102,38,38,34,0,0,0,0,45,0,0,0.0,0.8947368421052632,
BOS_GATE_STRICT,2026-01-15,60,-3.847400142241592,-0.06412333570402654,60,23,23,33,0,0,0,0,33,0,0,0.0,0.8695652173913043,
BOS_GATE_STRICT,2026-02-09,71,-5.3407930431170225,-0.07522243722700031,71,28,27,19,0,0,0,0,21,0,0,0.0,0.8452380952380952,
BOS_GATE_STRICT,2026-02-11,63,-7.246017528777278,-0.11501615125043299,63,23,23,24,0,0,0,0,24,0,0,0.0,0.9130434782608695,
BOS_GATE_STRICT,2026-02-13,79,-5.863685940843425,-0.07422387266890411,79,30,30,41,0,0,0,0,47,0,0,0.0,0.8777777777777778,
BOS_GATE_STRICT,2026-02-26,54,-3.6225666418983264,-0.0670845674425616,54,18,18,17,0,0,0,0,18,0,0,0.0,1.0,
BOS_GATE_STRICT,2026-02-27,74,-4.000493868693714,-0.05406072795532046,74,31,31,24,0,0,0,0,24,0,0,0.0,0.7956989247311828,
BOS_GATE_STRICT,2026-03-04,65,-4.512410667522697,-0.06942170257727226,65,24,24,13,0,0,0,0,15,0,0,0.0,0.9027777777777778,
BOS_GATE_STRICT,2026-03-13,70,-5.426532206507242,-0.07752188866438918,70,28,28,27,0,0,0,0,30,0,0,0.0,0.8333333333333334,
BOS_GATE_STRICT,2026-03-30,78,-12.346436248217287,-0.15828764420791394,78,28,28,34,0,0,0,0,36,0,0,0.0,0.9285714285714286,
BOS_GATE_STRICT,2026-03-31,110,-14.76282190661156,-0.1342074718782869,110,44,44,54,0,0,0,0,57,0,0,0.0,0.8333333333333334,
BOS_GATE_STRICT,2026-05-08,52,-2.7847411007845344,-0.053552713476625664,52,21,20,15,0,0,0,0,18,0,0,0.0,0.8253968253968254,
BOS_GATE_STRICT,2026-05-28,108,-6.56054624565968,-0.06074579857092296,108,44,44,38,0,0,0,0,42,0,0,0.0,0.8181818181818182,
BOS_GATE_STRICT,2026-06-25,26,-2.0005736658134388,-0.07694514099282457,26,11,11,12,0,0,0,0,12,0,0,0.0,0.7878787878787878,
BOS_GATE_STRICT,2026-07-14,99,-4.482438706474872,-0.04527715865126133,99,39,39,26,0,0,0,0,36,0,0,0.0,0.8461538461538461,
BOS_GATE_PASS_NEUTRAL,2024-01-05,34,-1.2780730461658247,-0.03759038371075955,34,13,13,13,0,0,0,0,15,0,0,0.0,0.8717948717948718,
BOS_GATE_PASS_NEUTRAL,2024-01-17,69,-0.3496487080070285,-0.005067372579812007,69,24,24,24,0,0,0,0,27,0,0,0.0,0.9583333333333334,
BOS_GATE_PASS_NEUTRAL,2024-01-29,38,-0.48424169395199596,-0.012743202472420946,38,15,15,5,0,0,0,0,6,0,0,0.0,0.8444444444444444,
BOS_GATE_PASS_NEUTRAL,2024-02-13,42,-1.084309030370605,-0.025816881675490597,42,17,17,18,0,0,0,0,18,0,0,0.0,0.8235294117647058,
BOS_GATE_PASS_NEUTRAL,2024-02-16,34,0.40979122443316857,0.01205268307156378,34,13,13,13,0,0,0,0,17,0,0,0.0,0.8717948717948718,
BOS_GATE_PASS_NEUTRAL,2024-02-23,50,-0.245608486187545,-0.0049121697237509,50,21,21,21,0,0,0,0,21,0,0,0.0,0.7936507936507936,
BOS_GATE_PASS_NEUTRAL,2024-03-27,43,-0.7882551262561417,-0.01833151456409632,43,17,17,9,0,0,0,0,13,0,0,0.0,0.8431372549019608,
BOS_GATE_PASS_NEUTRAL,2024-05-03,47,0.5488886034495408,0.011678480924458315,47,19,19,15,0,0,0,0,18,0,0,0.0,0.8245614035087719,
BOS_GATE_PASS_NEUTRAL,2024-05-14,74,-2.4430724232117127,-0.033014492205563684,74,26,26,23,0,0,0,0,34,0,0,0.0,0.9487179487179487,
BOS_GATE_PASS_NEUTRAL,2024-05-17,90,-0.7964265161878453,-0.00884918351319828,90,33,33,36,0,0,0,0,46,0,0,0.0,0.9090909090909091,
BOS_GATE_PASS_NEUTRAL,2024-06-06,74,-2.000889217429934,-0.02703904347878289,74,27,27,18,0,0,0,0,18,0,0,0.0,0.9135802469135802,
BOS_GATE_PASS_NEUTRAL,2024-06-11,52,-1.326294733706618,-0.0255056679558965,52,18,18,12,0,0,0,0,12,0,0,0.0,0.9629629629629629,
BOS_GATE_PASS_NEUTRAL,2024-06-12,68,-1.8914684346709691,-0.027815712274573075,68,26,26,15,0,0,0,0,15,0,0,0.0,0.8717948717948718,
BOS_GATE_PASS_NEUTRAL,2024-07-08,77,-0.474575131514636,-0.0061633133962939735,77,30,30,23,0,0,0,0,27,0,0,0.0,0.8555555555555555,
BOS_GATE_PASS_NEUTRAL,2024-07-30,52,-0.8465883396311257,-0.01628054499290626,52,20,20,12,0,0,0,0,15,0,0,0.0,0.8666666666666667,
BOS_GATE_PASS_NEUTRAL,2024-08-14,82,-3.3456816564657856,-0.04080099581055836,82,29,29,35,0,0,0,0,37,0,0,0.0,0.9425287356321839,
BOS_GATE_PASS_NEUTRAL,2024-08-21,43,-0.41002050801049933,-0.009535360651406961,43,18,18,16,0,0,0,0,20,0,0,0.0,0.7962962962962963,
BOS_GATE_PASS_NEUTRAL,2024-10-01,68,-1.8043249767720229,-0.02653419083488269,68,27,27,26,0,0,0,0,29,0,0,0.0,0.8395061728395061,
BOS_GATE_PASS_NEUTRAL,2024-10-07,35,-0.9119220724937805,-0.02605491635696516,35,14,14,6,0,0,0,0,8,0,0,0.0,0.8333333333333334,
BOS_GATE_PASS_NEUTRAL,2024-10-25,61,-1.5464444750368784,-0.02535154877109637,61,25,25,21,0,0,0,0,21,0,0,0.0,0.8133333333333334,
BOS_GATE_PASS_NEUTRAL,2024-11-29,38,-0.4498526311558635,-0.011838227135680618,38,14,14,22,0,0,0,0,24,0,0,0.0,0.9047619047619048,
BOS_GATE_PASS_NEUTRAL,2024-12-18,70,-2.0153952413713037,-0.028791360591018625,70,27,27,30,0,0,0,0,32,0,0,0.0,0.8641975308641975,
BOS_GATE_PASS_NEUTRAL,2024-12-26,61,-1.8076749141262858,-0.029634014985676815,61,22,22,29,0,0,0,0,32,0,0,0.0,0.9242424242424242,
BOS_GATE_PASS_NEUTRAL,2025-01-10,52,-1.4982093364650004,-0.028811718008942316,52,20,19,15,0,0,0,0,15,0,0,0.0,0.8666666666666667,
BOS_GATE_PASS_NEUTRAL,2025-01-20,49,-2.3411702669329015,-0.04777898503944697,49,18,18,33,0,0,0,0,33,0,0,0.0,0.9074074074074074,
BOS_GATE_PASS_NEUTRAL,2025-01-21,99,-4.165055473953696,-0.042071267413673695,99,35,35,50,0,0,0,0,51,0,0,0.0,0.9428571428571428,
BOS_GATE_PASS_NEUTRAL,2025-01-29,49,-3.1579381830996076,-0.06444771802244097,49,18,18,33,0,0,0,0,33,0,0,0.0,0.9074074074074074,
BOS_GATE_PASS_NEUTRAL,2025-03-07,56,-1.0400999230405432,-0.01857321291143827,56,21,21,23,0,0,0,0,26,0,0,0.0,0.8888888888888888,
BOS_GATE_PASS_NEUTRAL,2025-03-14,41,-2.0034504414664602,-0.048864644913816105,41,15,15,9,0,0,0,0,9,0,0,0.0,0.9111111111111111,
BOS_GATE_PASS_NEUTRAL,2025-03-18,96,-2.3790185086741076,-0.02478144279868862,96,34,34,37,0,0,0,0,42,0,0,0.0,0.9411764705882353,
BOS_GATE_PASS_NEUTRAL,2025-04-11,58,-2.3469550358331617,-0.04046474199712348,58,23,23,24,0,0,0,0,31,0,0,0.0,0.8405797101449275,
BOS_GATE_PASS_NEUTRAL,2025-04-29,66,-4.0129899384035825,-0.060802877854599736,66,24,24,27,0,0,0,0,27,0,0,0.0,0.9166666666666666,
BOS_GATE_PASS_NEUTRAL,2025-05-15,111,-4.535485051543371,-0.04086022568957992,111,44,44,39,0,0,0,0,48,0,0,0.0,0.8409090909090909,
BOS_GATE_PASS_NEUTRAL,2025-06-04,29,-1.0881591241013666,-0.0375227284172885,29,12,12,9,0,0,0,0,9,0,0,0.0,0.8055555555555556,
BOS_GATE_PASS_NEUTRAL,2025-06-20,65,-1.207000276959813,-0.01856923503015097,65,24,24,16,0,0,0,0,18,0,0,0.0,0.9027777777777778,
BOS_GATE_PASS_NEUTRAL,2025-07-04,33,-0.08541264854845089,-0.0025882620772257844,33,13,13,11,0,0,0,0,12,0,0,0.0,0.8461538461538461,
BOS_GATE_PASS_NEUTRAL,2025-07-07,60,0.010300448428855148,0.00017167414048091913,60,26,26,23,0,0,0,0,27,0,0,0.0,0.7692307692307693,
BOS_GATE_PASS_NEUTRAL,2025-08-06,47,-1.9599564061568346,-0.04170120013099648,47,17,17,17,0,0,0,0,18,0,0,0.0,0.9215686274509803,
BOS_GATE_PASS_NEUTRAL,2025-08-13,38,-1.1874079673048072,-0.03124757808696861,38,15,15,12,0,0,0,0,12,0,0,0.0,0.8444444444444444,
BOS_GATE_PASS_NEUTRAL,2025-09-19,73,-2.6735897267117252,-0.03662451680427021,73,27,27,40,0,0,0,0,42,0,0,0.0,0.9012345679012346,
BOS_GATE_PASS_NEUTRAL,2025-09-25,45,-1.506831741616073,-0.03348514981369051,45,17,17,14,0,0,0,0,16,0,0,0.0,0.8823529411764706,
BOS_GATE_PASS_NEUTRAL,2025-10-29,76,-0.9702496654960366,-0.012766442967053114,76,32,31,24,0,0,0,0,27,0,0,0.0,0.7916666666666666,
BOS_GATE_PASS_NEUTRAL,2025-11-24,99,-7.1239247869427045,-0.07195883623174448,99,38,38,36,0,0,0,0,42,0,0,0.0,0.868421052631579,
BOS_GATE_PASS_NEUTRAL,2025-12-01,44,-3.3055781491442153,-0.07512677611691398,44,17,17,21,0,0,0,0,21,0,0,0.0,0.8627450980392157,
BOS_GATE_PASS_NEUTRAL,2025-12-22,134,-7.167831654359665,-0.05349128100268406,134,51,51,55,0,0,0,0,60,0,0,0.0,0.8758169934640523,
BOS_GATE_PASS_NEUTRAL,2026-01-02,102,-3.887526702471405,-0.038113006886974554,102,38,38,34,0,0,0,0,45,0,0,0.0,0.8947368421052632,
BOS_GATE_PASS_NEUTRAL,2026-01-15,60,-3.847400142241592,-0.06412333570402654,60,23,23,33,0,0,0,0,33,0,0,0.0,0.8695652173913043,
BOS_GATE_PASS_NEUTRAL,2026-02-09,71,-5.3407930431170225,-0.07522243722700031,71,28,27,19,0,0,0,0,21,0,0,0.0,0.8452380952380952,
BOS_GATE_PASS_NEUTRAL,2026-02-11,63,-7.246017528777278,-0.11501615125043299,63,23,23,24,0,0,0,0,24,0,0,0.0,0.9130434782608695,
BOS_GATE_PASS_NEUTRAL,2026-02-13,79,-5.863685940843425,-0.07422387266890411,79,30,30,41,0,0,0,0,47,0,0,0.0,0.8777777777777778,
BOS_GATE_PASS_NEUTRAL,2026-02-26,54,-3.6225666418983264,-0.0670845674425616,54,18,18,17,0,0,0,0,18,0,0,0.0,1.0,
BOS_GATE_PASS_NEUTRAL,2026-02-27,74,-4.000493868693714,-0.05406072795532046,74,31,31,24,0,0,0,0,24,0,0,0.0,0.7956989247311828,
BOS_GATE_PASS_NEUTRAL,2026-03-04,65,-4.512410667522697,-0.06942170257727226,65,24,24,13,0,0,0,0,15,0,0,0.0,0.9027777777777778,
BOS_GATE_PASS_NEUTRAL,2026-03-13,70,-5.426532206507242,-0.07752188866438918,70,28,28,27,0,0,0,0,30,0,0,0.0,0.8333333333333334,
BOS_GATE_PASS_NEUTRAL,2026-03-30,78,-12.346436248217287,-0.15828764420791394,78,28,28,34,0,0,0,0,36,0,0,0.0,0.9285714285714286,
BOS_GATE_PASS_NEUTRAL,2026-03-31,110,-14.76282190661156,-0.1342074718782869,110,44,44,54,0,0,0,0,57,0,0,0.0,0.8333333333333334,
BOS_GATE_PASS_NEUTRAL,2026-05-08,52,-2.7847411007845344,-0.053552713476625664,52,21,20,15,0,0,0,0,18,0,0,0.0,0.8253968253968254,
BOS_GATE_PASS_NEUTRAL,2026-05-28,108,-6.56054624565968,-0.06074579857092296,108,44,44,38,0,0,0,0,42,0,0,0.0,0.8181818181818182,
BOS_GATE_PASS_NEUTRAL,2026-06-25,26,-2.0005736658134388,-0.07694514099282457,26,11,11,12,0,0,0,0,12,0,0,0.0,0.7878787878787878,
BOS_GATE_PASS_NEUTRAL,2026-07-14,99,-4.482438706474872,-0.04527715865126133,99,39,39,26,0,0,0,0,36,0,0,0.0,0.8461538461538461,
BOS_GATE_60S,2024-01-05,34,-1.2780730461658247,-0.03759038371075955,34,13,13,13,0,0,0,0,15,0,0,0.0,0.8717948717948718,
BOS_GATE_60S,2024-01-17,69,-0.3496487080070285,-0.005067372579812007,69,24,24,24,0,0,0,0,27,0,0,0.0,0.9583333333333334,
BOS_GATE_60S,2024-01-29,38,-0.48424169395199596,-0.012743202472420946,38,15,15,5,0,0,0,0,6,0,0,0.0,0.8444444444444444,
BOS_GATE_60S,2024-02-13,42,-1.084309030370605,-0.025816881675490597,42,17,17,18,0,0,0,0,18,0,0,0.0,0.8235294117647058,
BOS_GATE_60S,2024-02-16,34,0.40979122443316857,0.01205268307156378,34,13,13,13,0,0,0,0,17,0,0,0.0,0.8717948717948718,
BOS_GATE_60S,2024-02-23,50,-0.245608486187545,-0.0049121697237509,50,21,21,21,0,0,0,0,21,0,0,0.0,0.7936507936507936,
BOS_GATE_60S,2024-03-27,43,-0.7882551262561417,-0.01833151456409632,43,17,17,9,0,0,0,0,13,0,0,0.0,0.8431372549019608,
BOS_GATE_60S,2024-05-03,47,0.5488886034495408,0.011678480924458315,47,19,19,15,0,0,0,0,18,0,0,0.0,0.8245614035087719,
BOS_GATE_60S,2024-05-14,74,-2.4430724232117127,-0.033014492205563684,74,26,26,23,0,0,0,0,34,0,0,0.0,0.9487179487179487,
BOS_GATE_60S,2024-05-17,90,-0.7964265161878453,-0.00884918351319828,90,33,33,36,0,0,0,0,46,0,0,0.0,0.9090909090909091,
BOS_GATE_60S,2024-06-06,74,-2.000889217429934,-0.02703904347878289,74,27,27,18,0,0,0,0,18,0,0,0.0,0.9135802469135802,
BOS_GATE_60S,2024-06-11,52,-1.326294733706618,-0.0255056679558965,52,18,18,12,0,0,0,0,12,0,0,0.0,0.9629629629629629,
BOS_GATE_60S,2024-06-12,68,-1.8914684346709691,-0.027815712274573075,68,26,26,15,0,0,0,0,15,0,0,0.0,0.8717948717948718,
BOS_GATE_60S,2024-07-08,77,-0.474575131514636,-0.0061633133962939735,77,30,30,23,0,0,0,0,27,0,0,0.0,0.8555555555555555,
BOS_GATE_60S,2024-07-30,52,-0.8465883396311257,-0.01628054499290626,52,20,20,12,0,0,0,0,15,0,0,0.0,0.8666666666666667,
BOS_GATE_60S,2024-08-14,82,-3.3456816564657856,-0.04080099581055836,82,29,29,35,0,0,0,0,37,0,0,0.0,0.9425287356321839,
BOS_GATE_60S,2024-08-21,43,-0.41002050801049933,-0.009535360651406961,43,18,18,16,0,0,0,0,20,0,0,0.0,0.7962962962962963,
BOS_GATE_60S,2024-10-01,68,-1.8043249767720229,-0.02653419083488269,68,27,27,26,0,0,0,0,29,0,0,0.0,0.8395061728395061,
BOS_GATE_60S,2024-10-07,35,-0.9119220724937805,-0.02605491635696516,35,14,14,6,0,0,0,0,8,0,0,0.0,0.8333333333333334,
BOS_GATE_60S,2024-10-25,61,-1.5464444750368784,-0.02535154877109637,61,25,25,21,0,0,0,0,21,0,0,0.0,0.8133333333333334,
BOS_GATE_60S,2024-11-29,38,-0.4498526311558635,-0.011838227135680618,38,14,14,22,0,0,0,0,24,0,0,0.0,0.9047619047619048,
BOS_GATE_60S,2024-12-18,70,-2.0153952413713037,-0.028791360591018625,70,27,27,30,0,0,0,0,32,0,0,0.0,0.8641975308641975,
BOS_GATE_60S,2024-12-26,61,-1.8076749141262858,-0.029634014985676815,61,22,22,29,0,0,0,0,32,0,0,0.0,0.9242424242424242,
BOS_GATE_60S,2025-01-10,52,-1.4982093364650004,-0.028811718008942316,52,20,19,15,0,0,0,0,15,0,0,0.0,0.8666666666666667,
BOS_GATE_60S,2025-01-20,49,-2.3411702669329015,-0.04777898503944697,49,18,18,33,0,0,0,0,33,0,0,0.0,0.9074074074074074,
BOS_GATE_60S,2025-01-21,99,-4.165055473953696,-0.042071267413673695,99,35,35,50,0,0,0,0,51,0,0,0.0,0.9428571428571428,
BOS_GATE_60S,2025-01-29,49,-3.1579381830996076,-0.06444771802244097,49,18,18,33,0,0,0,0,33,0,0,0.0,0.9074074074074074,
BOS_GATE_60S,2025-03-07,56,-1.0400999230405432,-0.01857321291143827,56,21,21,23,0,0,0,0,26,0,0,0.0,0.8888888888888888,
BOS_GATE_60S,2025-03-14,41,-2.0034504414664602,-0.048864644913816105,41,15,15,9,0,0,0,0,9,0,0,0.0,0.9111111111111111,
BOS_GATE_60S,2025-03-18,96,-2.3790185086741076,-0.02478144279868862,96,34,34,37,0,0,0,0,42,0,0,0.0,0.9411764705882353,
BOS_GATE_60S,2025-04-11,58,-2.3469550358331617,-0.04046474199712348,58,23,23,24,0,0,0,0,31,0,0,0.0,0.8405797101449275,
BOS_GATE_60S,2025-04-29,66,-4.0129899384035825,-0.060802877854599736,66,24,24,27,0,0,0,0,27,0,0,0.0,0.9166666666666666,
BOS_GATE_60S,2025-05-15,111,-4.535485051543371,-0.04086022568957992,111,44,44,39,0,0,0,0,48,0,0,0.0,0.8409090909090909,
BOS_GATE_60S,2025-06-04,29,-1.0881591241013666,-0.0375227284172885,29,12,12,9,0,0,0,0,9,0,0,0.0,0.8055555555555556,
BOS_GATE_60S,2025-06-20,65,-1.207000276959813,-0.01856923503015097,65,24,24,16,0,0,0,0,18,0,0,0.0,0.9027777777777778,
BOS_GATE_60S,2025-07-04,33,-0.08541264854845089,-0.0025882620772257844,33,13,13,11,0,0,0,0,12,0,0,0.0,0.8461538461538461,
BOS_GATE_60S,2025-07-07,60,0.010300448428855148,0.00017167414048091913,60,26,26,23,0,0,0,0,27,0,0,0.0,0.7692307692307693,
BOS_GATE_60S,2025-08-06,47,-1.9599564061568346,-0.04170120013099648,47,17,17,17,0,0,0,0,18,0,0,0.0,0.9215686274509803,
BOS_GATE_60S,2025-08-13,38,-1.1874079673048072,-0.03124757808696861,38,15,15,12,0,0,0,0,12,0,0,0.0,0.8444444444444444,
BOS_GATE_60S,2025-09-19,73,-2.6735897267117252,-0.03662451680427021,73,27,27,40,0,0,0,0,42,0,0,0.0,0.9012345679012346,
BOS_GATE_60S,2025-09-25,45,-1.506831741616073,-0.03348514981369051,45,17,17,14,0,0,0,0,16,0,0,0.0,0.8823529411764706,
BOS_GATE_60S,2025-10-29,76,-0.9702496654960366,-0.012766442967053114,76,32,31,24,0,0,0,0,27,0,0,0.0,0.7916666666666666,
BOS_GATE_60S,2025-11-24,99,-7.1239247869427045,-0.07195883623174448,99,38,38,36,0,0,0,0,42,0,0,0.0,0.868421052631579,
BOS_GATE_60S,2025-12-01,44,-3.3055781491442153,-0.07512677611691398,44,17,17,21,0,0,0,0,21,0,0,0.0,0.8627450980392157,
BOS_GATE_60S,2025-12-22,134,-7.167831654359665,-0.05349128100268406,134,51,51,55,0,0,0,0,60,0,0,0.0,0.8758169934640523,
BOS_GATE_60S,2026-01-02,102,-3.887526702471405,-0.038113006886974554,102,38,38,34,0,0,0,0,45,0,0,0.0,0.8947368421052632,
BOS_GATE_60S,2026-01-15,60,-3.847400142241592,-0.06412333570402654,60,23,23,33,0,0,0,0,33,0,0,0.0,0.8695652173913043,
BOS_GATE_60S,2026-02-09,71,-5.3407930431170225,-0.07522243722700031,71,28,27,19,0,0,0,0,21,0,0,0.0,0.8452380952380952,
BOS_GATE_60S,2026-02-11,63,-7.246017528777278,-0.11501615125043299,63,23,23,24,0,0,0,0,24,0,0,0.0,0.9130434782608695,
BOS_GATE_60S,2026-02-13,79,-5.863685940843425,-0.07422387266890411,79,30,30,41,0,0,0,0,47,0,0,0.0,0.8777777777777778,
BOS_GATE_60S,2026-02-26,54,-3.6225666418983264,-0.0670845674425616,54,18,18,17,0,0,0,0,18,0,0,0.0,1.0,
BOS_GATE_60S,2026-02-27,74,-4.000493868693714,-0.05406072795532046,74,31,31,24,0,0,0,0,24,0,0,0.0,0.7956989247311828,
BOS_GATE_60S,2026-03-04,65,-4.512410667522697,-0.06942170257727226,65,24,24,13,0,0,0,0,15,0,0,0.0,0.9027777777777778,
BOS_GATE_60S,2026-03-13,70,-5.426532206507242,-0.07752188866438918,70,28,28,27,0,0,0,0,30,0,0,0.0,0.8333333333333334,
BOS_GATE_60S,2026-03-30,78,-12.346436248217287,-0.15828764420791394,78,28,28,34,0,0,0,0,36,0,0,0.0,0.9285714285714286,
BOS_GATE_60S,2026-03-31,110,-14.76282190661156,-0.1342074718782869,110,44,44,54,0,0,0,0,57,0,0,0.0,0.8333333333333334,
BOS_GATE_60S,2026-05-08,52,-2.7847411007845344,-0.053552713476625664,52,21,20,15,0,0,0,0,18,0,0,0.0,0.8253968253968254,
BOS_GATE_60S,2026-05-28,108,-6.56054624565968,-0.06074579857092296,108,44,44,38,0,0,0,0,42,0,0,0.0,0.8181818181818182,
BOS_GATE_60S,2026-06-25,26,-2.0005736658134388,-0.07694514099282457,26,11,11,12,0,0,0,0,12,0,0,0.0,0.7878787878787878,
BOS_GATE_60S,2026-07-14,99,-4.482438706474872,-0.04527715865126133,99,39,39,26,0,0,0,0,36,0,0,0.0,0.8461538461538461,
ALPHA_STACK,2024-01-05,32,-2.1266464551875592,-0.06645770172461123,32,12,12,9,0,0,0,0,9,0,0,0.0,0.8888888888888888,
ALPHA_STACK,2024-01-17,71,-1.5138217897836057,-0.021321433658924024,71,24,24,27,0,0,0,0,30,0,0,0.0,0.9861111111111112,
ALPHA_STACK,2024-01-29,40,-1.4338397473567663,-0.03584599368391916,40,15,15,12,0,0,0,0,12,0,0,0.0,0.8888888888888888,
ALPHA_STACK,2024-02-13,42,-2.2730033420242157,-0.05411912719105275,42,17,17,23,0,0,0,0,26,0,0,0.0,0.8235294117647058,
ALPHA_STACK,2024-02-16,28,-0.24575339567491034,-0.008776906988389654,28,10,10,13,0,0,0,0,15,0,0,0.0,0.9333333333333333,
ALPHA_STACK,2024-02-23,38,-0.3716172394100948,-0.009779401037107758,38,16,16,9,0,0,0,0,9,0,0,0.0,0.7916666666666666,
ALPHA_STACK,2024-03-27,47,-2.6862203988471265,-0.05715362550738567,47,17,17,14,0,0,0,0,15,0,0,0.0,0.9215686274509803,
ALPHA_STACK,2024-05-03,38,1.2088660815622159,0.03181226530426884,38,16,16,9,0,0,0,0,12,0,0,0.0,0.7916666666666666,
ALPHA_STACK,2024-05-14,63,-1.987687416072125,-0.03155059390590675,63,22,22,24,0,0,0,0,35,0,0,0.0,0.9545454545454546,
ALPHA_STACK,2024-05-17,70,-1.4771909983799862,-0.02110272854828552,70,25,25,25,0,0,0,0,30,0,0,0.0,0.9333333333333333,
ALPHA_STACK,2024-06-06,62,-3.64928389113129,-0.058859417598891774,62,21,21,30,0,0,0,0,30,0,0,0.0,0.9841269841269841,
ALPHA_STACK,2024-06-11,46,-1.6249423669826988,-0.03532483406484128,46,16,16,12,0,0,0,0,12,0,0,0.0,0.9583333333333334,
ALPHA_STACK,2024-06-12,46,-1.6455853296646032,-0.03577359412314355,46,18,18,11,0,0,0,0,12,0,0,0.0,0.8518518518518519,
ALPHA_STACK,2024-07-08,65,-0.37335642882362663,-0.005743945058825025,65,26,26,11,0,0,0,0,15,0,0,0.0,0.8333333333333334,
ALPHA_STACK,2024-07-30,60,-1.8588471956424353,-0.030980786594040587,60,21,21,10,0,0,0,0,12,0,0,0.0,0.9523809523809523,
ALPHA_STACK,2024-08-14,69,-3.205452503599645,-0.0464558333855021,69,24,24,30,0,0,0,0,32,0,0,0.0,0.9583333333333334,
ALPHA_STACK,2024-08-21,33,-1.0085641858924344,-0.030562551087649527,33,13,13,12,0,0,0,0,14,0,0,0.0,0.8461538461538461,
ALPHA_STACK,2024-10-01,54,-1.6603294316793533,-0.03074684132739543,54,22,22,15,0,0,0,0,15,0,0,0.0,0.8181818181818182,
ALPHA_STACK,2024-10-07,36,-0.868932019184437,-0.024137000532901028,36,14,14,12,0,0,0,0,15,0,0,0.0,0.8571428571428571,
ALPHA_STACK,2024-10-25,70,-2.3697906194335396,-0.03385415170619342,70,27,27,36,0,0,0,0,42,0,0,0.0,0.8641975308641975,
ALPHA_STACK,2024-11-29,47,1.015200468001088,0.021600009957469957,47,17,17,10,0,0,0,0,15,0,0,0.0,0.9215686274509803,
ALPHA_STACK,2024-12-18,50,-1.3432985242596562,-0.026865970485193125,50,19,19,22,0,0,0,0,24,0,0,0.0,0.8771929824561403,
ALPHA_STACK,2024-12-26,50,-1.4685966787102795,-0.029371933574205592,50,18,18,21,0,0,0,0,24,0,0,0.0,0.9259259259259259,
ALPHA_STACK,2025-01-10,58,-2.3257683332950974,-0.04009945402232926,58,20,20,15,0,0,0,0,15,0,0,0.0,0.9666666666666667,
ALPHA_STACK,2025-01-20,48,-2.0297454788915275,-0.042286364143573486,48,18,18,30,0,0,0,0,32,0,0,0.0,0.8888888888888888,
ALPHA_STACK,2025-01-21,50,-2.036349470223589,-0.04072698940447178,50,17,17,20,0,0,0,0,24,0,0,0.0,0.9803921568627451,
ALPHA_STACK,2025-01-29,40,-2.5253135944276437,-0.0631328398606911,40,14,14,18,0,0,0,0,21,0,0,0.0,0.9523809523809523,
ALPHA_STACK,2025-03-07,42,-1.9326479955052491,-0.046015428464410695,42,16,16,9,0,0,0,0,10,0,0,0.0,0.875,
ALPHA_STACK,2025-03-14,40,-2.4245756941569807,-0.06061439235392452,40,14,14,12,0,0,0,0,12,0,0,0.0,0.9523809523809523,
ALPHA_STACK,2025-03-18,71,-1.3650724653613602,-0.019226372751568452,71,25,25,24,0,0,0,0,30,0,0,0.0,0.9466666666666667,
ALPHA_STACK,2025-04-11,49,-0.48714137041906713,-0.009941660620797288,49,19,19,9,0,0,0,0,15,0,0,0.0,0.8596491228070176,
ALPHA_STACK,2025-04-29,50,-2.6932352952104948,-0.05386470590420989,50,18,18,12,0,0,0,0,15,0,0,0.0,0.9259259259259259,
ALPHA_STACK,2025-05-15,118,-8.538988750284261,-0.07236431144308696,118,44,44,38,0,0,0,0,43,0,0,0.0,0.8939393939393939,
ALPHA_STACK,2025-06-04,36,-1.9382262256334193,-0.053839617378706094,36,13,13,13,0,0,0,0,15,0,0,0.0,0.9230769230769231,
ALPHA_STACK,2025-06-20,57,-3.134420786256215,-0.05498983835537219,57,21,21,21,0,0,0,0,21,0,0,0.0,0.9047619047619048,
ALPHA_STACK,2025-07-04,25,-0.993181936558358,-0.039727277462334315,25,9,9,9,0,0,0,0,9,0,0,0.0,0.9259259259259259,
ALPHA_STACK,2025-07-07,50,-0.6409706344202277,-0.012819412688404554,50,20,20,13,0,0,0,0,18,0,0,0.0,0.8333333333333334,
ALPHA_STACK,2025-08-06,37,-2.200783083724825,-0.05948062388445472,37,13,13,11,0,0,0,0,12,0,0,0.0,0.9487179487179487,
ALPHA_STACK,2025-08-13,34,-0.976948127416866,-0.028733768453437235,34,13,13,9,0,0,0,0,9,0,0,0.0,0.8717948717948718,
ALPHA_STACK,2025-09-19,54,-2.5375044215199223,-0.0469908226207393,54,20,20,26,0,0,0,0,27,0,0,0.0,0.9,
ALPHA_STACK,2025-09-25,52,-0.9869655778185613,-0.018980107265741564,52,18,18,5,0,0,0,0,6,0,0,0.0,0.9629629629629629,
ALPHA_STACK,2025-10-29,92,-5.255394692245622,-0.05712385535049589,92,34,34,33,0,0,0,0,38,0,0,0.0,0.9019607843137255,
ALPHA_STACK,2025-11-24,97,-7.835596609210219,-0.08077934648670329,97,35,35,31,0,0,0,0,33,0,0,0.0,0.9238095238095239,
ALPHA_STACK,2025-12-01,30,-2.407944668170179,-0.08026482227233929,30,12,12,9,0,0,0,0,9,0,0,0.0,0.8333333333333334,
ALPHA_STACK,2025-12-22,93,-6.775804596498044,-0.07285811394083919,93,34,34,36,0,0,0,0,39,0,0,0.0,0.9117647058823529,
ALPHA_STACK,2026-01-02,80,-5.890705459351618,-0.07363381824189522,80,30,30,21,0,0,0,0,24,0,0,0.0,0.8888888888888888,
ALPHA_STACK,2026-01-15,57,-4.023956573818698,-0.07059572936524032,57,21,21,18,0,0,0,0,18,0,0,0.0,0.9047619047619048,
ALPHA_STACK,2026-02-09,49,-3.9225504791750914,-0.08005205059541003,49,18,18,8,0,0,0,0,9,0,0,0.0,0.9074074074074074,
ALPHA_STACK,2026-02-11,40,-8.480056721456398,-0.21200141803640996,40,14,14,22,0,0,0,0,24,0,0,0.0,0.9523809523809523,
ALPHA_STACK,2026-02-13,65,-12.779077825489974,-0.19660119731523037,65,24,24,37,0,0,0,0,39,0,0,0.0,0.9027777777777778,
ALPHA_STACK,2026-02-26,42,-3.4197387339563647,-0.08142235080848488,42,14,14,6,0,0,0,0,6,0,0,0.0,1.0,
ALPHA_STACK,2026-02-27,70,-6.655437764513408,-0.09507768235019154,70,28,28,21,0,0,0,0,21,0,0,0.0,0.8333333333333334,
ALPHA_STACK,2026-03-04,47,-3.8217997167306144,-0.08131488759001307,47,18,18,14,0,0,0,0,18,0,0,0.0,0.8703703703703703,
ALPHA_STACK,2026-03-13,55,-5.051182647742583,-0.0918396845044106,55,22,22,17,0,0,0,0,21,0,0,0.0,0.8333333333333334,
ALPHA_STACK,2026-03-30,58,-11.756188854841033,-0.20269291129036265,58,21,21,24,0,0,0,0,24,0,0,0.0,0.9206349206349206,
ALPHA_STACK,2026-03-31,79,-11.93143210998551,-0.15103078620234822,79,30,30,32,0,0,0,0,33,0,0,0.0,0.8777777777777778,
ALPHA_STACK,2026-05-08,33,-2.9566900558802445,-0.0895966683600074,33,14,13,13,0,0,0,0,15,0,0,0.0,0.7857142857142857,
ALPHA_STACK,2026-05-28,85,-6.871657804663301,-0.08084303299603884,85,34,34,39,0,0,0,0,39,0,0,0.0,0.8333333333333334,
ALPHA_STACK,2026-06-25,29,-3.3215284719967713,-0.1145354645516128,29,11,11,3,0,0,0,0,3,0,0,0.0,0.8787878787878788,
ALPHA_STACK,2026-07-14,88,-5.6713649786444575,-0.06444732930277793,88,34,34,21,0,0,0,0,24,0,0,0.0,0.8627450980392157,
