day,direction,triggered_by,rank_tier,entry_price,exit_price,pnl_usd,lots,exit_reason,hold_secs,is_inv
2024-01-23,1,fvg,,2021.015,2021.9792857142859,0.3214285714285931,0.0033333333333333335,tp,285.0,False
2024-01-23,-1,fvg,,2033.705,2032.6845081967213,0.34016393442622456,0.0033333333333333335,tp,397.0,False
2024-01-23,-1,fvg,,2031.895,2030.8211630946157,0.3579456351280897,0.0033333333333333335,tp,93.0,False
2024-01-23,-1,fvg,,2030.715,2029.975067114094,0.2466442953020002,0.0033333333333333335,tp,157.0,False
2024-01-23,-1,fvg,,2030.96,2030.5900335570473,0.12332214765092431,0.0033333333333333335,tp,25.0,False
2024-01-23,1,ifvg,,2021.455,2021.6799999999998,0.07499999999996969,0.0033333333333333335,tp,4.0,False
2024-01-23,1,ifvg,,2021.545,2021.8882203389833,0.11440677966106706,0.0033333333333333335,tp,11.0,False
2024-01-23,1,ifvg,,2026.795,2026.6950000000002,-0.03333333333330302,0.0033333333333333335,sl,15.0,False
2024-01-23,1,ifvg,,2026.715,2026.9399999999998,0.07499999999996969,0.0033333333333333335,tp,11.0,False
2024-01-23,1,ifvg,,2026.755,2026.98,0.07499999999996969,0.0033333333333333335,tp,29.0,False
2024-01-23,1,fvg,,2029.635,2029.3120480704129,-0.10765064319571138,0.0033333333333333335,sl,43.0,False
2024-01-23,1,fvg,,2029.3964999999998,2029.2350240352064,-0.0538253215978178,0.0033333333333333335,sl,29.0,False
2024-01-23,1,fvg,,2029.238,2029.1380000000001,-0.03333333333330302,0.0033333333333333335,sl,161.0,False
2024-01-23,1,ifvg,,2027.915,2028.1399999999999,0.07499999999996969,0.0033333333333333335,tp,2.0,False
2024-01-23,1,ifvg,,2028.014,2027.755,-0.0863333333332624,0.0033333333333333335,inv,335.0,False
2024-01-23,1,ifvg,,2027.845,2027.755,-0.02999999999997272,0.0033333333333333335,inv,1.0,False
2024-02-07,1,fvg,,2032.505,2033.321878980892,0.27229299363064763,0.0033333333333333335,tp,1043.0,False
2024-02-07,-1,ifvg,,2033.15,2033.3541420118343,-0.06804733727805494,0.0033333333333333335,sl,0.0,False
2024-02-07,-1,ifvg,,2032.805,2033.2132840236686,-0.13609467455618565,0.0033333333333333335,sl,0.0,False
2024-02-07,-1,ifvg,,2033.485,2033.26,0.07499999999996969,0.0033333333333333335,tp,14.0,False
2024-02-07,-1,fvg,,2042.735,2041.8404216867468,0.29819277108435926,0.0033333333333333335,tp,26.0,False
2024-02-07,-1,fvg,,2042.958,2042.5107108433738,0.14909638554210386,0.0033333333333333335,tp,17.0,False
2024-02-07,1,fvg,,2040.005,2039.7742307692308,-0.07692307692309443,0.0033333333333333335,sl,54.0,False
2024-02-07,1,fvg,,2039.905,2039.7896153846152,-0.03846153846158511,0.0033333333333333335,sl,0.0,False
2024-02-07,1,fvg,,2039.705,2039.9299999999998,0.07499999999996969,0.0033333333333333335,tp,10.0,False
2024-02-07,1,fvg,,2039.035,2038.724655172414,-0.10344827586201671,0.0033333333333333335,sl,20.0,False
2024-02-07,1,fvg,,2038.895,2038.739827586207,-0.05172413793100836,0.0033333333333333335,sl,0.0,False
2024-02-07,1,fvg,,2038.615,2038.515,-0.03333333333330302,0.0033333333333333335,sl,16.0,False
2024-02-07,1,ifvg,,2036.215,2036.195,-0.006666666666660603,0.0033333333333333335,inv,3.0,False
2024-02-07,1,ifvg,,2036.46,2036.195,-0.0883333333333667,0.0033333333333333335,inv,3.0,False
2024-02-07,1,ifvg,,2036.705,2036.195,-0.169999999999997,0.0033333333333333335,inv,3.0,False
2024-02-07,-1,inv,,2036.195,2035.3129999999999,0.8820000000000618,0.01,tp,234.0,True
2024-02-07,1,ifvg,,2034.695,2035.005344827586,0.10344827586201671,0.0033333333333333335,tp,200.0,False
2024-02-07,1,ifvg,,2034.625,2034.515,-0.036666666666633325,0.0033333333333333335,inv,24.0,False
2024-02-07,1,ifvg,,2034.585,2034.515,-0.023333333333312112,0.0033333333333333335,inv,6.0,False
2024-02-08,1,ifvg,,2037.7665,2037.6665,-0.03333333333330302,0.0033333333333333335,sl,0.0,False
2024-02-08,1,ifvg,,2037.875,2037.696692686935,-0.059435771021677894,0.0033333333333333335,sl,0.0,False
2024-02-08,1,ifvg,,2037.658,2037.558,-0.03333333333330302,0.0033333333333333335,sl,2.0,False
2024-02-08,-1,ifvg,,2037.175,2037.2549999999999,-0.026666666666642413,0.0033333333333333335,inv,12.0,False
2024-02-08,-1,ifvg,,2037.115,2037.2549999999999,-0.046666666666624224,0.0033333333333333335,inv,12.0,False
2024-02-08,-1,ifvg,,2037.235,2037.2549999999999,-0.006666666666660603,0.0033333333333333335,inv,4.0,False
2024-02-08,1,ifvg,,2037.355,2037.255,-0.03333333333330302,0.0033333333333333335,sl,4.0,False
2024-02-08,1,ifvg,,2037.3,2037.2,-0.03333333333330302,0.0033333333333333335,sl,6.0,False
2024-02-08,1,ifvg,,2037.265,2037.1650000000002,-0.03333333333330302,0.0033333333333333335,sl,2.0,False
2024-02-08,1,fvg,,2036.325,2036.0194444444444,-0.10185185185188554,0.0033333333333333335,sl,2.0,False
2024-02-08,1,fvg,,2036.105,2035.9522222222222,-0.05092592592594277,0.0033333333333333335,sl,103.0,False
2024-02-08,1,fvg,,2035.918,2035.818,-0.03333333333330302,0.0033333333333333335,sl,2.0,False
2024-02-08,-1,ifvg,,2027.445,2027.5754347826087,-0.043478260869581696,0.0033333333333333335,sl,0.0,False
2024-02-08,-1,ifvg,,2027.52,2027.62,-0.03333333333330302,0.0033333333333333335,sl,2.0,False
2024-02-08,-1,ifvg,,2027.595,2027.3700000000001,0.07499999999996969,0.0033333333333333335,tp,16.0,False
2024-02-08,1,ifvg,,2021.015,2020.9950000000001,-0.006666666666660603,0.0033333333333333335,inv,0.0,False
2024-02-08,1,ifvg,,2021.275,2020.9950000000001,-0.09333333333332425,0.0033333333333333335,inv,0.0,False
2024-02-08,1,ifvg,,2021.535,2020.9950000000001,-0.1799999999999879,0.0033333333333333335,inv,0.0,False
2024-02-08,-1,inv,,2020.955,2021.555,-0.6000000000001364,0.01,inv,67.0,True
2024-02-08,1,ifvg,,2029.835,2029.7199557522124,-0.03834808259587893,0.0033333333333333335,sl,0.0,False
2024-02-08,1,ifvg,,2029.77,2029.67,-0.03333333333330302,0.0033333333333333335,sl,2.0,False
2024-02-08,1,ifvg,,2029.705,2029.605,-0.03333333333330302,0.0033333333333333335,sl,12.0,False
2024-02-08,1,fvg,,2031.315,2031.8858955223884,0.19029850746278498,0.0033333333333333335,tp,149.0,False
2024-02-08,1,fvg,,2031.215,2031.0881343283581,-0.04228855721392696,0.0033333333333333335,sl,5.0,False
2024-02-08,-1,fvg,,2034.245,2034.6985519125683,-0.1511839708561335,0.0033333333333333335,sl,16.0,False
2024-02-08,-1,fvg,,2034.605,2034.8317759562842,-0.07559198542806675,0.0033333333333333335,sl,3.0,False
2024-02-08,-1,fvg,,2034.645,2034.745,-0.03333333333330302,0.0033333333333333335,sl,0.0,False
2024-02-08,1,ifvg,,2032.385,2032.285,-0.03333333333330302,0.0033333333333333335,sl,0.0,False
2024-02-08,1,ifvg,,2032.485,2032.3183333333334,-0.05555555555550503,0.0033333333333333335,sl,0.0,False
2024-02-08,1,ifvg,,2032.325,2032.55,0.07499999999996969,0.0033333333333333335,tp,99.0,False
2024-02-16,-1,ifvg,,2006.585,2006.615,-0.009999999999990905,0.0033333333333333335,inv,0.0,False
2024-02-16,-1,ifvg,,2006.4,2006.615,-0.07166666666663939,0.0033333333333333335,inv,0.0,False
2024-02-16,-1,ifvg,,2006.205,2006.615,-0.13666666666669397,0.0033333333333333335,inv,0.0,False
2024-02-16,1,inv,,2006.595,2006.185,-0.41000000000008185,0.01,inv,191.0,True
2024-02-16,1,ifvg,,1996.775,1996.635,-0.04666666666670002,0.0033333333333333335,inv,3.0,False
2024-02-16,1,ifvg,,1996.895,1996.635,-0.08666666666666364,0.0033333333333333335,inv,3.0,False
2024-02-16,1,ifvg,,1996.815,1996.635,-0.060000000000021224,0.0033333333333333335,inv,0.0,False
2024-02-16,1,ifvg,,2002.835,2002.815,-0.006666666666660603,0.0033333333333333335,inv,0.0,False
2024-02-16,1,ifvg,,2002.96,2002.815,-0.048333333333327275,0.0033333333333333335,inv,0.0,False
2024-02-16,1,ifvg,,2003.085,2002.815,-0.08999999999999395,0.0033333333333333335,inv,0.0,False
2024-02-16,-1,fvg,,2001.545,2001.8914052287582,-0.1154684095860527,0.0033333333333333335,sl,15.0,False
2024-02-16,-1,fvg,,2001.785,2001.395294117647,0.12990196078438507,0.0033333333333333335,tp,11.0,False
2024-02-16,-1,inv,,1997.965,1998.135,-0.17000000000007276,0.01,inv,15.0,True
2024-02-16,1,ifvg,,1997.845,1998.2394805194806,0.13149350649352226,0.0033333333333333335,tp,17.0,False
2024-02-16,1,ifvg,,1998.54,1998.7649999999999,0.07499999999996969,0.0033333333333333335,tp,3.0,False
2024-02-16,1,ifvg,,1998.115,1998.903961038961,0.2629870129869687,0.0033333333333333335,tp,74.0,False
2024-02-16,1,ifvg,,1998.665,1999.115,0.15000000000001515,0.0033333333333333335,tp,21.0,False
2024-02-16,1,ifvg,,1998.605,1998.395,-0.07000000000001214,0.0033333333333333335,inv,4.0,False
2024-02-16,-1,fvg,,2001.905,2002.0049999999999,-0.03333333333330302,0.0033333333333333335,sl,0.0,False
2024-02-16,1,fvg,,2005.945,2006.6539041095891,0.2363013698630615,0.0033333333333333335,tp,55.0,False
2024-02-16,-1,ifvg,,2009.105,2009.245,-0.046666666666624224,0.0033333333333333335,inv,37.0,False
2024-02-16,-1,ifvg,,2009.045,2009.245,-0.06666666666660603,0.0033333333333333335,inv,37.0,False
2024-02-16,-1,ifvg,,2009.225,2009.245,-0.006666666666660603,0.0033333333333333335,inv,0.0,False
2024-02-16,1,ifvg,,2010.225,2010.1178571428572,-0.03571428571422076,0.0033333333333333335,sl,9.0,False
2024-02-16,1,ifvg,,2010.195,2010.095,-0.03333333333330302,0.0033333333333333335,sl,0.0,False
2024-02-16,1,ifvg,,2010.165,2010.065,-0.03333333333330302,0.0033333333333333335,sl,24.0,False
2024-02-16,1,ifvg,,2010.495,2010.3080081300814,-0.06233062330617638,0.0033333333333333335,sl,0.0,False
2024-02-16,1,ifvg,,2010.38,2010.2800000000002,-0.03333333333330302,0.0033333333333333335,sl,7.0,False
2024-02-16,1,ifvg,,2010.285,2010.51,0.07499999999996969,0.0033333333333333335,tp,85.0,False
2024-02-16,1,fvg,,2012.115,2012.7692553191491,0.21808510638303838,0.0033333333333333335,tp,466.0,False
2024-02-16,1,fvg,,2011.945,2011.799609929078,-0.04846335697394959,0.0033333333333333335,sl,22.0,False
2024-02-16,1,fvg,,2012.775,2013.1132867132867,0.11276223776220226,0.0033333333333333335,tp,118.0,False
2024-02-16,-1,fvg,,2013.355,2013.6355755395682,-0.0935251798560633,0.0033333333333333335,sl,1650.0,False
2024-02-16,1,fvg,,2012.985,2013.661573426573,0.22552447552440452,0.0033333333333333335,tp,1415.0,False
2024-02-16,-1,fvg,,2013.508,2013.6482877697842,-0.04676258992806955,0.0033333333333333335,sl,68.0,False
2024-02-16,-1,fvg,,2013.745,2013.52,0.07499999999996969,0.0033333333333333335,tp,16.0,False
2024-02-23,-1,ifvg,,2019.655,2019.8285537190084,-0.057851239669465336,0.0033333333333333335,sl,0.0,False
2024-02-23,-1,ifvg,,2019.76,2019.535,0.07499999999996969,0.0033333333333333335,tp,21.0,False
2024-02-23,-1,ifvg,,2019.865,2019.965,-0.03333333333330302,0.0033333333333333335,sl,0.0,False
2024-02-23,1,ifvg,,2019.505,2019.395,-0.03666666666670911,0.0033333333333333335,inv,26.0,False
2024-02-23,1,ifvg,,2019.595,2019.395,-0.06666666666668183,0.0033333333333333335,inv,26.0,False
2024-02-23,1,ifvg,,2019.415,2019.395,-0.006666666666660603,0.0033333333333333335,inv,25.0,False
2024-02-23,1,ifvg,,2016.7849999999999,2016.705,-0.026666666666642413,0.0033333333333333335,inv,9.0,False
2024-02-23,1,ifvg,,2016.845,2016.705,-0.04666666666670002,0.0033333333333333335,inv,9.0,False
2024-02-23,1,ifvg,,2016.728,2016.705,-0.007666666666712748,0.0033333333333333335,inv,2.0,False
2024-02-23,1,fvg,,2017.505,2018.1815734265736,0.2255244755244803,0.0033333333333333335,tp,320.0,False
2024-02-23,1,ifvg,,2018.895,2018.875,-0.006666666666660603,0.0033333333333333335,inv,8.0,False
2024-02-23,1,ifvg,,2018.98,2018.875,-0.03500000000000607,0.0033333333333333335,inv,8.0,False
2024-02-23,1,ifvg,,2019.065,2018.875,-0.06333333333335152,0.0033333333333333335,inv,8.0,False
2024-02-23,1,ifvg,,2022.6,2022.5,-0.03333333333330302,0.0033333333333333335,sl,14.0,False
2024-02-23,1,ifvg,,2022.695,2022.535336134454,-0.05322128851533611,0.0033333333333333335,sl,14.0,False
2024-02-23,1,ifvg,,2022.505,2022.4050000000002,-0.03333333333330302,0.0033333333333333335,sl,92.0,False
2024-02-23,1,fvg,,2023.205,2023.924387755102,0.23979591836738715,0.0033333333333333335,tp,599.0,False
2024-02-23,1,ifvg,,2023.6,2023.5,-0.03333333333330302,0.0033333333333333335,sl,0.0,False
2024-02-23,1,ifvg,,2023.715,2023.5280081300812,-0.062330623306252164,0.0033333333333333335,sl,0.0,False
2024-02-23,1,ifvg,,2023.485,2023.385,-0.03333333333330302,0.0033333333333333335,sl,73.0,False
2024-02-23,1,fvg,,2024.335,2025.1333870967742,0.26612903225804985,0.0033333333333333335,tp,61.0,False
2024-02-23,1,ifvg,,2025.3200000000002,2025.2350000000001,-0.02833333333334546,0.0033333333333333335,inv,9.0,False
2024-02-23,1,ifvg,,2025.385,2025.2350000000001,-0.04999999999995453,0.0033333333333333335,inv,9.0,False
2024-02-23,1,ifvg,,2025.255,2025.2350000000001,-0.006666666666660603,0.0033333333333333335,inv,0.0,False
2024-02-23,1,ifvg,,2027.815,2027.6483333333333,-0.05555555555558083,0.0033333333333333335,sl,0.0,False
2024-02-23,1,ifvg,,2028.065,2027.7316666666668,-0.11111111111108585,0.0033333333333333335,sl,0.0,False
2024-02-23,1,ifvg,,2027.668,2027.568,-0.03333333333330302,0.0033333333333333335,sl,0.0,False
2024-02-23,1,fvg,,2027.045,2026.6860256410257,-0.1196581196581216,0.0033333333333333335,sl,124.0,False
2024-02-23,1,fvg,,2026.785,2026.605512820513,-0.05982905982902291,0.0033333333333333335,sl,69.0,False
2024-02-23,-1,ifvg,,2027.2665,2027.4279999999999,-0.053833333333310904,0.0033333333333333335,inv,5.0,False
2024-02-23,-1,ifvg,,2027.125,2027.4279999999999,-0.10099999999996122,0.0033333333333333335,inv,5.0,False
2024-02-23,-1,ifvg,,2027.408,2027.4279999999999,-0.006666666666660603,0.0033333333333333335,inv,0.0,False
2024-02-23,1,fvg,,2031.255,2031.9092553191492,0.21808510638303838,0.0033333333333333335,tp,153.0,False
2024-02-23,-1,ifvg,,2037.1165,2037.258,-0.0471666666666503,0.0033333333333333335,inv,5.0,False
2024-02-23,-1,ifvg,,2036.995,2037.258,-0.08766666666671578,0.0033333333333333335,inv,5.0,False
2024-02-23,-1,ifvg,,2037.215,2037.258,-0.014333333333373352,0.0033333333333333335,inv,1.0,False
2024-02-23,1,fvg,,2037.605,2038.1883333333333,0.1944444444444192,0.0033333333333333335,tp,47.0,False
2024-02-23,1,fvg,,2037.43,2037.7216666666666,0.0972222222221717,0.0033333333333333335,tp,20.0,False
2024-02-23,1,fvg,,2040.215,2039.8067159763314,-0.13609467455618565,0.0033333333333333335,sl,14.0,False
2024-02-23,1,fvg,,2039.84,2040.2993195266272,0.15310650887575625,0.0033333333333333335,tp,313.0,False
2024-02-23,1,fvg,,2039.495,2039.7199999999998,0.07499999999996969,0.0033333333333333335,tp,9.0,False
2024-02-23,1,ifvg,,2038.595,2038.4721929824561,-0.040935672514630525,0.0033333333333333335,sl,0.0,False
2024-02-23,1,ifvg,,2038.525,2038.4250000000002,-0.03333333333330302,0.0033333333333333335,sl,1.0,False
2024-02-23,1,ifvg,,2038.455,2038.355,-0.03333333333330302,0.0033333333333333335,sl,109.0,False
2024-02-23,-1,fvg,,2038.685,2037.7823053892214,0.30089820359285113,0.0033333333333333335,tp,423.0,False
2024-02-23,1,fvg,,2037.255,2037.1550000000002,-0.03333333333330302,0.0033333333333333335,sl,9.0,False
2024-02-23,1,ifvg,,2036.415,2036.395,-0.006666666666660603,0.0033333333333333335,inv,0.0,False
2024-02-23,1,ifvg,,2036.585,2036.395,-0.06333333333335152,0.0033333333333333335,inv,0.0,False
2024-02-23,1,ifvg,,2036.755,2036.395,-0.12000000000004245,0.0033333333333333335,inv,0.0,False
2024-02-23,-1,inv,,2036.295,2035.6829999999998,0.6120000000003074,0.01,tp,121.0,True
2024-02-23,1,fvg,,2035.785,2035.1473188405798,-0.2125603864734179,0.0033333333333333335,sl,3283.0,False
2024-03-08,1,fvg,,2156.378,2157.0900642515385,0.23735475051277413,0.0033333333333333335,tp,551.0,False
2024-03-08,1,ifvg,,2161.0115,2161.2365,0.07499999999996969,0.0033333333333333335,tp,80.0,False
2024-03-08,1,ifvg,,2161.128,2161.553182481752,0.14172749391733913,0.0033333333333333335,tp,208.0,False
2024-03-08,1,ifvg,,2160.895,2160.795,-0.03333333333330302,0.0033333333333333335,sl,47.0,False
2024-03-08,1,ifvg,,2160.06,2159.9001360544216,-0.05328798185943621,0.0033333333333333335,sl,0.0,False
2024-03-08,1,ifvg,,2160.295,2159.9752721088435,-0.10657596371887242,0.0033333333333333335,sl,0.0,False
2024-03-08,1,ifvg,,2159.835,2160.06,0.07499999999996969,0.0033333333333333335,tp,8.0,False
2024-03-08,-1,ifvg,,2160.728,2160.748,-0.006666666666660603,0.0033333333333333335,inv,0.0,False
2024-03-08,-1,ifvg,,2160.6414999999997,2160.748,-0.03550000000010793,0.0033333333333333335,inv,0.0,False
2024-03-08,-1,ifvg,,2160.555,2160.748,-0.06433333333340367,0.0033333333333333335,inv,0.0,False
2024-03-08,-1,ifvg,,2161.395,2161.415,-0.006666666666660603,0.0033333333333333335,inv,0.0,False
2024-03-08,-1,ifvg,,2161.2650000000003,2161.415,-0.04999999999987873,0.0033333333333333335,inv,0.0,False
2024-03-08,-1,ifvg,,2161.135,2161.415,-0.09333333333324845,0.0033333333333333335,inv,0.0,False
2024-03-08,-1,ifvg,,2164.465,2164.7656993006995,-0.10023310023310236,0.0033333333333333335,sl,0.0,False
2024-03-08,-1,ifvg,,2164.6800000000003,2164.83034965035,-0.05011655011655118,0.0033333333333333335,sl,1.0,False
2024-03-08,-1,ifvg,,2164.895,2164.995,-0.03333333333330302,0.0033333333333333335,sl,0.0,False
2024-03-08,1,ifvg,,2163.995,2164.2410937499994,0.08203124999984843,0.0033333333333333335,tp,0.0,False
2024-03-08,1,ifvg,,2164.135,2164.6271875000007,0.1640625000001516,0.0033333333333333335,tp,0.0,False
2024-03-08,1,ifvg,,2164.815,2163.835,-0.32666666666667277,0.0033333333333333335,inv,0.0,False
2024-03-08,-1,ifvg,,2158.145,2158.245,-0.03333333333330302,0.0033333333333333335,sl,0.0,False
2024-03-08,-1,ifvg,,2158.0150000000003,2158.118174603175,-0.034391534391488676,0.0033333333333333335,sl,0.0,False
2024-03-08,-1,ifvg,,2157.885,2158.091349206349,-0.06878306878297735,0.0033333333333333335,sl,0.0,False
2024-03-08,-1,ifvg,,2157.635,2157.735,-0.03333333333330302,0.0033333333333333335,sl,0.0,False
2024-03-08,-1,ifvg,,2157.575,2157.6749999999997,-0.03333333333330302,0.0033333333333333335,sl,0.0,False
2024-03-08,-1,ifvg,,2157.515,2157.622142857143,-0.03571428571437234,0.0033333333333333335,sl,0.0,False
2024-03-08,-1,ifvg,,2162.665,2162.685,-0.006666666666660603,0.0033333333333333335,inv,0.0,False
2024-03-08,-1,ifvg,,2162.525,2162.685,-0.05333333333328483,0.0033333333333333335,inv,0.0,False
2024-03-08,-1,ifvg,,2162.385,2162.685,-0.09999999999990906,0.0033333333333333335,inv,0.0,False
2024-03-08,1,fvg,,2189.265,2189.165,-0.03333333333330302,0.0033333333333333335,sl,0.0,False
2024-03-08,1,fvg,,2189.3450000000003,2189.20731884058,-0.045893719806827,0.0033333333333333335,sl,0.0,False
2024-03-08,1,fvg,,2189.535,2189.2596376811593,-0.09178743961350241,0.0033333333333333335,sl,0.0,False
2024-03-08,-1,fvg,,2188.435,2187.5242857142857,0.30357142857140695,0.0033333333333333335,tp,94.0,False
2024-03-08,-1,ifvg,,2180.655,2180.4300000000003,0.07499999999996969,0.0033333333333333335,tp,4.0,False
2024-03-08,-1,ifvg,,2180.675,2180.785,-0.03666666666655753,0.0033333333333333335,inv,0.0,False
2024-03-08,-1,ifvg,,2180.675,2180.785,-0.03666666666655753,0.0033333333333333335,inv,0.0,False
2024-03-08,-1,ifvg,,2181.855,2181.875,-0.006666666666660603,0.0033333333333333335,inv,0.0,False
2024-03-08,-1,ifvg,,2181.33,2181.875,-0.18166666666669093,0.0033333333333333335,inv,0.0,False
2024-03-08,-1,ifvg,,2180.805,2181.875,-0.35666666666672125,0.0033333333333333335,inv,0.0,False
2024-03-08,-1,fvg,,2182.105,2180.730486381323,0.4581712062257187,0.0033333333333333335,tp,41.0,False
2024-03-08,1,inv,,2181.925,2180.785,-1.1400000000003274,0.01,inv,38.0,True
2024-03-08,1,ifvg,,2179.035,2178.7757407407407,-0.08641975308637485,0.0033333333333333335,sl,1.0,False
2024-03-08,1,ifvg,,2178.8599999999997,2178.73037037037,-0.04320987654318743,0.0033333333333333335,sl,7.0,False
2024-03-08,-1,fvg,,2179.965,2179.176038961039,0.2629870129870445,0.0033333333333333335,tp,164.0,False
2024-03-08,1,ifvg,,2178.685,2178.585,-0.03333333333330302,0.0033333333333333335,sl,35.0,False
2024-03-08,1,ifvg,,2172.805,2172.735,-0.02333333333323632,0.0033333333333333335,inv,0.0,False
2024-03-08,1,ifvg,,2172.8415,2172.735,-0.035499999999956344,0.0033333333333333335,inv,0.0,False
2024-03-08,1,ifvg,,2172.928,2172.735,-0.0643333333332521,0.0033333333333333335,inv,0.0,False
2024-03-08,-1,fvg,,2170.835,2171.301097170315,-0.15536572343838392,0.0033333333333333335,sl,9.0,False
2024-03-08,-1,fvg,,2171.245,2171.4780485851575,-0.07768286171919196,0.0033333333333333335,sl,5.0,False
2024-03-08,-1,fvg,,2171.645,2171.745,-0.03333333333330302,0.0033333333333333335,sl,2.0,False
2024-03-08,1,ifvg,,2172.385,2172.295,-0.03000000000004851,0.0033333333333333335,inv,8.0,False
2024-03-08,1,ifvg,,2172.455,2172.295,-0.05333333333328483,0.0033333333333333335,inv,8.0,False
2024-03-08,1,ifvg,,2172.365,2172.295,-0.02333333333323632,0.0033333333333333335,inv,0.0,False
2024-03-08,1,fvg,,2175.705,2175.2152040816327,-0.16326530612241186,0.0033333333333333335,sl,1.0,False
2024-03-08,1,fvg,,2175.275,2175.0301020408165,-0.08163265306120593,0.0033333333333333335,sl,2.0,False
2024-03-08,1,ifvg,,2176.195,2176.175,-0.006666666666660603,0.0033333333333333335,inv,2.0,False
2024-03-08,1,ifvg,,2176.2650000000003,2176.175,-0.03000000000004851,0.0033333333333333335,inv,2.0,False
2024-03-08,1,ifvg,,2176.335,2176.175,-0.05333333333328483,0.0033333333333333335,inv,2.0,False
2024-03-08,-1,fvg,,2178.325,2178.5557692307693,-0.07692307692317021,0.0033333333333333335,sl,9.0,False
2024-03-08,-1,fvg,,2178.475,2178.5903846153847,-0.03846153846158511,0.0033333333333333335,sl,3.0,False
2024-03-08,-1,fvg,,2178.625,2178.4,0.07499999999996969,0.0033333333333333335,tp,27.0,False
2024-03-13,1,fvg,,2157.395,2158.0145652173915,0.2065217391304941,0.0033333333333333335,tp,74.0,False
2024-03-13,1,ifvg,,2157.895,2157.725,-0.05666666666669092,0.0033333333333333335,inv,91.0,False
2024-03-13,1,ifvg,,2157.8199999999997,2157.725,-0.03166666666659997,0.0033333333333333335,inv,76.0,False
2024-03-13,1,ifvg,,2157.745,2157.725,-0.006666666666660603,0.0033333333333333335,inv,20.0,False
2024-03-13,1,ifvg,,2160.6315,2160.501049150037,-0.04348361665430882,0.0033333333333333335,sl,0.0,False
2024-03-13,1,ifvg,,2160.808,2160.5470983000737,-0.08696723330876921,0.0033333333333333335,sl,0.0,False
2024-03-13,1,ifvg,,2160.455,2160.355,-0.03333333333330302,0.0033333333333333335,sl,9.0,False
2024-03-13,1,fvg,,2163.058,2163.892905660377,0.27830188679232987,0.0033333333333333335,tp,305.0,False
2024-03-13,1,ifvg,,2168.523,2168.4230000000002,-0.03333333333330302,0.0033333333333333335,sl,0.0,False
2024-03-13,1,ifvg,,2168.598,2168.467565217391,-0.04347826086965749,0.0033333333333333335,sl,0.0,False
2024-03-13,1,ifvg,,2168.455,2168.355,-0.03333333333330302,0.0033333333333333335,sl,2.0,False
2024-03-13,1,fvg,,2168.015,2168.427974683544,0.13765822784807827,0.0033333333333333335,tp,16.0,False
2024-03-13,1,fvg,,2168.208,2169.0339493670886,0.27531645569615654,0.0033333333333333335,tp,97.0,False
2024-03-13,-1,ifvg,,2169.055,2169.075,-0.006666666666660603,0.0033333333333333335,inv,1.0,False
2024-03-13,-1,ifvg,,2168.895,2169.075,-0.05999999999994544,0.0033333333333333335,inv,1.0,False
2024-03-13,-1,ifvg,,2168.735,2169.075,-0.11333333333323026,0.0033333333333333335,inv,1.0,False
2024-03-13,1,inv,,2169.058,2169.6339999999996,0.5759999999995671,0.01,tp,67.0,True
2024-03-13,-1,ifvg,,2170.275,2170.05,0.07499999999996969,0.0033333333333333335,tp,9.0,False
2024-03-13,-1,ifvg,,2170.275,2170.05,0.07499999999996969,0.0033333333333333335,tp,9.0,False
2024-03-13,-1,ifvg,,2170.275,2170.05,0.07499999999996969,0.0033333333333333335,tp,9.0,False
2024-03-13,1,fvg,,2169.805,2170.6888797814204,0.2946265938068488,0.0033333333333333335,tp,292.0,False
2024-03-13,1,fvg,,2169.555,2169.99693989071,0.1473132969034244,0.0033333333333333335,tp,89.0,False
2024-03-13,1,fvg,,2171.195,2170.904219858156,-0.09692671394805076,0.0033333333333333335,sl,18.0,False
2024-03-13,1,fvg,,2170.99,2170.8446099290777,-0.04846335697402538,0.0033333333333333335,sl,5.0,False
2024-03-13,1,fvg,,2170.785,2171.0099999999998,0.07499999999996969,0.0033333333333333335,tp,22.0,False
2024-03-13,-1,ifvg,,2177.485,2177.515,-0.009999999999915115,0.0033333333333333335,inv,0.0,False
2024-03-13,-1,ifvg,,2177.39,2177.515,-0.04166666666666667,0.0033333333333333335,inv,0.0,False
2024-03-13,-1,ifvg,,2177.285,2177.515,-0.07666666666667273,0.0033333333333333335,inv,0.0,False
2024-03-13,-1,ifvg,,2177.265,2177.285,-0.006666666666660603,0.0033333333333333335,inv,0.0,False
2024-03-13,-1,ifvg,,2177.16,2177.285,-0.04166666666666667,0.0033333333333333335,inv,0.0,False
2024-03-13,-1,ifvg,,2177.055,2177.285,-0.07666666666667273,0.0033333333333333335,inv,0.0,False
2024-03-13,-1,ifvg,,2176.725,2176.825,-0.03333333333330302,0.0033333333333333335,inv,1.0,False
2024-03-13,-1,ifvg,,2176.645,2176.825,-0.05999999999994544,0.0033333333333333335,inv,1.0,False
2024-03-13,-1,ifvg,,2176.805,2176.825,-0.006666666666660603,0.0033333333333333335,inv,0.0,False
2024-03-13,-1,fvg,,2176.2915000000003,2175.985873634378,0.1018754552073915,0.0033333333333333335,tp,32.0,False
2024-03-13,-1,fvg,,2176.105,2175.4937472687543,0.20375091041523774,0.0033333333333333335,tp,574.0,False
2024-03-13,1,fvg,,2171.945,2171.7025757575757,-0.0808080808081589,0.0033333333333333335,sl,10.0,False
2024-03-13,1,fvg,,2171.785,2172.057727272727,0.09090909090900824,0.0033333333333333335,tp,25.0,False
2024-03-13,1,fvg,,2172.755,2172.454300699301,-0.10023310023310236,0.0033333333333333335,sl,268.0,False
2024-03-13,-1,fvg,,2172.995,2172.3637050359707,0.21043165467638877,0.0033333333333333335,tp,385.0,False
2024-03-13,1,fvg,,2172.575,2172.42465034965,-0.05011655011655118,0.0033333333333333335,sl,33.0,False
2024-03-13,1,fvg,,2172.355,2172.58,0.07499999999996969,0.0033333333333333335,tp,116.0,False
2024-03-13,-1,fvg,,2173.095,2173.235287769784,-0.04676258992806955,0.0033333333333333335,sl,0.0,False
2024-03-13,-1,fvg,,2173.385,2173.485,-0.03333333333330302,0.0033333333333333335,sl,47.0,False
2024-03-13,1,ifvg,,2175.0299999999997,2174.945,-0.02833333333319388,0.0033333333333333335,inv,45.0,False
2024-03-13,1,ifvg,,2175.095,2174.945,-0.04999999999987873,0.0033333333333333335,inv,45.0,False
2024-03-13,1,ifvg,,2174.965,2174.945,-0.006666666666660603,0.0033333333333333335,inv,0.0,False
2024-03-13,-1,ifvg,,2175.3864999999996,2175.4864999999995,-0.03333333333330302,0.0033333333333333335,sl,0.0,False
2024-03-13,-1,ifvg,,2175.325,2175.4345280498665,-0.0365093499555466,0.0033333333333333335,sl,0.0,False
2024-03-13,-1,ifvg,,2175.448,2175.223,0.07499999999996969,0.0033333333333333335,tp,8.0,False
2024-04-11,1,fvg,,2328.668,2329.065786037492,0.13259534583069885,0.0033333333333333335,tp,17.0,False
2024-04-11,1,fvg,,2328.855,2329.6505720749838,0.2651906916612461,0.0033333333333333335,tp,44.0,False
2024-04-11,-1,ifvg,,2331.73,2331.83,-0.03333333333330302,0.0033333333333333335,sl,0.0,False
2024-04-11,-1,ifvg,,2331.605,2331.805,-0.06666666666660603,0.0033333333333333335,sl,0.0,False
2024-04-11,-1,ifvg,,2331.855,2331.955,-0.03333333333330302,0.0033333333333333335,sl,1.0,False
2024-04-11,1,fvg,,2328.688,2328.588,-0.03333333333330302,0.0033333333333333335,sl,0.0,False
2024-04-11,-1,fvg,,2330.688,2331.126202247191,-0.14606741573030985,0.0033333333333333335,sl,48.0,False
2024-04-11,-1,fvg,,2330.925,2331.1441011235956,-0.07303370786515492,0.0033333333333333335,sl,1.0,False
2024-04-11,-1,fvg,,2331.375,2331.475,-0.03333333333330302,0.0033333333333333335,sl,0.0,False
2024-04-11,1,fvg,,2330.578,2331.836810572687,0.41960352422908426,0.0033333333333333335,tp,333.0,False
2024-04-11,-1,ifvg,,2332.128,2332.148,-0.006666666666660603,0.0033333333333333335,inv,0.0,False
2024-04-11,-1,ifvg,,2332.0615,2332.148,-0.028833333333447324,0.0033333333333333335,inv,0.0,False
2024-04-11,-1,ifvg,,2331.995,2332.148,-0.051000000000082465,0.0033333333333333335,inv,0.0,False
2024-04-11,-1,ifvg,,2334.238,2334.275,-0.012333333333420645,0.0033333333333333335,inv,0.0,False
2024-04-11,-1,ifvg,,2333.9465,2334.275,-0.10950000000002547,0.0033333333333333335,inv,0.0,False
2024-04-11,-1,ifvg,,2333.638,2334.275,-0.21233333333339033,0.0033333333333333335,inv,0.0,False
2024-04-11,1,inv,,2334.378,2333.618,-0.7600000000002183,0.01,inv,21.0,True
2024-04-11,1,ifvg,,2337.545,2337.313817204301,-0.07706093189972307,0.0033333333333333335,sl,0.0,False
2024-04-11,1,ifvg,,2337.975,2337.512634408602,-0.15412186379929457,0.0033333333333333335,sl,0.0,False
2024-04-11,1,ifvg,,2337.115,2337.015,-0.03333333333330302,0.0033333333333333335,sl,3.0,False
2024-04-11,-1,ifvg,,2333.1915,2333.368293794441,-0.05893126481366078,0.0033333333333333335,sl,0.0,False
2024-04-11,-1,ifvg,,2332.918,2333.2715875888816,-0.11786252962716996,0.0033333333333333335,sl,0.0,False
2024-04-11,-1,ifvg,,2333.465,2333.565,-0.03333333333330302,0.0033333333333333335,sl,2.0,False
2024-04-11,-1,inv,,2335.125,2334.945,0.1799999999998363,0.01,inv,0.0,True
2024-04-11,1,ifvg,,2335.865,2336.24,0.125,0.0033333333333333335,tp,6.0,False
2024-04-11,1,ifvg,,2335.865,2336.615,0.25,0.0033333333333333335,tp,6.0,False
2024-04-11,-1,ifvg,,2335.6245,2335.8612035281726,-0.07890117605757041,0.0033333333333333335,sl,0.0,False
2024-04-11,-1,ifvg,,2335.175,2335.6484070563456,-0.15780235211514082,0.0033333333333333335,sl,0.0,False
2024-04-11,-1,ifvg,,2335.615,2335.7149999999997,-0.03333333333330302,0.0033333333333333335,sl,0.0,False
2024-04-11,1,ifvg,,2338.485,2338.3650000000002,-0.03999999999996362,0.0033333333333333335,inv,1.0,False
2024-04-11,1,ifvg,,2338.585,2338.3650000000002,-0.07333333333326665,0.0033333333333333335,inv,1.0,False
2024-04-11,1,ifvg,,2338.475,2338.3650000000002,-0.03666666666655753,0.0033333333333333335,inv,0.0,False
2024-04-11,1,fvg,,2343.425,2344.5152061855674,0.3634020618557467,0.0033333333333333335,tp,44.0,False
2024-04-11,1,fvg,,2342.968,2343.5131030927832,0.18170103092779755,0.0033333333333333335,tp,13.0,False
2024-04-11,1,fvg,,2344.488,2344.1502516556293,-0.11258278145684625,0.0033333333333333335,sl,85.0,False
2024-04-11,1,fvg,,2344.233,2344.6129668874178,0.12665562913919834,0.0033333333333333335,tp,57.0,False
2024-04-11,-1,ifvg,,2349.345,2349.365,-0.006666666666660603,0.0033333333333333335,inv,0.0,False
2024-04-11,-1,ifvg,,2349.2715,2349.365,-0.03116666666664969,0.0033333333333333335,inv,0.0,False
2024-04-11,-1,ifvg,,2349.198,2349.365,-0.05566666666663878,0.0033333333333333335,inv,0.0,False
2024-04-11,-1,ifvg,,2353.425,2353.758,-0.11099999999987632,0.0033333333333333335,inv,4.0,False
2024-04-11,-1,ifvg,,2353.575,2353.758,-0.06099999999999758,0.0033333333333333335,inv,1.0,False
2024-04-11,-1,ifvg,,2353.738,2353.758,-0.006666666666660603,0.0033333333333333335,inv,0.0,False
2024-04-11,1,inv,,2353.505,2353.405,-0.09999999999990906,0.01,inv,22.0,True
2024-04-11,-1,ifvg,,2354.471,2354.704,-0.07766666666672488,0.0033333333333333335,inv,1.0,False
2024-04-11,-1,ifvg,,2354.258,2354.704,-0.14866666666678915,0.0033333333333333335,inv,1.0,False
2024-04-11,-1,ifvg,,2354.645,2354.704,-0.01966666666673215,0.0033333333333333335,inv,0.0,False
2024-04-11,1,inv,,2354.645,2355.4118000000008,0.7668000000007851,0.01,tp,97.0,True
2024-04-11,1,fvg,,2356.765,2356.244156684236,-0.1736144385880228,0.0033333333333333335,sl,10.0,False
2024-04-11,1,fvg,,2356.295,2356.034578342118,-0.0868072192940114,0.0033333333333333335,sl,2.0,False
2024-04-11,1,fvg,,2355.684,2355.909,0.07499999999996969,0.0033333333333333335,tp,2.0,False
2024-04-11,1,fvg,,2360.205,2360.105,-0.03333333333330302,0.0033333333333333335,sl,0.0,False
2024-04-11,1,fvg,,2360.205,2360.089615384615,-0.03846153846158511,0.0033333333333333335,sl,0.0,False
2024-04-11,1,fvg,,2360.275,2360.0442307692306,-0.07692307692317021,0.0033333333333333335,sl,0.0,False
2024-04-11,1,fvg,,2364.295,2363.966140939597,-0.1096196868009732,0.0033333333333333335,sl,283.0,False
2024-04-11,1,fvg,,2364.095,2363.930570469798,-0.054809843400562386,0.0033333333333333335,sl,49.0,False
2024-04-11,1,fvg,,2364.128,2364.0280000000002,-0.03333333333330302,0.0033333333333333335,sl,0.0,False
2024-04-11,-1,ifvg,,2373.885,2373.905,-0.006666666666660603,0.0033333333333333335,inv,0.0,False
2024-04-11,-1,ifvg,,2373.6400000000003,2373.905,-0.0883333333332909,0.0033333333333333335,inv,0.0,False
2024-04-11,-1,ifvg,,2373.395,2373.905,-0.17000000000007276,0.0033333333333333335,inv,0.0,False
2024-04-11,1,inv,,2373.895,2374.7770000000005,0.8820000000005166,0.01,tp,652.0,True
2024-04-11,-1,ifvg,,2375.205,2375.225,-0.006666666666660603,0.0033333333333333335,inv,0.0,False
2024-04-11,-1,ifvg,,2374.915,2375.225,-0.10333333333331514,0.0033333333333333335,inv,0.0,False
2024-04-11,-1,ifvg,,2374.625,2375.225,-0.1999999999999697,0.0033333333333333335,inv,0.0,False
2024-04-11,1,inv,,2375.605,2374.605,-1.0,0.01,inv,210.0,True
2024-05-06,1,fvg,,2293.295,2294.0247297297296,0.24324324324319002,0.0033333333333333335,tp,79.0,False
2024-05-06,1,fvg,,2293.0550000000003,2293.4198648648653,0.1216216216216708,0.0033333333333333335,tp,3.0,False
2024-05-06,1,ifvg,,2305.1949999999997,2304.969725274725,-0.07509157509154345,0.0033333333333333335,sl,0.0,False
2024-05-06,1,ifvg,,2305.605,2305.1544505494503,-0.15018315018323847,0.0033333333333333335,sl,0.0,False
2024-05-06,1,ifvg,,2304.785,2304.685,-0.03333333333330302,0.0033333333333333335,sl,5.0,False
2024-05-06,1,fvg,,2306.085,2305.9020577045026,-0.060980765165822966,0.0033333333333333335,sl,0.0,False
2024-05-06,1,fvg,,2306.185,2307.0082403297397,0.2744134432465823,0.0033333333333333335,tp,50.0,False
2024-05-06,1,fvg,,2305.704,2305.929,0.07499999999996969,0.0033333333333333335,tp,9.0,False
2024-05-06,1,ifvg,,2306.455,2306.3518253968255,-0.034391534391488676,0.0033333333333333335,sl,1.0,False
2024-05-06,1,ifvg,,2306.585,2306.3786507936506,-0.06878306878312894,0.0033333333333333335,sl,1.0,False
2024-05-06,1,ifvg,,2306.465,2306.3650000000002,-0.03333333333330302,0.0033333333333333335,sl,0.0,False
2024-05-06,1,fvg,,2307.805,2307.4716666666664,-0.11111111111116166,0.0033333333333333335,sl,1.0,False
2024-05-06,1,fvg,,2307.555,2307.3883333333333,-0.05555555555550503,0.0033333333333333335,sl,6.0,False
2024-05-06,1,fvg,,2307.435,2307.335,-0.03333333333330302,0.0033333333333333335,sl,0.0,False
2024-05-06,-1,ifvg,,2310.6865,2310.815,-0.04283333333341944,0.0033333333333333335,inv,1.0,False
2024-05-06,-1,ifvg,,2310.578,2310.815,-0.07900000000002669,0.0033333333333333335,inv,1.0,False
2024-05-06,-1,ifvg,,2310.785,2310.815,-0.010000000000066697,0.0033333333333333335,inv,0.0,False
2024-05-06,1,ifvg,,2312.965,2312.8499557522123,-0.03834808259595472,0.0033333333333333335,sl,9.0,False
2024-05-06,1,ifvg,,2312.835,2313.06,0.07499999999996969,0.0033333333333333335,tp,6.0,False
2024-05-06,1,ifvg,,2312.9,2313.125,0.07499999999996969,0.0033333333333333335,tp,19.0,False
2024-05-06,1,ifvg,,2312.615,2312.515,-0.03333333333330302,0.0033333333333333335,sl,0.0,False
2024-05-06,1,ifvg,,2312.705,2312.605,-0.03333333333330302,0.0033333333333333335,sl,0.0,False
2024-05-06,1,ifvg,,2312.795,2312.6424576271183,-0.05084745762724197,0.0033333333333333335,sl,0.0,False
2024-05-06,-1,ifvg,,2314.165,2314.185,-0.006666666666660603,0.0033333333333333335,inv,0.0,False
2024-05-06,-1,ifvg,,2314.04,2314.185,-0.048333333333327275,0.0033333333333333335,inv,0.0,False
2024-05-06,-1,ifvg,,2313.915,2314.185,-0.08999999999999395,0.0033333333333333335,inv,0.0,False
2024-05-06,-1,ifvg,,2312.41,2312.535,-0.04166666666666667,0.0033333333333333335,inv,1.0,False
2024-05-06,-1,ifvg,,2312.305,2312.535,-0.07666666666667273,0.0033333333333333335,inv,1.0,False
2024-05-06,-1,ifvg,,2312.515,2312.535,-0.006666666666660603,0.0033333333333333335,inv,0.0,False
2024-05-06,-1,fvg,,2313.425,2312.9901840490797,0.14493865030681263,0.0033333333333333335,tp,35.0,False
2024-05-06,-1,fvg,,2313.135,2312.26536809816,0.2898773006134737,0.0033333333333333335,tp,228.0,False
2024-05-06,-1,fvg,,2313.675,2313.775,-0.03333333333330302,0.0033333333333333335,sl,0.0,False
2024-05-06,-1,ifvg,,2320.358,2320.378,-0.006666666666660603,0.0033333333333333335,inv,0.0,False
2024-05-06,-1,ifvg,,2320.1715000000004,2320.378,-0.06883333333325937,0.0033333333333333335,inv,0.0,False
2024-05-06,-1,ifvg,,2319.985,2320.378,-0.13100000000000972,0.0033333333333333335,inv,0.0,False
2024-05-06,1,inv,,2320.354,2319.965,-0.38899999999966894,0.01,inv,2.0,True
2024-05-06,-1,ifvg,,2314.975,2315.234259259259,-0.08641975308637485,0.0033333333333333335,sl,0.0,False
2024-05-06,-1,ifvg,,2315.1499999999996,2315.279629629629,-0.04320987654318743,0.0033333333333333335,sl,7.0,False
2024-05-06,-1,ifvg,,2315.325,2315.4249999999997,-0.03333333333330302,0.0033333333333333335,sl,13.0,False
2024-05-06,1,fvg,,2317.255,2316.630939849624,-0.20802005012531788,0.0033333333333333335,sl,34.0,False
2024-05-06,1,fvg,,2316.595,2317.297067669173,0.23402255639105837,0.0033333333333333335,tp,18.0,False
2024-05-06,1,fvg,,2315.595,2315.8199999999997,0.07499999999996969,0.0033333333333333335,tp,4.0,False
2024-05-06,1,ifvg,,2319.4049999999997,2319.005,-0.13333333333321207,0.0033333333333333335,inv,2.0,False
2024-05-06,1,ifvg,,2319.785,2319.005,-0.25999999999991513,0.0033333333333333335,inv,2.0,False
2024-05-06,1,ifvg,,2319.098,2319.005,-0.03099999999994907,0.0033333333333333335,inv,0.0,False
2024-05-06,-1,inv,,2319.465,2319.805,-0.33999999999969077,0.01,inv,5.0,True
2024-05-06,1,fvg,,2317.795,2317.695,-0.03333333333330302,0.0033333333333333335,sl,0.0,False
2024-05-06,1,fvg,,2318.325,2318.0677184466017,-0.08576051779937188,0.0033333333333333335,sl,0.0,False
2024-05-06,1,fvg,,2318.855,2318.340436893204,-0.17152103559874377,0.0033333333333333335,sl,0.0,False
2024-05-06,-1,ifvg,,2320.995,2321.392590361446,-0.13253012048198798,0.0033333333333333335,sl,0.0,False
2024-05-06,-1,ifvg,,2321.325,2321.523795180723,-0.06626506024106978,0.0033333333333333335,sl,1.0,False
2024-05-06,-1,ifvg,,2321.655,2321.755,-0.03333333333330302,0.0033333333333333335,sl,1.0,False
2024-05-06,-1,fvg,,2325.858,2325.1313581584295,0.242213947190218,0.0033333333333333335,tp,139.0,False
2024-05-06,-1,fvg,,2323.075,2323.4577160493827,-0.12757201646096897,0.0033333333333333335,sl,63.0,False
2024-05-06,-1,fvg,,2323.4049999999997,2323.596358024691,-0.06378600823048448,0.0033333333333333335,sl,2.0,False
2024-05-06,-1,fvg,,2323.695,2323.795,-0.03333333333330302,0.0033333333333333335,sl,0.0,False
2024-05-06,1,fvg,,2324.705,2324.3222839506175,-0.1275720164608174,0.0033333333333333335,sl,88.0,False
2024-05-06,1,fvg,,2324.445,2324.2536419753087,-0.06378600823048448,0.0033333333333333335,sl,50.0,False
2024-05-06,-1,fvg,,2326.0965,2325.935,0.05383333333338669,0.0033333333333333335,eod,72.0,False
2024-05-07,-1,ifvg,,2328.568,2328.588,-0.006666666666660603,0.0033333333333333335,inv,0.0,False
2024-05-07,-1,ifvg,,2328.4965,2328.588,-0.03049999999999879,0.0033333333333333335,inv,0.0,False
2024-05-07,-1,ifvg,,2328.425,2328.588,-0.054333333333336974,0.0033333333333333335,inv,0.0,False
2024-05-07,-1,ifvg,,2327.465,2327.200878199471,0.08804060017640343,0.0033333333333333335,tp,22.0,False
2024-05-07,1,ifvg,,2325.62,2325.899135338346,0.09304511278196514,0.0033333333333333335,tp,14.0,False
2024-05-07,-1,inv,,2325.588,2325.805,-0.21699999999964348,0.01,inv,13.0,True
2024-05-07,1,ifvg,,2325.785,2325.435,-0.11666666666663636,0.0033333333333333335,inv,65.0,False
2024-05-07,1,ifvg,,2325.505,2325.435,-0.023333333333387905,0.0033333333333333335,inv,0.0,False
2024-05-07,-1,ifvg,,2324.26,2324.455,-0.064999999999903,0.0033333333333333335,inv,2.0,False
2024-05-07,-1,ifvg,,2324.085,2324.455,-0.12333333333329696,0.0033333333333333335,inv,2.0,False
2024-05-07,-1,ifvg,,2324.435,2324.455,-0.006666666666660603,0.0033333333333333335,inv,0.0,False
2024-05-07,1,inv,,2324.315,2324.065,-0.25,0.01,inv,143.0,True
2024-05-07,1,ifvg,,2322.678,2322.658,-0.006666666666660603,0.0033333333333333335,inv,0.0,False
2024-05-07,1,ifvg,,2323.048,2322.658,-0.12999999999995757,0.0033333333333333335,inv,0.0,False
2024-05-07,1,ifvg,,2323.418,2322.658,-0.2533333333334061,0.0033333333333333335,inv,0.0,False
2024-05-07,-1,inv,,2322.615,2321.2829999999994,1.3320000000003347,0.01,tp,466.0,True
2024-05-07,-1,ifvg,,2311.3100000000004,2311.527514124294,-0.07250470809791902,0.0033333333333333335,sl,0.0,False
2024-05-07,-1,ifvg,,2310.925,2311.3600282485877,-0.14500941619583804,0.0033333333333333335,sl,0.0,False
2024-05-07,-1,ifvg,,2311.505,2311.605,-0.03333333333330302,0.0033333333333333335,sl,0.0,False
2024-05-07,1,ifvg,,2321.475,2321.375,-0.03333333333330302,0.0033333333333333335,sl,0.0,False
2024-05-07,1,ifvg,,2321.475,2321.3378127696287,-0.045729076790394174,0.0033333333333333335,sl,1.0,False
2024-05-07,1,ifvg,,2321.285,2321.185,-0.03333333333330302,0.0033333333333333335,sl,1.0,False
2024-05-07,-1,fvg,,2321.724,2322.163461883408,-0.14648729446935252,0.0033333333333333335,sl,10.0,False
2024-05-07,-1,fvg,,2322.098,2321.603605381166,0.1647982062780405,0.0033333333333333335,tp,36.0,False
2024-05-07,1,fvg,,2320.508,2319.9564304932733,-0.18385650224217898,0.0033333333333333335,sl,20.0,False
2024-05-07,1,fvg,,2319.918,2319.6422152466366,-0.09192825112116529,0.0033333333333333335,sl,20.0,False
2024-05-07,1,fvg,,2319.375,2319.275,-0.03333333333330302,0.0033333333333333335,sl,0.0,False
2024-05-07,1,ifvg,,2317.025,2317.25,0.07499999999996969,0.0033333333333333335,tp,0.0,False
2024-05-07,1,ifvg,,2317.2715,2317.678567645182,0.13568921506066545,0.0033333333333333335,tp,4.0,False
2024-05-07,-1,inv,,2317.275,2317.575,-0.29999999999972715,0.01,inv,3.0,True
2024-05-07,1,ifvg,,2317.555,2318.3691352903634,0.27137843012117935,0.0033333333333333335,tp,71.0,False
2024-05-07,1,ifvg,,2317.855,2317.828,-0.009000000000014552,0.0033333333333333335,inv,1.0,False
2024-05-07,1,ifvg,,2318.3779999999997,2317.828,-0.1833333333332424,0.0033333333333333335,inv,1.0,False
2024-05-07,1,ifvg,,2318.908,2317.828,-0.3599999999999758,0.0033333333333333335,inv,1.0,False
2024-05-07,-1,inv,,2317.845,2315.937,1.9079999999999018,0.01,tp,153.0,True
2024-05-07,1,ifvg,,2316.625,2316.4583333333335,-0.05555555555550503,0.0033333333333333335,sl,0.0,False
2024-05-07,1,ifvg,,2316.525,2316.425,-0.03333333333330302,0.0033333333333333335,sl,3.0,False
2024-05-07,1,ifvg,,2316.425,2316.3250000000003,-0.03333333333330302,0.0033333333333333335,sl,2.0,False
2024-05-07,1,fvg,,2313.025,2313.7339041095893,0.2363013698630615,0.0033333333333333335,tp,134.0,False
2024-05-07,1,fvg,,2312.795,2312.6374657534247,-0.05251141552510793,0.0033333333333333335,sl,1.0,False
2024-05-07,1,ifvg,,2313.548,2313.528,-0.006666666666660603,0.0033333333333333335,inv,0.0,False
2024-05-07,1,ifvg,,2313.6065,2313.528,-0.026166666666692134,0.0033333333333333335,inv,0.0,False
2024-05-07,1,ifvg,,2313.665,2313.528,-0.045666666666723664,0.0033333333333333335,inv,0.0,False
2024-05-07,-1,ifvg,,2314.62,2314.875,-0.08500000000003638,0.0033333333333333335,inv,4.0,False
2024-05-07,-1,ifvg,,2314.385,2314.875,-0.16333333333326058,0.0033333333333333335,inv,4.0,False
2024-05-07,-1,ifvg,,2314.825,2314.875,-0.0166666666667273,0.0033333333333333335,inv,0.0,False
2024-05-07,1,inv,,2314.715,2314.3650000000002,-0.34999999999990905,0.01,inv,976.0,True
2024-05-07,1,ifvg,,2315.888,2315.788,-0.03333333333330302,0.0033333333333333335,sl,0.0,False
2024-05-07,1,ifvg,,2316.04,2315.9049635036495,-0.04501216545016481,0.0033333333333333335,sl,0.0,False
2024-05-07,1,ifvg,,2316.225,2315.9549270072994,-0.09002433090017803,0.0033333333333333335,sl,0.0,False
2024-05-14,-1,fvg,,2335.618,2335.9798379068284,-0.1206126356094804,0.0033333333333333335,sl,67.0,False
2024-05-14,-1,fvg,,2335.9015,2336.082418953414,-0.0603063178047402,0.0033333333333333335,sl,63.0,False
2024-05-14,-1,fvg,,2336.185,2336.285,-0.03333333333330302,0.0033333333333333335,sl,10.0,False
2024-05-14,1,ifvg,,2339.738,2339.638,-0.03333333333330302,0.0033333333333333335,sl,0.0,False
2024-05-14,1,ifvg,,2339.8514999999998,2339.7515,-0.03333333333330302,0.0033333333333333335,sl,0.0,False
2024-05-14,1,ifvg,,2339.965,2339.77999592502,-0.0616680249933476,0.0033333333333333335,sl,0.0,False
2024-05-14,1,ifvg,,2345.318,2345.2980000000002,-0.006666666666660603,0.0033333333333333335,inv,0.0,False
2024-05-14,1,ifvg,,2345.398,2345.2980000000002,-0.03333333333330302,0.0033333333333333335,inv,0.0,False
2024-05-14,1,ifvg,,2345.478,2345.2980000000002,-0.05999999999994544,0.0033333333333333335,inv,0.0,False
2024-05-14,1,ifvg,,2337.955,2337.105,-0.283333333333303,0.0033333333333333335,inv,0.0,False
2024-05-14,1,ifvg,,2337.955,2337.105,-0.283333333333303,0.0033333333333333335,inv,0.0,False
2024-05-14,1,ifvg,,2337.955,2337.105,-0.283333333333303,0.0033333333333333335,inv,0.0,False
2024-05-14,-1,ifvg,,2337.105,2337.353120300752,-0.08270676691730236,0.0033333333333333335,sl,0.0,False
2024-05-14,-1,ifvg,,2337.57,2337.207124060151,0.12095864661644859,0.0033333333333333335,tp,0.0,False
2024-05-14,-1,ifvg,,2337.735,2337.835,-0.03333333333330302,0.0033333333333333335,sl,0.0,False
2024-05-14,-1,ifvg,,2338.815,2338.915,-0.03333333333330302,0.0033333333333333335,sl,0.0,False
2024-05-14,-1,ifvg,,2338.685,2338.7881746031744,-0.034391534391488676,0.0033333333333333335,sl,0.0,False
2024-05-14,-1,ifvg,,2338.555,2338.761349206349,-0.06878306878312894,0.0033333333333333335,sl,0.0,False
2024-05-14,-1,ifvg,,2339.695,2339.4700000000003,0.07499999999996969,0.0033333333333333335,tp,0.0,False
2024-05-14,-1,ifvg,,2339.63,2339.405,0.07499999999996969,0.0033333333333333335,tp,0.0,False
2024-05-14,-1,ifvg,,2339.565,2339.680044247788,-0.03834808259595472,0.0033333333333333335,sl,0.0,False
2024-05-14,-1,ifvg,,2341.075,2341.2768485390575,-0.06728284635255478,0.0033333333333333335,sl,0.0,False
2024-05-14,-1,ifvg,,2340.778,2341.1816970781156,-0.13456569270526114,0.0033333333333333335,sl,0.0,False
2024-05-14,-1,ifvg,,2341.445,2341.2200000000003,0.07499999999996969,0.0033333333333333335,tp,1.0,False
2024-05-14,1,ifvg,,2344.975,2344.955,-0.006666666666660603,0.0033333333333333335,inv,0.0,False
2024-05-14,1,ifvg,,2345.1,2344.955,-0.048333333333327275,0.0033333333333333335,inv,0.0,False
2024-05-14,1,ifvg,,2345.225,2344.955,-0.08999999999999395,0.0033333333333333335,inv,0.0,False
2024-05-14,-1,ifvg,,2344.475,2344.641666666667,-0.05555555555565661,0.0033333333333333335,sl,0.0,False
2024-05-14,-1,ifvg,,2344.565,2344.665,-0.03333333333330302,0.0033333333333333335,sl,1.0,False
2024-05-14,-1,ifvg,,2344.645,2344.745,-0.03333333333330302,0.0033333333333333335,sl,2.0,False
2024-05-14,1,fvg,,2344.028,2345.076718633208,0.34957287773613643,0.0033333333333333335,tp,18.0,False
2024-05-14,-1,ifvg,,2346.51,2346.875,-0.12166666666659391,0.0033333333333333335,inv,11.0,False
2024-05-14,-1,ifvg,,2346.165,2346.875,-0.23666666666667882,0.0033333333333333335,inv,11.0,False
2024-05-14,-1,ifvg,,2346.778,2346.875,-0.03233333333340246,0.0033333333333333335,inv,3.0,False
2024-05-14,1,inv,,2346.655,2346.145,-0.5100000000002183,0.01,inv,45.0,True
2024-05-14,-1,ifvg,,2347.695,2347.715,-0.006666666666660603,0.0033333333333333335,inv,0.0,False
2024-05-14,-1,ifvg,,2347.395,2347.715,-0.10666666666672125,0.0033333333333333335,inv,0.0,False
2024-05-14,-1,ifvg,,2347.095,2347.715,-0.2066666666667819,0.0033333333333333335,inv,0.0,False
2024-05-14,1,inv,,2347.668,2348.748000000001,1.0800000000008367,0.01,tp,46.0,True
2024-05-14,-1,ifvg,,2354.89,2355.035,-0.048333333333327275,0.0033333333333333335,inv,2.0,False
2024-05-14,-1,ifvg,,2354.765,2355.035,-0.08999999999999395,0.0033333333333333335,inv,2.0,False
2024-05-14,-1,ifvg,,2354.975,2355.035,-0.01999999999998181,0.0033333333333333335,inv,0.0,False
2024-05-14,1,ifvg,,2350.935,2351.16,0.07499999999996969,0.0033333333333333335,tp,6.0,False
2024-05-14,-1,inv,,2350.955,2351.285,-0.32999999999992724,0.01,inv,5.0,True
2024-05-14,1,ifvg,,2351.1,2351.379135338346,0.09304511278196514,0.0033333333333333335,tp,7.0,False
2024-05-14,1,ifvg,,2351.265,2350.915,-0.11666666666663636,0.0033333333333333335,inv,20.0,False
2024-05-14,-1,ifvg,,2348.03,2348.1424031007755,-0.03746770025842731,0.0033333333333333335,sl,0.0,False
2024-05-14,-1,ifvg,,2347.885,2348.109806201551,-0.07493540051685461,0.0033333333333333335,sl,0.0,False
2024-05-14,-1,ifvg,,2348.135,2348.235,-0.03333333333330302,0.0033333333333333335,sl,4.0,False
2024-05-14,-1,ifvg,,2348.238,2348.366160418483,-0.04272013949442529,0.0033333333333333335,sl,2.0,False
2024-05-14,-1,ifvg,,2348.275,2348.375,-0.03333333333330302,0.0033333333333333335,sl,0.0,False
2024-05-14,-1,ifvg,,2348.275,2348.375,-0.03333333333330302,0.0033333333333333335,sl,0.0,False
2024-05-14,-1,ifvg,,2349.335,2349.11,0.07499999999996969,0.0033333333333333335,tp,0.0,False
2024-05-14,-1,ifvg,,2349.06,2349.2374193548385,-0.05913978494618277,0.0033333333333333335,sl,0.0,False
2024-05-14,-1,ifvg,,2348.785,2349.1398387096774,-0.11827956989251713,0.0033333333333333335,sl,0.0,False
2024-05-14,-1,fvg,,2352.405,2352.6750729927007,-0.09002433090017803,0.0033333333333333335,sl,8.0,False
2024-05-14,-1,fvg,,2352.515,2352.6500364963504,-0.04501216545016481,0.0033333333333333335,sl,5.0,False
2024-05-14,-1,fvg,,2352.635,2352.735,-0.03333333333330302,0.0033333333333333335,sl,0.0,False
2024-05-14,1,ifvg,,2354.3,2354.181679389313,-0.03944020356235948,0.0033333333333333335,sl,0.0,False
2024-05-14,1,ifvg,,2354.455,2354.2183587786258,-0.07888040712471896,0.0033333333333333335,sl,0.0,False
2024-05-14,1,ifvg,,2354.178,2354.078,-0.03333333333330302,0.0033333333333333335,sl,1.0,False
2024-05-14,-1,ifvg,,2357.808,2358.1349999999998,-0.10899999999992362,0.0033333333333333335,inv,14.0,False
2024-05-14,-1,ifvg,,2357.855,2358.1349999999998,-0.09333333333324845,0.0033333333333333335,inv,9.0,False
2024-05-14,-1,ifvg,,2358.005,2358.1349999999998,-0.043333333333218135,0.0033333333333333335,inv,4.0,False
2024-05-14,1,inv,,2357.938,2358.4905999999996,0.5525999999995292,0.01,tp,24.0,True
2024-05-14,1,ifvg,,2357.448,2357.673,0.07499999999996969,0.0033333333333333335,tp,15.0,False
2024-05-14,1,ifvg,,2357.468,2357.6929999999998,0.07499999999996969,0.0033333333333333335,tp,21.0,False
2024-05-14,1,ifvg,,2357.575,2357.976191454395,0.1337304847984342,0.0033333333333333335,tp,174.0,False
2024-05-14,1,ifvg,,2355.9465,2356.1715,0.07499999999996969,0.0033333333333333335,tp,19.0,False
2024-05-14,1,ifvg,,2356.065,2356.4960832659663,0.1436944219887361,0.0033333333333333335,tp,69.0,False
2024-05-14,1,ifvg,,2355.898,2355.808,-0.03000000000004851,0.0033333333333333335,inv,0.0,False
2024-05-14,-1,ifvg,,2358.238,2358.013,0.07499999999996969,0.0033333333333333335,tp,10.0,False
2024-05-14,-1,ifvg,,2358.178,2357.936928571429,0.08035714285703459,0.0033333333333333335,tp,19.0,False
2024-05-14,-1,ifvg,,2356.695,2356.4700000000003,0.07499999999996969,0.0033333333333333335,tp,30.0,False
2024-05-14,-1,ifvg,,2356.635,2356.393928571429,0.08035714285703459,0.0033333333333333335,tp,75.0,False
2024-05-14,1,ifvg,,2355.645,2355.4599959250204,-0.06166802499319602,0.0033333333333333335,sl,2.0,False
2024-05-14,1,ifvg,,2355.625,2355.525,-0.03333333333330302,0.0033333333333333335,sl,0.0,False
2024-05-14,1,ifvg,,2355.625,2355.525,-0.03333333333330302,0.0033333333333333335,sl,0.0,False
2024-05-17,-1,ifvg,,2379.268,2379.288,-0.006666666666660603,0.0033333333333333335,inv,0.0,False
2024-05-17,-1,ifvg,,2379.1065,2379.288,-0.0605000000000473,0.0033333333333333335,inv,0.0,False
2024-05-17,-1,ifvg,,2378.945,2379.288,-0.11433333333328241,0.0033333333333333335,inv,0.0,False
2024-05-17,1,inv,,2379.305,2378.925,-0.3799999999996544,0.01,inv,124.0,True
2024-05-17,1,ifvg,,2377.518,2377.418,-0.03333333333330302,0.0033333333333333335,sl,0.0,False
2024-05-17,1,ifvg,,2377.6115,2377.5115,-0.03333333333330302,0.0033333333333333335,sl,0.0,False
2024-05-17,1,ifvg,,2377.705,2377.547459983151,-0.05251333894966592,0.0033333333333333335,sl,0.0,False
2024-05-17,-1,ifvg,,2376.808,2376.875,-0.02233333333333576,0.0033333333333333335,inv,0.0,False
2024-05-17,-1,ifvg,,2376.79,2376.875,-0.02833333333334546,0.0033333333333333335,inv,0.0,False
2024-05-17,-1,ifvg,,2376.725,2376.875,-0.05000000000003031,0.0033333333333333335,inv,0.0,False
2024-05-17,1,ifvg,,2378.935,2378.736924619086,-0.066025126971302,0.0033333333333333335,sl,7.0,False
2024-05-17,1,ifvg,,2378.8115,2378.7115,-0.03333333333330302,0.0033333333333333335,sl,11.0,False
2024-05-17,1,ifvg,,2378.688,2378.588,-0.03333333333330302,0.0033333333333333335,sl,3.0,False
2024-05-17,-1,ifvg,,2380.663,2381.098,-0.1449999999999818,0.0033333333333333335,inv,1.0,False
2024-05-17,-1,ifvg,,2380.248,2381.098,-0.283333333333303,0.0033333333333333335,inv,1.0,False
2024-05-17,-1,ifvg,,2381.078,2381.098,-0.006666666666660603,0.0033333333333333335,inv,0.0,False
2024-05-17,1,inv,,2381.145,2382.6389999999997,1.4939999999996871,0.01,tp,1413.0,True
2024-05-17,-1,ifvg,,2381.9165000000003,2382.0824986639946,-0.05533288799809574,0.0033333333333333335,sl,0.0,False
2024-05-17,-1,ifvg,,2381.668,2381.999997327989,-0.11066577599634306,0.0033333333333333335,sl,0.0,False
2024-05-17,-1,ifvg,,2381.508,2381.612744852283,-0.03491495076104912,0.0033333333333333335,sl,3.0,False
2024-05-17,-1,ifvg,,2381.5665,2381.6665,-0.03333333333330302,0.0033333333333333335,sl,3.0,False
2024-05-17,-1,ifvg,,2381.598,2381.698,-0.03333333333330302,0.0033333333333333335,sl,3.0,False
2024-05-17,-1,ifvg,,2382.118,2382.218,-0.03333333333330302,0.0033333333333333335,sl,0.0,False
2024-05-17,-1,ifvg,,2382.485,2382.515,-0.009999999999915115,0.0033333333333333335,inv,5.0,False
2024-05-17,-1,ifvg,,2382.4265,2382.515,-0.029499999999946642,0.0033333333333333335,inv,5.0,False
2024-05-17,-1,ifvg,,2382.358,2382.515,-0.05233333333323269,0.0033333333333333335,inv,5.0,False
2024-05-17,1,inv,,2385.395,2385.118,-0.27700000000004366,0.01,inv,16.0,True
2024-05-17,-1,ifvg,,2385.2965,2385.475,-0.05949999999999516,0.0033333333333333335,inv,26.0,False
2024-05-17,-1,ifvg,,2385.138,2385.475,-0.11233333333332969,0.0033333333333333335,inv,26.0,False
2024-05-17,-1,ifvg,,2385.448,2385.475,-0.009000000000014552,0.0033333333333333335,inv,0.0,False
2024-05-17,1,fvg,,2384.828,2384.6353140749843,-0.06422864167188891,0.0033333333333333335,sl,0.0,False
2024-05-17,1,fvg,,2384.975,2385.842086662569,0.28902888752296957,0.0033333333333333335,tp,258.0,False
2024-05-17,-1,ifvg,,2386.3615,2386.1365,0.07499999999996969,0.0033333333333333335,tp,31.0,False
2024-05-17,-1,ifvg,,2386.238,2385.7923303929424,0.14855653568580846,0.0033333333333333335,tp,42.0,False
2024-05-17,-1,ifvg,,2386.395,2386.505,-0.03666666666670911,0.0033333333333333335,inv,0.0,False
2024-05-17,-1,ifvg,,2386.745,2386.765,-0.006666666666660603,0.0033333333333333335,inv,0.0,False
2024-05-17,-1,ifvg,,2386.64,2386.765,-0.04166666666666667,0.0033333333333333335,inv,0.0,False
2024-05-17,-1,ifvg,,2386.535,2386.765,-0.07666666666667273,0.0033333333333333335,inv,0.0,False
2024-05-17,1,fvg,,2396.285,2395.8564285714283,-0.14285714285718618,0.0033333333333333335,sl,0.0,False
2024-05-17,1,fvg,,2395.915,2396.3971428571426,0.16071428571422078,0.0033333333333333335,tp,1.0,False
2024-05-17,-1,ifvg,,2398.848,2399.1931211525866,-0.11504038419555702,0.0033333333333333335,sl,0.0,False
2024-05-17,-1,ifvg,,2399.1115,2399.2840605762935,-0.05752019209785431,0.0033333333333333335,sl,2.0,False
2024-05-17,-1,ifvg,,2399.315,2399.415,-0.03333333333330302,0.0033333333333333335,sl,1.0,False
2024-05-17,-1,inv,,2401.095,2401.228,-0.13300000000026557,0.01,inv,1.0,True
2024-05-17,1,ifvg,,2401.035,2401.3346148202495,0.09987160674988142,0.0033333333333333335,tp,3.0,False
2024-05-17,1,ifvg,,2401.208,2401.8072296404994,0.19974321349976285,0.0033333333333333335,tp,6.0,False
2024-05-17,1,ifvg,,2400.935,2400.825,-0.03666666666670911,0.0033333333333333335,inv,0.0,False
2024-05-17,-1,ifvg,,2402.015,2401.7046551724134,0.10344827586216829,0.0033333333333333335,tp,4.0,False
2024-05-17,-1,ifvg,,2402.085,2402.185,-0.03333333333330302,0.0033333333333333335,sl,3.0,False
2024-05-17,-1,ifvg,,2402.175,2401.9500000000003,0.07499999999996969,0.0033333333333333335,tp,2.0,False
2024-05-17,1,fvg,,2406.025,2405.674350649351,-0.11688311688309719,0.0033333333333333335,sl,28.0,False
2024-05-17,1,fvg,,2405.755,2406.1494805194807,0.13149350649352226,0.0033333333333333335,tp,27.0,False
2024-05-17,-1,fvg,,2407.4714999999997,2407.1426783439483,0.10960721868377733,0.0033333333333333335,tp,3.0,False
2024-05-17,1,ifvg,,2406.8865,2407.130528974158,0.08134299138600909,0.0033333333333333335,tp,9.0,False
2024-05-17,1,ifvg,,2407.025,2407.5130579483166,0.16268598277216975,0.0033333333333333335,tp,25.0,False
2024-05-17,-1,fvg,,2407.265,2407.5572859164895,-0.09742863882987271,0.0033333333333333335,sl,78.0,False
2024-05-17,-1,fvg,,2407.605,2407.705,-0.03333333333330302,0.0033333333333333335,sl,0.0,False
2024-05-17,1,ifvg,,2408.9629999999997,2409.1879999999996,0.07499999999996969,0.0033333333333333335,tp,18.0,False
2024-05-17,1,ifvg,,2409.048,2409.374923076922,0.10897435897413744,0.0033333333333333335,tp,49.0,False
2024-05-17,1,fvg,,2409.878,2410.489252731246,0.20375091041523774,0.0033333333333333335,tp,101.0,False
2024-05-17,1,fvg,,2411.058,2411.4017499999995,0.11458333333318177,0.0033333333333333335,tp,18.0,False
2024-05-17,1,fvg,,2411.215,2411.9025,0.22916666666666666,0.0033333333333333335,tp,32.0,False
2024-05-17,-1,ifvg,,2411.48,2411.6398639455783,-0.05328798185943621,0.0033333333333333335,sl,0.0,False
2024-05-17,-1,ifvg,,2411.245,2411.5647278911565,-0.10657596371887242,0.0033333333333333335,sl,0.0,False
2024-05-17,-1,ifvg,,2411.684,2411.784,-0.03333333333330302,0.0033333333333333335,sl,2.0,False
2024-05-17,-1,ifvg,,2413.0150000000003,2413.1473529411765,-0.04411764705870762,0.0033333333333333335,sl,0.0,False
2024-05-17,-1,ifvg,,2412.835,2413.099705882353,-0.0882352941177184,0.0033333333333333335,sl,0.0,False
2024-05-17,-1,ifvg,,2413.195,2412.9700000000003,0.07499999999996969,0.0033333333333333335,tp,10.0,False
2024-05-17,-1,ifvg,,2414.3199999999997,2414.415,-0.03166666666675155,0.0033333333333333335,inv,15.0,False
2024-05-17,-1,ifvg,,2414.245,2414.415,-0.05666666666669092,0.0033333333333333335,inv,15.0,False
2024-05-17,-1,ifvg,,2414.395,2414.415,-0.006666666666660603,0.0033333333333333335,inv,0.0,False
2024-05-17,-1,ifvg,,2415.045,2415.065,-0.006666666666660603,0.0033333333333333335,inv,0.0,False
2024-05-17,-1,ifvg,,2414.94,2415.065,-0.04166666666666667,0.0033333333333333335,inv,0.0,False
2024-05-17,-1,ifvg,,2414.835,2415.065,-0.07666666666667273,0.0033333333333333335,inv,0.0,False
2024-05-17,-1,ifvg,,2415.435,2415.195826771653,0.07972440944892394,0.0033333333333333335,tp,42.0,False
2024-05-17,-1,ifvg,,2415.338,2415.628,-0.09666666666665455,0.0033333333333333335,inv,207.0,False
2024-05-17,-1,ifvg,,2415.568,2415.628,-0.01999999999998181,0.0033333333333333335,inv,0.0,False
2024-05-17,1,ifvg,,2415.805,2415.6923114463175,-0.037562851227448846,0.0033333333333333335,sl,0.0,False
2024-05-17,1,ifvg,,2415.678,2415.903,0.07499999999996969,0.0033333333333333335,tp,10.0,False
2024-05-17,1,ifvg,,2415.7415,2415.6415,-0.03333333333330302,0.0033333333333333335,sl,11.0,False
2024-05-17,-1,ifvg,,2413.598,2413.795,-0.06566666666670548,0.0033333333333333335,inv,0.0,False
2024-05-17,-1,ifvg,,2413.598,2413.795,-0.06566666666670548,0.0033333333333333335,inv,0.0,False
2024-05-17,-1,ifvg,,2413.598,2413.795,-0.06566666666670548,0.0033333333333333335,inv,0.0,False
2024-05-17,1,ifvg,,2414.685,2414.556839581517,-0.04272013949427371,0.0033333333333333335,sl,0.0,False
2024-05-17,1,ifvg,,2414.6115,2414.5115,-0.03333333333330302,0.0033333333333333335,sl,6.0,False
2024-05-17,1,ifvg,,2414.538,2414.438,-0.03333333333330302,0.0033333333333333335,sl,19.0,False
2024-05-24,1,ifvg,,2327.365,2327.345,-0.006666666666660603,0.0033333333333333335,inv,0.0,False
2024-05-24,1,ifvg,,2327.515,2327.345,-0.05666666666669092,0.0033333333333333335,inv,0.0,False
2024-05-24,1,ifvg,,2327.665,2327.345,-0.10666666666672125,0.0033333333333333335,inv,0.0,False
2024-05-24,-1,inv,,2327.185,2327.685,-0.5,0.01,inv,88.0,True
2024-05-24,1,fvg,,2329.095,2330.0809550561794,0.3286516853931971,0.0033333333333333335,tp,67.0,False
2024-05-24,1,fvg,,2328.705,2329.1979775280897,0.16432584269659856,0.0033333333333333335,tp,70.0,False
2024-05-24,1,fvg,,2329.528,2329.2458750897345,-0.09404163675511276,0.0033333333333333335,sl,42.0,False
2024-05-24,1,fvg,,2329.3315000000002,2329.1904375448676,-0.04702081837755638,0.0033333333333333335,sl,0.0,False
2024-05-24,1,fvg,,2329.195,2329.42,0.07499999999996969,0.0033333333333333335,tp,12.0,False
2024-05-24,-1,ifvg,,2330.4515,2330.5515,-0.03333333333330302,0.0033333333333333335,sl,0.0,False
2024-05-24,-1,ifvg,,2330.328,2330.526075380914,-0.066025126971302,0.0033333333333333335,sl,0.0,False
2024-05-24,-1,ifvg,,2330.575,2330.35,0.07499999999996969,0.0033333333333333335,tp,10.0,False
2024-05-24,1,fvg,,2331.868,2332.5368334504565,0.22294448348551063,0.0033333333333333335,tp,60.0,False
2024-05-24,-1,ifvg,,2344.068,2344.088,-0.006666666666660603,0.0033333333333333335,inv,0.0,False
2024-05-24,-1,ifvg,,2343.9930000000004,2344.088,-0.03166666666659997,0.0033333333333333335,inv,0.0,False
2024-05-24,-1,ifvg,,2343.918,2344.088,-0.05666666666669092,0.0033333333333333335,inv,0.0,False
2024-05-24,1,inv,,2344.388,2344.138,-0.25,0.01,inv,26.0,True
2024-05-24,-1,ifvg,,2344.415,2343.869896907216,0.18170103092794912,0.0033333333333333335,tp,28.0,False
2024-05-24,-1,ifvg,,2344.158,2343.0677938144327,0.3634020618557467,0.0033333333333333335,tp,74.0,False
2024-05-24,-1,fvg,,2342.135,2342.7148319327734,-0.1932773109244105,0.0033333333333333335,sl,11.0,False
2024-05-24,-1,fvg,,2342.615,2342.9049159663864,-0.09663865546220525,0.0033333333333333335,sl,0.0,False
2024-05-24,1,ifvg,,2342.035,2342.015,-0.006666666666660603,0.0033333333333333335,inv,0.0,False
2024-05-24,1,ifvg,,2342.09,2342.015,-0.02500000000009095,0.0033333333333333335,inv,0.0,False
2024-05-24,1,ifvg,,2342.145,2342.015,-0.043333333333369715,0.0033333333333333335,inv,0.0,False
2024-05-24,-1,fvg,,2340.505,2341.106593625498,-0.20053120849934203,0.0033333333333333335,sl,104.0,False
2024-05-24,-1,fvg,,2341.125,2340.448207171315,0.22559760956164612,0.0033333333333333335,tp,46.0,False
2024-05-24,-1,fvg,,2334.968,2334.409729323308,0.1860902255639303,0.0033333333333333335,tp,60.0,False
2024-05-24,1,fvg,,2332.965,2333.523270676692,0.1860902255639303,0.0033333333333333335,tp,181.0,False
2024-05-24,1,fvg,,2332.8,2332.6759398496242,-0.04135338345865118,0.0033333333333333335,sl,28.0,False
2024-05-24,1,fvg,,2334.398,2333.9629717514126,-0.14500941619583804,0.0033333333333333335,sl,123.0,False
2024-05-24,1,fvg,,2334.108,2333.8904858757064,-0.07250470809791902,0.0033333333333333335,sl,1338.0,False
2024-05-24,1,fvg,,2333.628,2333.5280000000002,-0.03333333333330302,0.0033333333333333335,sl,18.0,False
2024-05-31,-1,ifvg,,2338.665,2338.836052631579,-0.0570175438597289,0.0033333333333333335,sl,0.0,False
2024-05-31,-1,ifvg,,2338.405,2338.747105263158,-0.11403508771930623,0.0033333333333333335,sl,0.0,False
2024-05-31,-1,ifvg,,2338.925,2339.025,-0.03333333333330302,0.0033333333333333335,sl,16.0,False
2024-05-31,-1,ifvg,,2342.435,2342.605,-0.05666666666669092,0.0033333333333333335,inv,9.0,False
2024-05-31,-1,ifvg,,2342.285,2342.605,-0.10666666666672125,0.0033333333333333335,inv,9.0,False
2024-05-31,-1,ifvg,,2342.565,2342.605,-0.013333333333321207,0.0033333333333333335,inv,3.0,False
2024-05-31,1,inv,,2342.525,2343.0650000000005,0.5400000000004184,0.01,tp,44.0,True
2024-05-31,1,ifvg,,2355.92,2355.807596899225,-0.03746770025842731,0.0033333333333333335,sl,1.0,False
2024-05-31,1,ifvg,,2356.065,2355.8401937984495,-0.07493540051685461,0.0033333333333333335,sl,1.0,False
2024-05-31,1,ifvg,,2355.795,2356.02,0.07499999999996969,0.0033333333333333335,tp,9.0,False
2024-05-31,1,ifvg,,2355.335,2355.202647058824,-0.04411764705870762,0.0033333333333333335,sl,0.0,False
2024-05-31,1,ifvg,,2355.465,2355.200294117647,-0.0882352941177184,0.0033333333333333335,sl,0.0,False
2024-05-31,1,ifvg,,2355.105,2355.005,-0.03333333333330302,0.0033333333333333335,sl,0.0,False
2024-05-31,-1,ifvg,,2348.675,2348.796212121212,-0.04040404040400366,0.0033333333333333335,sl,0.0,False
2024-05-31,-1,ifvg,,2348.515,2348.7574242424243,-0.0808080808081589,0.0033333333333333335,sl,0.0,False
2024-05-31,-1,ifvg,,2348.755,2348.4625,0.09750000000000607,0.0033333333333333335,tp,4.0,False
2024-05-31,-1,ifvg,,2344.125,2344.5038819875776,-0.1262939958592142,0.0033333333333333335,sl,0.0,False
2024-05-31,-1,ifvg,,2344.4300000000003,2344.619440993789,-0.06314699792953131,0.0033333333333333335,sl,2.0,False
2024-05-31,-1,ifvg,,2344.555,2344.6549999999997,-0.03333333333330302,0.0033333333333333335,sl,0.0,False
2024-05-31,-1,ifvg,,2345.575,2345.8497747747747,-0.091591591591623,0.0033333333333333335,sl,0.0,False
2024-05-31,-1,ifvg,,2344.965,2345.5145495495494,-0.18318318318309443,0.0033333333333333335,sl,0.0,False
2024-05-31,-1,fvg,,2342.855,2341.605,0.4166666666666667,0.0033333333333333335,tp,37.0,False
2024-05-31,-1,fvg,,2343.385,2343.662777777778,-0.09259259259260945,0.0033333333333333335,sl,2.0,False
2024-05-31,-1,ifvg,,2341.955,2342.055,-0.03333333333330302,0.0033333333333333335,sl,0.0,False
2024-05-31,-1,ifvg,,2341.685,2341.8603246753246,-0.058441558441548594,0.0033333333333333335,sl,0.0,False
2024-05-31,-1,ifvg,,2341.415,2341.7656493506493,-0.11688311688309719,0.0033333333333333335,sl,0.0,False
2024-05-31,-1,fvg,,2340.715,2340.9797058823533,-0.0882352941177184,0.0033333333333333335,sl,8.0,False
2024-05-31,-1,fvg,,2340.915,2341.0473529411765,-0.0441176470588592,0.0033333333333333335,sl,6.0,False
2024-05-31,-1,fvg,,2341.175,2340.9500000000003,0.07499999999996969,0.0033333333333333335,tp,5.0,False
2024-05-31,-1,fvg,,2337.765,2337.9208843771507,-0.051961459050289704,0.0033333333333333335,sl,1.0,False
2024-05-31,-1,fvg,,2337.615,2337.9267687543015,-0.10392291810057941,0.0033333333333333335,sl,1.0,False
2024-05-31,-1,fvg,,2337.855,2337.955,-0.03333333333330302,0.0033333333333333335,sl,0.0,False
2024-05-31,-1,fvg,,2335.285,2335.7948039215685,-0.16993464052287285,0.0033333333333333335,sl,39.0,False
2024-05-31,-1,fvg,,2335.825,2335.251470588235,0.1911764705882888,0.0033333333333333335,tp,22.0,False
2024-05-31,1,ifvg,,2331.715,2331.6150000000002,-0.03333333333330302,0.0033333333333333335,sl,1.0,False
2024-05-31,1,ifvg,,2331.665,2331.565,-0.03333333333330302,0.0033333333333333335,sl,0.0,False
2024-05-31,1,ifvg,,2331.634,2331.859,0.07499999999996969,0.0033333333333333335,tp,7.0,False
2024-05-31,-1,fvg,,2336.455,2336.555,-0.03333333333330302,0.0033333333333333335,sl,2.0,False
2024-05-31,-1,fvg,,2333.605,2332.8929357484617,0.23735475051277413,0.0033333333333333335,tp,41.0,False
2024-05-31,1,ifvg,,2329.535,2329.515,-0.006666666666660603,0.0033333333333333335,inv,0.0,False
2024-05-31,1,ifvg,,2329.9449999999997,2329.515,-0.14333333333327877,0.0033333333333333335,inv,0.0,False
2024-05-31,1,ifvg,,2330.355,2329.515,-0.28000000000004854,0.0033333333333333335,inv,0.0,False
2024-05-31,-1,inv,,2329.478,2328.002,1.4760000000001128,0.01,tp,131.0,True
2024-05-31,1,ifvg,,2326.905,2327.13,0.07499999999996969,0.0033333333333333335,tp,2.0,False
2024-05-31,1,ifvg,,2327.0150000000003,2327.2400000000002,0.07499999999996969,0.0033333333333333335,tp,2.0,False
2024-05-31,1,ifvg,,2327.125,2326.885,-0.07999999999992724,0.0033333333333333335,inv,14.0,False
2024-05-31,-1,ifvg,,2321.455,2321.5978571428573,-0.047619047619112585,0.0033333333333333335,sl,0.0,False
2024-05-31,-1,ifvg,,2321.255,2321.5407142857143,-0.09523809523807358,0.0033333333333333335,sl,0.0,False
2024-05-31,-1,ifvg,,2321.635,2321.735,-0.03333333333330302,0.0033333333333333335,sl,19.0,False
2024-05-31,-1,ifvg,,2328.075,2328.095,-0.006666666666660603,0.0033333333333333335,inv,0.0,False
2024-05-31,-1,ifvg,,2327.855,2328.095,-0.07999999999992724,0.0033333333333333335,inv,0.0,False
2024-05-31,-1,ifvg,,2327.635,2328.095,-0.15333333333319388,0.0033333333333333335,inv,0.0,False
2024-05-31,1,inv,,2328.148,2327.6150000000002,-0.5329999999999018,0.01,inv,72.0,True
2024-05-31,1,ifvg,,2329.205,2329.43,0.07499999999996969,0.0033333333333333335,tp,4.0,False
2024-05-31,1,ifvg,,2329.305,2329.1383333333333,-0.05555555555550503,0.0033333333333333335,sl,34.0,False
2024-05-31,1,ifvg,,2329.125,2329.35,0.07499999999996969,0.0033333333333333335,tp,114.0,False
2024-06-11,1,ifvg,,2298.688,2298.668,-0.006666666666660603,0.0033333333333333335,inv,0.0,False
2024-06-11,1,ifvg,,2298.8514999999998,2298.668,-0.06116666666654662,0.0033333333333333335,inv,0.0,False
2024-06-11,1,ifvg,,2299.015,2298.668,-0.1156666666665842,0.0033333333333333335,inv,0.0,False
2024-06-11,-1,inv,,2298.645,2299.035,-0.38999999999987267,0.01,inv,41.0,True
2024-06-11,-1,ifvg,,2302.3599999999997,2302.4783206106868,-0.03944020356235948,0.0033333333333333335,sl,0.0,False
2024-06-11,-1,ifvg,,2302.205,2302.441641221374,-0.07888040712471896,0.0033333333333333335,sl,0.0,False
2024-06-11,-1,ifvg,,2302.515,2302.29,0.07499999999996969,0.0033333333333333335,tp,8.0,False
2024-06-11,-1,fvg,,2302.645,2303.0800282485875,-0.14500941619583804,0.0033333333333333335,sl,278.0,False
2024-06-11,-1,fvg,,2302.834,2303.0515141242936,-0.07250470809791902,0.0033333333333333335,sl,0.0,False
2024-06-11,-1,fvg,,2303.385,2303.485,-0.03333333333330302,0.0033333333333333335,sl,2.0,False
2024-06-11,-1,ifvg,,2305.035,2305.1877777777777,-0.05092592592594277,0.0033333333333333335,sl,0.0,False
2024-06-11,-1,ifvg,,2304.815,2305.1205555555557,-0.10185185185188554,0.0033333333333333335,sl,0.0,False
2024-06-11,-1,ifvg,,2305.185,2305.285,-0.03333333333330302,0.0033333333333333335,sl,0.0,False
2024-06-11,-1,fvg,,2317.755,2317.241413043478,0.17119565217399213,0.0033333333333333335,tp,1.0,False
2024-06-11,-1,ifvg,,2316.955,2317.055,-0.03333333333330302,0.0033333333333333335,sl,0.0,False
2024-06-11,-1,ifvg,,2316.955,2317.055,-0.03333333333330302,0.0033333333333333335,sl,0.0,False
2024-06-11,-1,ifvg,,2316.955,2317.114663865546,-0.05322128851533611,0.0033333333333333335,sl,0.0,False
2024-06-11,-1,fvg,,2317.335,2316.3078260869565,0.3423913043478327,0.0033333333333333335,tp,20.0,False
2024-06-11,-1,ifvg,,2307.23,2307.33,-0.03333333333330302,0.0033333333333333335,sl,0.0,False
2024-06-11,-1,ifvg,,2307.165,2307.280044247788,-0.03834808259595472,0.0033333333333333335,sl,0.0,False
2024-06-11,-1,ifvg,,2307.295,2307.07,0.07499999999996969,0.0033333333333333335,tp,1.0,False
2024-06-11,-1,ifvg,,2306.045,2306.1521428571427,-0.03571428571422076,0.0033333333333333335,sl,0.0,False
2024-06-11,-1,ifvg,,2306.165,2305.94,0.07499999999996969,0.0033333333333333335,tp,5.0,False
2024-06-11,-1,ifvg,,2306.105,2305.88,0.07499999999996969,0.0033333333333333335,tp,8.0,False
2024-06-11,-1,ifvg,,2306.588,2306.688,-0.03333333333330302,0.0033333333333333335,sl,6.0,False
2024-06-11,-1,ifvg,,2306.495,2306.6546638655464,-0.05322128851548769,0.0033333333333333335,sl,6.0,False
2024-06-11,-1,ifvg,,2306.555,2306.6549999999997,-0.03333333333330302,0.0033333333333333335,sl,0.0,False
2024-06-11,1,ifvg,,2308.065,2308.045,-0.006666666666660603,0.0033333333333333335,inv,21.0,False
2024-06-11,1,ifvg,,2308.125,2308.045,-0.026666666666642413,0.0033333333333333335,inv,21.0,False
2024-06-11,1,ifvg,,2308.185,2308.045,-0.046666666666624224,0.0033333333333333335,inv,21.0,False
2024-06-11,-1,ifvg,,2309.25,2309.35,-0.03333333333330302,0.0033333333333333335,sl,1.0,False
2024-06-11,-1,ifvg,,2309.175,2309.3054347826087,-0.04347826086950591,0.0033333333333333335,sl,1.0,False
2024-06-11,-1,ifvg,,2309.325,2309.1,0.07499999999996969,0.0033333333333333335,tp,10.0,False
2024-06-11,-1,fvg,,2309.488,2309.977795918367,-0.16326530612241186,0.0033333333333333335,sl,396.0,False
2024-06-11,-1,fvg,,2309.935,2310.1798979591836,-0.08163265306120593,0.0033333333333333335,sl,254.0,False
2024-06-11,-1,fvg,,2310.448,2310.548,-0.03333333333330302,0.0033333333333333335,sl,36.0,False
2024-06-11,-1,ifvg,,2311.115,2311.1349999999998,-0.006666666666660603,0.0033333333333333335,inv,0.0,False
2024-06-11,-1,ifvg,,2311.01,2311.1349999999998,-0.041666666666515084,0.0033333333333333335,inv,0.0,False
2024-06-11,-1,ifvg,,2310.905,2311.1349999999998,-0.07666666666652115,0.0033333333333333335,inv,0.0,False
2024-06-11,-1,ifvg,,2312.388,2312.545,-0.05233333333338427,0.0033333333333333335,inv,10.0,False
2024-06-11,-1,ifvg,,2312.4565000000002,2312.545,-0.029499999999946642,0.0033333333333333335,inv,1.0,False
2024-06-11,-1,ifvg,,2312.525,2312.545,-0.006666666666660603,0.0033333333333333335,inv,0.0,False
2024-06-11,-1,fvg,,2313.518,2313.77005684368,-0.0840189478932795,0.0033333333333333335,sl,13.0,False
2024-06-11,-1,fvg,,2313.6865,2313.81252842184,-0.04200947394671554,0.0033333333333333335,sl,0.0,False
2024-06-11,-1,fvg,,2313.835,2313.935,-0.03333333333330302,0.0033333333333333335,sl,10.0,False
2024-06-11,-1,ifvg,,2314.248,2314.4649146436964,-0.07230488123210914,0.0033333333333333335,sl,0.0,False
2024-06-11,-1,ifvg,,2314.3865,2314.142471025842,0.08134299138600909,0.0033333333333333335,tp,10.0,False
2024-06-11,-1,ifvg,,2314.115,2314.2149999999997,-0.03333333333330302,0.0033333333333333335,sl,0.0,False
2024-06-11,-1,fvg,,2314.645,2315.0425903614455,-0.1325301204818364,0.0033333333333333335,sl,74.0,False
2024-06-11,-1,fvg,,2315.088,2315.008,0.026666666666793997,0.0033333333333333335,eod,240.0,False
2024-06-18,1,ifvg,,2308.77,2308.645,-0.04166666666666667,0.0033333333333333335,inv,4.0,False
2024-06-18,1,ifvg,,2308.875,2308.645,-0.07666666666667273,0.0033333333333333335,inv,4.0,False
2024-06-18,1,ifvg,,2308.665,2308.645,-0.006666666666660603,0.0033333333333333335,inv,0.0,False
2024-06-18,-1,fvg,,2308.055,2308.3142592592594,-0.08641975308652643,0.0033333333333333335,sl,16.0,False
2024-06-18,-1,fvg,,2308.23,2307.938333333333,0.0972222222223233,0.0033333333333333335,tp,30.0,False
2024-06-18,-1,fvg,,2308.368,2308.468,-0.03333333333330302,0.0033333333333333335,sl,9.0,False
2024-06-18,-1,ifvg,,2309.605,2309.3461504424777,0.08628318584078444,0.0033333333333333335,tp,5.0,False
2024-06-18,-1,ifvg,,2309.675,2309.755,-0.026666666666642413,0.0033333333333333335,inv,0.0,False
2024-06-18,-1,ifvg,,2309.67,2309.755,-0.02833333333334546,0.0033333333333333335,inv,0.0,False
2024-06-18,1,ifvg,,2315.405,2315.385,-0.006666666666660603,0.0033333333333333335,inv,0.0,False
2024-06-18,1,ifvg,,2315.905,2315.385,-0.1733333333333273,0.0033333333333333335,inv,0.0,False
2024-06-18,1,ifvg,,2316.405,2315.385,-0.339999999999994,0.0033333333333333335,inv,0.0,False
2024-06-18,1,ifvg,,2314.825,2314.385,-0.1466666666665333,0.0033333333333333335,inv,3.0,False
2024-06-18,1,ifvg,,2315.245,2314.385,-0.28666666666655755,0.0033333333333333335,inv,3.0,False
2024-06-18,1,ifvg,,2314.625,2314.385,-0.07999999999992724,0.0033333333333333335,inv,0.0,False
2024-06-18,-1,inv,,2314.714,2315.265,-0.5509999999999309,0.01,inv,11.0,True
2024-06-18,-1,inv,,2315.235,2316.425,-1.1900000000000546,0.01,inv,24.0,True
2024-06-18,-1,ifvg,,2318.575,2318.6843750000003,-0.036458333333484916,0.0033333333333333335,sl,0.0,False
2024-06-18,-1,ifvg,,2318.435,2318.65375,-0.07291666666666667,0.0033333333333333335,sl,0.0,False
2024-06-18,-1,ifvg,,2318.715,2318.815,-0.03333333333330302,0.0033333333333333335,sl,2.0,False
2024-06-18,1,ifvg,,2324.965,2324.785,-0.06000000000009702,0.0033333333333333335,inv,2.0,False
2024-06-18,1,ifvg,,2324.945,2324.785,-0.053333333333436414,0.0033333333333333335,inv,0.0,False
2024-06-18,1,ifvg,,2324.945,2324.785,-0.053333333333436414,0.0033333333333333335,inv,0.0,False
2024-06-18,1,ifvg,,2323.975,2323.795,-0.05999999999994544,0.0033333333333333335,inv,0.0,False
2024-06-18,1,ifvg,,2323.975,2323.795,-0.05999999999994544,0.0033333333333333335,inv,0.0,False
2024-06-18,1,ifvg,,2323.975,2323.795,-0.05999999999994544,0.0033333333333333335,inv,0.0,False
2024-06-18,1,ifvg,,2324.608,2324.312225352113,-0.09859154929578533,0.0033333333333333335,sl,0.0,False
2024-06-18,1,ifvg,,2324.398,2324.2501126760562,-0.04929577464796845,0.0033333333333333335,sl,5.0,False
2024-06-18,1,ifvg,,2324.235,2324.135,-0.03333333333330302,0.0033333333333333335,sl,2.0,False
2024-06-18,-1,fvg,,2325.195,2325.6102046783626,-0.13840155945414762,0.0033333333333333335,sl,22.0,False
2024-06-18,-1,fvg,,2325.565,2325.097894736842,0.1557017543859729,0.0033333333333333335,tp,7.0,False
2024-06-18,-1,fvg,,2325.915,2326.015,-0.03333333333330302,0.0033333333333333335,sl,9.0,False
2024-06-18,1,ifvg,,2330.8565,2330.7480426781517,-0.03615244061605457,0.0033333333333333335,sl,0.0,False
2024-06-18,1,ifvg,,2330.995,2330.7780853563036,-0.07230488123210914,0.0033333333333333335,sl,0.0,False
2024-06-18,1,ifvg,,2330.725,2330.625,-0.03333333333330302,0.0033333333333333335,sl,4.0,False
2024-06-18,-1,fvg,,2330.098,2329.5183786191533,0.19320712694889153,0.0033333333333333335,tp,118.0,False
2024-06-18,-1,fvg,,2330.258,2330.386804751299,-0.0429349170998042,0.0033333333333333335,sl,19.0,False
2024-06-18,-1,fvg,,2330.398,2330.498,-0.03333333333330302,0.0033333333333333335,sl,1.0,False
2024-06-18,1,ifvg,,2329.855,2329.750255147717,-0.03491495076104912,0.0033333333333333335,sl,1.0,False
2024-06-18,1,ifvg,,2329.818,2329.7180000000003,-0.03333333333330302,0.0033333333333333335,sl,0.0,False
2024-06-18,1,ifvg,,2329.818,2329.7180000000003,-0.03333333333330302,0.0033333333333333335,sl,0.0,False
2024-06-18,1,ifvg,,2329.493,2329.308,-0.06166666666664848,0.0033333333333333335,inv,6.0,False
2024-06-18,1,ifvg,,2329.658,2329.308,-0.11666666666663636,0.0033333333333333335,inv,6.0,False
2024-06-18,1,ifvg,,2329.408,2329.308,-0.03333333333330302,0.0033333333333333335,inv,0.0,False
2024-06-18,-1,inv,,2329.358,2328.764,0.5940000000000509,0.01,tp,25.0,True
2024-06-18,1,fvg,,2328.734,2328.4482857142857,-0.09523809523807358,0.0033333333333333335,sl,110.0,False
2024-06-18,1,fvg,,2328.5339999999997,2328.855428571428,0.10714285714281385,0.0033333333333333335,tp,534.0,False
2024-06-18,1,fvg,,2328.504,2328.404,-0.03333333333330302,0.0033333333333333335,sl,0.0,False
2024-06-24,-1,fvg,,2318.178,2318.4533623188404,-0.09178743961350241,0.0033333333333333335,sl,25.0,False
2024-06-24,-1,fvg,,2318.368,2318.5056811594204,-0.045893719806827,0.0033333333333333335,sl,11.0,False
2024-06-24,-1,fvg,,2318.448,2318.548,-0.03333333333330302,0.0033333333333333335,sl,0.0,False
2024-06-24,1,fvg,,2319.375,2320.1826923076924,0.26923076923079253,0.0033333333333333335,tp,150.0,False
2024-06-24,1,fvg,,2319.0950000000003,2318.915512820513,-0.059829059829098696,0.0033333333333333335,sl,6.0,False
2024-06-24,-1,ifvg,,2320.1215,2319.8706258741267,0.08362470862448391,0.0033333333333333335,tp,11.0,False
2024-06-24,-1,ifvg,,2319.978,2320.285,-0.10233333333326301,0.0033333333333333335,inv,37.0,False
2024-06-24,-1,ifvg,,2319.828,2320.285,-0.15233333333329332,0.0033333333333333335,inv,0.0,False
2024-06-24,-1,fvg,,2320.445,2320.82,-0.125,0.0033333333333333335,sl,204.0,False
2024-06-24,-1,fvg,,2320.745,2320.9325,-0.0625,0.0033333333333333335,sl,315.0,False
2024-06-24,-1,fvg,,2321.008,2320.783,0.07499999999996969,0.0033333333333333335,tp,26.0,False
2024-06-24,-1,ifvg,,2321.62,2321.83098265896,-0.0703275529866308,0.0033333333333333335,sl,0.0,False
2024-06-24,-1,ifvg,,2321.255,2321.676965317919,-0.14065510597295847,0.0033333333333333335,sl,0.0,False
2024-06-24,-1,ifvg,,2321.985,2322.085,-0.03333333333330302,0.0033333333333333335,sl,2.0,False
2024-06-24,1,fvg,,2324.075,2324.7292553191487,0.2180851063829626,0.0033333333333333335,tp,74.0,False
2024-06-24,1,ifvg,,2325.745,2326.3158955223876,0.1902985074625576,0.0033333333333333335,tp,129.0,False
2024-06-24,1,ifvg,,2325.575,2325.8604477611934,0.09514925373120302,0.0033333333333333335,tp,13.0,False
2024-06-24,1,ifvg,,2327.145,2327.045,-0.03333333333330302,0.0033333333333333335,sl,0.0,False
2024-06-24,1,ifvg,,2327.145,2327.045,-0.03333333333330302,0.0033333333333333335,sl,0.0,False
2024-06-24,1,ifvg,,2327.178,2327.076472596586,-0.03384246780463703,0.0033333333333333335,sl,0.0,False
2024-06-24,-1,ifvg,,2328.4449999999997,2328.5449999999996,-0.03333333333330302,0.0033333333333333335,sl,0.0,False
2024-06-24,-1,ifvg,,2328.345,2328.5116666666668,-0.05555555555565661,0.0033333333333333335,sl,0.0,False
2024-06-24,-1,ifvg,,2328.545,2328.645,-0.03333333333330302,0.0033333333333333335,sl,23.0,False
2024-06-24,1,ifvg,,2329.158,2329.402028974158,0.08134299138600909,0.0033333333333333335,tp,13.0,False
2024-06-24,1,ifvg,,2329.275,2328.978,-0.0990000000000085,0.0033333333333333335,inv,113.0,False
2024-06-24,1,ifvg,,2329.045,2328.978,-0.02233333333333576,0.0033333333333333335,inv,0.0,False
2024-06-24,1,ifvg,,2330.525,2330.2459805335257,-0.09300648882481255,0.0033333333333333335,sl,0.0,False
2024-06-24,1,ifvg,,2330.3315000000002,2330.191990266763,-0.04650324441248207,0.0033333333333333335,sl,2.0,False
2024-06-24,1,ifvg,,2330.145,2330.37,0.07499999999996969,0.0033333333333333335,tp,15.0,False
2024-06-24,-1,ifvg,,2334.083,2333.858,0.07499999999996969,0.0033333333333333335,tp,34.0,False
2024-06-24,-1,ifvg,,2333.998,2333.6710769230767,0.1089743589744406,0.0033333333333333335,tp,38.0,False
2024-06-24,-1,ifvg,,2331.308,2331.581783587509,-0.09126119583637167,0.0033333333333333335,sl,1.0,False
2024-06-24,-1,ifvg,,2331.4965,2331.6333917937545,-0.04563059791811005,0.0033333333333333335,sl,3.0,False
2024-06-24,-1,ifvg,,2331.605,2331.705,-0.03333333333330302,0.0033333333333333335,sl,0.0,False
2024-06-24,1,fvg,,2333.444,2333.291947112039,-0.050684295986987614,0.0033333333333333335,sl,0.0,False
2024-06-24,1,fvg,,2333.555,2333.250894224078,-0.10136859197397523,0.0033333333333333335,sl,719.0,False
2024-06-24,1,fvg,,2333.175,2333.0750000000003,-0.03333333333330302,0.0033333333333333335,sl,0.0,False
2024-06-24,1,ifvg,,2333.175,2333.0750000000003,-0.03333333333330302,0.0033333333333333335,sl,120.0,False
2024-06-24,1,ifvg,,2333.134,2333.034,-0.03333333333330302,0.0033333333333333335,sl,118.0,False
2024-06-24,1,ifvg,,2333.068,2332.9680000000003,-0.03333333333330302,0.0033333333333333335,sl,101.0,False
2024-06-24,1,ifvg,,2330.725,2330.705,-0.006666666666660603,0.0033333333333333335,inv,0.0,False
2024-06-24,1,ifvg,,2330.875,2330.705,-0.05666666666669092,0.0033333333333333335,inv,0.0,False
2024-06-24,1,ifvg,,2331.025,2330.705,-0.10666666666672125,0.0033333333333333335,inv,0.0,False
2024-06-24,-1,inv,,2330.705,2331.045,-0.3400000000001455,0.01,inv,229.0,True
2024-06-25,-1,fvg,,2335.995,2336.341405228758,-0.1154684095860527,0.0033333333333333335,sl,36.0,False
2024-06-25,-1,fvg,,2336.328,2335.938294117647,0.12990196078438507,0.0033333333333333335,tp,33.0,False
2024-06-25,1,ifvg,,2335.8729999999996,2335.7729999999997,-0.03333333333330302,0.0033333333333333335,sl,0.0,False
2024-06-25,1,ifvg,,2335.988,2335.8010081300813,-0.06233062330617638,0.0033333333333333335,sl,0.0,False
2024-06-25,1,ifvg,,2335.758,2335.658,-0.03333333333330302,0.0033333333333333335,sl,8.0,False
2024-06-25,-1,ifvg,,2335.638,2335.765,-0.04233333333331757,0.0033333333333333335,inv,23.0,False
2024-06-25,-1,ifvg,,2335.598,2335.765,-0.05566666666663878,0.0033333333333333335,inv,0.0,False
2024-06-25,-1,ifvg,,2335.598,2335.765,-0.05566666666663878,0.0033333333333333335,inv,0.0,False
2024-06-25,-1,ifvg,,2333.498,2333.598,-0.03333333333330302,0.0033333333333333335,sl,12.0,False
2024-06-25,-1,ifvg,,2333.428,2333.571101970865,-0.047700656955081897,0.0033333333333333335,sl,12.0,False
2024-06-25,-1,ifvg,,2333.535,2333.6349999999998,-0.03333333333330302,0.0033333333333333335,sl,6.0,False
2024-06-25,1,fvg,,2330.965,2330.8171126760562,-0.04929577464796845,0.0033333333333333335,sl,11.0,False
2024-06-25,1,fvg,,2331.085,2330.7892253521127,-0.09859154929578533,0.0033333333333333335,sl,28.0,False
2024-06-25,1,fvg,,2330.894,2330.794,-0.03333333333330302,0.0033333333333333335,sl,0.0,False
2024-06-25,1,ifvg,,2328.288,2328.135,-0.050999999999930885,0.0033333333333333335,inv,0.0,False
2024-06-25,1,ifvg,,2328.288,2328.135,-0.050999999999930885,0.0033333333333333335,inv,0.0,False
2024-06-25,1,ifvg,,2328.308,2328.135,-0.05766666666659148,0.0033333333333333335,inv,0.0,False
2024-06-25,-1,ifvg,,2329.4764999999998,2329.6185901932713,-0.04736339775718079,0.0033333333333333335,sl,0.0,False
2024-06-25,-1,ifvg,,2329.278,2329.5621803865424,-0.09472679551421001,0.0033333333333333335,sl,0.0,False
2024-06-25,-1,ifvg,,2329.675,2329.4500000000003,0.07499999999996969,0.0033333333333333335,tp,2.0,False
2024-06-25,1,ifvg,,2329.718,2329.695,-0.007666666666561166,0.0033333333333333335,inv,1.0,False
2024-06-25,1,ifvg,,2329.8050000000003,2329.695,-0.03666666666670911,0.0033333333333333335,inv,1.0,False
2024-06-25,1,ifvg,,2329.895,2329.695,-0.06666666666660603,0.0033333333333333335,inv,1.0,False
2024-06-25,-1,ifvg,,2329.115,2328.89,0.07499999999996969,0.0033333333333333335,tp,28.0,False
2024-06-25,-1,ifvg,,2329.155,2329.255,-0.03333333333330302,0.0033333333333333335,sl,2.0,False
2024-06-25,-1,ifvg,,2329.155,2329.255,-0.03333333333330302,0.0033333333333333335,sl,2.0,False
2024-06-25,1,ifvg,,2328.9314999999997,2329.1564999999996,0.07499999999996969,0.0033333333333333335,tp,9.0,False
2024-06-25,1,ifvg,,2329.015,2328.828,-0.06233333333329938,0.0033333333333333335,inv,11.0,False
2024-06-25,1,ifvg,,2328.965,2328.828,-0.045666666666723664,0.0033333333333333335,inv,0.0,False
2024-06-25,-1,ifvg,,2324.825,2324.975,-0.05000000000003031,0.0033333333333333335,inv,2.0,False
2024-06-25,-1,ifvg,,2324.695,2324.975,-0.09333333333324845,0.0033333333333333335,inv,2.0,False
2024-06-25,-1,ifvg,,2324.898,2324.975,-0.025666666666590274,0.0033333333333333335,inv,0.0,False
2024-06-25,-1,ifvg,,2324.2200000000003,2324.3751724137933,-0.05172413793100836,0.0033333333333333335,sl,0.0,False
2024-06-25,-1,ifvg,,2323.995,2324.3053448275864,-0.10344827586216829,0.0033333333333333335,sl,0.0,False
2024-06-25,-1,ifvg,,2324.445,2324.2200000000003,0.07499999999996969,0.0033333333333333335,tp,19.0,False
2024-06-25,-1,ifvg,,2321.558,2321.736307313065,-0.059435771021677894,0.0033333333333333335,sl,0.0,False
2024-06-25,-1,ifvg,,2321.6665000000003,2321.4415000000004,0.07499999999996969,0.0033333333333333335,tp,24.0,False
2024-06-25,-1,ifvg,,2317.135,2317.280299145299,-0.048433048432949974,0.0033333333333333335,sl,0.0,False
2024-06-25,-1,ifvg,,2317.2200000000003,2317.32,-0.03333333333330302,0.0033333333333333335,sl,9.0,False
2024-06-25,-1,ifvg,,2317.305,2317.08,0.07499999999996969,0.0033333333333333335,tp,15.0,False
2024-06-25,1,fvg,,2317.815,2318.334230769231,0.1730769230769814,0.0033333333333333335,tp,182.0,False
2024-06-25,1,ifvg,,2318.148,2317.998,-0.05000000000003031,0.0033333333333333335,inv,2.0,False
2024-06-25,1,ifvg,,2318.278,2317.998,-0.09333333333324845,0.0033333333333333335,inv,2.0,False
2024-06-25,1,ifvg,,2318.018,2317.998,-0.006666666666660603,0.0033333333333333335,inv,0.0,False
2024-06-25,1,fvg,,2319.575,2319.4253854239664,-0.04987152534446675,0.0033333333333333335,sl,0.0,False
2024-06-25,1,fvg,,2318.948,2319.6212655921513,0.22442186405047929,0.0033333333333333335,tp,4552.0,False
2024-06-25,1,ifvg,,2320.9215,2320.7872644476956,-0.04474518410142992,0.0033333333333333335,sl,0.0,False
2024-06-25,1,ifvg,,2321.105,2320.8365288953914,-0.08949036820285984,0.0033333333333333335,sl,0.0,False
2024-06-25,1,ifvg,,2320.785,2320.685,-0.03333333333330302,0.0033333333333333335,sl,3.0,False
2024-06-25,-1,fvg,,2319.075,2319.3947278911564,-0.10657596371887242,0.0033333333333333335,sl,879.0,False
2024-06-25,-1,fvg,,2319.31,2319.4698639455783,-0.05328798185943621,0.0033333333333333335,sl,55.0,False
2024-06-25,-1,fvg,,2319.545,2319.645,-0.03333333333330302,0.0033333333333333335,sl,246.0,False
2024-06-25,1,ifvg,,2319.755,2319.6423114463178,-0.037562851227448846,0.0033333333333333335,sl,11.0,False
2024-06-25,1,ifvg,,2319.6915,2319.9165,0.07499999999996969,0.0033333333333333335,tp,82.0,False
2024-06-25,1,ifvg,,2319.638,2319.863,0.07499999999996969,0.0033333333333333335,tp,58.0,False
2024-06-25,-1,fvg,,2320.348,2320.4983496503496,-0.05011655011655118,0.0033333333333333335,sl,0.0,False
2024-06-25,-1,fvg,,2320.305,2320.605699300699,-0.10023310023310236,0.0033333333333333335,sl,45.0,False
2024-06-25,-1,fvg,,2320.585,2320.685,-0.03333333333330302,0.0033333333333333335,sl,0.0,False
2024-06-26,1,ifvg,,2318.325,2318.225,-0.03333333333330302,0.0033333333333333335,sl,0.0,False
2024-06-26,1,ifvg,,2318.408,2318.298625,-0.036458333333333336,0.0033333333333333335,sl,0.0,False
2024-06-26,1,ifvg,,2318.548,2318.32925,-0.07291666666666667,0.0033333333333333335,sl,0.0,False
2024-06-26,-1,ifvg,,2318.9,2318.675,0.07499999999996969,0.0033333333333333335,tp,44.0,False
2024-06-26,-1,ifvg,,2318.835,2318.5761504424777,0.08628318584078444,0.0033333333333333335,tp,54.0,False
2024-06-26,1,ifvg,,2317.813,2318.038,0.07499999999996969,0.0033333333333333335,tp,4.0,False
2024-06-26,1,ifvg,,2317.878,2317.7629557522123,-0.03834808259595472,0.0033333333333333335,sl,45.0,False
2024-06-26,1,ifvg,,2317.748,2317.648,-0.03333333333330302,0.0033333333333333335,sl,4.0,False
2024-06-26,1,ifvg,,2317.595,2317.4518980291346,-0.047700656955081897,0.0033333333333333335,sl,2.0,False
2024-06-26,1,ifvg,,2317.505,2317.405,-0.03333333333330302,0.0033333333333333335,sl,1.0,False
2024-06-26,1,ifvg,,2317.405,2317.3050000000003,-0.03333333333330302,0.0033333333333333335,sl,1.0,False
2024-06-26,-1,ifvg,,2313.748,2313.876160418483,-0.04272013949427371,0.0033333333333333335,sl,0.0,False
2024-06-26,-1,ifvg,,2313.895,2313.6025,0.09750000000000607,0.0033333333333333335,tp,17.0,False
2024-06-26,-1,ifvg,,2313.8215,2313.529,0.09750000000000607,0.0033333333333333335,tp,20.0,False
2024-06-26,-1,ifvg,,2313.013,2313.113,-0.03333333333330302,0.0033333333333333335,sl,0.0,False
2024-06-26,-1,ifvg,,2312.898,2313.0849918699187,-0.06233062330617638,0.0033333333333333335,sl,0.0,False
2024-06-26,-1,ifvg,,2313.128,2312.9030000000002,0.07499999999996969,0.0033333333333333335,tp,2.0,False
2024-06-26,-1,ifvg,,2310.3064999999997,2310.4724986639944,-0.05533288799824732,0.0033333333333333335,sl,0.0,False
2024-06-26,-1,ifvg,,2310.058,2310.389997327989,-0.11066577599634306,0.0033333333333333335,sl,0.0,False
2024-06-26,-1,ifvg,,2310.555,2310.33,0.07499999999996969,0.0033333333333333335,tp,2.0,False
2024-06-26,1,ifvg,,2311.028,2311.008,-0.006666666666660603,0.0033333333333333335,inv,0.0,False
2024-06-26,1,ifvg,,2311.1065,2311.008,-0.03283333333335274,0.0033333333333333335,inv,0.0,False
2024-06-26,1,ifvg,,2311.185,2311.008,-0.059000000000044864,0.0033333333333333335,inv,0.0,False
2024-06-26,-1,fvg,,2311.434,2310.586743142145,0.2824189526183242,0.0033333333333333335,tp,4.0,False
2024-06-26,-1,ifvg,,2309.6000000000004,2309.817514124294,-0.07250470809791902,0.0033333333333333335,sl,0.0,False
2024-06-26,-1,ifvg,,2309.215,2309.6500282485877,-0.14500941619583804,0.0033333333333333335,sl,0.0,False
2024-06-26,-1,inv,,2303.985,2304.248,-0.26299999999991996,0.01,inv,0.0,True
2024-06-26,1,ifvg,,2304.0765,2303.905,-0.057166666666641205,0.0033333333333333335,inv,4.0,False
2024-06-26,1,ifvg,,2304.228,2303.905,-0.10766666666662181,0.0033333333333333335,inv,4.0,False
2024-06-26,1,ifvg,,2304.085,2303.905,-0.05999999999994544,0.0033333333333333335,inv,1.0,False
2024-06-26,1,ifvg,,2301.945,2301.8450000000003,-0.03333333333330302,0.0033333333333333335,sl,0.0,False
2024-06-26,1,ifvg,,2301.935,2301.835,-0.03333333333330302,0.0033333333333333335,sl,73.0,False
2024-06-26,1,ifvg,,2301.958,2301.858,-0.03333333333330302,0.0033333333333333335,sl,0.0,False
2024-06-26,1,ifvg,,2301.665,2301.5218980291347,-0.047700656955081897,0.0033333333333333335,sl,0.0,False
2024-06-26,1,ifvg,,2301.5815000000002,2301.4815000000003,-0.03333333333330302,0.0033333333333333335,sl,4.0,False
2024-06-26,1,ifvg,,2301.508,2301.408,-0.03333333333330302,0.0033333333333333335,sl,10.0,False
2024-06-26,-1,fvg,,2300.638,2300.0460692704496,0.19731024318343773,0.0033333333333333335,tp,164.0,False
2024-06-26,-1,fvg,,2300.8165,2300.5205346352245,0.09865512159179465,0.0033333333333333335,tp,56.0,False
2024-06-26,-1,fvg,,2300.995,2300.77,0.07499999999996969,0.0033333333333333335,tp,74.0,False
2024-06-26,-1,ifvg,,2298.898,2299.0849918699187,-0.06233062330617638,0.0033333333333333335,sl,0.0,False
2024-06-26,-1,ifvg,,2299.013,2299.113,-0.03333333333330302,0.0033333333333333335,sl,4.0,False
2024-06-26,-1,ifvg,,2299.128,2298.9030000000002,0.07499999999996969,0.0033333333333333335,tp,3.0,False
2024-06-26,-1,fvg,,2299.318,2298.211873919675,0.3687086934417797,0.0033333333333333335,tp,1171.0,False
2024-06-26,1,fvg,,2297.075,2298.0168604651158,0.3139534883719838,0.0033333333333333335,tp,263.0,False
2024-06-26,1,ifvg,,2298.728,2298.628,-0.03333333333330302,0.0033333333333333335,sl,0.0,False
2024-06-26,1,ifvg,,2298.848,2298.6544516129034,-0.06451612903219939,0.0033333333333333335,sl,0.0,False
2024-06-26,1,ifvg,,2298.608,2298.5080000000003,-0.03333333333330302,0.0033333333333333335,sl,39.0,False
2024-06-26,-1,ifvg,,2297.885,2297.905,-0.006666666666660603,0.0033333333333333335,inv,0.0,False
2024-06-26,-1,ifvg,,2297.7715,2297.905,-0.04450000000012248,0.0033333333333333335,inv,0.0,False
2024-06-26,-1,ifvg,,2297.658,2297.905,-0.08233333333343278,0.0033333333333333335,inv,0.0,False
2024-06-26,-1,ifvg,,2298.445,2298.545,-0.03333333333330302,0.0033333333333333335,sl,0.0,False
2024-06-26,-1,ifvg,,2298.2865,2298.4068492786637,-0.04011642622117507,0.0033333333333333335,sl,0.0,False
2024-06-26,-1,ifvg,,2298.128,2298.368698557327,-0.08023285244235014,0.0033333333333333335,sl,0.0,False
2024-07-01,-1,ifvg,,2319.415,2319.5221428571426,-0.03571428571422076,0.0033333333333333335,sl,0.0,False
2024-07-01,-1,ifvg,,2319.475,2319.575,-0.03333333333330302,0.0033333333333333335,sl,7.0,False
2024-07-01,-1,ifvg,,2319.535,2319.6349999999998,-0.03333333333330302,0.0033333333333333335,sl,9.0,False
2024-07-01,-1,fvg,,2335.705,2336.035207635633,-0.11006921187769574,0.0033333333333333335,sl,47.0,False
2024-07-01,-1,fvg,,2335.865,2336.030103817816,-0.05503460593869629,0.0033333333333333335,sl,3.0,False
2024-07-01,-1,fvg,,2336.198,2335.973,0.07499999999996969,0.0033333333333333335,tp,6.0,False
2024-07-01,-1,ifvg,,2335.495,2335.5679999999998,-0.024333333333288465,0.0033333333333333335,inv,0.0,False
2024-07-01,-1,ifvg,,2335.4865,2335.5679999999998,-0.027166666666592693,0.0033333333333333335,inv,0.0,False
2024-07-01,-1,ifvg,,2335.425,2335.5679999999998,-0.04766666666652479,0.0033333333333333335,inv,0.0,False
2024-07-01,-1,fvg,,2334.815,2334.2073357664235,0.20255474452551425,0.0033333333333333335,tp,24.0,False
2024-07-01,-1,fvg,,2335.0,2334.6961678832117,0.10127737226275713,0.0033333333333333335,tp,10.0,False
2024-07-01,-1,ifvg,,2331.188,2330.963,0.07499999999996969,0.0033333333333333335,tp,60.0,False
2024-07-01,-1,ifvg,,2331.098,2330.754779661017,0.11440677966099128,0.0033333333333333335,tp,70.0,False
2024-07-01,-1,ifvg,,2331.235,2331.298,-0.020999999999882373,0.0033333333333333335,inv,0.0,False
2024-07-01,1,ifvg,,2332.1365,2332.008800819062,-0.04256639364605993,0.0033333333333333335,sl,0.0,False
2024-07-01,1,ifvg,,2332.308,2332.0526016381236,-0.08513278729211986,0.0033333333333333335,sl,0.0,False
2024-07-01,1,ifvg,,2332.055,2331.955,-0.03333333333330302,0.0033333333333333335,sl,0.0,False
2024-07-01,1,ifvg,,2333.245,2333.1325968992246,-0.03746770025842731,0.0033333333333333335,sl,0.0,False
2024-07-01,1,ifvg,,2333.245,2333.7508139534884,0.16860465116284712,0.0033333333333333335,tp,8.0,False
2024-07-01,1,ifvg,,2332.945,2332.8450000000003,-0.03333333333330302,0.0033333333333333335,sl,2.0,False
2024-07-01,1,fvg,,2321.705,2321.3074096385544,-0.1325301204818364,0.0033333333333333335,sl,96.0,False
2024-07-01,1,fvg,,2321.465,2321.2662048192774,-0.0662650602409182,0.0033333333333333335,sl,0.0,False
2024-07-01,1,fvg,,2321.095,2321.3199999999997,0.07499999999996969,0.0033333333333333335,tp,2.0,False
2024-07-01,1,fvg,,2322.375,2323.1349337748347,0.2533112582782451,0.0033333333333333335,tp,16.0,False
2024-07-01,1,fvg,,2324.915,2324.3516812227076,-0.18777292576411733,0.0033333333333333335,sl,27.0,False
2024-07-01,1,fvg,,2324.278,2323.9963406113534,-0.09388646288213447,0.0033333333333333335,sl,4.0,False
2024-07-01,1,fvg,,2327.1065,2327.377285876993,0.09026195899771969,0.0033333333333333335,tp,6.0,False
2024-07-01,1,fvg,,2327.265,2327.024301442673,-0.08023285244235014,0.0033333333333333335,sl,106.0,False
2024-07-01,1,fvg,,2326.948,2327.173,0.07499999999996969,0.0033333333333333335,tp,0.0,False
2024-07-01,-1,fvg,,2328.288,2327.489612903226,0.26612903225804985,0.0033333333333333335,tp,283.0,False
2024-07-01,-1,fvg,,2327.548,2327.852105775922,-0.1013685919741268,0.0033333333333333335,sl,301.0,False
2024-07-01,-1,fvg,,2327.685,2327.8370528879614,-0.050684295987139194,0.0033333333333333335,sl,119.0,False
2024-07-01,-1,fvg,,2327.928,2328.028,-0.03333333333330302,0.0033333333333333335,sl,11.0,False
2024-07-01,-1,ifvg,,2328.0715,2328.1715,-0.03333333333330302,0.0033333333333333335,sl,4.0,False
2024-07-01,-1,ifvg,,2327.978,2328.135540016849,-0.05251333894966592,0.0033333333333333335,sl,4.0,False
2024-07-01,-1,ifvg,,2328.165,2328.265,-0.03333333333330302,0.0033333333333333335,sl,10.0,False
2024-07-01,-1,fvg,,2328.563,2328.7404193548387,-0.05913978494618277,0.0033333333333333335,sl,193.0,False
2024-07-01,-1,fvg,,2328.838,2328.938,-0.03333333333330302,0.0033333333333333335,sl,3.0,False
2024-07-01,-1,fvg,,2329.528,2329.654865671642,-0.04228855721400275,0.0033333333333333335,sl,0.0,False
2024-07-01,-1,fvg,,2329.418,2329.6717313432837,-0.08457711442785391,0.0033333333333333335,sl,55.0,False
2024-07-01,-1,fvg,,2329.758,2329.8579999999997,-0.03333333333330302,0.0033333333333333335,sl,6.0,False
2024-07-01,1,ifvg,,2330.2865,2330.1842724741446,-0.03407584195186549,0.0033333333333333335,sl,0.0,False
2024-07-01,1,ifvg,,2330.415,2330.2105449482897,-0.06815168390342782,0.0033333333333333335,sl,0.0,False
2024-07-01,1,ifvg,,2330.158,2330.058,-0.03333333333330302,0.0033333333333333335,sl,2.0,False
2024-07-01,-1,ifvg,,2331.4049999999997,2331.485,-0.026666666666793997,0.0033333333333333335,inv,25.0,False
2024-07-01,-1,ifvg,,2331.345,2331.485,-0.04666666666677581,0.0033333333333333335,inv,25.0,False
2024-07-01,-1,ifvg,,2331.458,2331.485,-0.009000000000014552,0.0033333333333333335,inv,21.0,False
2024-07-17,-1,ifvg,,2480.508,2480.528,-0.006666666666660603,0.0033333333333333335,inv,0.0,False
2024-07-17,-1,ifvg,,2480.298,2480.528,-0.07666666666667273,0.0033333333333333335,inv,0.0,False
2024-07-17,-1,ifvg,,2480.088,2480.528,-0.1466666666665333,0.0033333333333333335,inv,0.0,False
2024-07-17,1,inv,,2481.035,2480.934,-0.10099999999965803,0.01,inv,0.0,True
2024-07-17,-1,ifvg,,2480.954,2480.4072551097656,0.18224829674484985,0.0033333333333333335,tp,6.0,False
2024-07-17,1,inv,,2480.665,2480.068,-0.5969999999997526,0.01,inv,44.0,True
2024-07-17,1,ifvg,,2466.195,2466.175,-0.006666666666660603,0.0033333333333333335,inv,0.0,False
2024-07-17,1,ifvg,,2466.355,2466.175,-0.05999999999994544,0.0033333333333333335,inv,0.0,False
2024-07-17,1,ifvg,,2466.515,2466.175,-0.11333333333323026,0.0033333333333333335,inv,0.0,False
2024-07-17,-1,inv,,2466.165,2466.535,-0.36999999999989086,0.01,inv,26.0,True
2024-07-17,1,ifvg,,2468.3215,2468.125,-0.06550000000000486,0.0033333333333333335,inv,1.0,False
2024-07-17,1,ifvg,,2468.498,2468.125,-0.12433333333334912,0.0033333333333333335,inv,1.0,False
2024-07-17,1,ifvg,,2468.245,2468.125,-0.03999999999996362,0.0033333333333333335,inv,0.0,False
2024-07-17,-1,inv,,2468.245,2467.6096,0.6354000000001179,0.01,tp,8.0,True
2024-07-17,-1,ifvg,,2469.215,2469.3725342465755,-0.05251141552510793,0.0033333333333333335,sl,0.0,False
2024-07-17,-1,ifvg,,2468.985,2469.300068493151,-0.10502283105021586,0.0033333333333333335,sl,0.0,False
2024-07-17,-1,ifvg,,2469.435,2469.535,-0.03333333333330302,0.0033333333333333335,sl,1.0,False
2024-07-17,-1,fvg,,2470.048,2468.6883838543727,0.4532053818757049,0.0033333333333333335,tp,89.0,False
2024-07-17,-1,fvg,,2466.918,2467.287880277253,-0.12329342575094417,0.0033333333333333335,sl,2.0,False
2024-07-17,-1,fvg,,2467.2115000000003,2466.7953846880914,0.13870510396964164,0.0033333333333333335,tp,12.0,False
2024-07-17,-1,fvg,,2465.085,2465.4398387096776,-0.11827956989251713,0.0033333333333333335,sl,23.0,False
2024-07-17,-1,fvg,,2465.395,2465.5724193548385,-0.05913978494618277,0.0033333333333333335,sl,0.0,False
2024-07-17,-1,fvg,,2465.655,2465.755,-0.03333333333330302,0.0033333333333333335,sl,0.0,False
2024-07-17,-1,fvg,,2464.035,2464.519536082474,-0.16151202749142612,0.0033333333333333335,sl,0.0,False
2024-07-17,-1,fvg,,2464.505,2463.9598969072167,0.18170103092779755,0.0033333333333333335,tp,31.0,False
2024-07-17,-1,ifvg,,2462.01,2462.128320610687,-0.0394402035622079,0.0033333333333333335,sl,0.0,False
2024-07-17,-1,ifvg,,2461.855,2462.091641221374,-0.07888040712471896,0.0033333333333333335,sl,0.0,False
2024-07-17,-1,ifvg,,2462.165,2462.265,-0.03333333333330302,0.0033333333333333335,sl,1.0,False
2024-07-17,1,fvg,,2462.944,2462.753214594929,-0.063595135023661,0.0033333333333333335,sl,0.0,False
2024-07-17,1,fvg,,2462.975,2462.593429189858,-0.127190270047322,0.0033333333333333335,sl,67.0,False
2024-07-17,1,fvg,,2462.425,2462.3250000000003,-0.03333333333330302,0.0033333333333333335,sl,0.0,False
2024-07-17,-1,ifvg,,2455.8599999999997,2455.9599999999996,-0.03333333333330302,0.0033333333333333335,sl,0.0,False
2024-07-17,-1,ifvg,,2455.805,2455.9049999999997,-0.03333333333330302,0.0033333333333333335,sl,0.0,False
2024-07-17,-1,ifvg,,2455.915,2455.69,0.07499999999996969,0.0033333333333333335,tp,5.0,False
2024-07-17,1,ifvg,,2454.48,2454.3650000000002,-0.038333333333260576,0.0033333333333333335,inv,12.0,False
2024-07-17,1,ifvg,,2454.575,2454.3650000000002,-0.06999999999986055,0.0033333333333333335,inv,12.0,False
2024-07-17,1,ifvg,,2454.405,2454.3650000000002,-0.013333333333321207,0.0033333333333333335,inv,0.0,False
2024-07-17,1,ifvg,,2455.2015,2455.098,-0.034500000000055785,0.0033333333333333335,inv,1.0,False
2024-07-17,1,ifvg,,2455.285,2455.098,-0.06233333333329938,0.0033333333333333335,inv,1.0,False
2024-07-17,1,ifvg,,2455.128,2455.098,-0.010000000000066697,0.0033333333333333335,inv,0.0,False
2024-07-17,1,fvg,,2457.315,2457.0359805335256,-0.09300648882481255,0.0033333333333333335,sl,17.0,False
2024-07-17,1,fvg,,2457.125,2456.9854902667626,-0.04650324441248207,0.0033333333333333335,sl,7.0,False
2024-07-17,1,fvg,,2456.928,2457.153,0.07499999999996969,0.0033333333333333335,tp,28.0,False
2024-07-17,-1,fvg,,2457.548,2458.149116872756,-0.20037229091879757,0.0033333333333333335,sl,154.0,False
2024-07-17,-1,fvg,,2458.288,2458.588558436378,-0.10018614545939879,0.0033333333333333335,sl,622.0,False
2024-07-17,-1,fvg,,2459.055,2459.1549999999997,-0.03333333333330302,0.0033333333333333335,sl,2.0,False
2024-07-17,-1,ifvg,,2458.195,2458.215,-0.006666666666660603,0.0033333333333333335,inv,0.0,False
2024-07-17,-1,ifvg,,2458.1265000000003,2458.215,-0.029499999999946642,0.0033333333333333335,inv,0.0,False
2024-07-17,-1,ifvg,,2458.058,2458.215,-0.05233333333338427,0.0033333333333333335,inv,0.0,False
2024-07-17,-1,ifvg,,2460.145,2460.365,-0.07333333333326665,0.0033333333333333335,inv,9.0,False
2024-07-17,-1,ifvg,,2459.945,2460.365,-0.13999999999987267,0.0033333333333333335,inv,9.0,False
2024-07-17,-1,ifvg,,2460.345,2460.365,-0.006666666666660603,0.0033333333333333335,inv,0.0,False
2024-07-17,1,inv,,2460.325,2461.044999999999,0.7199999999993452,0.01,tp,281.0,True
2024-07-17,-1,ifvg,,2460.998,2461.168,-0.05666666666669092,0.0033333333333333335,inv,1.0,False
2024-07-17,-1,ifvg,,2460.848,2461.168,-0.10666666666672125,0.0033333333333333335,inv,1.0,False
2024-07-17,-1,ifvg,,2461.148,2461.168,-0.006666666666660603,0.0033333333333333335,inv,0.0,False
2024-07-17,1,inv,,2461.165,2461.215,0.0500000000001819,0.01,eod,158.0,True
2024-07-18,-1,fvg,,2473.655,2473.0841044776125,0.1902985074625576,0.0033333333333333335,tp,106.0,False
2024-07-18,1,ifvg,,2472.738,2472.718,-0.006666666666660603,0.0033333333333333335,inv,0.0,False
2024-07-18,1,ifvg,,2472.843,2472.718,-0.04166666666666667,0.0033333333333333335,inv,0.0,False
2024-07-18,1,ifvg,,2472.948,2472.718,-0.07666666666667273,0.0033333333333333335,inv,0.0,False
2024-07-18,-1,ifvg,,2472.398,2472.56949958575,-0.057166528583214436,0.0033333333333333335,sl,2.0,False
2024-07-18,-1,ifvg,,2472.5015000000003,2472.6015,-0.03333333333330302,0.0033333333333333335,sl,3.0,False
2024-07-18,-1,ifvg,,2472.605,2472.38,0.07499999999996969,0.0033333333333333335,tp,2.0,False
2024-07-18,1,fvg,,2472.355,2473.071257668712,0.23875255623731087,0.0033333333333333335,tp,207.0,False
2024-07-18,1,fvg,,2472.1215,2471.9623316291754,-0.05305612360825763,0.0033333333333333335,sl,19.0,False
2024-07-18,1,fvg,,2472.025,2471.925,-0.03333333333330302,0.0033333333333333335,sl,0.0,False
2024-07-18,1,ifvg,,2468.6414999999997,2468.524055470543,-0.03914817648562045,0.0033333333333333335,sl,0.0,False
2024-07-18,1,ifvg,,2468.795,2468.5601109410864,-0.0782963529712409,0.0033333333333333335,sl,0.0,False
2024-07-18,1,ifvg,,2468.505,2468.405,-0.03333333333330302,0.0033333333333333335,sl,3.0,False
2024-07-18,1,ifvg,,2469.1115,2468.9347062055595,-0.058931264813509195,0.0033333333333333335,sl,0.0,False
2024-07-18,1,ifvg,,2469.385,2469.0314124111187,-0.11786252962716996,0.0033333333333333335,sl,0.0,False
2024-07-18,1,ifvg,,2468.838,2468.7380000000003,-0.03333333333330302,0.0033333333333333335,sl,0.0,False
2024-07-18,-1,fvg,,2466.588,2465.753094339623,0.27830188679232987,0.0033333333333333335,tp,57.0,False
2024-07-18,-1,fvg,,2465.138,2465.530835458409,-0.13094515280302707,0.0033333333333333335,sl,27.0,False
2024-07-18,-1,fvg,,2465.4615,2465.6579177292047,-0.06547257640158934,0.0033333333333333335,sl,13.0,False
2024-07-18,-1,fvg,,2465.568,2465.668,-0.03333333333330302,0.0033333333333333335,sl,0.0,False
2024-07-18,-1,fvg,,2460.608,2461.2403529411768,-0.21078431372552586,0.0033333333333333335,sl,2.0,False
2024-07-18,-1,fvg,,2461.385,2461.7011764705885,-0.10539215686276293,0.0033333333333333335,sl,1.0,False
2024-07-18,-1,ifvg,,2460.17,2460.2996296296296,-0.04320987654318743,0.0033333333333333335,sl,0.0,False
2024-07-18,-1,ifvg,,2459.995,2460.254259259259,-0.08641975308637485,0.0033333333333333335,sl,0.0,False
2024-07-18,-1,ifvg,,2460.278,2460.3779999999997,-0.03333333333330302,0.0033333333333333335,sl,1.0,False
2024-07-18,1,fvg,,2458.265,2457.89,-0.125,0.0033333333333333335,sl,94.0,False
2024-07-18,1,fvg,,2457.995,2457.8075,-0.0625,0.0033333333333333335,sl,0.0,False
2024-07-18,1,fvg,,2457.715,2457.6150000000002,-0.03333333333330302,0.0033333333333333335,sl,0.0,False
2024-07-18,1,fvg,,2454.755,2454.3538023952096,-0.13373253493015608,0.0033333333333333335,sl,29.0,False
2024-07-18,1,fvg,,2454.428,2454.2274011976046,-0.06686626746507804,0.0033333333333333335,sl,1.0,False
2024-07-18,1,fvg,,2454.025,2453.925,-0.03333333333330302,0.0033333333333333335,sl,26.0,False
2024-07-18,-1,fvg,,2453.328,2452.7360692704497,0.19731024318343773,0.0033333333333333335,tp,36.0,False
2024-07-18,-1,fvg,,2453.485,2453.1890346352247,0.09865512159179465,0.0033333333333333335,tp,48.0,False
2024-07-18,-1,ifvg,,2452.818,2452.958,-0.046666666666624224,0.0033333333333333335,inv,14.0,False
2024-07-18,-1,ifvg,,2452.778,2452.958,-0.06000000000009702,0.0033333333333333335,inv,2.0,False
2024-07-18,-1,ifvg,,2452.778,2452.958,-0.06000000000009702,0.0033333333333333335,inv,2.0,False
2024-07-18,1,fvg,,2452.298,2452.0426016381234,-0.08513278729211986,0.0033333333333333335,sl,7.0,False
2024-07-18,1,fvg,,2452.155,2452.027300819062,-0.04256639364605993,0.0033333333333333335,sl,4.0,False
2024-07-18,1,fvg,,2451.955,2451.855,-0.03333333333330302,0.0033333333333333335,sl,22.0,False
2024-07-18,1,ifvg,,2451.688,2451.538,-0.05000000000003031,0.0033333333333333335,inv,51.0,False
2024-07-18,1,ifvg,,2451.623,2451.538,-0.02833333333334546,0.0033333333333333335,inv,19.0,False
2024-07-18,1,ifvg,,2451.625,2451.538,-0.028999999999996362,0.0033333333333333335,inv,0.0,False
2024-07-18,1,ifvg,,2451.3015,2451.178,-0.04116666666671639,0.0033333333333333335,inv,4.0,False
2024-07-18,1,ifvg,,2451.405,2451.178,-0.07566666666677217,0.0033333333333333335,inv,4.0,False
2024-07-18,1,ifvg,,2451.228,2451.178,-0.0166666666667273,0.0033333333333333335,inv,2.0,False
2024-07-18,-1,fvg,,2444.285,2443.6773357664233,0.20255474452551425,0.0033333333333333335,tp,246.0,False
2024-07-18,1,fvg,,2442.308,2442.1729635036495,-0.04501216545016481,0.0033333333333333335,sl,23.0,False
2024-07-18,1,fvg,,2442.485,2442.214927007299,-0.09002433090032962,0.0033333333333333335,sl,23.0,False
2024-07-18,1,fvg,,2442.115,2442.3399999999997,0.07499999999996969,0.0033333333333333335,tp,17.0,False
2024-07-31,1,fvg,,2406.645,2406.1351960784314,-0.16993464052287285,0.0033333333333333335,sl,98.0,False
2024-07-31,1,fvg,,2406.215,2405.9600980392156,-0.08496732026151221,0.0033333333333333335,sl,7.0,False
2024-07-31,-1,ifvg,,2409.825,2409.845,-0.006666666666660603,0.0033333333333333335,inv,1.0,False
2024-07-31,-1,ifvg,,2409.7,2409.845,-0.048333333333327275,0.0033333333333333335,inv,1.0,False
2024-07-31,-1,ifvg,,2409.575,2409.845,-0.08999999999999395,0.0033333333333333335,inv,1.0,False
2024-07-31,1,fvg,,2409.495,2410.4665909090904,0.3238636363635124,0.0033333333333333335,tp,37.0,False
2024-07-31,1,ifvg,,2410.49,2410.3211258278147,-0.056291390728347324,0.0033333333333333335,sl,0.0,False
2024-07-31,1,ifvg,,2410.745,2410.4072516556294,-0.11258278145684625,0.0033333333333333335,sl,0.0,False
2024-07-31,1,ifvg,,2410.235,2410.46,0.07499999999996969,0.0033333333333333335,tp,20.0,False
2024-07-31,1,fvg,,2413.885,2414.969196891192,0.36139896373060765,0.0033333333333333335,tp,11.0,False
2024-07-31,1,inv,,2415.105,2414.665,-0.44000000000005457,0.01,inv,35.0,True
2024-07-31,-1,ifvg,,2414.99,2415.315,-0.10833333333342429,0.0033333333333333335,inv,67.0,False
2024-07-31,-1,ifvg,,2414.685,2415.315,-0.21000000000003638,0.0033333333333333335,inv,67.0,False
2024-07-31,-1,ifvg,,2415.295,2415.315,-0.006666666666660603,0.0033333333333333335,inv,0.0,False
2024-07-31,-1,ifvg,,2415.68,2415.8150364963503,-0.04501216545016481,0.0033333333333333335,sl,0.0,False
2024-07-31,-1,ifvg,,2415.495,2415.7650729927004,-0.09002433090017803,0.0033333333333333335,sl,0.0,False
2024-07-31,-1,ifvg,,2415.825,2415.9249999999997,-0.03333333333330302,0.0033333333333333335,sl,0.0,False
2024-07-31,-1,fvg,,2417.715,2418.0107746478875,-0.09859154929578533,0.0033333333333333335,sl,82.0,False
2024-07-31,-1,fvg,,2417.905,2418.005,-0.03333333333330302,0.0033333333333333335,sl,0.0,False
2024-07-31,-1,fvg,,2417.905,2418.052887323944,-0.04929577464796845,0.0033333333333333335,sl,0.0,False
2024-07-31,-1,ifvg,,2419.6099999999997,2419.805,-0.06500000000005457,0.0033333333333333335,inv,1.0,False
2024-07-31,-1,ifvg,,2419.435,2419.805,-0.12333333333329696,0.0033333333333333335,inv,1.0,False
2024-07-31,-1,ifvg,,2419.785,2419.805,-0.006666666666660603,0.0033333333333333335,inv,0.0,False
2024-07-31,1,inv,,2419.815,2419.415,-0.400000000000091,0.01,inv,14.0,True
2024-07-31,-1,ifvg,,2418.06,2418.172403100775,-0.03746770025842731,0.0033333333333333335,sl,0.0,False
2024-07-31,-1,ifvg,,2417.915,2418.1398062015505,-0.07493540051685461,0.0033333333333333335,sl,0.0,False
2024-07-31,-1,ifvg,,2418.205,2417.98,0.07499999999996969,0.0033333333333333335,tp,21.0,False
2024-07-31,-1,ifvg,,2418.455,2418.564375,-0.036458333333333336,0.0033333333333333335,sl,0.0,False
2024-07-31,-1,ifvg,,2418.315,2418.53375,-0.07291666666666667,0.0033333333333333335,sl,0.0,False
2024-07-31,-1,ifvg,,2418.595,2418.37,0.07499999999996969,0.0033333333333333335,tp,23.0,False
2024-07-31,-1,ifvg,,2420.0945,2420.1945,-0.03333333333330302,0.0033333333333333335,sl,0.0,False
2024-07-31,-1,ifvg,,2419.984,2420.164999180999,-0.060333060333050526,0.0033333333333333335,sl,0.0,False
2024-07-31,-1,ifvg,,2420.205,2420.305,-0.03333333333330302,0.0033333333333333335,sl,1.0,False
2024-07-31,1,fvg,,2419.245,2419.8526642335764,0.20255474452551425,0.0033333333333333335,tp,48.0,False
2024-07-31,1,ifvg,,2423.09,2422.9900000000002,-0.03333333333330302,0.0033333333333333335,sl,0.0,False
2024-07-31,1,ifvg,,2423.195,2423.0214462809918,-0.057851239669465336,0.0033333333333333335,sl,0.0,False
2024-07-31,1,ifvg,,2423.005,2422.905,-0.03333333333330302,0.0033333333333333335,sl,5.0,False
2024-07-31,1,ifvg,,2427.335,2427.075740740741,-0.08641975308637485,0.0033333333333333335,sl,0.0,False
2024-07-31,1,ifvg,,2427.16,2427.0303703703703,-0.04320987654318743,0.0033333333333333335,sl,2.0,False
2024-07-31,1,ifvg,,2427.075,2426.975,-0.03333333333330302,0.0033333333333333335,sl,0.0,False
2024-07-31,-1,ifvg,,2424.855,2424.327540983607,0.17581967213103175,0.0033333333333333335,tp,3.0,False
2024-07-31,-1,ifvg,,2424.375,2424.475,-0.03333333333330302,0.0033333333333333335,sl,0.0,False
2024-07-31,1,fvg,,2421.925,2421.7873188405797,-0.045893719806827,0.0033333333333333335,sl,0.0,False
2024-07-31,1,fvg,,2421.925,2421.6496376811597,-0.09178743961350241,0.0033333333333333335,sl,0.0,False
2024-07-31,1,fvg,,2421.605,2421.505,-0.03333333333330302,0.0033333333333333335,sl,0.0,False
2024-07-31,-1,ifvg,,2425.045,2425.145,-0.03333333333330302,0.0033333333333333335,sl,0.0,False
2024-07-31,1,ifvg,,2423.318,2423.295,-0.007666666666712748,0.0033333333333333335,inv,0.0,False
2024-07-31,1,ifvg,,2423.3865,2423.295,-0.03049999999999879,0.0033333333333333335,inv,0.0,False
2024-07-31,1,ifvg,,2423.458,2423.295,-0.054333333333336974,0.0033333333333333335,inv,0.0,False
2024-07-31,-1,ifvg,,2426.685,2426.851666666667,-0.05555555555565661,0.0033333333333333335,sl,9.0,False
2024-07-31,-1,ifvg,,2426.805,2426.9049999999997,-0.03333333333330302,0.0033333333333333335,sl,0.0,False
2024-07-31,-1,ifvg,,2426.805,2426.9049999999997,-0.03333333333330302,0.0033333333333333335,sl,0.0,False
2024-07-31,-1,ifvg,,2426.085,2425.852857142857,0.077380952381039,0.0033333333333333335,tp,2.0,False
2024-07-31,-1,ifvg,,2425.955,2425.4907142857137,0.154761904762078,0.0033333333333333335,tp,7.0,False
2024-07-31,-1,ifvg,,2426.165,2426.265,-0.03333333333330302,0.0033333333333333335,sl,17.0,False
2024-07-31,-1,ifvg,,2425.185,2425.285,-0.03333333333330302,0.0033333333333333335,sl,0.0,False
2024-07-31,-1,ifvg,,2425.185,2425.285,-0.03333333333330302,0.0033333333333333335,sl,0.0,False
2024-07-31,-1,ifvg,,2425.185,2425.3375423728817,-0.05084745762724197,0.0033333333333333335,sl,0.0,False
2024-07-31,1,ifvg,,2426.605,2426.476839581517,-0.04272013949427371,0.0033333333333333335,sl,0.0,False
2024-07-31,1,ifvg,,2426.5315,2426.4315,-0.03333333333330302,0.0033333333333333335,sl,1.0,False
2024-07-31,1,ifvg,,2426.545,2426.445,-0.03333333333330302,0.0033333333333333335,sl,0.0,False
2024-07-31,1,ifvg,,2428.055,2427.955,-0.03333333333330302,0.0033333333333333335,sl,0.0,False
2024-07-31,1,ifvg,,2428.145,2428.045,-0.03333333333330302,0.0033333333333333335,sl,0.0,False
2024-07-31,1,ifvg,,2428.235,2428.0824576271184,-0.05084745762724197,0.0033333333333333335,sl,0.0,False
2024-07-31,-1,fvg,,2432.345,2431.4586363636363,0.2954545454545041,0.0033333333333333335,tp,33.0,False
2024-07-31,-1,fvg,,2432.495,2432.6919696969694,-0.06565656565650595,0.0033333333333333335,sl,0.0,False
2024-07-31,-1,fvg,,2432.785,2432.8849999999998,-0.03333333333330302,0.0033333333333333335,sl,0.0,False
2024-07-31,1,ifvg,,2449.505,2449.2742307692306,-0.07692307692317021,0.0033333333333333335,sl,0.0,False
2024-07-31,1,ifvg,,2449.355,2449.2396153846153,-0.03846153846158511,0.0033333333333333335,sl,4.0,False
2024-07-31,1,ifvg,,2449.225,2449.125,-0.03333333333330302,0.0033333333333333335,sl,14.0,False
2024-07-31,-1,ifvg,,2448.208,2448.308,-0.03333333333330302,0.0033333333333333335,sl,0.0,False
2024-07-31,-1,ifvg,,2448.053,2448.171320610687,-0.03944020356235948,0.0033333333333333335,sl,0.0,False
2024-07-31,-1,ifvg,,2447.898,2448.1346412213743,-0.07888040712471896,0.0033333333333333335,sl,0.0,False
2024-07-31,1,ifvg,,2448.9764999999998,2449.2014999999997,0.07499999999996969,0.0033333333333333335,tp,3.0,False
2024-07-31,1,ifvg,,2449.058,2448.875,-0.06099999999999758,0.0033333333333333335,inv,8.0,False
2024-07-31,1,ifvg,,2448.895,2448.875,-0.006666666666660603,0.0033333333333333335,inv,0.0,False
2024-07-31,1,fvg,,2445.845,2445.5912686567162,-0.08457711442785391,0.0033333333333333335,sl,99.0,False
2024-07-31,1,fvg,,2445.688,2445.561134328358,-0.04228855721400275,0.0033333333333333335,sl,75.0,False
2024-08-13,-1,ifvg,,2458.718,2458.9864711046084,-0.08949036820285984,0.0033333333333333335,sl,0.0,False
2024-08-13,-1,ifvg,,2458.9015,2459.0357355523042,-0.04474518410142992,0.0033333333333333335,sl,3.0,False
2024-08-13,-1,ifvg,,2459.015,2459.115,-0.03333333333330302,0.0033333333333333335,sl,0.0,False
2024-08-13,-1,ifvg,,2459.685,2459.815434782609,-0.04347826086965749,0.0033333333333333335,sl,0.0,False
2024-08-13,-1,ifvg,,2459.76,2459.86,-0.03333333333330302,0.0033333333333333335,sl,5.0,False
2024-08-13,-1,ifvg,,2459.835,2459.935,-0.03333333333330302,0.0033333333333333335,sl,9.0,False
2024-08-13,1,ifvg,,2460.9565000000002,2460.8093581510234,-0.0490472829922813,0.0033333333333333335,sl,0.0,False
2024-08-13,1,ifvg,,2461.165,2460.8707163020467,-0.09809456598441103,0.0033333333333333335,sl,0.0,False
2024-08-13,1,ifvg,,2460.785,2460.685,-0.03333333333330302,0.0033333333333333335,sl,0.0,False
2024-08-13,-1,ifvg,,2462.065,2462.095,-0.009999999999915115,0.0033333333333333335,inv,7.0,False
2024-08-13,-1,ifvg,,2461.98,2462.095,-0.038333333333260576,0.0033333333333333335,inv,7.0,False
2024-08-13,-1,ifvg,,2461.885,2462.095,-0.06999999999986055,0.0033333333333333335,inv,7.0,False
2024-08-13,-1,ifvg,,2461.475,2461.575,-0.03333333333330302,0.0033333333333333335,sl,0.0,False
2024-08-13,-1,ifvg,,2461.38,2461.48,-0.03333333333330302,0.0033333333333333335,sl,0.0,False
2024-08-13,-1,ifvg,,2461.285,2461.4446638655463,-0.05322128851548769,0.0033333333333333335,sl,0.0,False
2024-08-13,-1,ifvg,,2462.155,2462.533881987578,-0.1262939958592142,0.0033333333333333335,sl,6.0,False
2024-08-13,-1,ifvg,,2462.46,2462.6494409937886,-0.06314699792953131,0.0033333333333333335,sl,0.0,False
2024-08-13,-1,ifvg,,2462.695,2462.795,-0.03333333333330302,0.0033333333333333335,sl,0.0,False
2024-08-13,1,ifvg,,2472.288,2472.188,-0.03333333333330302,0.0033333333333333335,sl,0.0,False
2024-08-13,1,ifvg,,2472.6059999999998,2472.4116234718826,-0.06479217603903939,0.0033333333333333335,sl,0.0,False
2024-08-13,1,ifvg,,2472.924,2472.5352469437653,-0.12958435207823035,0.0033333333333333335,sl,0.0,False
2024-08-13,1,fvg,,2468.855,2468.3411448711718,-0.17128504294275143,0.0033333333333333335,sl,24.0,False
2024-08-13,1,fvg,,2468.478,2468.221072435586,-0.08564252147137572,0.0033333333333333335,sl,0.0,False
2024-08-13,1,fvg,,2467.905,2467.8050000000003,-0.03333333333330302,0.0033333333333333335,sl,0.0,False
2024-08-13,1,ifvg,,2470.125,2469.988,-0.045666666666723664,0.0033333333333333335,inv,5.0,False
2024-08-13,1,ifvg,,2470.138,2469.988,-0.05000000000003031,0.0033333333333333335,inv,5.0,False
2024-08-13,1,ifvg,,2470.008,2469.988,-0.006666666666660603,0.0033333333333333335,inv,0.0,False
2024-08-13,-1,ifvg,,2468.318,2468.4384925241866,-0.0401641747287916,0.0033333333333333335,sl,38.0,False
2024-08-13,-1,ifvg,,2468.3865,2468.4865,-0.03333333333330302,0.0033333333333333335,sl,41.0,False
2024-08-13,-1,ifvg,,2468.445,2468.2200000000003,0.07499999999996969,0.0033333333333333335,tp,26.0,False
2024-08-13,1,fvg,,2467.235,2467.10897157816,-0.04200947394671554,0.0033333333333333335,sl,1.0,False
2024-08-13,1,fvg,,2467.335,2467.08294315632,-0.0840189478932795,0.0033333333333333335,sl,30.0,False
2024-08-13,1,fvg,,2467.148,2467.0480000000002,-0.03333333333330302,0.0033333333333333335,sl,0.0,False
2024-08-13,-1,ifvg,,2463.875,2463.975,-0.03333333333330302,0.0033333333333333335,sl,14.0,False
2024-08-13,-1,ifvg,,2463.9300000000003,2464.03,-0.03333333333330302,0.0033333333333333335,sl,21.0,False
2024-08-13,-1,ifvg,,2463.985,2464.085,-0.03333333333330302,0.0033333333333333335,sl,64.0,False
2024-08-13,-1,fvg,,2465.9815,2465.641566294487,0.1133112351709921,0.0033333333333333335,tp,321.0,False
2024-08-13,-1,fvg,,2465.738,2465.058132588974,0.2266224703419842,0.0033333333333333335,tp,800.0,False
2024-08-13,-1,ifvg,,2463.3199999999997,2463.493202614379,-0.05773420479302635,0.0033333333333333335,sl,0.0,False
2024-08-13,-1,ifvg,,2463.055,2463.401405228758,-0.1154684095860527,0.0033333333333333335,sl,0.0,False
2024-08-13,-1,ifvg,,2463.585,2463.685,-0.03333333333330302,0.0033333333333333335,sl,2.0,False
2024-08-19,1,ifvg,,2499.445,2499.425,-0.006666666666660603,0.0033333333333333335,inv,0.0,False
2024-08-19,1,ifvg,,2499.6549999999997,2499.425,-0.07666666666652115,0.0033333333333333335,inv,0.0,False
2024-08-19,1,ifvg,,2499.865,2499.425,-0.1466666666665333,0.0033333333333333335,inv,0.0,False
2024-08-19,-1,inv,,2499.465,2499.8849999999998,-0.419999999999618,0.01,inv,34.0,True
2024-08-19,-1,ifvg,,2495.015,2495.115,-0.03333333333330302,0.0033333333333333335,sl,0.0,False
2024-08-19,-1,ifvg,,2495.005,2495.105,-0.03333333333330302,0.0033333333333333335,sl,0.0,False
2024-08-19,-1,ifvg,,2494.945,2495.052142857143,-0.03571428571422076,0.0033333333333333335,sl,0.0,False
2024-08-19,-1,ifvg,,2493.1065,2493.225,-0.039500000000013344,0.0033333333333333335,inv,16.0,False
2024-08-19,-1,ifvg,,2493.008,2493.225,-0.07233333333336607,0.0033333333333333335,inv,16.0,False
2024-08-19,-1,ifvg,,2493.015,2493.225,-0.07000000000001214,0.0033333333333333335,inv,0.0,False
2024-08-19,-1,ifvg,,2494.585,2494.605,-0.006666666666660603,0.0033333333333333335,inv,0.0,False
2024-08-19,-1,ifvg,,2494.52,2494.605,-0.02833333333334546,0.0033333333333333335,inv,0.0,False
2024-08-19,-1,ifvg,,2494.455,2494.605,-0.05000000000003031,0.0033333333333333335,inv,0.0,False
2024-08-19,1,fvg,,2488.625,2489.823598130841,0.3995327102804065,0.0033333333333333335,tp,29.0,False
2024-08-19,1,ifvg,,2493.6215,2493.5215000000003,-0.03333333333330302,0.0033333333333333335,sl,0.0,False
2024-08-19,1,ifvg,,2493.708,2493.560514919011,-0.049161693663033176,0.0033333333333333335,sl,0.0,False
2024-08-19,1,ifvg,,2493.535,2493.7599999999998,0.07499999999996969,0.0033333333333333335,tp,1.0,False
2024-08-19,1,ifvg,,2494.0164999999997,2493.8596708991076,-0.05227636696402745,0.0033333333333333335,sl,0.0,False
2024-08-19,1,ifvg,,2494.245,2493.9313417982153,-0.10455273392820649,0.0033333333333333335,sl,0.0,False
2024-08-19,1,ifvg,,2493.845,2493.745,-0.03333333333330302,0.0033333333333333335,sl,1.0,False
2024-08-19,1,ifvg,,2498.8065,2498.674959837878,-0.043846720707430606,0.0033333333333333335,sl,0.0,False
2024-08-19,1,ifvg,,2498.985,2498.7219196757555,-0.08769344141486121,0.0033333333333333335,sl,0.0,False
2024-08-19,1,ifvg,,2498.675,2498.5750000000003,-0.03333333333330302,0.0033333333333333335,sl,3.0,False
2024-08-19,1,ifvg,,2498.3050000000003,2498.2050000000004,-0.03333333333330302,0.0033333333333333335,sl,0.0,False
2024-08-19,1,ifvg,,2498.385,2498.2470689655174,-0.04597701149426333,0.0033333333333333335,sl,0.0,False
2024-08-19,1,ifvg,,2498.225,2498.125,-0.03333333333330302,0.0033333333333333335,sl,4.0,False
2024-08-19,1,fvg,,2497.775,2498.4404929577468,0.22183098591555486,0.0033333333333333335,tp,48.0,False
2024-08-19,1,ifvg,,2501.195,2501.0950000000003,-0.03333333333330302,0.0033333333333333335,sl,5.0,False
2024-08-19,1,ifvg,,2501.155,2501.0550000000003,-0.03333333333330302,0.0033333333333333335,sl,6.0,False
2024-08-19,1,ifvg,,2501.115,2501.3399999999997,0.07499999999996969,0.0033333333333333335,tp,12.0,False
2024-08-19,-1,fvg,,2505.865,2506.2697619047617,-0.13492063492064216,0.0033333333333333335,sl,32.0,False
2024-08-19,1,ifvg,,2505.955,2505.8046176720472,-0.05012744265089472,0.0033333333333333335,sl,0.0,False
2024-08-19,1,ifvg,,2505.8665,2506.0915,0.07499999999996969,0.0033333333333333335,tp,10.0,False
2024-08-19,-1,fvg,,2506.165,2505.7096428571426,0.15178571428577925,0.0033333333333333335,tp,69.0,False
2024-08-19,1,ifvg,,2505.975,2505.875,-0.03333333333330302,0.0033333333333333335,sl,0.0,False
2024-08-19,1,fvg,,2502.435,2503.1919674850697,0.2523224950232361,0.0033333333333333335,tp,68.0,False
2024-08-19,-1,ifvg,,2504.218,2504.358,-0.04666666666677581,0.0033333333333333335,inv,13.0,False
2024-08-19,-1,ifvg,,2504.098,2504.358,-0.08666666666673943,0.0033333333333333335,inv,13.0,False
2024-08-19,-1,ifvg,,2504.338,2504.358,-0.006666666666660603,0.0033333333333333335,inv,11.0,False
2024-08-19,-1,fvg,,2503.445,2502.7575,0.22916666666666666,0.0033333333333333335,tp,81.0,False
2024-08-19,-1,fvg,,2503.665,2503.515,0.05000000000003031,0.0033333333333333335,eod,161.0,False
2024-09-05,1,ifvg,,2494.84,2494.765,-0.02500000000009095,0.0033333333333333335,inv,37.0,False
2024-09-05,1,ifvg,,2494.895,2494.765,-0.043333333333369715,0.0033333333333333335,inv,37.0,False
2024-09-05,1,ifvg,,2494.805,2494.765,-0.013333333333321207,0.0033333333333333335,inv,0.0,False
2024-09-05,1,fvg,,2494.635,2495.2744058697217,0.21313528990716202,0.0033333333333333335,tp,764.0,False
2024-09-05,1,ifvg,,2495.1115,2495.0115,-0.03333333333330302,0.0033333333333333335,sl,21.0,False
2024-09-05,1,ifvg,,2495.175,2495.0623114463174,-0.03756285122760043,0.0033333333333333335,sl,21.0,False
2024-09-05,1,ifvg,,2495.048,2494.948,-0.03333333333330302,0.0033333333333333335,sl,2.0,False
2024-09-05,1,fvg,,2494.548,2494.4059098067287,-0.04736339775702921,0.0033333333333333335,sl,2.0,False
2024-09-05,-1,ifvg,,2494.765,2494.785,-0.006666666666660603,0.0033333333333333335,inv,3.0,False
2024-09-05,-1,ifvg,,2494.6715,2494.785,-0.03783333333331029,0.0033333333333333335,inv,3.0,False
2024-09-05,-1,ifvg,,2494.578,2494.785,-0.06899999999996,0.0033333333333333335,inv,3.0,False
2024-09-05,1,ifvg,,2496.515,2496.407857142857,-0.03571428571422076,0.0033333333333333335,sl,0.0,False
2024-09-05,1,ifvg,,2496.455,2496.355,-0.03333333333330302,0.0033333333333333335,sl,4.0,False
2024-09-05,1,ifvg,,2496.405,2496.3050000000003,-0.03333333333330302,0.0033333333333333335,sl,7.0,False
2024-09-05,1,fvg,,2500.875,2500.4041005291006,-0.15696649029981322,0.0033333333333333335,sl,24.0,False
2024-09-05,1,fvg,,2500.4300000000003,2500.1945502645503,-0.07848324514998241,0.0033333333333333335,sl,10.0,False
2024-09-05,-1,ifvg,,2503.515,2503.535,-0.006666666666660603,0.0033333333333333335,inv,0.0,False
2024-09-05,-1,ifvg,,2503.375,2503.535,-0.05333333333328483,0.0033333333333333335,inv,0.0,False
2024-09-05,-1,ifvg,,2503.235,2503.535,-0.09999999999990906,0.0033333333333333335,inv,0.0,False
2024-09-05,1,ifvg,,2522.145,2522.007068965517,-0.04597701149426333,0.0033333333333333335,sl,2.0,False
2024-09-05,1,ifvg,,2522.065,2521.965,-0.03333333333330302,0.0033333333333333335,sl,1.0,False
2024-09-05,1,ifvg,,2521.995,2521.895,-0.03333333333330302,0.0033333333333333335,sl,0.0,False
2024-09-05,-1,fvg,,2519.545,2520.135163934426,-0.19672131147535765,0.0033333333333333335,sl,35.0,False
2024-09-05,-1,fvg,,2520.145,2520.440081967213,-0.09836065573760305,0.0033333333333333335,sl,1.0,False
2024-09-05,1,ifvg,,2518.8050000000003,2518.662142857143,-0.047619047619112585,0.0033333333333333335,sl,0.0,False
2024-09-05,1,ifvg,,2519.005,2518.719285714286,-0.09523809523807358,0.0033333333333333335,sl,0.0,False
2024-09-05,1,ifvg,,2518.668,2518.568,-0.03333333333330302,0.0033333333333333335,sl,0.0,False
2024-09-05,1,ifvg,,2517.8149999999996,2518.179864864864,0.1216216216215192,0.0033333333333333335,tp,4.0,False
2024-09-05,1,ifvg,,2518.055,2517.7306756756757,-0.10810810810805076,0.0033333333333333335,sl,16.0,False
2024-09-05,1,ifvg,,2517.815,2517.715,-0.03333333333330302,0.0033333333333333335,sl,0.0,False
2024-09-05,-1,ifvg,,2518.065,2517.84,0.07499999999996969,0.0033333333333333335,tp,1.0,False
2024-09-05,-1,ifvg,,2517.985,2518.198,-0.07099999999991269,0.0033333333333333335,inv,7.0,False
2024-09-05,-1,ifvg,,2517.945,2518.198,-0.0843333333332339,0.0033333333333333335,inv,3.0,False
2024-09-05,-1,ifvg,,2506.35,2506.5274193548385,-0.05913978494618277,0.0033333333333333335,sl,0.0,False
2024-09-05,-1,ifvg,,2506.075,2506.4298387096774,-0.11827956989251713,0.0033333333333333335,sl,0.0,False
2024-09-05,-1,ifvg,,2506.555,2506.6549999999997,-0.03333333333330302,0.0033333333333333335,sl,0.0,False
2024-09-05,1,ifvg,,2506.958,2506.858,-0.03333333333330302,0.0033333333333333335,sl,0.0,False
2024-09-05,1,ifvg,,2507.093,2506.986700787402,-0.03543307086601999,0.0033333333333333335,sl,0.0,False
2024-09-05,1,ifvg,,2507.228,2507.015401574803,-0.07086614173234314,0.0033333333333333335,sl,0.0,False
2024-09-05,1,fvg,,2508.435,2509.284875544493,0.2832918481643295,0.0033333333333333335,tp,89.0,False
2024-09-05,-1,ifvg,,2509.345,2509.365,-0.006666666666660603,0.0033333333333333335,inv,0.0,False
2024-09-05,-1,ifvg,,2509.02,2509.365,-0.11499999999993332,0.0033333333333333335,inv,0.0,False
2024-09-05,-1,ifvg,,2508.695,2509.365,-0.22333333333320599,0.0033333333333333335,inv,0.0,False
2024-09-05,1,inv,,2509.375,2510.544999999999,1.1699999999991633,0.01,tp,372.0,True
2024-09-05,1,ifvg,,2509.698,2509.5313333333334,-0.05555555555550503,0.0033333333333333335,sl,1.0,False
2024-09-05,1,ifvg,,2509.598,2509.498,-0.03333333333330302,0.0033333333333333335,sl,2.0,False
2024-09-05,1,ifvg,,2509.498,2509.398,-0.03333333333330302,0.0033333333333333335,sl,17.0,False
2024-09-05,-1,ifvg,,2510.108,2510.305,-0.0656666666665539,0.0033333333333333335,inv,7.0,False
2024-09-05,-1,ifvg,,2510.138,2510.305,-0.05566666666663878,0.0033333333333333335,inv,1.0,False
2024-09-05,-1,ifvg,,2510.258,2510.305,-0.015666666666675155,0.0033333333333333335,inv,0.0,False
2024-09-05,-1,ifvg,,2512.7765,2513.085,-0.10283333333336486,0.0033333333333333335,inv,7.0,False
2024-09-05,-1,ifvg,,2512.488,2513.085,-0.19900000000006912,0.0033333333333333335,inv,7.0,False
2024-09-05,-1,ifvg,,2513.035,2513.085,-0.0166666666667273,0.0033333333333333335,inv,0.0,False
2024-09-05,1,inv,,2513.035,2514.0736,1.038600000000315,0.01,tp,279.0,True
2024-09-05,-1,fvg,,2516.458,2515.439527093596,0.33949096880132856,0.0033333333333333335,tp,527.0,False
2024-09-05,1,ifvg,,2514.018,2513.998,-0.006666666666660603,0.0033333333333333335,inv,5.0,False
2024-09-05,1,ifvg,,2514.081,2513.998,-0.02766666666669456,0.0033333333333333335,inv,5.0,False
2024-09-05,1,ifvg,,2514.144,2513.998,-0.04866666666657693,0.0033333333333333335,inv,5.0,False
2024-09-05,1,fvg,,2515.245,2514.9608196134573,-0.09472679551421001,0.0033333333333333335,sl,662.0,False
2024-09-05,1,fvg,,2515.068,2514.925909806729,-0.04736339775702921,0.0033333333333333335,sl,211.0,False
2024-09-05,1,fvg,,2514.898,2514.7980000000002,-0.03333333333330302,0.0033333333333333335,sl,2.0,False
2024-09-05,1,ifvg,,2517.2349999999997,2517.467142857142,0.07738095238073583,0.0033333333333333335,tp,73.0,False
2024-09-05,1,ifvg,,2517.365,2517.158650793651,-0.06878306878297735,0.0033333333333333335,sl,536.0,False
2024-09-05,1,ifvg,,2517.164,2517.0640000000003,-0.03333333333330302,0.0033333333333333335,sl,5.0,False
2024-09-12,-1,ifvg,,2511.225,2511.245,-0.006666666666660603,0.0033333333333333335,inv,0.0,False
2024-09-12,-1,ifvg,,2511.1715,2511.245,-0.024499999999989086,0.0033333333333333335,inv,0.0,False
2024-09-12,-1,ifvg,,2511.118,2511.245,-0.04233333333331757,0.0033333333333333335,inv,0.0,False
2024-09-12,1,ifvg,,2512.548,2512.528,-0.006666666666660603,0.0033333333333333335,inv,0.0,False
2024-09-12,1,ifvg,,2512.7264999999998,2512.528,-0.06616666666665576,0.0033333333333333335,inv,0.0,False
2024-09-12,1,ifvg,,2512.905,2512.528,-0.12566666666680248,0.0033333333333333335,inv,0.0,False
2024-09-12,-1,inv,,2512.288,2511.6453999999994,0.6426000000005843,0.01,tp,417.0,True
2024-09-12,1,fvg,,2512.205,2512.477727272727,0.09090909090900824,0.0033333333333333335,tp,51.0,False
2024-09-12,1,fvg,,2512.355,2512.900454545455,0.18181818181831963,0.0033333333333333335,tp,305.0,False
2024-09-12,-1,fvg,,2516.635,2516.8698890589135,-0.07829635297108932,0.0033333333333333335,sl,30.0,False
2024-09-12,-1,ifvg,,2513.2799999999997,2513.3862992125983,-0.03543307086617157,0.0033333333333333335,sl,0.0,False
2024-09-12,-1,ifvg,,2513.145,2513.357598425197,-0.07086614173234314,0.0033333333333333335,sl,0.0,False
2024-09-12,-1,ifvg,,2513.415,2513.515,-0.03333333333330302,0.0033333333333333335,sl,6.0,False
2024-09-12,-1,fvg,,2516.685,2516.785,-0.03333333333330302,0.0033333333333333335,sl,0.0,False
2024-09-12,-1,fvg,,2516.685,2516.802444529457,-0.03914817648562045,0.0033333333333333335,sl,0.0,False
2024-09-12,-1,ifvg,,2515.495,2515.652534246575,-0.05251141552510793,0.0033333333333333335,sl,0.0,False
2024-09-12,-1,ifvg,,2515.265,2515.5800684931505,-0.10502283105021586,0.0033333333333333335,sl,0.0,False
2024-09-12,-1,ifvg,,2515.705,2515.805,-0.03333333333330302,0.0033333333333333335,sl,1.0,False
2024-09-12,-1,fvg,,2516.008,2516.248698557327,-0.08023285244235014,0.0033333333333333335,sl,1.0,False
2024-09-12,-1,fvg,,2516.1665,2515.8957141230067,0.09026195899771969,0.0033333333333333335,tp,47.0,False
2024-09-12,-1,fvg,,2516.325,2516.4249999999997,-0.03333333333330302,0.0033333333333333335,sl,25.0,False
2024-09-12,1,ifvg,,2518.935,2518.835,-0.03333333333330302,0.0033333333333333335,sl,3.0,False
2024-09-12,1,ifvg,,2518.88,2518.78,-0.03333333333330302,0.0033333333333333335,sl,22.0,False
2024-09-12,1,ifvg,,2518.865,2518.765,-0.03333333333330302,0.0033333333333333335,sl,19.0,False
2024-09-12,1,fvg,,2518.525,2519.1205882352942,0.1985294117647148,0.0033333333333333335,tp,46.0,False
2024-09-12,1,fvg,,2518.3450000000003,2518.6427941176476,0.0992647058824332,0.0033333333333333335,tp,30.0,False
2024-09-12,-1,ifvg,,2520.364,2520.139,0.07499999999996969,0.0033333333333333335,tp,1.0,False
2024-09-12,1,inv,,2520.135,2519.738,-0.3970000000003892,0.01,inv,13.0,True
2024-09-12,-1,ifvg,,2520.0609999999997,2519.6364981320044,0.14150062266511063,0.0033333333333333335,tp,15.0,False
2024-09-12,-1,ifvg,,2519.588,2519.608,-0.006666666666660603,0.0033333333333333335,inv,0.0,False
2024-09-12,-1,ifvg,,2519.5165,2519.608,-0.03049999999999879,0.0033333333333333335,inv,0.0,False
2024-09-12,-1,ifvg,,2519.445,2519.608,-0.054333333333336974,0.0033333333333333335,inv,0.0,False
2024-09-12,-1,ifvg,,2519.758,2520.384,-0.20866666666673458,0.0033333333333333335,inv,73.0,False
2024-09-12,-1,ifvg,,2520.245,2521.205,-0.32000000000001216,0.0033333333333333335,inv,0.0,False
2024-09-12,-1,ifvg,,2520.245,2521.205,-0.32000000000001216,0.0033333333333333335,inv,0.0,False
2024-09-12,-1,ifvg,,2520.245,2521.205,-0.32000000000001216,0.0033333333333333335,inv,0.0,False
2024-09-12,-1,ifvg,,2523.448,2523.468,-0.006666666666660603,0.0033333333333333335,inv,0.0,False
2024-09-12,-1,ifvg,,2523.286,2523.468,-0.06066666666659634,0.0033333333333333335,inv,0.0,False
2024-09-12,-1,ifvg,,2523.124,2523.468,-0.11466666666668365,0.0033333333333333335,inv,0.0,False
2024-09-12,1,inv,,2523.505,2524.0882,0.5832000000000335,0.01,tp,14.0,True
2024-09-12,-1,ifvg,,2526.548,2526.5679999999998,-0.006666666666660603,0.0033333333333333335,inv,1.0,False
2024-09-12,-1,ifvg,,2526.1665,2526.5679999999998,-0.13383333333331393,0.0033333333333333335,inv,1.0,False
2024-09-12,-1,ifvg,,2525.785,2526.5679999999998,-0.2609999999999673,0.0033333333333333335,inv,1.0,False
2024-09-12,1,inv,,2526.605,2525.765,-0.8400000000001455,0.01,inv,15.0,True
2024-09-12,-1,fvg,,2529.948,2530.432536082474,-0.16151202749142612,0.0033333333333333335,sl,5.0,False
2024-09-12,-1,fvg,,2530.4179999999997,2530.660268041237,-0.08075601374578886,0.0033333333333333335,sl,4.0,False
2024-09-12,-1,fvg,,2530.815,2530.915,-0.03333333333330302,0.0033333333333333335,sl,1.0,False
2024-09-12,-1,ifvg,,2531.764,2531.998,-0.07799999999997455,0.0033333333333333335,inv,1.0,False
2024-09-12,-1,ifvg,,2531.764,2531.998,-0.07799999999997455,0.0033333333333333335,inv,1.0,False
2024-09-12,-1,ifvg,,2531.764,2531.998,-0.07799999999997455,0.0033333333333333335,inv,1.0,False
2024-09-12,-1,ifvg,,2531.2799999999997,2531.455,-0.058333333333393966,0.0033333333333333335,inv,4.0,False
2024-09-12,-1,ifvg,,2531.125,2531.455,-0.10999999999997577,0.0033333333333333335,inv,4.0,False
2024-09-12,-1,ifvg,,2531.335,2531.455,-0.03999999999996362,0.0033333333333333335,inv,0.0,False
2024-09-12,1,inv,,2531.395,2531.105,-0.2899999999999636,0.01,inv,5.0,True
2024-09-12,-1,fvg,,2536.525,2537.1184959349594,-0.19783197831975485,0.0033333333333333335,sl,31.0,False
2024-09-12,-1,fvg,,2537.105,2537.40174796748,-0.09891598915995321,0.0033333333333333335,sl,7.0,False
2024-09-12,-1,fvg,,2537.915,2538.015,-0.03333333333330302,0.0033333333333333335,sl,0.0,False
2024-09-12,1,fvg,,2544.095,2544.711013071895,0.20533769063179838,0.0033333333333333335,tp,34.0,False
2024-09-12,-1,ifvg,,2545.775,2545.875,-0.03333333333330302,0.0033333333333333335,sl,0.0,False
2024-09-12,-1,ifvg,,2545.45,2545.64696969697,-0.06565656565665753,0.0033333333333333335,sl,0.0,False
2024-09-12,-1,ifvg,,2545.125,2545.5189393939395,-0.13131313131316347,0.0033333333333333335,sl,0.0,False
2024-09-12,1,ifvg,,2546.423,2546.158,-0.0883333333332909,0.0033333333333333335,inv,1.0,False
2024-09-12,1,ifvg,,2546.668,2546.158,-0.17000000000007276,0.0033333333333333335,inv,1.0,False
2024-09-12,1,ifvg,,2546.254,2546.158,-0.032000000000001215,0.0033333333333333335,inv,0.0,False
2024-09-12,-1,inv,,2546.254,2546.688,-0.43400000000019645,0.01,inv,20.0,True
2024-09-12,-1,fvg,,2546.824,2547.200558603491,-0.12551953449701617,0.0033333333333333335,sl,4.0,False
2024-09-12,-1,fvg,,2546.925,2547.1132793017455,-0.06275976724843228,0.0033333333333333335,sl,0.0,False
2024-09-12,-1,fvg,,2547.428,2547.528,-0.03333333333330302,0.0033333333333333335,sl,3.0,False
2024-09-12,-1,fvg,,2549.418,2549.8888994708996,-0.15696649029981322,0.0033333333333333335,sl,144.0,False
2024-09-12,-1,fvg,,2549.674,2549.9094497354495,-0.07848324514983082,0.0033333333333333335,sl,13.0,False
2024-09-12,-1,fvg,,2550.308,2550.083,0.07499999999996969,0.0033333333333333335,tp,11.0,False
2024-09-12,-1,fvg,,2552.985,2553.4355494505494,-0.1501831501830869,0.0033333333333333335,sl,34.0,False
2024-09-12,-1,fvg,,2553.395,2553.6202747252746,-0.07509157509154345,0.0033333333333333335,sl,83.0,False
2024-09-12,-1,fvg,,2553.628,2553.728,-0.03333333333330302,0.0033333333333333335,sl,0.0,False
2024-09-12,-1,ifvg,,2554.148,2554.214,-0.021999999999934516,0.0033333333333333335,inv,0.0,False
2024-09-12,-1,ifvg,,2554.124,2554.214,-0.03000000000004851,0.0033333333333333335,inv,0.0,False
2024-09-12,-1,ifvg,,2554.054,2554.214,-0.05333333333328483,0.0033333333333333335,inv,0.0,False
2024-09-12,1,fvg,,2556.009,2556.544994764398,0.17866492146595192,0.0033333333333333335,tp,20.0,False
2024-09-12,-1,ifvg,,2556.74,2556.8750364963503,-0.04501216545016481,0.0033333333333333335,sl,0.0,False
2024-09-12,-1,ifvg,,2556.555,2556.825072992701,-0.09002433090032962,0.0033333333333333335,sl,0.0,False
2024-09-12,-1,ifvg,,2556.925,2557.025,-0.03333333333330302,0.0033333333333333335,sl,39.0,False
2024-09-12,1,fvg,,2556.464,2557.5359895287957,0.35732984293190384,0.0033333333333333335,tp,194.0,False
2024-09-12,1,ifvg,,2558.918,2558.818,-0.03333333333330302,0.0033333333333333335,sl,0.0,False
2024-09-12,1,ifvg,,2558.978,2558.8708571428574,-0.03571428571422076,0.0033333333333333335,sl,0.0,False
2024-09-12,1,ifvg,,2558.858,2558.7580000000003,-0.03333333333330302,0.0033333333333333335,sl,8.0,False
2024-09-12,-1,ifvg,,2558.795,2558.825,-0.009999999999915115,0.0033333333333333335,inv,0.0,False
2024-09-12,-1,ifvg,,2558.7,2558.825,-0.04166666666666667,0.0033333333333333335,inv,0.0,False
2024-09-12,-1,ifvg,,2558.595,2558.825,-0.07666666666667273,0.0033333333333333335,inv,0.0,False
2024-09-12,-1,ifvg,,2557.1965,2557.395,-0.06616666666665576,0.0033333333333333335,inv,5.0,False
2024-09-12,-1,ifvg,,2557.018,2557.395,-0.1256666666666509,0.0033333333333333335,inv,5.0,False
2024-09-12,-1,ifvg,,2557.375,2557.395,-0.006666666666660603,0.0033333333333333335,inv,0.0,False
2024-09-12,1,inv,,2557.304,2557.9466,0.6426000000001295,0.01,tp,181.0,True
2024-09-12,1,fvg,,2557.894,2558.344,0.15000000000009098,0.0033333333333333335,eod,386.0,False
2024-10-18,1,fvg,,2696.275,2696.1278581510232,-0.0490472829922813,0.0033333333333333335,sl,0.0,False
2024-10-18,1,fvg,,2696.365,2697.027138320395,0.22071277346503848,0.0033333333333333335,tp,49.0,False
2024-10-18,1,fvg,,2697.525,2697.0964285714285,-0.14285714285718618,0.0033333333333333335,sl,29.0,False
2024-10-18,1,fvg,,2697.255,2697.0407142857143,-0.07142857142859309,0.0033333333333333335,sl,0.0,False
2024-10-18,1,ifvg,,2704.6400000000003,2704.545,-0.03166666666675155,0.0033333333333333335,inv,3.0,False
2024-10-18,1,ifvg,,2704.715,2704.545,-0.05666666666669092,0.0033333333333333335,inv,3.0,False
2024-10-18,1,ifvg,,2704.585,2704.545,-0.013333333333321207,0.0033333333333333335,inv,0.0,False
2024-10-18,-1,ifvg,,2704.3665,2704.4665,-0.03333333333330302,0.0033333333333333335,sl,20.0,False
2024-10-18,-1,ifvg,,2704.298,2704.418492524186,-0.0401641747287916,0.0033333333333333335,sl,20.0,False
2024-10-18,-1,ifvg,,2704.435,2704.535,-0.03333333333330302,0.0033333333333333335,sl,1.0,False
2024-10-18,-1,fvg,,2702.655,2702.9556993006995,-0.10023310023310236,0.0033333333333333335,sl,16.0,False
2024-10-18,-1,fvg,,2702.845,2702.9953496503495,-0.05011655011655118,0.0033333333333333335,sl,13.0,False
2024-10-18,-1,fvg,,2703.085,2702.86,0.07499999999996969,0.0033333333333333335,tp,5.0,False
2024-10-18,1,ifvg,,2712.465,2712.3499557522123,-0.03834808259595472,0.0033333333333333335,sl,0.0,False
2024-10-18,1,ifvg,,2712.335,2712.235,-0.03333333333330302,0.0033333333333333335,sl,7.0,False
2024-10-18,1,ifvg,,2712.4,2712.3,-0.03333333333330302,0.0033333333333333335,sl,7.0,False
2024-10-18,-1,ifvg,,2708.5699999999997,2708.676299212598,-0.03543307086617157,0.0033333333333333335,sl,0.0,False
2024-10-18,-1,ifvg,,2708.435,2708.647598425197,-0.07086614173234314,0.0033333333333333335,sl,0.0,False
2024-10-18,-1,ifvg,,2708.705,2708.805,-0.03333333333330302,0.0033333333333333335,sl,6.0,False
2024-10-18,-1,ifvg,,2709.695,2709.8021428571433,-0.03571428571437234,0.0033333333333333335,sl,3.0,False
2024-10-18,-1,ifvg,,2709.795,2709.895,-0.03333333333330302,0.0033333333333333335,sl,0.0,False
2024-10-18,-1,ifvg,,2709.795,2709.895,-0.03333333333330302,0.0033333333333333335,sl,0.0,False
2024-10-18,1,ifvg,,2709.285,2709.195,-0.02999999999989693,0.0033333333333333335,inv,0.0,False
2024-10-18,1,ifvg,,2709.4350000000004,2709.195,-0.08000000000007883,0.0033333333333333335,inv,0.0,False
2024-10-18,1,ifvg,,2709.655,2709.195,-0.15333333333334545,0.0033333333333333335,inv,0.0,False
2024-10-18,-1,inv,,2709.235,2709.675,-0.44000000000005457,0.01,inv,101.0,True
2024-10-18,1,ifvg,,2710.004,2709.904,-0.03333333333330302,0.0033333333333333335,sl,0.0,False
2024-10-18,1,ifvg,,2710.1059999999998,2710.006,-0.03333333333330302,0.0033333333333333335,sl,0.0,False
2024-10-18,1,ifvg,,2710.208,2710.038564784053,-0.05647840531567757,0.0033333333333333335,sl,0.0,False
2024-10-18,1,ifvg,,2710.633,2710.4876099290777,-0.04846335697402538,0.0033333333333333335,sl,0.0,False
2024-10-18,1,ifvg,,2710.838,2710.547219858156,-0.09692671394805076,0.0033333333333333335,sl,0.0,False
2024-10-18,1,ifvg,,2710.428,2710.328,-0.03333333333330302,0.0033333333333333335,sl,2.0,False
2024-10-18,-1,ifvg,,2705.425,2705.5916666666667,-0.05555555555550503,0.0033333333333333335,sl,0.0,False
2024-10-18,-1,ifvg,,2705.175,2705.5083333333337,-0.11111111111116166,0.0033333333333333335,sl,0.0,False
2024-10-18,-1,ifvg,,2705.675,2705.775,-0.03333333333330302,0.0033333333333333335,sl,0.0,False
2024-10-18,-1,ifvg,,2704.995,2705.117807017544,-0.040935672514630525,0.0033333333333333335,sl,0.0,False
2024-10-18,-1,ifvg,,2705.128,2705.228,-0.03333333333330302,0.0033333333333333335,sl,5.0,False
2024-10-18,-1,ifvg,,2705.065,2705.165,-0.03333333333330302,0.0033333333333333335,sl,5.0,False
2024-10-18,1,ifvg,,2706.9165000000003,2707.239646828226,0.10771560940853912,0.0033333333333333335,tp,1.0,False
2024-10-18,-1,inv,,2706.935,2707.138,-0.20299999999997456,0.01,inv,0.0,True
2024-10-18,1,ifvg,,2707.118,2706.695,-0.14099999999992482,0.0033333333333333335,inv,17.0,False
2024-10-18,1,ifvg,,2706.838,2706.695,-0.04766666666667637,0.0033333333333333335,inv,0.0,False
2024-10-18,1,ifvg,,2707.643,2708.1532459016394,0.17008196721311228,0.0033333333333333335,tp,2.0,False
2024-10-18,-1,inv,,2707.694,2708.078,-0.3840000000000146,0.01,inv,1.0,True
2024-10-18,1,ifvg,,2708.058,2709.0784918032787,0.34016393442622456,0.0033333333333333335,tp,47.0,False
2024-10-18,1,ifvg,,2711.255,2711.48,0.07499999999996969,0.0033333333333333335,tp,0.0,False
2024-10-18,1,ifvg,,2711.441,2711.304901018923,-0.045366327025628074,0.0033333333333333335,sl,0.0,False
2024-10-18,1,ifvg,,2711.628,2711.355802037846,-0.09073265405140774,0.0033333333333333335,sl,0.0,False
2024-10-18,1,ifvg,,2712.478,2712.378,-0.03333333333330302,0.0033333333333333335,sl,0.0,False
2024-10-18,1,ifvg,,2712.7960000000003,2712.6016234718827,-0.06479217603919096,0.0033333333333333335,sl,0.0,False
2024-10-18,1,ifvg,,2713.114,2712.7252469437653,-0.12958435207823035,0.0033333333333333335,sl,0.0,False
2024-10-18,-1,fvg,,2717.604,2716.5131962905716,0.36360123647606696,0.0033333333333333335,tp,188.0,False
2024-10-18,1,ifvg,,2714.128,2714.088,-0.013333333333321207,0.0033333333333333335,inv,7.0,False
2024-10-18,1,ifvg,,2714.276,2714.088,-0.06266666666654903,0.0033333333333333335,inv,7.0,False
2024-10-18,1,ifvg,,2714.444,2714.088,-0.11866666666658908,0.0033333333333333335,inv,7.0,False
2024-10-18,-1,inv,,2714.198,2714.464,-0.2660000000000764,0.01,inv,33.0,True
2024-10-18,1,ifvg,,2714.791,2714.538,-0.08433333333338548,0.0033333333333333335,inv,62.0,False
2024-10-18,1,ifvg,,2715.024,2714.538,-0.16199999999995876,0.0033333333333333335,inv,62.0,False
2024-10-18,1,ifvg,,2714.675,2714.538,-0.045666666666723664,0.0033333333333333335,inv,1.0,False
2024-10-18,-1,inv,,2714.745,2715.044,-0.29899999999997817,0.01,inv,511.0,True
2024-10-18,1,fvg,,2716.164,2716.479647482014,0.10521582733796701,0.0033333333333333335,tp,85.0,False
2024-10-18,1,fvg,,2716.315,2716.9462949640288,0.2104316546762372,0.0033333333333333335,tp,102.0,False
2024-10-18,-1,fvg,,2717.988,2718.2304008243173,-0.08080027477247617,0.0033333333333333335,sl,18.0,False
2024-10-18,-1,fvg,,2718.545,2718.32,0.07499999999996969,0.0033333333333333335,tp,16.0,False
2024-10-18,-1,ifvg,,2717.9415,2718.028,-0.02883333333329574,0.0033333333333333335,inv,19.0,False
2024-10-18,-1,ifvg,,2717.875,2718.028,-0.050999999999930885,0.0033333333333333335,inv,19.0,False
2024-10-18,-1,ifvg,,2718.008,2718.028,-0.006666666666660603,0.0033333333333333335,inv,0.0,False
2024-10-18,-1,ifvg,,2720.205,2719.98,0.07499999999996969,0.0033333333333333335,tp,7.0,False
2024-10-18,-1,ifvg,,2720.1465,2719.9215,0.07499999999996969,0.0033333333333333335,tp,8.0,False
2024-10-18,-1,ifvg,,2720.088,2719.8523240823642,0.07855863921198156,0.0033333333333333335,tp,9.0,False
2024-10-18,1,ifvg,,2721.245,2721.1018980291346,-0.047700656955081897,0.0033333333333333335,sl,1.0,False
2024-10-18,1,ifvg,,2721.1615,2721.0615000000003,-0.03333333333330302,0.0033333333333333335,sl,13.0,False
2024-10-18,1,ifvg,,2721.078,2720.978,-0.03333333333330302,0.0033333333333333335,sl,82.0,False
2024-10-18,1,ifvg,,2721.398,2721.2980000000002,-0.03333333333330302,0.0033333333333333335,sl,0.0,False
2024-10-18,1,ifvg,,2721.508,2721.3276721311477,-0.060109289617381975,0.0033333333333333335,sl,0.0,False
2024-10-18,1,ifvg,,2721.288,2721.513,0.07499999999996969,0.0033333333333333335,tp,74.0,False
2024-10-23,1,ifvg,,2739.165,2739.062140587768,-0.03428647074391241,0.0033333333333333335,sl,10.0,False
2024-10-23,1,ifvg,,2739.264,2739.058281175536,-0.06857294148797641,0.0033333333333333335,sl,10.0,False
2024-10-23,1,ifvg,,2739.175,2739.0750000000003,-0.03333333333330302,0.0033333333333333335,sl,0.0,False
2024-10-23,-1,ifvg,,2749.025,2749.165,-0.046666666666624224,0.0033333333333333335,inv,4.0,False
2024-10-23,-1,ifvg,,2748.905,2749.165,-0.08666666666658786,0.0033333333333333335,inv,4.0,False
2024-10-23,-1,ifvg,,2749.095,2749.165,-0.023333333333387905,0.0033333333333333335,inv,0.0,False
2024-10-23,-1,ifvg,,2752.515,2752.615,-0.03333333333330302,0.0033333333333333335,sl,0.0,False
2024-10-23,-1,ifvg,,2752.42,2752.52,-0.03333333333330302,0.0033333333333333335,sl,0.0,False
2024-10-23,-1,ifvg,,2752.325,2752.4846638655463,-0.05322128851548769,0.0033333333333333335,sl,0.0,False
2024-10-23,-1,ifvg,,2755.025,2755.045,-0.006666666666660603,0.0033333333333333335,inv,3.0,False
2024-10-23,-1,ifvg,,2754.91,2755.045,-0.045000000000072767,0.0033333333333333335,inv,3.0,False
2024-10-23,-1,ifvg,,2754.795,2755.045,-0.08333333333333334,0.0033333333333333335,inv,3.0,False
2024-10-23,-1,fvg,,2757.005,2757.3514052287583,-0.1154684095860527,0.0033333333333333335,sl,28.0,False
2024-10-23,-1,fvg,,2757.235,2757.408202614379,-0.05773420479302635,0.0033333333333333335,sl,1.0,False
2024-10-23,-1,fvg,,2755.575,2756.0225138121546,-0.1491712707182463,0.0033333333333333335,sl,5.0,False
2024-10-23,-1,fvg,,2755.935,2755.4315469613257,0.16781767955808394,0.0033333333333333335,tp,57.0,False
2024-10-23,-1,fvg,,2753.848,2752.9008372900985,0.3157209033004923,0.0033333333333333335,tp,124.0,False
2024-10-23,-1,fvg,,2752.675,2751.780421686747,0.29819277108435926,0.0033333333333333335,tp,141.0,False
2024-10-23,-1,fvg,,2749.638,2750.063287356322,-0.14176245210728666,0.0033333333333333335,sl,17.0,False
2024-10-23,-1,fvg,,2750.178,2749.699551724138,0.1594827586206217,0.0033333333333333335,tp,67.0,False
2024-10-23,-1,ifvg,,2747.865,2748.0649999999996,-0.06666666666660603,0.0033333333333333335,sl,1.0,False
2024-10-23,-1,ifvg,,2747.948,2748.048,-0.03333333333330302,0.0033333333333333335,sl,0.0,False
2024-10-23,-1,ifvg,,2747.935,2748.035,-0.03333333333330302,0.0033333333333333335,sl,0.0,False
2024-10-23,1,ifvg,,2748.5515,2748.188,-0.12116666666664364,0.0033333333333333335,inv,1.0,False
2024-10-23,1,ifvg,,2748.895,2748.188,-0.23566666666662667,0.0033333333333333335,inv,1.0,False
2024-10-23,1,ifvg,,2748.275,2748.188,-0.028999999999996362,0.0033333333333333335,inv,0.0,False
2024-10-23,-1,inv,,2748.275,2747.0384000000004,1.2365999999997257,0.01,tp,194.0,True
2024-10-23,1,ifvg,,2747.335,2747.6787500000005,0.11458333333348493,0.0033333333333333335,tp,8.0,False
2024-10-23,-1,inv,,2747.278,2747.575,-0.29700000000002547,0.01,inv,7.0,True
2024-10-23,1,ifvg,,2747.555,2747.095,-0.15333333333334545,0.0033333333333333335,inv,11.0,False
2024-10-23,1,ifvg,,2747.255,2747.095,-0.053333333333436414,0.0033333333333333335,inv,0.0,False
2024-10-23,1,ifvg,,2746.655,2746.595,-0.020000000000133394,0.0033333333333333335,inv,0.0,False
2024-10-23,1,ifvg,,2746.805,2746.595,-0.07000000000001214,0.0033333333333333335,inv,0.0,False
2024-10-23,1,ifvg,,2746.995,2746.595,-0.13333333333336367,0.0033333333333333335,inv,0.0,False
2024-10-23,-1,inv,,2746.345,2745.6609999999996,0.6840000000001965,0.01,tp,12.0,True
2024-10-23,1,ifvg,,2743.985,2743.965,-0.006666666666660603,0.0033333333333333335,inv,0.0,False
2024-10-23,1,ifvg,,2744.08,2743.965,-0.038333333333260576,0.0033333333333333335,inv,0.0,False
2024-10-23,1,ifvg,,2744.175,2743.965,-0.07000000000001214,0.0033333333333333335,inv,0.0,False
2024-10-23,-1,inv,,2746.315,2746.455,-0.13999999999987267,0.01,inv,3.0,True
2024-10-23,1,ifvg,,2746.1949999999997,2746.5598648648643,0.1216216216215192,0.0033333333333333335,tp,15.0,False
2024-10-23,1,ifvg,,2746.435,2747.1647297297295,0.24324324324319002,0.0033333333333333335,tp,32.0,False
2024-10-23,1,ifvg,,2746.098,2745.935,-0.054333333333336974,0.0033333333333333335,inv,0.0,False
2024-10-23,-1,ifvg,,2745.455,2745.7087313432835,-0.08457711442785391,0.0033333333333333335,sl,0.0,False
2024-10-23,-1,ifvg,,2745.625,2745.751865671642,-0.04228855721400275,0.0033333333333333335,sl,9.0,False
2024-10-23,1,fvg,,2743.315,2742.924756097561,-0.13008130081304142,0.0033333333333333335,sl,10.0,False
2024-10-23,1,fvg,,2743.295,2743.0998780487807,-0.06504065040644491,0.0033333333333333335,sl,0.0,False
2024-10-23,1,fvg,,2742.785,2742.685,-0.03333333333330302,0.0033333333333333335,sl,0.0,False
2024-10-23,-1,ifvg,,2739.495,2739.6043750000003,-0.036458333333484916,0.0033333333333333335,sl,5.0,False
2024-10-23,-1,ifvg,,2739.355,2739.57375,-0.07291666666666667,0.0033333333333333335,sl,5.0,False
2024-10-23,-1,ifvg,,2739.498,2739.598,-0.03333333333330302,0.0033333333333333335,sl,0.0,False
2024-10-23,-1,fvg,,2740.595,2739.601983240223,0.331005586592255,0.0033333333333333335,tp,22.0,False
2024-10-23,1,ifvg,,2740.385,2740.265,-0.04000000000011521,0.0033333333333333335,inv,4.0,False
2024-10-23,1,ifvg,,2740.485,2740.265,-0.07333333333341822,0.0033333333333333335,inv,4.0,False
2024-10-23,1,ifvg,,2740.305,2740.265,-0.013333333333321207,0.0033333333333333335,inv,0.0,False
2024-10-23,-1,ifvg,,2737.255,2737.355,-0.03333333333330302,0.0033333333333333335,sl,0.0,False
2024-10-23,-1,ifvg,,2737.16,2737.2599999999998,-0.03333333333330302,0.0033333333333333335,sl,0.0,False
2024-10-23,-1,ifvg,,2737.065,2737.2246638655465,-0.05322128851548769,0.0033333333333333335,sl,0.0,False
2024-10-23,-1,fvg,,2738.455,2737.995680473373,0.15310650887568045,0.0033333333333333335,tp,4.0,False
2024-10-23,-1,fvg,,2738.135,2737.216360946746,0.3062130177513609,0.0033333333333333335,tp,11.0,False
2024-10-23,1,ifvg,,2734.515,2734.385,-0.043333333333218135,0.0033333333333333335,inv,0.0,False
2024-10-23,1,ifvg,,2734.94,2734.385,-0.18499999999994546,0.0033333333333333335,inv,0.0,False
2024-10-23,1,ifvg,,2735.475,2734.385,-0.36333333333323026,0.0033333333333333335,inv,0.0,False
2024-10-23,-1,inv,,2734.405,2732.4790000000007,1.9259999999994761,0.01,tp,16.0,True
2024-10-23,1,fvg,,2712.265,2713.487602739726,0.40753424657532383,0.0033333333333333335,tp,121.0,False
2024-10-23,-1,ifvg,,2721.51,2721.585,-0.024999999999939366,0.0033333333333333335,inv,7.0,False
2024-10-23,-1,ifvg,,2721.455,2721.585,-0.043333333333369715,0.0033333333333333335,inv,7.0,False
2024-10-23,-1,ifvg,,2721.565,2721.585,-0.006666666666660603,0.0033333333333333335,inv,0.0,False
2024-10-23,-1,ifvg,,2713.4215,2713.5215,-0.03333333333330302,0.0033333333333333335,sl,0.0,False
2024-10-23,-1,ifvg,,2713.328,2713.485540016849,-0.05251333894966592,0.0033333333333333335,sl,0.0,False
2024-10-23,-1,ifvg,,2713.495,2713.595,-0.03333333333330302,0.0033333333333333335,sl,4.0,False
2024-10-23,1,fvg,,2714.285,2714.7482352941174,0.1544117647058556,0.0033333333333333335,tp,48.0,False
2024-10-23,1,fvg,,2714.505,2715.4314705882357,0.3088235294118628,0.0033333333333333335,tp,135.0,False
2024-10-23,1,ifvg,,2716.635,2716.3812686567167,-0.08457711442785391,0.0033333333333333335,sl,0.0,False
2024-10-23,1,ifvg,,2716.465,2716.338134328358,-0.04228855721400275,0.0033333333333333335,sl,33.0,False
2024-10-23,1,ifvg,,2716.348,2716.248,-0.03333333333330302,0.0033333333333333335,sl,0.0,False
2024-10-23,1,ifvg,,2717.2715,2717.141049150037,-0.04348361665430882,0.0033333333333333335,sl,0.0,False
2024-10-23,1,ifvg,,2717.448,2717.1870983000736,-0.08696723330876921,0.0033333333333333335,sl,0.0,False
2024-10-23,1,ifvg,,2717.095,2717.3199999999997,0.07499999999996969,0.0033333333333333335,tp,30.0,False
2024-10-23,1,ifvg,,2719.0065,2718.9023828186855,-0.034705727104816717,0.0033333333333333335,sl,0.0,False
2024-10-23,1,ifvg,,2719.138,2718.9297656373715,-0.06941145420948185,0.0033333333333333335,sl,0.0,False
2024-10-23,1,ifvg,,2718.875,2719.1,0.07499999999996969,0.0033333333333333335,tp,35.0,False
2024-10-23,1,fvg,,2718.864,2719.8253402061855,0.3204467353951562,0.0033333333333333335,tp,325.0,False
2024-10-23,1,fvg,,2720.375,2721.0625,0.22916666666666666,0.0033333333333333335,tp,113.0,False
2024-10-23,-1,ifvg,,2720.805,2721.045,-0.08000000000007883,0.0033333333333333335,inv,5.0,False
2024-10-23,-1,ifvg,,2720.915,2721.045,-0.043333333333369715,0.0033333333333333335,inv,0.0,False
2024-10-23,-1,ifvg,,2720.915,2721.045,-0.043333333333369715,0.0033333333333333335,inv,0.0,False
2024-10-23,1,ifvg,,2721.315,2721.184565217391,-0.04347826086965749,0.0033333333333333335,sl,0.0,False
2024-10-23,1,ifvg,,2721.24,2721.14,-0.03333333333330302,0.0033333333333333335,sl,3.0,False
2024-10-23,1,ifvg,,2721.165,2721.065,-0.03333333333330302,0.0033333333333333335,sl,10.0,False
2024-11-04,1,ifvg,,2744.598,2744.578,-0.006666666666660603,0.0033333333333333335,inv,0.0,False
2024-11-04,1,ifvg,,2744.7865,2744.578,-0.06950000000006185,0.0033333333333333335,inv,0.0,False
2024-11-04,1,ifvg,,2744.975,2744.578,-0.13233333333331151,0.0033333333333333335,inv,0.0,False
2024-11-04,-1,inv,,2744.585,2743.9064000000003,0.678599999999733,0.01,tp,6.0,True
2024-11-04,1,ifvg,,2744.448,2744.3078452278587,-0.046718257380386305,0.0033333333333333335,sl,0.0,False
2024-11-04,1,ifvg,,2744.3665,2744.2665,-0.03333333333330302,0.0033333333333333335,sl,1.0,False
2024-11-04,1,ifvg,,2744.335,2744.235,-0.03333333333330302,0.0033333333333333335,sl,0.0,False
2024-11-04,1,fvg,,2744.165,2744.0326470588234,-0.0441176470588592,0.0033333333333333335,sl,0.0,False
2024-11-04,1,fvg,,2744.185,2744.780588235294,0.1985294117647148,0.0033333333333333335,tp,27.0,False
2024-11-04,1,fvg,,2743.845,2743.745,-0.03333333333330302,0.0033333333333333335,sl,1.0,False
2024-11-04,1,ifvg,,2743.735,2743.434300699301,-0.10023310023310236,0.0033333333333333335,sl,0.0,False
2024-11-04,1,ifvg,,2743.52,2743.3696503496503,-0.05011655011655118,0.0033333333333333335,sl,1.0,False
2024-11-04,1,ifvg,,2743.305,2743.205,-0.03333333333330302,0.0033333333333333335,sl,5.0,False
2024-11-04,-1,fvg,,2740.715,2740.9742592592593,-0.08641975308637485,0.0033333333333333335,sl,3.0,False
2024-11-04,-1,fvg,,2740.8900000000003,2741.01962962963,-0.04320987654318743,0.0033333333333333335,sl,8.0,False
2024-11-04,-1,fvg,,2740.895,2740.995,-0.03333333333330302,0.0033333333333333335,sl,0.0,False
2024-11-04,1,fvg,,2735.475,2735.2049270072994,-0.09002433090017803,0.0033333333333333335,sl,24.0,False
2024-11-04,1,fvg,,2735.275,2735.5788321167884,0.10127737226275713,0.0033333333333333335,tp,23.0,False
2024-11-04,1,ifvg,,2739.345,2739.2018980291346,-0.047700656955081897,0.0033333333333333335,sl,0.0,False
2024-11-04,1,ifvg,,2739.188,2739.413,0.07499999999996969,0.0033333333333333335,tp,39.0,False
2024-11-04,1,ifvg,,2739.2614999999996,2739.4864999999995,0.07499999999996969,0.0033333333333333335,tp,39.0,False
2024-11-04,1,ifvg,,2738.8465,2738.738042678152,-0.03615244061605457,0.0033333333333333335,sl,0.0,False
2024-11-04,1,ifvg,,2738.985,2738.768085356304,-0.07230488123210914,0.0033333333333333335,sl,0.0,False
2024-11-04,1,ifvg,,2738.708,2738.608,-0.03333333333330302,0.0033333333333333335,sl,3.0,False
2024-11-04,1,ifvg,,2736.3630000000003,2736.268,-0.03166666666675155,0.0033333333333333335,inv,8.0,False
2024-11-04,1,ifvg,,2736.438,2736.268,-0.05666666666669092,0.0033333333333333335,inv,8.0,False
2024-11-04,1,ifvg,,2736.288,2736.268,-0.006666666666660603,0.0033333333333333335,inv,0.0,False
2024-11-04,1,ifvg,,2737.325,2737.018,-0.10233333333326301,0.0033333333333333335,inv,280.0,False
2024-11-04,1,ifvg,,2737.1814999999997,2737.018,-0.05449999999988601,0.0033333333333333335,inv,265.0,False
2024-11-04,1,ifvg,,2737.038,2737.018,-0.006666666666660603,0.0033333333333333335,inv,0.0,False
2024-11-04,-1,ifvg,,2736.458,2736.7616211699165,-0.10120705663878957,0.0033333333333333335,sl,0.0,False
2024-11-04,-1,ifvg,,2736.676,2736.827810584958,-0.05060352831939478,0.0033333333333333335,sl,5.0,False
2024-11-04,-1,ifvg,,2736.888,2736.988,-0.03333333333330302,0.0033333333333333335,sl,82.0,False
2024-12-05,1,ifvg,,2653.995,2653.788650793651,-0.06878306878297735,0.0033333333333333335,sl,2.0,False
2024-12-05,1,ifvg,,2653.848,2654.080142857143,0.077380952381039,0.0033333333333333335,tp,3.0,False
2024-12-05,1,ifvg,,2653.785,2653.685,-0.03333333333330302,0.0033333333333333335,sl,1.0,False
2024-12-05,1,fvg,,2652.175,2651.685204081633,-0.16326530612241186,0.0033333333333333335,sl,0.0,False
2024-12-05,1,fvg,,2651.805,2652.356020408163,0.18367346938778914,0.0033333333333333335,tp,26.0,False
2024-12-05,1,fvg,,2651.228,2651.128,-0.03333333333330302,0.0033333333333333335,sl,7.0,False
2024-12-05,-1,fvg,,2649.915,2648.908093922652,0.3356353591160163,0.0033333333333333335,tp,40.0,False
2024-12-05,-1,fvg,,2650.395,2649.8915469613257,0.16781767955808394,0.0033333333333333335,tp,5.0,False
2024-12-05,-1,ifvg,,2644.645,2644.745,-0.03333333333330302,0.0033333333333333335,sl,0.0,False
2024-12-05,-1,ifvg,,2644.55,2644.6796296296297,-0.04320987654318743,0.0033333333333333335,sl,0.0,False
2024-12-05,-1,ifvg,,2644.375,2644.634259259259,-0.08641975308637485,0.0033333333333333335,sl,0.0,False
2024-12-05,1,ifvg,,2648.755,2648.335,-0.14000000000002427,0.0033333333333333335,inv,4.0,False
2024-12-05,1,ifvg,,2649.155,2648.335,-0.27333333333338794,0.0033333333333333335,inv,4.0,False
2024-12-05,1,ifvg,,2648.385,2648.335,-0.0166666666667273,0.0033333333333333335,inv,0.0,False
2024-12-05,-1,inv,,2648.395,2649.175,-0.7800000000002001,0.01,inv,217.0,True
2024-12-05,1,fvg,,2647.935,2647.530238095238,-0.13492063492064216,0.0033333333333333335,sl,4.0,False
2024-12-05,1,fvg,,2647.705,2648.1603571428573,0.15178571428577925,0.0033333333333333335,tp,22.0,False
2024-12-05,1,fvg,,2647.325,2647.225,-0.03333333333330302,0.0033333333333333335,sl,1.0,False
2024-12-05,-1,fvg,,2646.215,2645.4452631578947,0.2565789473684769,0.0033333333333333335,tp,32.0,False
2024-12-05,-1,fvg,,2646.445,2646.0601315789477,0.12828947368416266,0.0033333333333333335,tp,12.0,False
2024-12-05,-1,ifvg,,2645.465,2645.565,-0.03333333333330302,0.0033333333333333335,sl,0.0,False
2024-12-05,-1,ifvg,,2645.115,2645.320882352941,-0.06862745098048133,0.0033333333333333335,sl,0.0,False
2024-12-05,-1,ifvg,,2644.765,2645.1767647058823,-0.13725490196081108,0.0033333333333333335,sl,0.0,False
2024-12-05,-1,fvg,,2643.095,2641.8818663594466,0.40437788018440796,0.0033333333333333335,tp,250.0,False
2024-12-05,-1,ifvg,,2640.1549999999997,2640.355,-0.06666666666675762,0.0033333333333333335,inv,3.0,False
2024-12-05,-1,ifvg,,2639.975,2640.355,-0.12666666666670304,0.0033333333333333335,inv,3.0,False
2024-12-05,-1,ifvg,,2640.305,2640.355,-0.0166666666667273,0.0033333333333333335,inv,0.0,False
2024-12-05,1,inv,,2640.235,2639.955,-0.2800000000002001,0.01,inv,6.0,True
2024-12-05,1,ifvg,,2641.448,2641.3164598378776,-0.043846720707430606,0.0033333333333333335,sl,0.0,False
2024-12-05,1,ifvg,,2641.605,2641.3419196757554,-0.08769344141486121,0.0033333333333333335,sl,0.0,False
2024-12-05,1,ifvg,,2641.265,2641.165,-0.03333333333330302,0.0033333333333333335,sl,0.0,False
2024-12-05,-1,fvg,,2639.495,2638.936729323308,0.1860902255639303,0.0033333333333333335,tp,24.0,False
2024-12-05,1,fvg,,2637.975,2637.5597953216375,-0.13840155945414762,0.0033333333333333335,sl,111.0,False
2024-12-05,1,fvg,,2637.62,2637.4123976608184,-0.0692007797271496,0.0033333333333333335,sl,4.0,False
2024-12-05,1,fvg,,2637.435,2637.335,-0.03333333333330302,0.0033333333333333335,sl,0.0,False
2024-12-05,1,fvg,,2634.185,2634.0034713375794,-0.0605095541401776,0.0033333333333333335,sl,1.0,False
2024-12-05,1,fvg,,2634.365,2634.001942675159,-0.12101910828020361,0.0033333333333333335,sl,1.0,False
2024-12-05,1,fvg,,2634.045,2633.945,-0.03333333333330302,0.0033333333333333335,sl,0.0,False
2024-12-05,-1,fvg,,2634.385,2633.8141044776125,0.1902985074625576,0.0033333333333333335,tp,19.0,False
2024-12-05,1,fvg,,2626.315,2626.6247826086956,0.10326086956517126,0.0033333333333333335,tp,6.0,False
2024-12-05,1,fvg,,2626.505,2627.1245652173916,0.2065217391304941,0.0033333333333333335,tp,60.0,False
2024-12-05,1,fvg,,2627.705,2628.6909550561795,0.3286516853931971,0.0033333333333333335,tp,61.0,False
2024-12-05,1,fvg,,2627.415,2627.9079775280898,0.16432584269659856,0.0033333333333333335,tp,96.0,False
2024-12-05,-1,ifvg,,2628.435,2628.455,-0.006666666666660603,0.0033333333333333335,inv,0.0,False
2024-12-05,-1,ifvg,,2628.365,2628.455,-0.03000000000004851,0.0033333333333333335,inv,0.0,False
2024-12-05,-1,ifvg,,2628.295,2628.455,-0.05333333333328483,0.0033333333333333335,inv,0.0,False
2024-12-05,1,ifvg,,2630.7645,2630.577195434647,-0.06243485511777181,0.0033333333333333335,sl,0.0,False
2024-12-05,1,ifvg,,2631.064,2630.689390869293,-0.12486971023554362,0.0033333333333333335,sl,0.0,False
2024-12-05,1,ifvg,,2630.465,2630.3650000000002,-0.03333333333330302,0.0033333333333333335,sl,73.0,False
2024-12-05,1,fvg,,2631.845,2631.5206756756756,-0.10810810810805076,0.0033333333333333335,sl,3860.0,False
2024-12-05,1,fvg,,2631.605,2631.442837837838,-0.05405405405402538,0.0033333333333333335,sl,3748.0,False
2024-12-05,1,fvg,,2631.365,2631.5899999999997,0.07499999999996969,0.0033333333333333335,tp,9.0,False
2024-12-05,1,fvg,,2633.255,2633.527727272728,0.0909090909093114,0.0033333333333333335,tp,199.0,False
2024-12-05,1,fvg,,2633.385,2633.635,0.08333333333333334,0.0033333333333333335,eod,313.0,False
2025-01-29,1,ifvg,,2765.158,2764.995,-0.054333333333336974,0.0033333333333333335,inv,65.0,False
2025-01-29,1,ifvg,,2765.0865,2764.995,-0.03049999999999879,0.0033333333333333335,inv,64.0,False
2025-01-29,1,ifvg,,2765.015,2764.995,-0.006666666666660603,0.0033333333333333335,inv,0.0,False
2025-01-29,1,ifvg,,2764.805,2764.785,-0.006666666666660603,0.0033333333333333335,inv,0.0,False
2025-01-29,1,ifvg,,2764.875,2764.785,-0.03000000000004851,0.0033333333333333335,inv,0.0,False
2025-01-29,1,ifvg,,2764.945,2764.785,-0.053333333333436414,0.0033333333333333335,inv,0.0,False
2025-01-29,-1,ifvg,,2760.1549999999997,2760.2549999999997,-0.03333333333330302,0.0033333333333333335,sl,0.0,False
2025-01-29,-1,ifvg,,2760.085,2760.207807017544,-0.040935672514630525,0.0033333333333333335,sl,0.0,False
2025-01-29,-1,ifvg,,2760.225,2760.325,-0.03333333333330302,0.0033333333333333335,sl,1.0,False
2025-01-29,-1,ifvg,,2764.475,2764.645,-0.05666666666669092,0.0033333333333333335,inv,3.0,False
2025-01-29,-1,ifvg,,2764.325,2764.645,-0.10666666666672125,0.0033333333333333335,inv,3.0,False
2025-01-29,-1,ifvg,,2764.615,2764.645,-0.010000000000066697,0.0033333333333333335,inv,1.0,False
2025-01-29,1,inv,,2764.535,2764.305,-0.23000000000001822,0.01,inv,20.0,True
2025-01-29,1,ifvg,,2763.445,2763.345,-0.0333333333334546,0.0033333333333333335,inv,7.0,False
2025-01-29,1,ifvg,,2763.485,2763.345,-0.04666666666677581,0.0033333333333333335,inv,7.0,False
2025-01-29,1,ifvg,,2763.375,2763.345,-0.010000000000066697,0.0033333333333333335,inv,0.0,False
2025-01-29,-1,fvg,,2762.575,2763.0002873563217,-0.14176245210728666,0.0033333333333333335,sl,375.0,False
2025-01-29,-1,fvg,,2762.808,2763.020643678161,-0.07088122605364333,0.0033333333333333335,sl,2.0,False
2025-01-29,-1,ifvg,,2762.5,2762.6,-0.03333333333330302,0.0033333333333333335,sl,12.0,False
2025-01-29,-1,ifvg,,2762.445,2762.545,-0.03333333333330302,0.0033333333333333335,sl,12.0,False
2025-01-29,-1,ifvg,,2762.445,2762.545,-0.03333333333330302,0.0033333333333333335,sl,0.0,False
2025-01-29,-1,ifvg,,2760.615,2760.895,-0.09333333333340003,0.0033333333333333335,inv,1.0,False
2025-01-29,-1,ifvg,,2760.375,2760.895,-0.1733333333333273,0.0033333333333333335,inv,1.0,False
2025-01-29,-1,ifvg,,2760.775,2760.895,-0.03999999999996362,0.0033333333333333335,inv,0.0,False
2025-01-29,1,inv,,2760.775,2760.355,-0.42000000000007276,0.01,inv,6.0,True
2025-01-29,1,ifvg,,2745.445,2745.405,-0.013333333333321207,0.0033333333333333335,inv,0.0,False
2025-01-29,1,ifvg,,2745.575,2745.405,-0.05666666666653934,0.0033333333333333335,inv,0.0,False
2025-01-29,1,ifvg,,2745.725,2745.405,-0.10666666666656965,0.0033333333333333335,inv,0.0,False
2025-01-29,1,ifvg,,2751.775,2751.755,-0.006666666666660603,0.0033333333333333335,inv,1.0,False
2025-01-29,1,ifvg,,2751.8450000000003,2751.755,-0.03000000000004851,0.0033333333333333335,inv,1.0,False
2025-01-29,1,ifvg,,2751.915,2751.755,-0.05333333333328483,0.0033333333333333335,inv,1.0,False
2025-01-29,1,fvg,,2747.385,2746.8087288135594,-0.19209039548028767,0.0033333333333333335,sl,3.0,False
2025-01-29,1,fvg,,2746.958,2746.6698644067797,-0.09604519774014383,0.0033333333333333335,sl,0.0,False
2025-01-29,1,fvg,,2746.135,2746.0350000000003,-0.03333333333330302,0.0033333333333333335,sl,0.0,False
2025-01-29,1,ifvg,,2752.51,2752.065,-0.1483333333333879,0.0033333333333333335,inv,1.0,False
2025-01-29,1,ifvg,,2752.935,2752.065,-0.2899999999999636,0.0033333333333333335,inv,1.0,False
2025-01-29,1,ifvg,,2752.265,2752.065,-0.06666666666660603,0.0033333333333333335,inv,0.0,False
2025-01-29,-1,inv,,2752.265,2750.735,1.5299999999997453,0.01,tp,5.0,True
2025-01-29,1,fvg,,2751.615,2750.8207613168724,-0.2647462277091108,0.0033333333333333335,sl,1.0,False
2025-01-29,1,ifvg,,2758.465,2758.3650000000002,-0.03333333333330302,0.0033333333333333335,sl,0.0,False
2025-01-29,1,ifvg,,2758.495,2758.395,-0.03333333333330302,0.0033333333333333335,sl,0.0,False
2025-01-29,1,ifvg,,2758.575,2758.437068965517,-0.04597701149426333,0.0033333333333333335,sl,0.0,False
2025-01-29,-1,ifvg,,2755.465,2755.485,-0.006666666666660603,0.0033333333333333335,inv,0.0,False
2025-01-29,-1,ifvg,,2755.065,2755.485,-0.14000000000002427,0.0033333333333333335,inv,0.0,False
2025-01-29,-1,ifvg,,2754.665,2755.485,-0.27333333333338794,0.0033333333333333335,inv,0.0,False
2025-01-29,1,inv,,2755.595,2757.0350000000003,1.4400000000005093,0.01,tp,971.0,True
2025-01-29,-1,ifvg,,2757.495,2757.665,-0.05666666666669092,0.0033333333333333335,inv,50.0,False
2025-01-29,-1,ifvg,,2757.358,2757.665,-0.10233333333326301,0.0033333333333333335,inv,41.0,False
2025-01-29,-1,ifvg,,2757.628,2757.665,-0.012333333333269062,0.0033333333333333335,inv,0.0,False
2025-01-29,-1,ifvg,,2759.695,2759.715,-0.006666666666660603,0.0033333333333333335,inv,5.0,False
2025-01-29,-1,ifvg,,2759.635,2759.715,-0.026666666666642413,0.0033333333333333335,inv,5.0,False
2025-01-29,-1,ifvg,,2759.575,2759.715,-0.04666666666677581,0.0033333333333333335,inv,5.0,False
2025-01-29,1,fvg,,2759.568,2760.035,0.15566666666654785,0.0033333333333333335,eod,1652.0,False
2025-02-19,-1,ifvg,,2943.225,2943.245,-0.006666666666660603,0.0033333333333333335,inv,0.0,False
2025-02-19,-1,ifvg,,2943.125,2943.245,-0.03999999999996362,0.0033333333333333335,inv,0.0,False
2025-02-19,-1,ifvg,,2943.025,2943.245,-0.07333333333326665,0.0033333333333333335,inv,0.0,False
2025-02-19,1,ifvg,,2944.475,2944.3373188405794,-0.045893719806827,0.0033333333333333335,sl,0.0,False
2025-02-19,1,ifvg,,2944.665,2944.3896376811595,-0.09178743961350241,0.0033333333333333335,sl,0.0,False
2025-02-19,1,ifvg,,2944.305,2944.205,-0.03333333333330302,0.0033333333333333335,sl,5.0,False
2025-02-19,-1,ifvg,,2945.755,2945.775,-0.006666666666660603,0.0033333333333333335,inv,0.0,False
2025-02-19,-1,ifvg,,2945.695,2945.775,-0.026666666666642413,0.0033333333333333335,inv,0.0,False
2025-02-19,-1,ifvg,,2945.635,2945.775,-0.046666666666624224,0.0033333333333333335,inv,0.0,False
2025-02-19,1,ifvg,,2945.385,2945.2850000000003,-0.03333333333330302,0.0033333333333333335,sl,0.0,False
2025-02-19,1,ifvg,,2945.4300000000003,2945.3300000000004,-0.03333333333330302,0.0033333333333333335,sl,0.0,False
2025-02-19,1,ifvg,,2945.505,2945.374565217391,-0.04347826086965749,0.0033333333333333335,sl,0.0,False
2025-02-19,-1,fvg,,2943.675,2943.796212121212,-0.04040404040400366,0.0033333333333333335,sl,0.0,False
2025-02-19,-1,fvg,,2943.635,2943.089545454546,0.18181818181801648,0.0033333333333333335,tp,75.0,False
2025-02-19,-1,fvg,,2941.635,2940.9661665495432,0.22294448348566223,0.0033333333333333335,tp,21.0,False
2025-02-19,-1,fvg,,2941.735,2941.883629655657,-0.04954321855226832,0.0033333333333333335,sl,0.0,False
2025-02-19,-1,ifvg,,2940.535,2940.555,-0.006666666666660603,0.0033333333333333335,inv,4.0,False
2025-02-19,-1,ifvg,,2940.475,2940.555,-0.026666666666642413,0.0033333333333333335,inv,4.0,False
2025-02-19,-1,ifvg,,2940.415,2940.555,-0.046666666666624224,0.0033333333333333335,inv,4.0,False
2025-02-19,1,ifvg,,2938.105,2938.005,-0.03333333333330302,0.0033333333333333335,sl,0.0,False
2025-02-19,1,ifvg,,2938.355,2938.1883333333335,-0.05555555555550503,0.0033333333333333335,sl,0.0,False
2025-02-19,1,ifvg,,2938.605,2938.2716666666665,-0.11111111111116166,0.0033333333333333335,sl,0.0,False
2025-02-19,1,ifvg,,2920.54,2920.325,-0.07166666666671517,0.0033333333333333335,inv,2.0,False
2025-02-19,1,ifvg,,2920.735,2920.325,-0.13666666666676974,0.0033333333333333335,inv,2.0,False
2025-02-19,1,ifvg,,2920.515,2920.325,-0.06333333333335152,0.0033333333333333335,inv,1.0,False
2025-02-19,-1,inv,,2920.515,2919.812999999999,0.7020000000006803,0.01,tp,17.0,True
2025-02-19,1,fvg,,2923.535,2922.9697826086954,-0.1884057971014954,0.0033333333333333335,sl,1.0,False
2025-02-19,1,fvg,,2923.208,2922.9253913043476,-0.0942028985508235,0.0033333333333333335,sl,0.0,False
2025-02-19,1,fvg,,2930.205,2931.0309493670884,0.27531645569615654,0.0033333333333333335,tp,89.0,False
2025-02-19,1,fvg,,2930.915,2931.2532867132863,0.11276223776212647,0.0033333333333333335,tp,17.0,False
2025-02-19,1,fvg,,2931.035,2931.711573426573,0.22552447552440452,0.0033333333333333335,tp,236.0,False
2025-02-19,-1,fvg,,2935.245,2933.8808267716536,0.4547244094487724,0.0033333333333333335,tp,714.0,False
2025-02-19,-1,ifvg,,2932.675,2932.745,-0.02333333333323632,0.0033333333333333335,inv,0.0,False
2025-02-19,-1,ifvg,,2932.6499999999996,2932.745,-0.03166666666675155,0.0033333333333333335,inv,0.0,False
2025-02-19,-1,ifvg,,2932.575,2932.745,-0.05666666666669092,0.0033333333333333335,inv,0.0,False
2025-02-19,1,ifvg,,2934.875,2934.775,-0.03333333333330302,0.0033333333333333335,sl,0.0,False
2025-02-19,1,ifvg,,2935.0115,2934.904272977219,-0.035742340926996505,0.0033333333333333335,sl,0.0,False
2025-02-19,1,ifvg,,2935.148,2934.9335459544386,-0.07148468185384142,0.0033333333333333335,sl,0.0,False
2025-02-27,-1,ifvg,,2916.855,2917.105,-0.08333333333333334,0.0033333333333333335,inv,15.0,False
2025-02-27,-1,ifvg,,2916.975,2917.105,-0.043333333333369715,0.0033333333333333335,inv,11.0,False
2025-02-27,-1,ifvg,,2917.005,2917.105,-0.03333333333330302,0.0033333333333333335,inv,0.0,False
2025-02-27,1,ifvg,,2916.535,2916.295,-0.07999999999992724,0.0033333333333333335,inv,12.0,False
2025-02-27,1,ifvg,,2916.485,2916.295,-0.06333333333335152,0.0033333333333333335,inv,1.0,False
2025-02-27,1,ifvg,,2916.425,2916.295,-0.043333333333369715,0.0033333333333333335,inv,0.0,False
2025-02-27,-1,fvg,,2913.575,2914.107710280374,-0.1775700934579921,0.0033333333333333335,sl,6.0,False
2025-02-27,-1,fvg,,2914.145,2914.411355140187,-0.08878504672899605,0.0033333333333333335,sl,19.0,False
2025-02-27,-1,fvg,,2914.705,2914.48,0.07499999999996969,0.0033333333333333335,tp,4.0,False
2025-02-27,-1,ifvg,,2913.525,2913.625,-0.03333333333330302,0.0033333333333333335,sl,2.0,False
2025-02-27,-1,ifvg,,2913.475,2913.6275423728816,-0.05084745762724197,0.0033333333333333335,sl,2.0,False
2025-02-27,-1,ifvg,,2913.545,2913.645,-0.03333333333330302,0.0033333333333333335,sl,0.0,False
2025-02-27,-1,fvg,,2912.975,2913.2174242424244,-0.0808080808081589,0.0033333333333333335,sl,1.0,False
2025-02-27,-1,fvg,,2913.195,2912.922272727273,0.09090909090900824,0.0033333333333333335,tp,9.0,False
2025-02-27,1,ifvg,,2912.365,2912.5899999999997,0.07499999999996969,0.0033333333333333335,tp,8.0,False
2025-02-27,1,ifvg,,2912.475,2912.7,0.07499999999996969,0.0033333333333333335,tp,12.0,False
2025-02-27,1,ifvg,,2912.455,2912.68,0.07499999999996969,0.0033333333333333335,tp,11.0,False
2025-02-27,1,ifvg,,2907.385,2907.3650000000002,-0.006666666666660603,0.0033333333333333335,inv,0.0,False
2025-02-27,1,ifvg,,2907.71,2907.3650000000002,-0.11499999999993332,0.0033333333333333335,inv,0.0,False
2025-02-27,1,ifvg,,2908.035,2907.3650000000002,-0.22333333333320599,0.0033333333333333335,inv,0.0,False
2025-02-27,-1,inv,,2907.355,2908.055,-0.6999999999998181,0.01,inv,118.0,True
2025-02-27,-1,ifvg,,2907.075,2907.232534246575,-0.05251141552510793,0.0033333333333333335,sl,0.0,False
2025-02-27,-1,ifvg,,2906.845,2907.1600684931504,-0.10502283105021586,0.0033333333333333335,sl,0.0,False
2025-02-27,-1,ifvg,,2907.305,2907.4049999999997,-0.03333333333330302,0.0033333333333333335,sl,25.0,False
2025-02-27,-1,fvg,,2900.875,2901.466836734694,-0.19727891156465677,0.0033333333333333335,sl,332.0,False
2025-02-27,-1,fvg,,2901.265,2901.560918367347,-0.09863945578232838,0.0033333333333333335,sl,0.0,False
2025-02-27,-1,fvg,,2898.565,2897.417941176471,0.38235294117642604,0.0033333333333333335,tp,126.0,False
2025-02-27,-1,ifvg,,2897.495,2897.595,-0.03333333333330302,0.0033333333333333335,sl,0.0,False
2025-02-27,-1,ifvg,,2897.495,2897.595,-0.03333333333330302,0.0033333333333333335,sl,0.0,False
2025-02-27,-1,ifvg,,2897.445,2897.552142857143,-0.03571428571422076,0.0033333333333333335,sl,0.0,False
2025-02-27,1,ifvg,,2896.805,2896.5801937984493,-0.07493540051685461,0.0033333333333333335,sl,2.0,False
2025-02-27,1,ifvg,,2896.66,2896.5475968992246,-0.03746770025842731,0.0033333333333333335,sl,3.0,False
2025-02-27,1,ifvg,,2896.515,2896.74,0.07499999999996969,0.0033333333333333335,tp,38.0,False
2025-02-27,1,fvg,,2895.585,2895.3674858757063,-0.07250470809791902,0.0033333333333333335,sl,0.0,False
2025-02-27,1,fvg,,2895.515,2895.0799717514124,-0.14500941619583804,0.0033333333333333335,sl,23.0,False
2025-02-27,1,fvg,,2894.785,2894.685,-0.03333333333330302,0.0033333333333333335,sl,1.0,False
2025-02-27,1,fvg,,2893.985,2893.5984969325154,-0.12883435582822736,0.0033333333333333335,sl,1.0,False
2025-02-27,1,fvg,,2893.735,2893.5417484662576,-0.06441717791418948,0.0033333333333333335,sl,1.0,False
2025-02-27,1,fvg,,2893.355,2893.58,0.07499999999996969,0.0033333333333333335,tp,2.0,False
2025-02-27,1,ifvg,,2893.245,2892.940894224078,-0.10136859197397523,0.0033333333333333335,sl,0.0,False
2025-02-27,1,ifvg,,2893.0265,2892.874447112039,-0.050684295986987614,0.0033333333333333335,sl,1.0,False
2025-02-27,1,ifvg,,2892.855,2892.755,-0.03333333333330302,0.0033333333333333335,sl,1.0,False
2025-02-27,1,ifvg,,2891.115,2891.4694520547937,0.11815068493130337,0.0033333333333333335,tp,11.0,False
2025-02-27,1,ifvg,,2891.345,2891.029931506849,-0.10502283105021586,0.0033333333333333335,sl,39.0,False
2025-02-27,1,ifvg,,2891.125,2891.025,-0.03333333333330302,0.0033333333333333335,sl,0.0,False
2025-02-27,1,ifvg,,2889.755,2889.655,-0.03333333333330302,0.0033333333333333335,sl,0.0,False
2025-02-27,1,ifvg,,2889.91,2889.7916793893132,-0.0394402035622079,0.0033333333333333335,sl,0.0,False
2025-02-27,1,ifvg,,2890.065,2889.828358778626,-0.07888040712471896,0.0033333333333333335,sl,0.0,False
2025-02-27,-1,fvg,,2888.548,2887.8529412577745,0.23168624740840948,0.0033333333333333335,tp,35.0,False
2025-02-27,1,fvg,,2883.695,2884.064966442953,0.12332214765092431,0.0033333333333333335,tp,1.0,False
2025-02-27,1,fvg,,2883.838,2884.5779328859066,0.24664429530215182,0.0033333333333333335,tp,50.0,False
2025-02-27,1,fvg,,2883.558,2883.458,-0.03333333333330302,0.0033333333333333335,sl,0.0,False
2025-02-27,-1,ifvg,,2880.898,2881.0133846153844,-0.03846153846143352,0.0033333333333333335,sl,0.0,False
2025-02-27,-1,ifvg,,2880.748,2880.978769230769,-0.07692307692301863,0.0033333333333333335,sl,0.0,False
2025-02-27,-1,ifvg,,2881.048,2880.823,0.07499999999996969,0.0033333333333333335,tp,9.0,False
2025-02-27,1,ifvg,,2879.448,2879.428,-0.006666666666660603,0.0033333333333333335,inv,0.0,False
2025-02-27,1,ifvg,,2880.0065,2879.428,-0.1928333333333588,0.0033333333333333335,inv,0.0,False
2025-02-27,1,ifvg,,2880.565,2879.428,-0.379000000000057,0.0033333333333333335,inv,0.0,False
2025-02-27,-1,inv,,2879.385,2877.3743999999997,2.0106000000005224,0.01,tp,146.0,True
2025-02-27,-1,ifvg,,2879.165,2879.307857142857,-0.047619047618961005,0.0033333333333333335,sl,0.0,False
2025-02-27,-1,ifvg,,2878.965,2879.2507142857144,-0.09523809523807358,0.0033333333333333335,sl,0.0,False
2025-02-27,-1,ifvg,,2879.365,2879.14,0.07499999999996969,0.0033333333333333335,tp,1.0,False
2025-02-27,-1,fvg,,2878.425,2878.7256993006995,-0.10023310023310236,0.0033333333333333335,sl,54.0,False
2025-02-27,-1,fvg,,2878.6400000000003,2878.79034965035,-0.05011655011655118,0.0033333333333333335,sl,1.0,False
2025-02-27,-1,fvg,,2878.855,2878.63,0.07499999999996969,0.0033333333333333335,tp,3.0,False
2025-02-27,-1,ifvg,,2874.035,2874.1349999999998,-0.03333333333330302,0.0033333333333333335,sl,0.0,False
2025-02-27,-1,ifvg,,2873.975,2874.075,-0.03333333333330302,0.0033333333333333335,sl,0.0,False
2025-02-27,-1,ifvg,,2873.915,2874.0221428571426,-0.03571428571422076,0.0033333333333333335,sl,0.0,False
2025-02-27,1,fvg,,2875.915,2877.1422727272725,0.4090909090908402,0.0033333333333333335,tp,337.0,False
2025-02-27,-1,ifvg,,2876.648,2876.805,-0.05233333333323269,0.0033333333333333335,inv,3.0,False
2025-02-27,-1,ifvg,,2876.748,2876.805,-0.018999999999929667,0.0033333333333333335,inv,0.0,False
2025-02-27,-1,ifvg,,2876.7165,2876.805,-0.029499999999946642,0.0033333333333333335,inv,0.0,False
2025-02-27,1,fvg,,2875.315,2875.9286363636365,0.2045454545454959,0.0033333333333333335,tp,99.0,False
2025-03-24,1,ifvg,,3018.9565000000002,3018.875,-0.027166666666744277,0.0033333333333333335,inv,1.0,False
2025-03-24,1,ifvg,,3019.018,3018.875,-0.04766666666667637,0.0033333333333333335,inv,1.0,False
2025-03-24,1,ifvg,,3018.905,3018.875,-0.010000000000066697,0.0033333333333333335,inv,0.0,False
2025-03-24,-1,ifvg,,3030.368,3030.388,-0.006666666666660603,0.0033333333333333335,inv,0.0,False
2025-03-24,-1,ifvg,,3030.3115,3030.388,-0.025500000000041233,0.0033333333333333335,inv,0.0,False
2025-03-24,-1,ifvg,,3030.255,3030.388,-0.044333333333270275,0.0033333333333333335,inv,0.0,False
2025-03-24,1,ifvg,,3029.2515,3029.144272977219,-0.035742340926996505,0.0033333333333333335,sl,0.0,False
2025-03-24,1,ifvg,,3029.388,3029.1735459544384,-0.07148468185384142,0.0033333333333333335,sl,0.0,False
2025-03-24,1,ifvg,,3029.115,3029.015,-0.03333333333330302,0.0033333333333333335,sl,3.0,False
2025-03-24,-1,ifvg,,3028.395,3027.945,0.14999999999993938,0.0033333333333333335,tp,51.0,False
2025-03-24,-1,ifvg,,3028.465,3028.665,-0.06666666666660603,0.0033333333333333335,inv,3.0,False
2025-03-24,-1,ifvg,,3028.555,3028.665,-0.03666666666670911,0.0033333333333333335,inv,0.0,False
2025-03-24,1,ifvg,,3028.155,3028.0321929824563,-0.040935672514630525,0.0033333333333333335,sl,1.0,False
2025-03-24,1,ifvg,,3028.085,3027.985,-0.03333333333330302,0.0033333333333333335,sl,0.0,False
2025-03-24,1,ifvg,,3028.085,3027.985,-0.03333333333330302,0.0033333333333333335,sl,0.0,False
2025-03-24,1,ifvg,,3027.465,3027.69,0.07499999999996969,0.0033333333333333335,tp,3.0,False
2025-03-24,1,ifvg,,3027.535,3027.412192982456,-0.040935672514630525,0.0033333333333333335,sl,23.0,False
2025-03-24,1,ifvg,,3027.395,3027.295,-0.03333333333330302,0.0033333333333333335,sl,2.0,False
2025-03-24,1,fvg,,3026.045,3025.662283950617,-0.12757201646096897,0.0033333333333333335,sl,16.0,False
2025-03-24,1,fvg,,3025.685,3026.115555555556,0.14351851851870379,0.0033333333333333335,tp,25.0,False
2025-03-24,1,fvg,,3025.395,3025.295,-0.03333333333330302,0.0033333333333333335,sl,20.0,False
2025-03-24,-1,ifvg,,3024.785,3024.8849999999998,-0.03333333333330302,0.0033333333333333335,sl,0.0,False
2025-03-24,-1,ifvg,,3024.705,3024.831865671642,-0.04228855721400275,0.0033333333333333335,sl,0.0,False
2025-03-24,-1,ifvg,,3024.535,3024.7887313432834,-0.08457711442785391,0.0033333333333333335,sl,0.0,False
2025-03-24,-1,fvg,,3019.675,3018.3625,0.43750000000000006,0.0033333333333333335,tp,130.0,False
2025-03-24,-1,fvg,,3016.555,3015.5146774193545,0.3467741935484507,0.0033333333333333335,tp,69.0,False
2025-03-24,-1,fvg,,3014.595,3015.137752629172,-0.18091754305745175,0.0033333333333333335,sl,18.0,False
2025-03-24,-1,fvg,,3015.145,3015.416376314586,-0.09045877152872588,0.0033333333333333335,sl,64.0,False
2025-03-24,1,fvg,,3004.975,3004.6285947712418,-0.1154684095860527,0.0033333333333333335,sl,38.0,False
2025-03-24,1,fvg,,3004.645,3004.471797385621,-0.05773420479302635,0.0033333333333333335,sl,3.0,False
2025-03-24,1,fvg,,3004.375,3004.6,0.07499999999996969,0.0033333333333333335,tp,9.0,False
2025-03-24,-1,ifvg,,3005.29,3005.3962992125985,-0.03543307086617157,0.0033333333333333335,sl,0.0,False
2025-03-24,-1,ifvg,,3005.155,3005.3675984251972,-0.07086614173234314,0.0033333333333333335,sl,0.0,False
2025-03-24,-1,ifvg,,3005.425,3005.525,-0.03333333333330302,0.0033333333333333335,sl,3.0,False
2025-03-24,-1,inv,,3005.855,3006.1349999999998,-0.27999999999974534,0.01,inv,74.0,True
2025-03-24,1,ifvg,,3006.035,3006.4198684210523,0.12828947368416266,0.0033333333333333335,tp,204.0,False
2025-03-24,1,ifvg,,3006.115,3006.884736842105,0.2565789473684769,0.0033333333333333335,tp,418.0,False
2025-03-24,-1,ifvg,,3007.2349999999997,3007.395,-0.053333333333436414,0.0033333333333333335,inv,21.0,False
2025-03-24,-1,ifvg,,3007.095,3007.395,-0.10000000000006062,0.0033333333333333335,inv,21.0,False
2025-03-24,-1,ifvg,,3007.375,3007.395,-0.006666666666660603,0.0033333333333333335,inv,0.0,False
2025-03-24,-1,fvg,,3012.155,3011.415067114094,0.2466442953020002,0.0033333333333333335,tp,85.0,False
2025-03-24,1,ifvg,,3011.435,3011.188579502638,-0.08214016578737453,0.0033333333333333335,sl,62.0,False
2025-03-24,1,ifvg,,3011.2715,3011.1482897513188,-0.041070082893687264,0.0033333333333333335,sl,99.0,False
2025-03-24,1,ifvg,,3011.148,3011.0480000000002,-0.03333333333330302,0.0033333333333333335,sl,0.0,False
2025-03-24,1,ifvg,,3009.635,3009.5350000000003,-0.03333333333330302,0.0033333333333333335,sl,0.0,False
2025-03-24,1,ifvg,,3009.7815,3009.668197602475,-0.03776746584162539,0.0033333333333333335,sl,0.0,False
2025-03-24,1,ifvg,,3009.928,3009.7013952049497,-0.07553493168340235,0.0033333333333333335,sl,0.0,False
2025-04-09,1,ifvg,,2982.4049999999997,2982.1767391304347,-0.07608695652167323,0.0033333333333333335,sl,0.0,False
2025-04-09,1,ifvg,,2982.825,2982.3684782608693,-0.15217391304349803,0.0033333333333333335,sl,0.0,False
2025-04-09,1,ifvg,,2981.995,2981.895,-0.03333333333330302,0.0033333333333333335,sl,0.0,False
2025-04-09,1,fvg,,2980.945,2980.5622839506177,-0.1275720164608174,0.0033333333333333335,sl,1.0,False
2025-04-09,1,fvg,,2980.745,2980.5536419753084,-0.06378600823048448,0.0033333333333333335,sl,0.0,False
2025-04-09,-1,ifvg,,2994.265,2994.285,-0.006666666666660603,0.0033333333333333335,inv,0.0,False
2025-04-09,-1,ifvg,,2993.05,2994.285,-0.4116666666665576,0.0033333333333333335,inv,0.0,False
2025-04-09,-1,ifvg,,2991.835,2994.285,-0.816666666666606,0.0033333333333333335,inv,0.0,False
2025-04-09,1,inv,,2994.745,2999.1189999999997,4.373999999999796,0.01,tp,130.0,True
2025-04-09,1,ifvg,,3008.715,3008.5622222222223,-0.05092592592594277,0.0033333333333333335,sl,0.0,False
2025-04-09,1,ifvg,,3008.935,3008.6294444444443,-0.10185185185188554,0.0033333333333333335,sl,0.0,False
2025-04-09,1,ifvg,,3008.685,3008.585,-0.03333333333330302,0.0033333333333333335,sl,0.0,False
2025-04-09,-1,ifvg,,3004.885,3005.132474747475,-0.08249158249160853,0.0033333333333333335,sl,0.0,False
2025-04-09,-1,ifvg,,3004.395,3004.8899494949496,-0.16498316498321705,0.0033333333333333335,sl,0.0,False
2025-04-09,-1,ifvg,,3004.905,3005.005,-0.03333333333330302,0.0033333333333333335,sl,0.0,False
2025-04-09,1,ifvg,,3006.71,3006.485,-0.07499999999996969,0.0033333333333333335,inv,4.0,False
2025-04-09,1,ifvg,,3006.915,3006.485,-0.14333333333327877,0.0033333333333333335,inv,4.0,False
2025-04-09,1,ifvg,,3006.645,3006.485,-0.05333333333328483,0.0033333333333333335,inv,0.0,False
2025-04-09,-1,inv,,3006.655,3006.935,-0.27999999999974534,0.01,inv,8.0,True
2025-04-09,1,ifvg,,3006.945,3006.925,-0.006666666666660603,0.0033333333333333335,inv,0.0,False
2025-04-09,1,ifvg,,3007.32,3006.925,-0.13166666666666063,0.0033333333333333335,inv,0.0,False
2025-04-09,1,ifvg,,3007.695,3006.925,-0.2566666666666606,0.0033333333333333335,inv,0.0,False
2025-04-09,-1,inv,,3006.685,3005.335,1.349999999999909,0.01,tp,23.0,True
2025-04-09,1,fvg,,3012.395,3014.026868131868,0.5439560439560107,0.0033333333333333335,tp,52.0,False
2025-04-09,1,ifvg,,3014.235,3014.135,-0.03333333333330302,0.0033333333333333335,sl,0.0,False
2025-04-09,1,ifvg,,3014.825,3014.5543577981653,-0.09021406727818733,0.0033333333333333335,sl,0.0,False
2025-04-09,1,ifvg,,3015.415,3014.8737155963304,-0.18042813455652626,0.0033333333333333335,sl,0.0,False
2025-04-09,-1,ifvg,,3015.995,3016.535,-0.1799999999999879,0.0033333333333333335,inv,5.0,False
2025-04-09,-1,ifvg,,3015.575,3016.535,-0.32000000000001216,0.0033333333333333335,inv,5.0,False
2025-04-09,-1,ifvg,,3016.095,3016.535,-0.14666666666668488,0.0033333333333333335,inv,0.0,False
2025-04-09,1,inv,,3015.815,3017.507,1.6920000000000073,0.01,tp,12.0,True
2025-04-09,-1,ifvg,,3018.415,3018.495,-0.026666666666642413,0.0033333333333333335,inv,0.0,False
2025-04-09,-1,ifvg,,3017.7349999999997,3018.495,-0.2533333333334061,0.0033333333333333335,inv,0.0,False
2025-04-09,-1,ifvg,,3016.995,3018.495,-0.5,0.0033333333333333335,inv,0.0,False
2025-04-09,1,inv,,3019.355,3022.0190000000002,2.6640000000002146,0.01,tp,133.0,True
2025-04-09,1,fvg,,3025.115,3024.6004368932036,-0.17152103559874377,0.0033333333333333335,sl,10.0,False
2025-04-09,1,fvg,,3024.605,3024.347718446602,-0.08576051779937188,0.0033333333333333335,sl,2.0,False
2025-04-09,-1,ifvg,,3028.895,3028.915,-0.006666666666660603,0.0033333333333333335,inv,0.0,False
2025-04-09,-1,ifvg,,3028.09,3028.915,-0.2749999999999394,0.0033333333333333335,inv,0.0,False
2025-04-09,-1,ifvg,,3027.285,3028.915,-0.5433333333333698,0.0033333333333333335,inv,0.0,False
2025-04-09,1,inv,,3029.375,3032.273,2.8980000000001382,0.01,tp,263.0,True
2025-04-09,1,fvg,,3037.112,3036.316918032787,-0.26502732240442134,0.0033333333333333335,sl,3.0,False
2025-04-09,1,fvg,,3035.315,3034.9174590163934,-0.13251366120221067,0.0033333333333333335,sl,1.0,False
2025-04-09,-1,ifvg,,3038.115,3038.1349999999998,-0.006666666666660603,0.0033333333333333335,inv,0.0,False
2025-04-09,-1,ifvg,,3037.795,3038.1349999999998,-0.11333333333323026,0.0033333333333333335,inv,0.0,False
2025-04-09,-1,ifvg,,3037.475,3038.1349999999998,-0.21999999999995154,0.0033333333333333335,inv,0.0,False
2025-04-09,1,inv,,3038.365,3037.455,-0.9099999999998545,0.01,inv,2.0,True
2025-04-09,-1,ifvg,,3044.495,3044.515,-0.006666666666660603,0.0033333333333333335,inv,0.0,False
2025-04-09,-1,ifvg,,3044.44,3044.515,-0.024999999999939366,0.0033333333333333335,inv,0.0,False
2025-04-09,-1,ifvg,,3044.385,3044.515,-0.043333333333218135,0.0033333333333333335,inv,0.0,False
2025-04-09,1,fvg,,3042.705,3044.4243396226416,0.5731132075472185,0.0033333333333333335,tp,43.0,False
2025-04-09,1,fvg,,3041.085,3041.9446698113206,0.2865566037735334,0.0033333333333333335,tp,3.0,False
2025-04-09,1,fvg,,3049.235,3048.5607328990227,-0.2247557003258104,0.0033333333333333335,sl,4.0,False
2025-04-09,1,fvg,,3048.2,3047.8628664495113,-0.11237785016282942,0.0033333333333333335,sl,1.0,False
2025-04-09,1,fvg,,3047.615,3047.515,-0.03333333333330302,0.0033333333333333335,sl,0.0,False
2025-04-09,-1,fvg,,3057.675,3058.422474747475,-0.2491582491582752,0.0033333333333333335,sl,8.0,False
2025-04-09,-1,fvg,,3058.435,3058.808737373737,-0.12457912457906181,0.0033333333333333335,sl,0.0,False
2025-04-09,-1,ifvg,,3050.065,3050.6302173913045,-0.1884057971014954,0.0033333333333333335,sl,1.0,False
2025-04-09,-1,ifvg,,3050.265,3050.365,-0.03333333333330302,0.0033333333333333335,sl,0.0,False
2025-04-09,-1,ifvg,,3050.265,3050.547608695652,-0.09420289855067192,0.0033333333333333335,sl,0.0,False
2025-04-09,-1,fvg,,3060.585,3060.36,0.07499999999996969,0.0033333333333333335,tp,1.0,False
2025-04-09,-1,ifvg,,3063.44,3063.564060150376,-0.04135338345865118,0.0033333333333333335,sl,0.0,False
2025-04-09,-1,ifvg,,3063.275,3063.523120300752,-0.08270676691730236,0.0033333333333333335,sl,0.0,False
2025-04-09,-1,ifvg,,3063.605,3063.38,0.07499999999996969,0.0033333333333333335,tp,1.0,False
2025-04-09,-1,ifvg,,3064.9300000000003,3065.1115286624204,-0.06050955414002602,0.0033333333333333335,sl,0.0,False
2025-04-09,-1,ifvg,,3064.645,3065.0080573248406,-0.12101910828020361,0.0033333333333333335,sl,0.0,False
2025-04-09,-1,ifvg,,3065.215,3064.9900000000002,0.07499999999996969,0.0033333333333333335,tp,5.0,False
2025-04-09,-1,fvg,,3094.305,3094.6421335504883,-0.11237785016282942,0.0033333333333333335,sl,0.0,False
2025-04-09,-1,fvg,,3093.435,3094.1092671009774,-0.2247557003258104,0.0033333333333333335,sl,0.0,False
2025-04-09,1,ifvg,,3092.2349999999997,3092.4599999999996,0.07499999999996969,0.0033333333333333335,tp,0.0,False
2025-04-09,1,ifvg,,3092.345,3092.7507377049174,0.13524590163918523,0.0033333333333333335,tp,4.0,False
2025-04-09,1,ifvg,,3092.705,3092.105,-0.1999999999999697,0.0033333333333333335,inv,0.0,False
2025-04-09,-1,ifvg,,3089.755,3090.3004545454546,-0.18181818181816806,0.0033333333333333335,sl,0.0,False
2025-04-09,-1,ifvg,,3090.31,3089.6963636363635,0.2045454545454959,0.0033333333333333335,tp,7.0,False
2025-04-09,-1,ifvg,,3090.955,3091.055,-0.03333333333330302,0.0033333333333333335,sl,11.0,False
2025-04-09,1,fvg,,3074.325,3073.8744505494506,-0.1501831501830869,0.0033333333333333335,sl,0.0,False
2025-04-09,1,fvg,,3073.915,3073.6897252747253,-0.07509157509154345,0.0033333333333333335,sl,5.0,False
2025-04-09,1,fvg,,3078.425,3077.675,-0.25,0.0033333333333333335,sl,0.0,False
2025-04-09,1,fvg,,3076.925,3076.55,-0.125,0.0033333333333333335,sl,2.0,False
2025-04-09,1,ifvg,,3080.29,3080.1549635036495,-0.04501216545016481,0.0033333333333333335,sl,0.0,False
2025-04-09,1,ifvg,,3080.475,3080.2049270072994,-0.09002433090017803,0.0033333333333333335,sl,0.0,False
2025-04-09,1,ifvg,,3080.125,3080.35,0.07499999999996969,0.0033333333333333335,tp,24.0,False
2025-04-09,1,ifvg,,3088.172,3087.902840258541,-0.08971991381971142,0.0033333333333333335,sl,0.0,False
2025-04-09,1,ifvg,,3088.755,3088.2166805170823,-0.17943982763927124,0.0033333333333333335,sl,0.0,False
2025-04-09,1,ifvg,,3087.589,3087.489,-0.03333333333330302,0.0033333333333333335,sl,1.0,False
2025-04-09,1,fvg,,3082.905,3084.357127659575,0.48404255319155715,0.0033333333333333335,tp,38.0,False
2025-04-09,1,fvg,,3082.155,3082.8810638297873,0.24202127659570274,0.0033333333333333335,tp,9.0,False
2025-04-09,1,ifvg,,3085.695,3085.5721929824563,-0.040935672514630525,0.0033333333333333335,sl,7.0,False
2025-04-09,1,ifvg,,3085.885,3085.7850000000003,-0.03333333333330302,0.0033333333333333335,sl,0.0,False
2025-04-09,1,ifvg,,3085.885,3085.7850000000003,-0.03333333333330302,0.0033333333333333335,sl,0.0,False
2025-04-17,-1,ifvg,,3342.865,3343.0153496503494,-0.05011655011655118,0.0033333333333333335,sl,0.0,False
2025-04-17,-1,ifvg,,3342.865,3343.165699300699,-0.10023310023310236,0.0033333333333333335,sl,0.0,False
2025-04-17,-1,ifvg,,3344.595,3344.6949999999997,-0.03333333333330302,0.0033333333333333335,sl,0.0,False
2025-04-17,-1,ifvg,,3343.605,3343.7426811594205,-0.045893719806827,0.0033333333333333335,sl,0.0,False
2025-04-17,-1,ifvg,,3343.415,3343.6903623188405,-0.09178743961350241,0.0033333333333333335,sl,0.0,False
2025-04-17,-1,ifvg,,3343.795,3343.895,-0.03333333333330302,0.0033333333333333335,sl,5.0,False
2025-04-17,-1,ifvg,,3345.325,3345.4249999999997,-0.03333333333330302,0.0033333333333333335,sl,0.0,False
2025-04-17,-1,ifvg,,3345.1,3345.255172413793,-0.05172413793100836,0.0033333333333333335,sl,0.0,False
2025-04-17,-1,ifvg,,3344.875,3345.185344827586,-0.10344827586201671,0.0033333333333333335,sl,0.0,False
2025-04-17,1,ifvg,,3341.6549999999997,3341.555,-0.03333333333330302,0.0033333333333333335,sl,0.0,False
2025-04-17,1,ifvg,,3341.755,3341.588333333333,-0.05555555555565661,0.0033333333333333335,sl,0.0,False
2025-04-17,1,ifvg,,3341.555,3341.455,-0.03333333333330302,0.0033333333333333335,sl,1.0,False
2025-04-17,-1,ifvg,,3343.095,3343.115,-0.006666666666660603,0.0033333333333333335,inv,0.0,False
2025-04-17,-1,ifvg,,3343.0,3343.115,-0.038333333333260576,0.0033333333333333335,inv,0.0,False
2025-04-17,-1,ifvg,,3342.905,3343.115,-0.06999999999986055,0.0033333333333333335,inv,0.0,False
2025-04-17,1,ifvg,,3342.735,3342.604565217391,-0.04347826086965749,0.0033333333333333335,sl,1.0,False
2025-04-17,1,ifvg,,3342.685,3342.585,-0.03333333333330302,0.0033333333333333335,sl,0.0,False
2025-04-17,1,ifvg,,3342.685,3342.585,-0.03333333333330302,0.0033333333333333335,sl,0.0,False
2025-04-17,1,ifvg,,3338.325,3338.225,-0.03333333333330302,0.0033333333333333335,sl,0.0,False
2025-04-17,1,ifvg,,3339.7349999999997,3339.3658900523556,-0.12303664921470651,0.0033333333333333335,sl,0.0,False
2025-04-17,1,ifvg,,3341.145,3340.406780104712,-0.24607329842926146,0.0033333333333333335,sl,0.0,False
2025-04-17,-1,ifvg,,3331.535,3331.555,-0.006666666666660603,0.0033333333333333335,inv,0.0,False
2025-04-17,-1,ifvg,,3331.0249999999996,3331.555,-0.1766666666667334,0.0033333333333333335,inv,0.0,False
2025-04-17,-1,ifvg,,3330.515,3331.555,-0.3466666666666546,0.0033333333333333335,inv,0.0,False
2025-04-17,1,inv,,3331.545,3330.495,-1.050000000000182,0.01,inv,18.0,True
2025-04-17,1,inv,,3322.755,3322.735,-0.01999999999998181,0.01,inv,0.0,True
2025-04-17,-1,ifvg,,3322.365,3321.7221428571424,0.21428571428577925,0.0033333333333333335,tp,10.0,False
2025-04-17,-1,fvg,,3289.77,3289.3802941176473,0.1299019607842335,0.0033333333333333335,tp,0.0,False
2025-04-17,-1,fvg,,3289.505,3289.8514052287583,-0.1154684095860527,0.0033333333333333335,sl,18.0,False
2025-04-17,-1,fvg,,3289.725,3289.825,-0.03333333333330302,0.0033333333333333335,sl,0.0,False
2025-04-17,-1,ifvg,,3298.315,3298.425,-0.03666666666670911,0.0033333333333333335,inv,0.0,False
2025-04-17,-1,ifvg,,3298.29,3298.425,-0.045000000000072767,0.0033333333333333335,inv,0.0,False
2025-04-17,-1,ifvg,,3298.175,3298.425,-0.08333333333333334,0.0033333333333333335,inv,0.0,False
2025-04-17,1,ifvg,,3298.725,3298.6178571428572,-0.03571428571422076,0.0033333333333333335,sl,0.0,False
2025-04-17,1,ifvg,,3298.615,3298.515,-0.03333333333330302,0.0033333333333333335,sl,3.0,False
2025-04-17,1,ifvg,,3298.665,3298.565,-0.03333333333330302,0.0033333333333333335,sl,3.0,False
2025-04-17,-1,ifvg,,3293.795,3294.065,-0.08999999999999395,0.0033333333333333335,inv,1.0,False
2025-04-17,-1,ifvg,,3293.545,3294.065,-0.1733333333333273,0.0033333333333333335,inv,1.0,False
2025-04-17,-1,ifvg,,3294.045,3294.065,-0.006666666666660603,0.0033333333333333335,inv,0.0,False
2025-04-17,1,inv,,3294.155,3295.0550000000003,0.900000000000091,0.01,tp,5.0,True
2025-04-17,-1,ifvg,,3295.695,3295.895,-0.06666666666660603,0.0033333333333333335,inv,1.0,False
2025-04-17,-1,ifvg,,3295.805,3295.895,-0.03000000000004851,0.0033333333333333335,inv,0.0,False
2025-04-17,-1,ifvg,,3295.805,3295.895,-0.03000000000004851,0.0033333333333333335,inv,0.0,False
2025-04-17,1,fvg,,3296.865,3297.8509550561794,0.3286516853931971,0.0033333333333333335,tp,30.0,False
2025-04-17,1,ifvg,,3307.6,3307.3392344497606,-0.0869218500797615,0.0033333333333333335,sl,0.0,False
2025-04-17,1,ifvg,,3308.145,3307.6234688995214,-0.173843700159523,0.0033333333333333335,sl,0.0,False
2025-04-17,1,ifvg,,3307.235,3307.135,-0.03333333333330302,0.0033333333333333335,sl,0.0,False
2025-04-17,-1,ifvg,,3306.445,3306.465,-0.006666666666660603,0.0033333333333333335,inv,0.0,False
2025-04-17,-1,ifvg,,3306.125,3306.465,-0.11333333333338184,0.0033333333333333335,inv,0.0,False
2025-04-17,-1,ifvg,,3305.805,3306.465,-0.2200000000001031,0.0033333333333333335,inv,0.0,False
2025-04-17,1,inv,,3306.445,3307.5970000000007,1.1520000000004984,0.01,tp,15.0,True
2025-04-17,-1,ifvg,,3309.265,3309.285,-0.006666666666660603,0.0033333333333333335,inv,0.0,False
2025-04-17,-1,ifvg,,3309.08,3309.285,-0.06833333333330908,0.0033333333333333335,inv,0.0,False
2025-04-17,-1,ifvg,,3308.895,3309.285,-0.12999999999995757,0.0033333333333333335,inv,0.0,False
2025-04-17,1,inv,,3309.485,3310.151,0.6659999999997126,0.01,tp,7.0,True
2025-04-17,1,ifvg,,3316.595,3316.8199999999997,0.07499999999996969,0.0033333333333333335,tp,35.0,False
2025-04-17,1,ifvg,,3316.6369999999997,3316.8619999999996,0.07499999999996969,0.0033333333333333335,tp,61.0,False
2025-04-17,1,ifvg,,3316.705,3316.549,-0.051999999999983025,0.0033333333333333335,inv,81.0,False
2025-04-17,-1,ifvg,,3317.985,3318.155,-0.05666666666669092,0.0033333333333333335,inv,3.0,False
2025-04-17,-1,ifvg,,3317.835,3318.155,-0.10666666666672125,0.0033333333333333335,inv,3.0,False
2025-04-17,-1,ifvg,,3318.025,3318.155,-0.043333333333369715,0.0033333333333333335,inv,0.0,False
2025-04-17,1,inv,,3318.085,3318.6250000000005,0.5400000000004184,0.01,tp,12.0,True
2025-04-17,1,ifvg,,3321.215,3321.0086507936508,-0.06878306878312894,0.0033333333333333335,sl,0.0,False
2025-04-17,1,ifvg,,3321.085,3320.9818253968256,-0.034391534391488676,0.0033333333333333335,sl,5.0,False
2025-04-17,1,ifvg,,3320.955,3320.855,-0.03333333333330302,0.0033333333333333335,sl,0.0,False
2025-04-17,-1,ifvg,,3318.675,3318.865,-0.06333333333319995,0.0033333333333333335,inv,3.0,False
2025-04-17,-1,ifvg,,3318.505,3318.865,-0.11999999999989087,0.0033333333333333335,inv,3.0,False
2025-04-17,-1,ifvg,,3318.795,3318.865,-0.02333333333323632,0.0033333333333333335,inv,0.0,False
2025-04-17,1,inv,,3318.775,3318.485,-0.2899999999999636,0.01,inv,27.0,True
2025-04-17,-1,fvg,,3319.385,3319.7314052287584,-0.1154684095860527,0.0033333333333333335,sl,24.0,False
2025-04-17,-1,fvg,,3319.65,3319.823202614379,-0.05773420479302635,0.0033333333333333335,sl,21.0,False
2025-04-17,-1,fvg,,3319.575,3319.6749999999997,-0.03333333333330302,0.0033333333333333335,sl,0.0,False
2025-04-17,1,fvg,,3320.845,3320.5394444444446,-0.10185185185173397,0.0033333333333333335,sl,0.0,False
2025-04-17,1,fvg,,3320.625,3320.472222222222,-0.05092592592594277,0.0033333333333333335,sl,18.0,False
2025-04-17,1,fvg,,3320.405,3320.63,0.07499999999996969,0.0033333333333333335,tp,2.0,False
2025-04-17,-1,ifvg,,3326.575,3326.745,-0.05666666666669092,0.0033333333333333335,inv,6.0,False
2025-04-17,-1,ifvg,,3326.425,3326.745,-0.10666666666656965,0.0033333333333333335,inv,6.0,False
2025-04-17,-1,ifvg,,3326.655,3326.745,-0.02999999999989693,0.0033333333333333335,inv,0.0,False
2025-04-17,-1,ifvg,,3327.465,3327.485,-0.006666666666660603,0.0033333333333333335,inv,0.0,False
2025-04-17,-1,ifvg,,3327.335,3327.485,-0.05000000000003031,0.0033333333333333335,inv,0.0,False
2025-04-17,-1,ifvg,,3327.205,3327.485,-0.09333333333340003,0.0033333333333333335,inv,0.0,False
2025-04-30,-1,ifvg,,3321.855,3321.875,-0.006666666666660603,0.0033333333333333335,inv,0.0,False
2025-04-30,-1,ifvg,,3321.585,3321.875,-0.09666666666665455,0.0033333333333333335,inv,0.0,False
2025-04-30,-1,ifvg,,3321.315,3321.875,-0.1866666666666485,0.0033333333333333335,inv,0.0,False
2025-04-30,1,inv,,3321.685,3321.295,-0.38999999999987267,0.01,inv,47.0,True
2025-04-30,-1,ifvg,,3319.595,3319.735,-0.04666666666677581,0.0033333333333333335,inv,0.0,False
2025-04-30,-1,ifvg,,3319.595,3319.735,-0.04666666666677581,0.0033333333333333335,inv,0.0,False
2025-04-30,-1,ifvg,,3319.575,3319.735,-0.053333333333436414,0.0033333333333333335,inv,0.0,False
2025-04-30,-1,ifvg,,3282.795,3282.374268292683,0.14024390243897264,0.0033333333333333335,tp,5.0,False
2025-04-30,-1,ifvg,,3283.265,3283.04,0.07499999999996969,0.0033333333333333335,tp,6.0,False
2025-04-30,-1,ifvg,,3283.245,3283.435,-0.06333333333335152,0.0033333333333333335,inv,0.0,False
2025-04-30,-1,ifvg,,3287.015,3287.215,-0.06666666666675762,0.0033333333333333335,inv,0.0,False
2025-04-30,-1,ifvg,,3286.815,3287.215,-0.13333333333336367,0.0033333333333333335,inv,0.0,False
2025-04-30,-1,ifvg,,3286.435,3287.215,-0.26000000000006673,0.0033333333333333335,inv,0.0,False
2025-04-30,1,inv,,3287.735,3286.415,-1.3200000000001637,0.01,inv,4.0,True
2025-04-30,1,ifvg,,3286.585,3286.485,-0.03333333333330302,0.0033333333333333335,sl,0.0,False
2025-04-30,1,ifvg,,3286.585,3286.4473188405796,-0.045893719806827,0.0033333333333333335,sl,0.0,False
2025-04-30,1,ifvg,,3286.585,3286.3096376811595,-0.09178743961350241,0.0033333333333333335,sl,0.0,False
2025-04-30,1,ifvg,,3318.1800000000003,3317.874552529183,-0.1018158236057995,0.0033333333333333335,sl,0.0,False
2025-04-30,1,ifvg,,3318.965,3318.354105058366,-0.20363164721144736,0.0033333333333333335,sl,0.0,False
2025-04-30,1,ifvg,,3317.425,3317.3250000000003,-0.03333333333330302,0.0033333333333333335,sl,0.0,False
2025-04-30,1,ifvg,,3315.065,3314.740675675676,-0.10810810810805076,0.0033333333333333335,sl,9.0,False
2025-04-30,1,ifvg,,3314.825,3314.6628378378377,-0.05405405405402538,0.0033333333333333335,sl,0.0,False
2025-04-30,1,ifvg,,3314.655,3314.5550000000003,-0.03333333333330302,0.0033333333333333335,sl,0.0,False
2025-04-30,-1,fvg,,3315.245,3313.9565384615385,0.42948717948714454,0.0033333333333333335,tp,36.0,False
2025-04-30,-1,ifvg,,3308.505,3308.194655172414,0.10344827586201671,0.0033333333333333335,tp,18.0,False
2025-04-30,-1,ifvg,,3308.665,3308.765,-0.03333333333330302,0.0033333333333333335,sl,0.0,False
2025-04-30,-1,ifvg,,3308.585,3308.685,-0.03333333333330302,0.0033333333333333335,sl,0.0,False
2025-04-30,-1,ifvg,,3308.745,3308.993120300752,-0.08270676691730236,0.0033333333333333335,sl,0.0,False
2025-04-30,-1,ifvg,,3308.91,3309.034060150376,-0.04135338345865118,0.0033333333333333335,sl,21.0,False
2025-04-30,-1,ifvg,,3309.075,3309.1749999999997,-0.03333333333330302,0.0033333333333333335,sl,1.0,False
2025-04-30,-1,fvg,,3305.425,3306.1400997151,-0.23836657169992276,0.0033333333333333335,sl,0.0,False
2025-04-30,-1,fvg,,3306.6800000000003,3305.8755128205134,0.26816239316228047,0.0033333333333333335,tp,44.0,False
2025-04-30,1,ifvg,,3304.7200000000003,3304.5696503496506,-0.05011655011655118,0.0033333333333333335,sl,0.0,False
2025-04-30,1,ifvg,,3304.935,3304.6343006993006,-0.10023310023310236,0.0033333333333333335,sl,0.0,False
2025-04-30,1,ifvg,,3304.505,3304.405,-0.03333333333330302,0.0033333333333333335,sl,5.0,False
2025-04-30,-1,fvg,,3299.875,3300.2902046783624,-0.13840155945414762,0.0033333333333333335,sl,16.0,False
2025-04-30,-1,fvg,,3300.34,3299.872894736842,0.1557017543859729,0.0033333333333333335,tp,25.0,False
2025-04-30,-1,fvg,,3297.655,3297.0594117647065,0.19852941176456324,0.0033333333333333335,tp,4.0,False
2025-04-30,-1,ifvg,,3294.145,3294.3790425531915,-0.0780141843971857,0.0033333333333333335,sl,0.0,False
2025-04-30,-1,ifvg,,3293.705,3294.173085106383,-0.1560283687943714,0.0033333333333333335,sl,0.0,False
2025-04-30,-1,ifvg,,3294.515,3294.615,-0.03333333333330302,0.0033333333333333335,sl,0.0,False
2025-04-30,-1,ifvg,,3287.975,3288.437365591398,-0.15412186379929457,0.0033333333333333335,sl,0.0,False
2025-04-30,-1,ifvg,,3288.4049999999997,3288.636182795699,-0.07706093189972307,0.0033333333333333335,sl,1.0,False
2025-04-30,-1,ifvg,,3288.835,3288.935,-0.03333333333330302,0.0033333333333333335,sl,19.0,False
2025-04-30,1,ifvg,,3279.23,3279.13,-0.03333333333330302,0.0033333333333333335,sl,1.0,False
2025-04-30,1,ifvg,,3279.285,3279.185,-0.03333333333330302,0.0033333333333333335,sl,1.0,False
2025-04-30,1,ifvg,,3279.175,3279.0750000000003,-0.03333333333330302,0.0033333333333333335,sl,1.0,False
2025-04-30,-1,ifvg,,3277.985,3278.005,-0.006666666666660603,0.0033333333333333335,inv,0.0,False
2025-04-30,-1,ifvg,,3277.46,3278.005,-0.18166666666669093,0.0033333333333333335,inv,0.0,False
2025-04-30,-1,ifvg,,3276.935,3278.005,-0.35666666666672125,0.0033333333333333335,inv,0.0,False
2025-04-30,1,inv,,3277.965,3276.915,-1.050000000000182,0.01,inv,142.0,True
2025-04-30,-1,fvg,,3275.535,3276.047195121951,-0.1707317073170695,0.0033333333333333335,sl,11.0,False
2025-04-30,-1,fvg,,3276.06,3275.483780487805,0.19207317073172211,0.0033333333333333335,tp,17.0,False
2025-04-30,-1,ifvg,,3271.7749999999996,3272.365,-0.19666666666671517,0.0033333333333333335,inv,5.0,False
2025-04-30,-1,ifvg,,3271.205,3272.365,-0.3866666666666182,0.0033333333333333335,inv,5.0,False
2025-04-30,-1,ifvg,,3272.345,3272.365,-0.006666666666660603,0.0033333333333333335,inv,0.0,False
2025-04-30,1,inv,,3271.965,3271.185,-0.7800000000002001,0.01,inv,98.0,True
2025-04-30,1,ifvg,,3273.6549999999997,3273.435,-0.07333333333326665,0.0033333333333333335,inv,1.0,False
2025-04-30,1,ifvg,,3273.855,3273.435,-0.14000000000002427,0.0033333333333333335,inv,1.0,False
2025-04-30,1,ifvg,,3273.455,3273.435,-0.006666666666660603,0.0033333333333333335,inv,0.0,False
2025-04-30,-1,inv,,3273.395,3273.875,-0.4800000000000182,0.01,inv,1.0,True
2025-05-14,1,ifvg,,3247.55,3247.4500000000003,-0.03333333333330302,0.0033333333333333335,sl,0.0,False
2025-05-14,1,ifvg,,3247.655,3247.481446280992,-0.057851239669465336,0.0033333333333333335,sl,0.0,False
2025-05-14,1,ifvg,,3247.455,3247.355,-0.03333333333330302,0.0033333333333333335,sl,1.0,False
2025-05-14,-1,fvg,,3249.725,3250.4191896024463,-0.23139653414879527,0.0033333333333333335,sl,31.0,False
2025-05-14,-1,fvg,,3250.585,3250.9320948012232,-0.11569826707439763,0.0033333333333333335,sl,1.0,False
2025-05-14,-1,ifvg,,3246.855,3246.875,-0.006666666666660603,0.0033333333333333335,inv,0.0,False
2025-05-14,-1,ifvg,,3246.715,3246.875,-0.05333333333328483,0.0033333333333333335,inv,0.0,False
2025-05-14,-1,ifvg,,3246.575,3246.875,-0.10000000000006062,0.0033333333333333335,inv,0.0,False
2025-05-14,-1,fvg,,3248.965,3248.205066225166,0.25331125827809353,0.0033333333333333335,tp,6.0,False
2025-05-14,1,ifvg,,3248.125,3247.9926470588234,-0.0441176470588592,0.0033333333333333335,sl,0.0,False
2025-05-14,1,ifvg,,3248.305,3248.040294117647,-0.08823529411756682,0.0033333333333333335,sl,0.0,False
2025-05-14,1,ifvg,,3248.045,3247.945,-0.03333333333330302,0.0033333333333333335,sl,0.0,False
2025-05-14,1,ifvg,,3245.975,3245.875,-0.03333333333330302,0.0033333333333333335,sl,0.0,False
2025-05-14,1,ifvg,,3246.13,3246.011679389313,-0.03944020356235948,0.0033333333333333335,sl,0.0,False
2025-05-14,1,ifvg,,3246.285,3246.0483587786257,-0.07888040712471896,0.0033333333333333335,sl,0.0,False
2025-05-14,-1,ifvg,,3241.905,3241.925,-0.006666666666660603,0.0033333333333333335,inv,0.0,False
2025-05-14,-1,ifvg,,3241.715,3241.925,-0.07000000000001214,0.0033333333333333335,inv,0.0,False
2025-05-14,-1,ifvg,,3241.525,3241.925,-0.13333333333336367,0.0033333333333333335,inv,0.0,False
2025-05-14,1,inv,,3242.085,3242.7690000000002,0.6840000000001965,0.01,tp,9.0,True
2025-05-14,-1,fvg,,3243.005,3241.640826771654,0.4547244094487724,0.0033333333333333335,tp,51.0,False
2025-05-14,1,ifvg,,3226.66,3226.355,-0.1016666666666121,0.0033333333333333335,inv,8.0,False
2025-05-14,1,ifvg,,3226.945,3226.355,-0.19666666666671517,0.0033333333333333335,inv,8.0,False
2025-05-14,1,ifvg,,3226.665,3226.355,-0.10333333333331514,0.0033333333333333335,inv,0.0,False
2025-05-14,-1,inv,,3226.645,3225.6189999999997,1.0260000000002947,0.01,tp,46.0,True
2025-05-14,1,ifvg,,3239.13,3238.9157142857143,-0.07142857142859309,0.0033333333333333335,sl,0.0,False
2025-05-14,1,ifvg,,3239.505,3239.0764285714286,-0.14285714285718618,0.0033333333333333335,sl,0.0,False
2025-05-14,1,ifvg,,3238.755,3238.655,-0.03333333333330302,0.0033333333333333335,sl,7.0,False
2025-05-14,1,ifvg,,3237.95,3237.735714285714,-0.07142857142859309,0.0033333333333333335,sl,0.0,False
2025-05-14,1,ifvg,,3238.325,3237.8964285714283,-0.14285714285718618,0.0033333333333333335,sl,0.0,False
2025-05-14,1,ifvg,,3237.595,3237.495,-0.03333333333330302,0.0033333333333333335,sl,2.0,False
2025-05-14,1,fvg,,3234.565,3234.4051360544217,-0.05328798185943621,0.0033333333333333335,sl,0.0,False
2025-05-14,1,fvg,,3234.655,3234.3352721088436,-0.10657596371887242,0.0033333333333333335,sl,17.0,False
2025-05-14,1,fvg,,3234.355,3234.255,-0.03333333333330302,0.0033333333333333335,sl,0.0,False
2025-05-14,-1,ifvg,,3237.2349999999997,3237.0099999999998,0.07499999999996969,0.0033333333333333335,tp,4.0,False
2025-05-14,-1,ifvg,,3237.115,3237.375,-0.08666666666673943,0.0033333333333333335,inv,33.0,False
2025-05-14,-1,ifvg,,3237.355,3237.375,-0.006666666666660603,0.0033333333333333335,inv,0.0,False
2025-05-14,1,inv,,3237.005,3236.555,-0.45000000000027285,0.01,inv,12.0,True
2025-05-14,-1,ifvg,,3236.805,3236.4505479452055,0.11815068493145493,0.0033333333333333335,tp,20.0,False
2025-05-14,-1,ifvg,,3236.575,3235.8660958904106,0.2363013698630615,0.0033333333333333335,tp,148.0,False
2025-05-14,1,ifvg,,3228.165,3228.145,-0.006666666666660603,0.0033333333333333335,inv,0.0,False
2025-05-14,1,ifvg,,3228.795,3228.145,-0.216666666666697,0.0033333333333333335,inv,0.0,False
2025-05-14,1,ifvg,,3229.425,3228.145,-0.42666666666673336,0.0033333333333333335,inv,0.0,False
2025-05-14,-1,inv,,3228.115,3229.445,-1.330000000000382,0.01,inv,17.0,True
2025-05-14,1,fvg,,3223.645,3223.446204819277,-0.0662650602409182,0.0033333333333333335,sl,0.0,False
2025-05-14,1,fvg,,3223.765,3223.3674096385544,-0.1325301204818364,0.0033333333333333335,sl,15.0,False
2025-05-14,1,fvg,,3223.105,3223.33,0.07499999999996969,0.0033333333333333335,tp,0.0,False
2025-05-14,1,fvg,,3220.905,3220.247465753425,-0.2191780821917746,0.0033333333333333335,sl,0.0,False
2025-05-14,1,fvg,,3220.555,3220.226232876712,-0.10958904109596308,0.0033333333333333335,sl,0.0,False
2025-05-14,1,fvg,,3219.185,3219.085,-0.03333333333330302,0.0033333333333333335,sl,0.0,False
2025-05-14,-1,fvg,,3214.795,3213.0622413793103,0.5775862068965884,0.0033333333333333335,tp,26.0,False
2025-05-14,-1,fvg,,3216.345,3216.730057471264,-0.1283524904213967,0.0033333333333333335,sl,1.0,False
2025-05-14,-1,fvg,,3204.735,3202.8889497307005,0.6153500897665557,0.0033333333333333335,tp,48.0,False
2025-05-14,-1,fvg,,3206.825,3205.90197486535,0.30767504488327785,0.0033333333333333335,tp,13.0,False
2025-05-14,-1,fvg,,3195.425,3196.257214765101,-0.2774049217002054,0.0033333333333333335,sl,0.0,False
2025-05-14,-1,fvg,,3197.385,3197.8011073825505,-0.1387024608501027,0.0033333333333333335,sl,0.0,False
2025-05-14,1,ifvg,,3191.955,3191.935,-0.006666666666660603,0.0033333333333333335,inv,0.0,False
2025-05-14,1,ifvg,,3192.045,3191.935,-0.03666666666670911,0.0033333333333333335,inv,0.0,False
2025-05-14,1,ifvg,,3192.135,3191.935,-0.06666666666675762,0.0033333333333333335,inv,0.0,False
2025-05-14,1,ifvg,,3192.195,3192.0950000000003,-0.03333333333330302,0.0033333333333333335,sl,0.0,False
2025-05-14,1,ifvg,,3192.42,3192.264827586207,-0.05172413793100836,0.0033333333333333335,sl,0.0,False
2025-05-14,1,ifvg,,3192.645,3192.334655172414,-0.10344827586201671,0.0033333333333333335,sl,0.0,False
2025-05-14,1,ifvg,,3190.205,3190.105,-0.03333333333330302,0.0033333333333333335,sl,0.0,False
2025-05-14,1,ifvg,,3190.4449999999997,3190.273947368421,-0.05701754385957732,0.0033333333333333335,sl,0.0,False
2025-05-14,1,ifvg,,3190.705,3190.362894736842,-0.11403508771930623,0.0033333333333333335,sl,0.0,False
2025-05-14,-1,ifvg,,3187.875,3187.895,-0.006666666666660603,0.0033333333333333335,inv,0.0,False
2025-05-14,-1,ifvg,,3187.715,3187.895,-0.05999999999994544,0.0033333333333333335,inv,0.0,False
2025-05-14,-1,ifvg,,3187.555,3187.895,-0.11333333333338184,0.0033333333333333335,inv,0.0,False
2025-05-14,1,inv,,3187.835,3187.535,-0.3000000000001819,0.01,inv,1.0,True
2025-05-14,1,ifvg,,3186.925,3186.8250000000003,-0.03333333333330302,0.0033333333333333335,sl,0.0,False
2025-05-14,1,ifvg,,3187.035,3186.8256976744187,-0.06976744186037347,0.0033333333333333335,sl,0.0,False
2025-05-14,1,ifvg,,3187.395,3186.9763953488373,-0.1395348837208985,0.0033333333333333335,sl,0.0,False
2025-05-14,-1,ifvg,,3186.395,3186.415,-0.006666666666660603,0.0033333333333333335,inv,0.0,False
2025-05-14,-1,ifvg,,3186.3,3186.415,-0.038333333333260576,0.0033333333333333335,inv,0.0,False
2025-05-14,-1,ifvg,,3186.205,3186.415,-0.07000000000001214,0.0033333333333333335,inv,0.0,False
2025-05-14,-1,ifvg,,3170.935,3171.035,-0.03333333333330302,0.0033333333333333335,sl,1.0,False
2025-05-14,-1,ifvg,,3171.015,3170.79,0.07499999999996969,0.0033333333333333335,tp,6.0,False
2025-05-14,-1,ifvg,,3171.01,3170.7850000000003,0.07499999999996969,0.0033333333333333335,tp,6.0,False
2025-05-14,1,fvg,,3172.445,3173.529196891192,0.36139896373060765,0.0033333333333333335,tp,31.0,False
2025-05-14,1,ifvg,,3173.589,3173.555,-0.011333333333368502,0.0033333333333333335,inv,0.0,False
2025-05-14,1,ifvg,,3173.8149999999996,3173.555,-0.08666666666658786,0.0033333333333333335,inv,0.0,False
2025-05-14,1,ifvg,,3174.055,3173.555,-0.16666666666666669,0.0033333333333333335,inv,0.0,False
2025-05-14,-1,inv,,3173.505,3174.075,-0.569999999999709,0.01,inv,162.0,True
2025-05-14,1,ifvg,,3176.795,3176.775,-0.006666666666660603,0.0033333333333333335,inv,0.0,False
2025-05-14,1,ifvg,,3176.965,3176.775,-0.06333333333335152,0.0033333333333333335,inv,0.0,False
2025-05-14,1,ifvg,,3177.135,3176.775,-0.12000000000004245,0.0033333333333333335,inv,0.0,False
2025-05-14,-1,inv,,3176.515,3177.155,-0.6400000000003274,0.01,inv,7.0,True
2025-05-14,1,ifvg,,3178.595,3178.305,-0.09666666666665455,0.0033333333333333335,inv,2.0,False
2025-05-14,1,ifvg,,3178.325,3178.305,-0.006666666666660603,0.0033333333333333335,inv,0.0,False
2025-05-14,1,ifvg,,3178.46,3178.305,-0.05166666666673337,0.0033333333333333335,inv,0.0,False
2025-05-14,-1,ifvg,,3180.955,3181.077807017544,-0.040935672514630525,0.0033333333333333335,sl,0.0,False
2025-05-14,-1,ifvg,,3180.805,3180.9049999999997,-0.03333333333330302,0.0033333333333333335,sl,0.0,False
2025-05-14,-1,ifvg,,3181.0249999999996,3181.1249999999995,-0.03333333333330302,0.0033333333333333335,sl,3.0,False
2025-05-14,1,fvg,,3180.645,3180.206797752809,-0.14606741573030985,0.0033333333333333335,sl,73.0,False
2025-05-14,1,fvg,,3180.365,3180.1458988764043,-0.07303370786515492,0.0033333333333333335,sl,0.0,False
2025-05-14,1,fvg,,3179.865,3180.0899999999997,0.07499999999996969,0.0033333333333333335,tp,23.0,False
2025-05-14,-1,ifvg,,3181.505,3181.28,0.07499999999996969,0.0033333333333333335,tp,2.0,False
2025-05-14,1,inv,,3181.245,3181.125,-0.11999999999989086,0.01,inv,0.0,True
2025-05-14,-1,ifvg,,3181.325,3181.0272058823525,0.0992647058824332,0.0033333333333333335,tp,5.0,False
2025-05-14,-1,ifvg,,3181.145,3181.525,-0.12666666666670304,0.0033333333333333335,inv,22.0,False
2025-05-14,-1,ifvg,,3182.705,3182.725,-0.006666666666660603,0.0033333333333333335,inv,0.0,False
2025-05-14,-1,ifvg,,3182.615,3182.725,-0.03666666666670911,0.0033333333333333335,inv,0.0,False
2025-05-14,-1,ifvg,,3182.525,3182.725,-0.06666666666660603,0.0033333333333333335,inv,0.0,False
2025-05-14,-1,ifvg,,3182.895,3183.175,-0.09333333333340003,0.0033333333333333335,inv,74.0,False
2025-05-14,-1,ifvg,,3182.875,3183.175,-0.10000000000006062,0.0033333333333333335,inv,57.0,False
2025-05-14,-1,ifvg,,3183.155,3183.175,-0.006666666666660603,0.0033333333333333335,inv,0.0,False
2025-05-14,1,ifvg,,3186.035,3185.9199557522124,-0.038348082595803135,0.0033333333333333335,sl,0.0,False
2025-05-14,1,ifvg,,3186.005,3186.23,0.07499999999996969,0.0033333333333333335,tp,4.0,False
2025-05-14,1,ifvg,,3185.915,3185.815,-0.03333333333330302,0.0033333333333333335,sl,0.0,False
2025-05-14,-1,ifvg,,3185.6400000000003,3185.4150000000004,0.07499999999996969,0.0033333333333333335,tp,7.0,False
2025-05-14,-1,ifvg,,3185.565,3185.735,-0.05666666666669092,0.0033333333333333335,inv,20.0,False
2025-05-14,-1,ifvg,,3185.505,3185.735,-0.07666666666667273,0.0033333333333333335,inv,0.0,False
2025-06-12,-1,ifvg,,3342.775,3342.875,-0.03333333333330302,0.0033333333333333335,sl,0.0,False
2025-06-12,-1,ifvg,,3342.7115000000003,3342.8115000000003,-0.03333333333330302,0.0033333333333333335,sl,0.0,False
2025-06-12,-1,ifvg,,3342.648,3342.7606885536825,-0.037562851227448846,0.0033333333333333335,sl,0.0,False
2025-06-12,-1,fvg,,3346.798,3345.5391894273125,0.41960352422908426,0.0033333333333333335,tp,23.0,False
2025-06-12,-1,fvg,,3346.585,3346.8647356828196,-0.09324522760653055,0.0033333333333333335,sl,0.0,False
2025-06-12,-1,fvg,,3347.948,3348.048,-0.03333333333330302,0.0033333333333333335,sl,0.0,False
2025-06-12,-1,ifvg,,3348.3815,3348.5406683708247,-0.05305612360825763,0.0033333333333333335,sl,1.0,False
2025-06-12,-1,ifvg,,3348.148,3348.4663367416497,-0.10611224721651526,0.0033333333333333335,sl,1.0,False
2025-06-12,-1,ifvg,,3348.455,3348.555,-0.03333333333330302,0.0033333333333333335,sl,0.0,False
2025-06-12,-1,ifvg,,3355.845,3355.865,-0.006666666666660603,0.0033333333333333335,inv,0.0,False
2025-06-12,-1,ifvg,,3355.5299999999997,3355.865,-0.11166666666667881,0.0033333333333333335,inv,0.0,False
2025-06-12,-1,ifvg,,3355.215,3355.865,-0.2166666666665454,0.0033333333333333335,inv,0.0,False
2025-06-12,1,inv,,3356.005,3355.195,-0.8099999999999454,0.01,inv,130.0,True
2025-06-12,-1,ifvg,,3359.998,3360.018,-0.006666666666660603,0.0033333333333333335,inv,0.0,False
2025-06-12,-1,ifvg,,3359.7165,3360.018,-0.10050000000001091,0.0033333333333333335,inv,0.0,False
2025-06-12,-1,ifvg,,3359.435,3360.018,-0.19433333333336125,0.0033333333333333335,inv,0.0,False
2025-06-12,1,inv,,3359.998,3359.415,-0.5830000000000837,0.01,inv,47.0,True
2025-06-12,1,fvg,,3357.765,3358.288395721925,0.17446524064174204,0.0033333333333333335,tp,3.0,False
2025-06-12,1,fvg,,3358.185,3359.23179144385,0.3489304812833325,0.0033333333333333335,tp,25.0,False
2025-06-12,1,ifvg,,3360.825,3361.818016759776,0.33100558659210344,0.0033333333333333335,tp,19.0,False
2025-06-12,1,ifvg,,3360.498,3360.2773296089385,-0.07355679702050112,0.0033333333333333335,sl,0.0,False
2025-06-12,1,fvg,,3362.705,3363.873269230769,0.38942307692301864,0.0033333333333333335,tp,356.0,False
2025-06-12,1,fvg,,3373.415,3373.166879699248,-0.08270676691730236,0.0033333333333333335,sl,1.0,False
2025-06-12,1,fvg,,3373.285,3373.160939849624,-0.04135338345865118,0.0033333333333333335,sl,0.0,False
2025-06-12,-1,ifvg,,3373.905,3374.005,-0.03333333333330302,0.0033333333333333335,sl,1.0,False
2025-06-12,-1,ifvg,,3373.855,3374.055,-0.06666666666660603,0.0033333333333333335,sl,1.0,False
2025-06-12,-1,ifvg,,3373.975,3374.075,-0.03333333333330302,0.0033333333333333335,sl,0.0,False
2025-06-12,1,fvg,,3373.035,3373.2599999999998,0.07499999999996969,0.0033333333333333335,tp,5.0,False
2025-06-12,-1,ifvg,,3376.648,3376.9072592592593,-0.08641975308637485,0.0033333333333333335,sl,0.0,False
2025-06-12,-1,ifvg,,3376.8230000000003,3376.95262962963,-0.04320987654318743,0.0033333333333333335,sl,1.0,False
2025-06-12,-1,ifvg,,3376.998,3377.098,-0.03333333333330302,0.0033333333333333335,sl,0.0,False
2025-06-12,1,fvg,,3379.115,3380.335722781336,0.4069075937786693,0.0033333333333333335,tp,31.0,False
2025-06-12,-1,ifvg,,3395.378,3395.725,-0.1156666666665842,0.0033333333333333335,inv,7.0,False
2025-06-12,-1,ifvg,,3395.548,3395.725,-0.059000000000044864,0.0033333333333333335,inv,2.0,False
2025-06-12,-1,ifvg,,3395.705,3395.725,-0.006666666666660603,0.0033333333333333335,inv,0.0,False
2025-06-12,1,ifvg,,3385.765,3385.665,-0.03333333333330302,0.0033333333333333335,sl,0.0,False
2025-06-12,1,ifvg,,3385.8165,3385.7165,-0.03333333333330302,0.0033333333333333335,sl,0.0,False
2025-06-12,1,ifvg,,3385.868,3385.768,-0.03333333333330302,0.0033333333333333335,sl,0.0,False
2025-06-12,-1,ifvg,,3380.973,3380.681333333333,0.0972222222223233,0.0033333333333333335,tp,11.0,False
2025-06-12,-1,ifvg,,3380.798,3380.214666666666,0.1944444444446466,0.0033333333333333335,tp,16.0,False
2025-06-12,-1,ifvg,,3380.148,3380.3146666666667,-0.05555555555550503,0.0033333333333333335,sl,0.0,False
2025-06-12,-1,ifvg,,3379.898,3380.2313333333336,-0.11111111111116166,0.0033333333333333335,sl,0.0,False
2025-06-12,-1,ifvg,,3380.398,3380.498,-0.03333333333330302,0.0033333333333333335,sl,5.0,False
2025-06-12,-1,ifvg,,3380.798,3380.8979999999997,-0.03333333333330302,0.0033333333333333335,sl,0.0,False
2025-06-12,-1,ifvg,,3382.998,3383.098,-0.03333333333330302,0.0033333333333333335,sl,0.0,False
2025-06-12,-1,ifvg,,3382.7264999999998,3382.9024559300065,-0.058651976668897994,0.0033333333333333335,sl,0.0,False
2025-06-12,-1,ifvg,,3382.455,3382.806911860013,-0.1173039533376444,0.0033333333333333335,sl,0.0,False
2025-06-12,1,ifvg,,3387.215,3386.874195781147,-0.11360140628433632,0.0033333333333333335,sl,28.0,False
2025-06-12,1,ifvg,,3386.9565000000002,3387.3399047462103,0.12780158207002992,0.0033333333333333335,tp,33.0,False
2025-06-12,1,fvg,,3389.055,3390.2111740398636,0.3853913466212665,0.0033333333333333335,tp,95.0,False
2025-06-12,1,fvg,,3392.115,3392.6821278982793,0.18904263275984098,0.0033333333333333335,tp,13.0,False
2025-06-13,1,fvg,,3400.075,3399.2837682672234,-0.2637439109254653,0.0033333333333333335,sl,0.0,False
2025-06-13,-1,ifvg,,3412.815,3412.835,-0.006666666666660603,0.0033333333333333335,inv,0.0,False
2025-06-13,-1,ifvg,,3412.6065,3412.835,-0.07616666666672245,0.0033333333333333335,inv,0.0,False
2025-06-13,-1,ifvg,,3412.398,3412.835,-0.14566666666663272,0.0033333333333333335,inv,0.0,False
2025-06-13,1,inv,,3413.248,3413.9986,0.7505999999998494,0.01,tp,5.0,True
2025-06-13,-1,ifvg,,3405.148,3404.8169308398024,0.11035638673259503,0.0033333333333333335,tp,0.0,False
2025-06-13,-1,ifvg,,3405.048,3405.485,-0.1456666666667843,0.0033333333333333335,inv,2.0,False
2025-06-13,-1,ifvg,,3405.148,3405.485,-0.11233333333332969,0.0033333333333333335,inv,0.0,False
2025-06-13,1,inv,,3405.348,3405.028,-0.3200000000001637,0.01,inv,5.0,True
2025-06-13,-1,ifvg,,3403.258,3403.475,-0.07233333333336607,0.0033333333333333335,inv,0.0,False
2025-06-13,-1,ifvg,,3403.0765,3403.475,-0.1328333333332618,0.0033333333333333335,inv,0.0,False
2025-06-13,-1,ifvg,,3402.698,3403.475,-0.25900000000001455,0.0033333333333333335,inv,0.0,False
2025-06-13,1,inv,,3403.698,3405.0606,1.3625999999999294,0.01,tp,17.0,True
2025-06-13,-1,fvg,,3406.548,3407.1706415094336,-0.20754716981127788,0.0033333333333333335,sl,1.0,False
2025-06-13,-1,fvg,,3407.028,3407.339320754717,-0.10377358490571473,0.0033333333333333335,sl,0.0,False
2025-06-13,-1,fvg,,3408.118,3408.218,-0.03333333333330302,0.0033333333333333335,sl,0.0,False
2025-06-13,-1,ifvg,,3408.945,3409.045,-0.03333333333330302,0.0033333333333333335,sl,0.0,False
2025-06-13,-1,ifvg,,3408.5965,3408.801862404243,-0.06845413474760183,0.0033333333333333335,sl,0.0,False
2025-06-13,-1,ifvg,,3408.248,3408.6587248084857,-0.13690826949520365,0.0033333333333333335,sl,0.0,False
2025-06-13,1,fvg,,3412.389,3413.37495505618,0.3286516853933487,0.0033333333333333335,tp,15.0,False
2025-06-13,-1,ifvg,,3413.37,3413.529863945578,-0.05328798185943621,0.0033333333333333335,sl,1.0,False
2025-06-13,-1,ifvg,,3413.135,3413.4547278911564,-0.10657596371872084,0.0033333333333333335,sl,1.0,False
2025-06-13,-1,ifvg,,3413.545,3413.645,-0.03333333333330302,0.0033333333333333335,sl,1.0,False
2025-06-13,-1,ifvg,,3414.7799999999997,3414.9096296296293,-0.04320987654318743,0.0033333333333333335,sl,0.0,False
2025-06-13,-1,ifvg,,3414.605,3414.864259259259,-0.08641975308637485,0.0033333333333333335,sl,0.0,False
2025-06-13,-1,ifvg,,3414.955,3415.055,-0.03333333333330302,0.0033333333333333335,sl,9.0,False
2025-06-13,-1,ifvg,,3416.198,3416.218,-0.006666666666660603,0.0033333333333333335,inv,0.0,False
2025-06-13,-1,ifvg,,3415.7365,3416.218,-0.16049999999995637,0.0033333333333333335,inv,0.0,False
2025-06-13,-1,ifvg,,3415.275,3416.218,-0.31433333333325214,0.0033333333333333335,inv,0.0,False
2025-06-13,-1,ifvg,,3417.485,3417.505,-0.006666666666660603,0.0033333333333333335,inv,0.0,False
2025-06-13,-1,ifvg,,3417.085,3417.505,-0.14000000000002427,0.0033333333333333335,inv,0.0,False
2025-06-13,-1,ifvg,,3416.685,3417.505,-0.27333333333338794,0.0033333333333333335,inv,0.0,False
2025-06-13,1,inv,,3416.398,3418.0593999999996,1.6613999999995033,0.01,tp,105.0,True
2025-06-13,1,inv,,3417.545,3418.9850000000006,1.4400000000005093,0.01,tp,107.0,True
2025-06-13,1,ifvg,,3419.948,3419.848,-0.03333333333330302,0.0033333333333333335,sl,0.0,False
2025-06-13,1,ifvg,,3419.948,3419.848,-0.03333333333330302,0.0033333333333333335,sl,0.0,False
2025-06-13,1,ifvg,,3419.975,3419.8623114463176,-0.037562851227448846,0.0033333333333333335,sl,0.0,False
2025-06-13,-1,ifvg,,3419.5649999999996,3419.845,-0.09333333333340003,0.0033333333333333335,inv,13.0,False
2025-06-13,-1,ifvg,,3419.305,3419.845,-0.1799999999999879,0.0033333333333333335,inv,13.0,False
2025-06-13,-1,ifvg,,3419.798,3419.845,-0.015666666666675155,0.0033333333333333335,inv,0.0,False
2025-06-13,1,inv,,3419.798,3419.285,-0.51299999999992,0.01,inv,22.0,True
2025-06-13,1,fvg,,3418.448,3419.1355,0.22916666666666666,0.0033333333333333335,tp,5.0,False
2025-06-13,1,ifvg,,3421.725,3421.625,-0.03333333333330302,0.0033333333333333335,sl,0.0,False
2025-06-13,1,ifvg,,3421.835,3421.735,-0.03333333333330302,0.0033333333333333335,sl,0.0,False
2025-06-13,1,ifvg,,3421.945,3421.7646721311476,-0.060109289617533555,0.0033333333333333335,sl,0.0,False
2025-06-13,-1,fvg,,3438.475,3439.1086996336994,-0.21123321123316907,0.0033333333333333335,sl,20.0,False
2025-06-13,-1,fvg,,3439.34,3439.65684981685,-0.10561660561658454,0.0033333333333333335,sl,0.0,False
2025-06-13,-1,ifvg,,3438.6099999999997,3438.765,-0.05166666666673337,0.0033333333333333335,inv,3.0,False
2025-06-13,-1,ifvg,,3438.475,3438.765,-0.09666666666665455,0.0033333333333333335,inv,3.0,False
2025-06-13,-1,ifvg,,3438.745,3438.765,-0.006666666666660603,0.0033333333333333335,inv,0.0,False
2025-06-13,1,ifvg,,3424.77,3424.515,-0.08500000000003638,0.0033333333333333335,inv,2.0,False
2025-06-13,1,ifvg,,3425.005,3424.515,-0.16333333333341216,0.0033333333333333335,inv,2.0,False
2025-06-13,1,ifvg,,3424.535,3424.515,-0.006666666666660603,0.0033333333333333335,inv,0.0,False
2025-06-13,-1,inv,,3424.585,3425.025,-0.44000000000005457,0.01,inv,24.0,True
2025-06-13,1,fvg,,3426.295,3427.3607894736842,0.3552631578947209,0.0033333333333333335,tp,70.0,False
2025-06-13,-1,ifvg,,3428.735,3428.51,0.07499999999996969,0.0033333333333333335,tp,5.0,False
2025-06-13,-1,ifvg,,3428.615,3428.39,0.07499999999996969,0.0033333333333333335,tp,8.0,False
2025-06-13,-1,ifvg,,3428.495,3428.755,-0.08666666666673943,0.0033333333333333335,inv,13.0,False
2025-06-13,-1,ifvg,,3427.875,3427.895,-0.006666666666660603,0.0033333333333333335,inv,0.0,False
2025-06-13,-1,ifvg,,3427.725,3427.895,-0.05666666666669092,0.0033333333333333335,inv,0.0,False
2025-06-13,-1,ifvg,,3427.575,3427.895,-0.10666666666672125,0.0033333333333333335,inv,0.0,False
2025-06-13,1,inv,,3427.865,3428.405,0.5400000000004184,0.01,tp,58.0,True
2025-06-13,1,ifvg,,3428.848,3428.748,-0.03333333333330302,0.0033333333333333335,sl,0.0,False
2025-06-13,1,ifvg,,3428.948,3428.7813333333334,-0.05555555555550503,0.0033333333333333335,sl,0.0,False
2025-06-13,1,ifvg,,3428.748,3428.973,0.07499999999996969,0.0033333333333333335,tp,2.0,False
2025-06-13,-1,ifvg,,3429.3115,3429.034276940467,0.09240768651094793,0.0033333333333333335,tp,3.0,False
2025-06-13,1,inv,,3429.365,3429.128,-0.23699999999962532,0.01,inv,0.0,True
2025-06-13,-1,ifvg,,3429.148,3428.593553880935,0.18481537302174428,0.0033333333333333335,tp,4.0,False
2025-06-13,-1,ifvg,,3429.455,3429.495,-0.013333333333321207,0.0033333333333333335,inv,0.0,False
2025-06-13,-1,ifvg,,3430.448,3430.475,-0.009000000000014552,0.0033333333333333335,inv,0.0,False
2025-06-13,-1,ifvg,,3430.295,3430.475,-0.05999999999994544,0.0033333333333333335,inv,0.0,False
2025-06-13,-1,ifvg,,3430.135,3430.475,-0.11333333333323026,0.0033333333333333335,inv,0.0,False
2025-06-13,1,inv,,3430.515,3431.0909999999994,0.5759999999995671,0.01,tp,50.0,True
2025-06-13,1,ifvg,,3436.785,3436.685,-0.03333333333330302,0.0033333333333333335,sl,0.0,False
2025-06-13,1,ifvg,,3437.0950000000003,3436.903641975309,-0.06378600823048448,0.0033333333333333335,sl,0.0,False
2025-06-13,1,ifvg,,3437.405,3437.0222839506173,-0.12757201646096897,0.0033333333333333335,sl,0.0,False
2025-06-13,1,ifvg,,3437.755,3437.655,-0.03333333333330302,0.0033333333333333335,sl,0.0,False
2025-06-13,1,ifvg,,3437.855,3437.755,-0.03333333333330302,0.0033333333333333335,sl,0.0,False
2025-06-13,1,ifvg,,3437.955,3437.7883333333334,-0.05555555555550503,0.0033333333333333335,sl,0.0,False
2025-06-13,1,ifvg,,3435.09,3434.825,-0.08833333333344248,0.0033333333333333335,inv,17.0,False
2025-06-13,1,ifvg,,3435.335,3434.825,-0.17000000000007276,0.0033333333333333335,inv,17.0,False
2025-06-13,1,ifvg,,3434.845,3434.825,-0.006666666666660603,0.0033333333333333335,inv,0.0,False
2025-06-13,-1,inv,,3434.975,3434.0929999999994,0.8820000000005166,0.01,tp,48.0,True
2025-06-13,1,ifvg,,3432.415,3432.395,-0.006666666666660603,0.0033333333333333335,inv,8.0,False
2025-06-13,1,ifvg,,3432.5564999999997,3432.395,-0.05383333333323511,0.0033333333333333335,inv,8.0,False
2025-06-13,1,ifvg,,3432.698,3432.395,-0.10099999999996122,0.0033333333333333335,inv,8.0,False
2025-06-13,1,ifvg,,3432.225,3432.125,-0.03333333333330302,0.0033333333333333335,inv,0.0,False
2025-06-13,1,ifvg,,3432.24,3432.125,-0.038333333333260576,0.0033333333333333335,inv,0.0,False
2025-06-13,1,ifvg,,3432.335,3432.125,-0.07000000000001214,0.0033333333333333335,inv,0.0,False
2025-06-13,-1,ifvg,,3433.335,3433.5690425531916,-0.0780141843971857,0.0033333333333333335,sl,0.0,False
2025-06-13,-1,ifvg,,3432.895,3433.363085106383,-0.1560283687943714,0.0033333333333333335,sl,0.0,False
2025-06-13,-1,ifvg,,3433.775,3433.55,0.07499999999996969,0.0033333333333333335,tp,2.0,False
2025-06-17,-1,ifvg,,3400.723,3400.823,-0.03333333333330302,0.0033333333333333335,sl,0.0,False
2025-06-17,-1,ifvg,,3400.598,3400.798,-0.06666666666660603,0.0033333333333333335,sl,0.0,False
2025-06-17,1,ifvg,,3398.445,3398.3450000000003,-0.03333333333330302,0.0033333333333333335,sl,2.0,False
2025-06-17,1,ifvg,,3398.3900000000003,3398.2900000000004,-0.03333333333330302,0.0033333333333333335,sl,8.0,False
2025-06-17,1,ifvg,,3398.345,3398.245,-0.03333333333330302,0.0033333333333333335,sl,7.0,False
2025-06-17,1,ifvg,,3395.815,3395.725,-0.03000000000004851,0.0033333333333333335,inv,4.0,False
2025-06-17,1,ifvg,,3395.885,3395.725,-0.053333333333436414,0.0033333333333333335,inv,4.0,False
2025-06-17,1,ifvg,,3395.805,3395.725,-0.026666666666642413,0.0033333333333333335,inv,2.0,False
2025-06-17,1,fvg,,3372.898,3372.229455087836,-0.22284830405472655,0.0033333333333333335,sl,3.0,False
2025-06-17,1,fvg,,3372.0,3371.665727543918,-0.11142415202736328,0.0033333333333333335,sl,0.0,False
2025-06-17,1,fvg,,3371.38,3371.28,-0.03333333333330302,0.0033333333333333335,sl,0.0,False
2025-06-17,-1,ifvg,,3374.248,3374.348,-0.03333333333330302,0.0033333333333333335,sl,0.0,False
2025-06-17,-1,ifvg,,3373.5865000000003,3373.872550492084,-0.09535016402787733,0.0033333333333333335,sl,0.0,False
2025-06-17,-1,ifvg,,3372.918,3373.490100984168,-0.19070032805590625,0.0033333333333333335,sl,0.0,False
2025-06-17,1,ifvg,,3382.285,3382.215,-0.02333333333323632,0.0033333333333333335,inv,0.0,False
2025-06-17,1,ifvg,,3382.29,3382.215,-0.024999999999939366,0.0033333333333333335,inv,0.0,False
2025-06-17,1,ifvg,,3382.345,3382.215,-0.043333333333218135,0.0033333333333333335,inv,0.0,False
2025-06-17,1,ifvg,,3375.248,3375.228,-0.006666666666660603,0.0033333333333333335,inv,0.0,False
2025-06-17,1,ifvg,,3375.498,3375.228,-0.08999999999999395,0.0033333333333333335,inv,0.0,False
2025-06-17,1,ifvg,,3375.748,3375.228,-0.1733333333333273,0.0033333333333333335,inv,0.0,False
2025-06-17,-1,inv,,3374.948,3375.768,-0.8200000000001637,0.01,inv,10.0,True
2025-06-17,1,ifvg,,3378.848,3378.828,-0.006666666666660603,0.0033333333333333335,inv,0.0,False
2025-06-17,1,ifvg,,3379.448,3378.828,-0.20666666666663028,0.0033333333333333335,inv,0.0,False
2025-06-17,1,ifvg,,3380.048,3378.828,-0.4066666666666,0.0033333333333333335,inv,0.0,False
2025-06-17,-1,inv,,3378.748,3380.0679999999998,-1.319999999999709,0.01,inv,81.0,True
2025-06-17,-1,ifvg,,3380.715,3380.735,-0.006666666666660603,0.0033333333333333335,inv,0.0,False
2025-06-17,-1,ifvg,,3380.5815000000002,3380.735,-0.051166666666631506,0.0033333333333333335,inv,0.0,False
2025-06-17,-1,ifvg,,3380.448,3380.735,-0.09566666666675398,0.0033333333333333335,inv,0.0,False
2025-06-17,-1,ifvg,,3382.595,3382.37,0.07499999999996969,0.0033333333333333335,tp,7.0,False
2025-06-17,-1,ifvg,,3382.545,3382.185756302521,0.11974789915969572,0.0033333333333333335,tp,17.0,False
2025-06-17,-1,ifvg,,3382.615,3382.755,-0.04666666666677581,0.0033333333333333335,inv,1.0,False
2025-06-17,-1,ifvg,,3383.485,3383.505,-0.006666666666660603,0.0033333333333333335,inv,0.0,False
2025-06-17,-1,ifvg,,3383.2,3383.505,-0.10166666666676369,0.0033333333333333335,inv,0.0,False
2025-06-17,-1,ifvg,,3382.915,3383.505,-0.19666666666671517,0.0033333333333333335,inv,0.0,False
2025-06-17,1,inv,,3383.575,3384.601,1.0260000000002947,0.01,tp,48.0,True
2025-06-17,1,fvg,,3385.155,3385.683500382556,0.17616679418521625,0.0033333333333333335,tp,68.0,False
2025-06-17,-1,ifvg,,3385.295,3385.417807017544,-0.040935672514630525,0.0033333333333333335,sl,0.0,False
2025-06-17,-1,ifvg,,3385.435,3385.21,0.07499999999996969,0.0033333333333333335,tp,54.0,False
2025-06-17,-1,ifvg,,3385.365,3385.14,0.07499999999996969,0.0033333333333333335,tp,70.0,False
2025-06-17,1,ifvg,,3394.948,3394.848,-0.03333333333330302,0.0033333333333333335,sl,0.0,False
2025-06-17,1,ifvg,,3395.0164999999997,3394.9165,-0.03333333333330302,0.0033333333333333335,sl,0.0,False
2025-06-17,1,ifvg,,3395.085,3394.9645074758137,-0.0401641747287916,0.0033333333333333335,sl,0.0,False
2025-06-17,-1,fvg,,3393.848,3394.1569149965444,-0.10297166551481497,0.0033333333333333335,sl,0.0,False
2025-06-17,-1,fvg,,3394.0715,3394.2259574982722,-0.051485832757407486,0.0033333333333333335,sl,1.0,False
2025-06-17,-1,fvg,,3394.295,3394.395,-0.03333333333330302,0.0033333333333333335,sl,7.0,False
2025-06-17,-1,ifvg,,3385.875,3385.918,-0.014333333333373352,0.0033333333333333335,inv,0.0,False
2025-06-17,-1,ifvg,,3385.7965000000004,3385.918,-0.040499999999913903,0.0033333333333333335,inv,0.0,False
2025-06-17,-1,ifvg,,3385.695,3385.918,-0.07433333333331879,0.0033333333333333335,inv,0.0,False
2025-06-17,1,ifvg,,3387.3450000000003,3387.087718446602,-0.08576051779937188,0.0033333333333333335,sl,0.0,False
2025-06-17,1,ifvg,,3387.875,3387.3604368932038,-0.17152103559874377,0.0033333333333333335,sl,0.0,False
2025-06-17,1,ifvg,,3386.815,3387.04,0.07499999999996969,0.0033333333333333335,tp,15.0,False
2025-07-07,1,ifvg,,3298.265,3298.228,-0.012333333333269062,0.0033333333333333335,inv,0.0,False
2025-07-07,1,ifvg,,3298.3265,3298.228,-0.03283333333335274,0.0033333333333333335,inv,0.0,False
2025-07-07,1,ifvg,,3298.405,3298.228,-0.059000000000044864,0.0033333333333333335,inv,0.0,False
2025-07-07,1,ifvg,,3299.815,3299.415,-0.13333333333336367,0.0033333333333333335,inv,2.0,False
2025-07-07,1,ifvg,,3299.965,3299.415,-0.18333333333339397,0.0033333333333333335,inv,2.0,False
2025-07-07,1,ifvg,,3299.545,3299.415,-0.043333333333369715,0.0033333333333333335,inv,0.0,False
2025-07-07,1,fvg,,3299.198,3299.8668334504564,0.22294448348551063,0.0033333333333333335,tp,11.0,False
2025-07-07,-1,inv,,3299.575,3299.985,-0.41000000000030923,0.01,inv,9.0,True
2025-07-07,-1,ifvg,,3302.0550000000003,3302.625,-0.189999999999903,0.0033333333333333335,inv,20.0,False
2025-07-07,-1,ifvg,,3301.505,3302.625,-0.373333333333297,0.0033333333333333335,inv,20.0,False
2025-07-07,-1,ifvg,,3302.355,3302.625,-0.08999999999999395,0.0033333333333333335,inv,0.0,False
2025-07-07,1,inv,,3302.395,3304.375,1.9800000000000182,0.01,tp,75.0,True
2025-07-07,-1,ifvg,,3303.265,3303.295,-0.010000000000066697,0.0033333333333333335,inv,0.0,False
2025-07-07,-1,ifvg,,3303.215,3303.295,-0.026666666666642413,0.0033333333333333335,inv,0.0,False
2025-07-07,-1,ifvg,,3303.155,3303.295,-0.046666666666624224,0.0033333333333333335,inv,0.0,False
2025-07-07,1,ifvg,,3309.685,3309.585,-0.03333333333330302,0.0033333333333333335,sl,0.0,False
2025-07-07,1,ifvg,,3309.785,3309.6183333333333,-0.05555555555550503,0.0033333333333333335,sl,0.0,False
2025-07-07,1,ifvg,,3309.585,3309.485,-0.03333333333330302,0.0033333333333333335,sl,1.0,False
2025-07-07,1,ifvg,,3307.12,3306.879067357513,-0.08031088082892288,0.0033333333333333335,sl,0.0,False
2025-07-07,1,ifvg,,3307.585,3307.103134715026,-0.16062176165799733,0.0033333333333333335,sl,0.0,False
2025-07-07,1,ifvg,,3306.655,3306.5550000000003,-0.03333333333330302,0.0033333333333333335,sl,4.0,False
2025-07-07,1,fvg,,3306.555,3307.9013855421686,0.4487951807229062,0.0033333333333333335,tp,77.0,False
2025-07-07,1,ifvg,,3307.8465,3307.718800819062,-0.04256639364605993,0.0033333333333333335,sl,0.0,False
2025-07-07,1,ifvg,,3308.018,3307.7626016381237,-0.08513278729211986,0.0033333333333333335,sl,0.0,False
2025-07-07,1,ifvg,,3307.675,3307.5750000000003,-0.03333333333330302,0.0033333333333333335,sl,6.0,False
2025-07-07,-1,ifvg,,3310.4165000000003,3310.605,-0.06283333333324966,0.0033333333333333335,inv,1.0,False
2025-07-07,-1,ifvg,,3310.248,3310.605,-0.11899999999999032,0.0033333333333333335,inv,1.0,False
2025-07-07,-1,ifvg,,3310.575,3310.605,-0.010000000000066697,0.0033333333333333335,inv,0.0,False
2025-07-07,1,inv,,3310.575,3310.228,-0.3469999999997526,0.01,inv,12.0,True
2025-07-07,1,fvg,,3313.275,3314.7692055760836,0.49806852536115304,0.0033333333333333335,tp,175.0,False
2025-07-07,1,fvg,,3317.355,3318.134411764706,0.25980392156861853,0.0033333333333333335,tp,173.0,False
2025-07-07,-1,ifvg,,3319.19,3319.275,-0.02833333333334546,0.0033333333333333335,inv,2.0,False
2025-07-07,-1,ifvg,,3319.125,3319.275,-0.05000000000003031,0.0033333333333333335,inv,2.0,False
2025-07-07,-1,ifvg,,3319.248,3319.275,-0.009000000000014552,0.0033333333333333335,inv,0.0,False
2025-07-07,-1,ifvg,,3318.625,3318.4,0.07499999999996969,0.0033333333333333335,tp,5.0,False
2025-07-07,-1,ifvg,,3318.515,3318.755,-0.08000000000007883,0.0033333333333333335,inv,14.0,False
2025-07-07,-1,ifvg,,3318.675,3318.755,-0.026666666666642413,0.0033333333333333335,inv,0.0,False
2025-07-07,1,fvg,,3320.298,3321.441261190359,0.38108706345307536,0.0033333333333333335,tp,699.0,False
2025-07-07,1,fvg,,3322.165,3322.7845652173914,0.2065217391304941,0.0033333333333333335,tp,33.0,False
2025-07-07,1,fvg,,3326.115,3327.249481903817,0.37816063460574395,0.0033333333333333335,tp,70.0,False
2025-07-07,1,fvg,,3325.625,3326.192240951909,0.18908031730294775,0.0033333333333333335,tp,6.0,False
2025-07-07,1,ifvg,,3327.425,3327.3250000000003,-0.03333333333330302,0.0033333333333333335,sl,2.0,False
2025-07-07,1,ifvg,,3327.465,3327.3270689655174,-0.04597701149426333,0.0033333333333333335,sl,2.0,False
2025-07-07,1,ifvg,,3327.345,3327.5699999999997,0.07499999999996969,0.0033333333333333335,tp,3.0,False
2025-07-07,1,fvg,,3334.075,3334.9420866625687,0.28902888752296957,0.0033333333333333335,tp,453.0,False
2025-07-07,1,ifvg,,3342.1980000000003,3342.055142857143,-0.047619047619112585,0.0033333333333333335,sl,0.0,False
2025-07-07,1,ifvg,,3342.398,3342.112285714286,-0.09523809523807358,0.0033333333333333335,sl,0.0,False
2025-07-07,1,ifvg,,3342.048,3341.948,-0.03333333333330302,0.0033333333333333335,sl,0.0,False
2025-07-07,-1,ifvg,,3334.998,3335.098,-0.03333333333330302,0.0033333333333333335,sl,0.0,False
2025-07-07,-1,ifvg,,3334.798,3334.940857142857,-0.047619047619112585,0.0033333333333333335,sl,0.0,False
2025-07-07,-1,ifvg,,3334.598,3334.883714285714,-0.09523809523807358,0.0033333333333333335,sl,0.0,False
2025-07-07,1,ifvg,,3336.498,3336.723,0.07499999999996969,0.0033333333333333335,tp,7.0,False
2025-07-07,1,ifvg,,3336.5615,3336.7864999999997,0.07499999999996969,0.0033333333333333335,tp,7.0,False
2025-07-07,1,ifvg,,3336.625,3336.878549245785,0.08451641526168412,0.0033333333333333335,tp,10.0,False
2025-07-07,-1,fvg,,3335.248,3335.6765714285716,-0.14285714285718618,0.0033333333333333335,sl,17.0,False
2025-07-07,-1,fvg,,3335.448,3335.6622857142856,-0.07142857142859309,0.0033333333333333335,sl,4.0,False
2025-07-23,-1,ifvg,,3432.415,3432.435,-0.006666666666660603,0.0033333333333333335,inv,0.0,False
2025-07-23,-1,ifvg,,3432.35,3432.435,-0.02833333333334546,0.0033333333333333335,inv,0.0,False
2025-07-23,-1,ifvg,,3432.285,3432.435,-0.05000000000003031,0.0033333333333333335,inv,0.0,False
2025-07-23,-1,fvg,,3432.698,3431.426260869565,0.4239130434783268,0.0033333333333333335,tp,14.0,False
2025-07-23,-1,fvg,,3433.298,3432.6621304347823,0.2119565217391634,0.0033333333333333335,tp,6.0,False
2025-07-23,-1,ifvg,,3419.8064999999997,3419.5815,0.07499999999996969,0.0033333333333333335,tp,2.0,False
2025-07-23,-1,ifvg,,3419.698,3419.2968085456037,0.13373048479873736,0.0033333333333333335,tp,17.0,False
2025-07-23,-1,ifvg,,3419.295,3419.395,-0.03333333333330302,0.0033333333333333335,sl,0.0,False
2025-07-23,-1,ifvg,,3420.655,3420.825,-0.05666666666653934,0.0033333333333333335,inv,7.0,False
2025-07-23,-1,ifvg,,3420.755,3420.825,-0.02333333333323632,0.0033333333333333335,inv,0.0,False
2025-07-23,-1,ifvg,,3420.73,3420.825,-0.03166666666659997,0.0033333333333333335,inv,0.0,False
2025-07-23,1,ifvg,,3420.9750000000004,3420.795,-0.06000000000009702,0.0033333333333333335,inv,2.0,False
2025-07-23,1,ifvg,,3421.135,3420.795,-0.11333333333338184,0.0033333333333333335,inv,2.0,False
2025-07-23,1,ifvg,,3421.048,3420.795,-0.0843333333332339,0.0033333333333333335,inv,0.0,False
2025-07-23,-1,inv,,3420.948,3421.155,-0.2070000000003347,0.01,inv,13.0,True
2025-07-23,1,ifvg,,3432.08,3431.98,-0.03333333333330302,0.0033333333333333335,sl,0.0,False
2025-07-23,1,ifvg,,3432.205,3432.005,-0.06666666666660603,0.0033333333333333335,sl,0.0,False
2025-07-23,1,ifvg,,3431.955,3432.18,0.07499999999996969,0.0033333333333333335,tp,5.0,False
2025-07-23,-1,ifvg,,3431.488,3431.948,-0.15333333333334545,0.0033333333333333335,inv,1.0,False
2025-07-23,-1,ifvg,,3431.048,3431.948,-0.3000000000000303,0.0033333333333333335,inv,1.0,False
2025-07-23,-1,ifvg,,3431.928,3431.948,-0.006666666666660603,0.0033333333333333335,inv,0.0,False
2025-07-23,1,inv,,3431.948,3431.028,-0.9200000000000729,0.01,inv,87.0,True
2025-07-23,-1,ifvg,,3425.625,3425.725,-0.03333333333330302,0.0033333333333333335,sl,0.0,False
2025-07-23,-1,ifvg,,3425.625,3425.725,-0.03333333333330302,0.0033333333333333335,sl,0.0,False
2025-07-23,-1,ifvg,,3425.575,3425.6900442477877,-0.03834808259595472,0.0033333333333333335,sl,0.0,False
2025-07-23,1,ifvg,,3422.495,3422.285,-0.07000000000001214,0.0033333333333333335,inv,13.0,False
2025-07-23,1,ifvg,,3422.685,3422.285,-0.13333333333336367,0.0033333333333333335,inv,13.0,False
2025-07-23,1,ifvg,,3422.325,3422.285,-0.013333333333321207,0.0033333333333333335,inv,0.0,False
2025-07-23,-1,inv,,3422.405,3421.721,0.6840000000001965,0.01,tp,27.0,True
2025-07-23,1,ifvg,,3429.385,3429.213947368421,-0.0570175438597289,0.0033333333333333335,sl,0.0,False
2025-07-23,1,ifvg,,3429.645,3429.302894736842,-0.11403508771930623,0.0033333333333333335,sl,0.0,False
2025-07-23,1,ifvg,,3429.175,3429.0750000000003,-0.03333333333330302,0.0033333333333333335,sl,0.0,False
2025-07-23,-1,fvg,,3425.585,3426.215450849963,-0.2101502833209755,0.0033333333333333335,sl,4.0,False
2025-07-23,-1,fvg,,3426.448,3426.7632254249816,-0.10507514166056353,0.0033333333333333335,sl,1.0,False
2025-07-23,1,fvg,,3423.105,3422.9136419753086,-0.06378600823048448,0.0033333333333333335,sl,0.0,False
2025-07-23,1,fvg,,3423.415,3423.0322839506175,-0.1275720164608174,0.0033333333333333335,sl,0.0,False
2025-07-23,1,fvg,,3423.025,3422.925,-0.03333333333330302,0.0033333333333333335,sl,0.0,False
2025-07-23,-1,ifvg,,3421.3815,3421.5325816468944,-0.050360548964818015,0.0033333333333333335,sl,0.0,False
2025-07-23,-1,ifvg,,3421.165,3421.4671632937893,-0.1007210979297876,0.0033333333333333335,sl,0.0,False
2025-07-23,-1,ifvg,,3421.295,3421.395,-0.03333333333330302,0.0033333333333333335,sl,0.0,False
2025-07-23,1,ifvg,,3416.595,3416.545,-0.01666666666657572,0.0033333333333333335,inv,1.0,False
2025-07-23,1,ifvg,,3416.645,3416.545,-0.03333333333330302,0.0033333333333333335,inv,1.0,False
2025-07-23,1,ifvg,,3416.725,3416.545,-0.05999999999994544,0.0033333333333333335,inv,1.0,False
2025-07-23,-1,fvg,,3417.595,3416.815588235294,0.25980392156861853,0.0033333333333333335,tp,49.0,False
2025-07-23,1,inv,,3415.485,3415.415,-0.07000000000016371,0.01,inv,7.0,True
2025-07-23,-1,ifvg,,3415.5915,3415.3233164508756,0.0893945163747958,0.0033333333333333335,tp,11.0,False
2025-07-23,-1,ifvg,,3415.435,3414.8986329017516,0.17878903274944,0.0033333333333333335,tp,40.0,False
2025-07-23,1,ifvg,,3411.19,3411.065,-0.04166666666666667,0.0033333333333333335,inv,10.0,False
2025-07-23,1,ifvg,,3411.295,3411.065,-0.07666666666667273,0.0033333333333333335,inv,10.0,False
2025-07-23,1,ifvg,,3411.145,3411.065,-0.026666666666642413,0.0033333333333333335,inv,0.0,False
2025-07-23,-1,ifvg,,3412.83,3413.076192893401,-0.08206429780041921,0.0033333333333333335,sl,0.0,False
2025-07-23,-1,ifvg,,3412.345,3412.837385786802,-0.16412859560068685,0.0033333333333333335,sl,0.0,False
2025-07-23,-1,ifvg,,3413.315,3413.415,-0.03333333333330302,0.0033333333333333335,sl,1.0,False
2025-07-23,1,fvg,,3386.155,3385.545625,-0.203125,0.0033333333333333335,sl,20.0,False
2025-07-23,1,fvg,,3385.495,3386.180546875,0.22851562500000003,0.0033333333333333335,tp,11.0,False
2025-07-23,-1,fvg,,3395.348,3393.6968820867714,0.5503726377428393,0.0033333333333333335,tp,694.0,False
2025-07-23,-1,fvg,,3394.495,3393.793520302822,0.2338265657260005,0.0033333333333333335,tp,55.0,False
2025-07-23,1,ifvg,,3393.598,3393.528,-0.023333333333387905,0.0033333333333333335,inv,10.0,False
2025-07-23,1,ifvg,,3393.648,3393.528,-0.04000000000011521,0.0033333333333333335,inv,10.0,False
2025-07-23,1,ifvg,,3393.565,3393.528,-0.012333333333420645,0.0033333333333333335,inv,0.0,False
2025-07-23,1,ifvg,,3388.565,3388.545,-0.006666666666660603,0.0033333333333333335,inv,0.0,False
2025-07-23,1,ifvg,,3388.6565,3388.545,-0.037166666666659395,0.0033333333333333335,inv,0.0,False
2025-07-23,1,ifvg,,3388.748,3388.545,-0.06766666666665817,0.0033333333333333335,inv,0.0,False
2025-07-23,1,ifvg,,3388.505,3388.405,-0.03333333333330302,0.0033333333333333335,sl,0.0,False
2025-07-23,1,ifvg,,3388.505,3388.352457627119,-0.05084745762709039,0.0033333333333333335,sl,0.0,False
2025-07-23,1,ifvg,,3388.345,3388.245,-0.03333333333330302,0.0033333333333333335,sl,0.0,False
2025-08-06,1,fvg,,3384.548,3384.303857898715,-0.08138070042832624,0.0033333333333333335,sl,54.0,False
2025-08-06,1,fvg,,3384.3864999999996,3384.2644289493574,-0.04069035021408733,0.0033333333333333335,sl,2.0,False
2025-08-06,1,fvg,,3384.298,3384.198,-0.03333333333330302,0.0033333333333333335,sl,0.0,False
2025-08-06,1,ifvg,,3380.875,3380.855,-0.006666666666660603,0.0033333333333333335,inv,0.0,False
2025-08-06,1,ifvg,,3381.0115,3380.855,-0.052166666666683646,0.0033333333333333335,inv,0.0,False
2025-08-06,1,ifvg,,3381.148,3380.855,-0.0976666666667067,0.0033333333333333335,inv,0.0,False
2025-08-06,1,ifvg,,3360.23,3360.035,-0.06500000000005457,0.0033333333333333335,inv,1.0,False
2025-08-06,1,ifvg,,3360.405,3360.035,-0.12333333333344855,0.0033333333333333335,inv,1.0,False
2025-08-06,1,ifvg,,3360.055,3360.035,-0.006666666666660603,0.0033333333333333335,inv,0.0,False
2025-08-06,-1,inv,,3360.035,3359.4049999999993,0.6300000000005639,0.01,tp,14.0,True
2025-08-06,-1,ifvg,,3359.375,3359.74606918239,-0.1236897274632914,0.0033333333333333335,sl,0.0,False
2025-08-06,-1,ifvg,,3359.67,3359.855534591195,-0.0618448637316457,0.0033333333333333335,sl,2.0,False
2025-08-06,-1,ifvg,,3359.885,3359.985,-0.03333333333330302,0.0033333333333333335,sl,0.0,False
2025-08-06,-1,ifvg,,3361.4065,3361.768,-0.12049999999999272,0.0033333333333333335,inv,1.0,False
2025-08-06,-1,ifvg,,3361.065,3361.768,-0.23433333333332484,0.0033333333333333335,inv,1.0,False
2025-08-06,-1,ifvg,,3361.748,3361.768,-0.006666666666660603,0.0033333333333333335,inv,0.0,False
2025-08-06,1,inv,,3361.785,3363.0144,1.2294000000001688,0.01,tp,219.0,True
2025-08-06,1,ifvg,,3362.612,3362.4195030750307,-0.06416564165647287,0.0033333333333333335,sl,0.0,False
2025-08-06,1,ifvg,,3362.925,3362.540006150062,-0.12833128331279417,0.0033333333333333335,sl,0.0,False
2025-08-06,1,ifvg,,3362.325,3362.225,-0.03333333333330302,0.0033333333333333335,sl,0.0,False
2025-08-06,1,fvg,,3363.759,3363.3635949214026,-0.1318016928657926,0.0033333333333333335,sl,16.0,False
2025-08-06,1,fvg,,3363.432,3363.8768307134214,0.148276904473884,0.0033333333333333335,tp,30.0,False
2025-08-06,1,fvg,,3363.385,3363.2850000000003,-0.03333333333330302,0.0033333333333333335,sl,0.0,False
2025-08-06,-1,ifvg,,3366.545,3366.565,-0.006666666666660603,0.0033333333333333335,inv,0.0,False
2025-08-06,-1,ifvg,,3366.2799999999997,3366.565,-0.09500000000010309,0.0033333333333333335,inv,0.0,False
2025-08-06,-1,ifvg,,3366.015,3366.565,-0.18333333333339397,0.0033333333333333335,inv,0.0,False
2025-08-06,1,inv,,3366.698,3367.652,0.9540000000001783,0.01,tp,6.0,True
2025-08-06,1,ifvg,,3376.9065,3376.768032899494,-0.04615570016873487,0.0033333333333333335,sl,0.0,False
2025-08-06,1,ifvg,,3377.098,3376.8210657989875,-0.09231140033746973,0.0033333333333333335,sl,0.0,False
2025-08-06,1,ifvg,,3376.778,3376.678,-0.03333333333330302,0.0033333333333333335,sl,1.0,False
2025-08-06,1,ifvg,,3376.035,3375.930255147717,-0.03491495076089753,0.0033333333333333335,sl,0.0,False
2025-08-06,1,ifvg,,3375.985,3375.885,-0.03333333333330302,0.0033333333333333335,sl,2.0,False
2025-08-06,1,ifvg,,3375.985,3375.885,-0.03333333333330302,0.0033333333333333335,sl,2.0,False
2025-08-06,1,ifvg,,3373.995,3373.975,-0.006666666666660603,0.0033333333333333335,inv,2.0,False
2025-08-06,1,ifvg,,3374.1,3373.975,-0.04166666666666667,0.0033333333333333335,inv,2.0,False
2025-08-06,1,ifvg,,3374.205,3373.975,-0.07666666666667273,0.0033333333333333335,inv,2.0,False
2025-08-06,1,fvg,,3375.105,3374.6605555555557,-0.14814814814811447,0.0033333333333333335,sl,22.0,False
2025-08-06,1,fvg,,3374.615,3375.1149999999993,0.16666666666651508,0.0033333333333333335,tp,13.0,False
2025-08-06,1,fvg,,3374.525,3374.425,-0.03333333333330302,0.0033333333333333335,sl,0.0,False
2025-08-06,1,ifvg,,3371.7515,3371.6068660270075,-0.048211324330774616,0.0033333333333333335,sl,0.0,False
2025-08-06,1,ifvg,,3371.955,3371.6657320540153,-0.09642264866154923,0.0033333333333333335,sl,0.0,False
2025-08-06,1,ifvg,,3371.548,3371.7729999999997,0.07499999999996969,0.0033333333333333335,tp,6.0,False
2025-08-06,-1,fvg,,3370.578,3369.702465485644,0.2918448381186257,0.0033333333333333335,tp,366.0,False
2025-08-06,-1,fvg,,3370.8965,3370.4587327428217,0.14592241905938863,0.0033333333333333335,tp,47.0,False
2025-08-06,1,ifvg,,3367.62,3367.845,0.07499999999996969,0.0033333333333333335,tp,10.0,False
2025-08-06,1,ifvg,,3367.735,3367.485,-0.08333333333333334,0.0033333333333333335,inv,18.0,False
2025-08-06,1,ifvg,,3367.658,3367.485,-0.05766666666659148,0.0033333333333333335,inv,17.0,False
2025-08-06,-1,ifvg,,3368.08,3368.280598802395,-0.06686626746507804,0.0033333333333333335,sl,0.0,False
2025-08-06,-1,ifvg,,3367.745,3368.1461976047904,-0.13373253493015608,0.0033333333333333335,sl,0.0,False
2025-08-06,-1,ifvg,,3368.138,3368.238,-0.03333333333330302,0.0033333333333333335,sl,0.0,False
2025-09-09,1,ifvg,,3654.015,3654.24,0.07499999999996969,0.0033333333333333335,tp,3.0,False
2025-09-09,1,ifvg,,3654.095,3654.405344827586,0.10344827586201671,0.0033333333333333335,tp,6.0,False
2025-09-09,1,ifvg,,3654.415,3654.315,-0.03333333333330302,0.0033333333333333335,sl,0.0,False
2025-09-09,-1,ifvg,,3659.5964999999997,3659.102459057767,0.1646803140774864,0.0033333333333333335,tp,0.0,False
2025-09-09,1,inv,,3659.025,3659.185,0.15999999999985448,0.01,inv,0.0,True
2025-09-09,-1,ifvg,,3659.205,3660.008,-0.26766666666662786,0.0033333333333333335,inv,7.0,False
2025-09-09,-1,ifvg,,3659.565,3660.008,-0.14766666666658543,0.0033333333333333335,inv,0.0,False
2025-09-09,-1,fvg,,3660.955,3661.8369362455724,-0.2939787485241444,0.0033333333333333335,sl,1.0,False
2025-09-09,-1,fvg,,3654.355,3655.1202582159626,-0.2550860719875345,0.0033333333333333335,sl,7.0,False
2025-09-09,-1,fvg,,3655.575,3655.957629107981,-0.12754303599376726,0.0033333333333333335,sl,0.0,False
2025-09-09,-1,ifvg,,3652.065,3652.085,-0.006666666666660603,0.0033333333333333335,inv,0.0,False
2025-09-09,-1,ifvg,,3651.985,3652.085,-0.03333333333330302,0.0033333333333333335,inv,0.0,False
2025-09-09,-1,ifvg,,3651.905,3652.085,-0.05999999999994544,0.0033333333333333335,inv,0.0,False
2025-09-09,-1,fvg,,3649.018,3647.402338877925,0.5385537073583085,0.0033333333333333335,tp,165.0,False
2025-09-09,-1,fvg,,3647.445,3646.347073732719,0.3659754224271031,0.0033333333333333335,tp,342.0,False
2025-09-09,1,ifvg,,3646.49,3646.1150000000002,-0.12499999999984843,0.0033333333333333335,inv,29.0,False
2025-09-09,1,ifvg,,3646.845,3646.1150000000002,-0.24333333333318782,0.0033333333333333335,inv,29.0,False
2025-09-09,1,ifvg,,3646.135,3646.1150000000002,-0.006666666666660603,0.0033333333333333335,inv,0.0,False
2025-09-09,-1,inv,,3646.248,3646.865,-0.6169999999997344,0.01,inv,286.0,True
2025-09-09,1,ifvg,,3645.7799999999997,3645.515,-0.0883333333332909,0.0033333333333333335,inv,18.0,False
2025-09-09,1,ifvg,,3646.025,3645.515,-0.17000000000007276,0.0033333333333333335,inv,18.0,False
2025-09-09,1,ifvg,,3645.645,3645.515,-0.043333333333369715,0.0033333333333333335,inv,1.0,False
2025-09-09,-1,inv,,3645.745,3644.8629999999994,0.8820000000005166,0.01,tp,21.0,True
2025-09-09,-1,ifvg,,3644.855,3645.002887323944,-0.04929577464796845,0.0033333333333333335,sl,0.0,False
2025-09-09,-1,ifvg,,3644.645,3644.9407746478873,-0.09859154929578533,0.0033333333333333335,sl,0.0,False
2025-09-09,-1,ifvg,,3645.065,3644.84,0.07499999999996969,0.0033333333333333335,tp,20.0,False
2025-09-09,1,ifvg,,3643.215,3643.135,-0.026666666666642413,0.0033333333333333335,inv,0.0,False
2025-09-09,1,ifvg,,3643.235,3643.135,-0.03333333333330302,0.0033333333333333335,inv,0.0,False
2025-09-09,1,ifvg,,3643.315,3643.135,-0.05999999999994544,0.0033333333333333335,inv,0.0,False
2025-09-09,-1,ifvg,,3643.945,3643.965,-0.006666666666660603,0.0033333333333333335,inv,0.0,False
2025-09-09,-1,ifvg,,3643.7,3643.965,-0.08833333333344248,0.0033333333333333335,inv,0.0,False
2025-09-09,-1,ifvg,,3643.455,3643.965,-0.17000000000007276,0.0033333333333333335,inv,0.0,False
2025-09-09,1,inv,,3644.085,3643.435,-0.650000000000091,0.01,inv,35.0,True
2025-09-09,1,ifvg,,3642.5065,3642.345,-0.05383333333338669,0.0033333333333333335,inv,2.0,False
2025-09-09,1,ifvg,,3642.648,3642.345,-0.10100000000011278,0.0033333333333333335,inv,2.0,False
2025-09-09,1,ifvg,,3642.445,3642.345,-0.0333333333334546,0.0033333333333333335,inv,0.0,False
2025-09-09,1,ifvg,,3631.9049999999997,3631.805,-0.03333333333330302,0.0033333333333333335,inv,3.0,False
2025-09-09,1,ifvg,,3631.985,3631.805,-0.06000000000009702,0.0033333333333333335,inv,3.0,False
2025-09-09,1,ifvg,,3631.825,3631.805,-0.006666666666660603,0.0033333333333333335,inv,0.0,False
2025-09-09,1,ifvg,,3626.128,3626.108,-0.006666666666660603,0.0033333333333333335,inv,0.0,False
2025-09-09,1,ifvg,,3626.3379999999997,3626.108,-0.07666666666652115,0.0033333333333333335,inv,0.0,False
2025-09-09,1,ifvg,,3626.548,3626.108,-0.1466666666665333,0.0033333333333333335,inv,0.0,False
2025-09-09,-1,inv,,3625.948,3626.5679999999998,-0.6199999999998909,0.01,inv,45.0,True
2025-09-09,1,ifvg,,3631.575,3631.7999999999997,0.07499999999996969,0.0033333333333333335,tp,22.0,False
2025-09-09,1,ifvg,,3631.685,3632.0907377049175,0.13524590163918523,0.0033333333333333335,tp,60.0,False
2025-09-09,1,ifvg,,3634.695,3634.3894444444445,-0.10185185185188554,0.0033333333333333335,sl,0.0,False
2025-09-09,1,ifvg,,3634.4750000000004,3634.3222222222225,-0.05092592592594277,0.0033333333333333335,sl,1.0,False
2025-09-09,1,ifvg,,3634.255,3634.155,-0.03333333333330302,0.0033333333333333335,sl,0.0,False
2025-09-09,1,fvg,,3634.048,3633.5103208506703,-0.1792263831098353,0.0033333333333333335,sl,31.0,False
2025-09-09,1,ifvg,,3639.175,3639.0153361344537,-0.05322128851548769,0.0033333333333333335,sl,0.0,False
2025-09-09,1,ifvg,,3639.08,3638.98,-0.03333333333330302,0.0033333333333333335,sl,5.0,False
2025-09-09,1,ifvg,,3639.025,3638.925,-0.03333333333330302,0.0033333333333333335,sl,0.0,False
2025-09-09,-1,ifvg,,3640.2065000000002,3639.9815000000003,0.07499999999996969,0.0033333333333333335,tp,0.0,False
2025-09-09,-1,ifvg,,3640.108,3639.737699248121,0.12343358395977097,0.0033333333333333335,tp,0.0,False
2025-09-09,1,ifvg,,3639.498,3639.398,-0.03333333333330302,0.0033333333333333335,sl,0.0,False
2025-09-09,1,ifvg,,3639.648,3639.5326153846154,-0.03846153846158511,0.0033333333333333335,sl,0.0,False
2025-09-09,1,ifvg,,3639.798,3639.5672307692307,-0.07692307692301863,0.0033333333333333335,sl,0.0,False
2025-09-09,1,ifvg,,3636.5665,3636.3863976327575,-0.06003412241413268,0.0033333333333333335,sl,0.0,False
2025-09-09,1,ifvg,,3636.848,3636.487795265515,-0.12006824482826536,0.0033333333333333335,sl,0.0,False
2025-09-09,1,ifvg,,3636.285,3636.185,-0.03333333333330302,0.0033333333333333335,sl,4.0,False
2025-09-09,1,fvg,,3633.4665,3633.197660425335,-0.08961319155499345,0.0033333333333333335,sl,22.0,False
2025-12-10,1,ifvg,,4216.295,4216.52,0.07500000000012128,0.0033333333333333335,tp,10.0,False
2025-12-10,1,ifvg,,4216.335,4216.125,-0.07000000000001214,0.0033333333333333335,inv,23.0,False
2025-12-10,1,ifvg,,4216.265,4216.125,-0.04666666666677581,0.0033333333333333335,inv,1.0,False
2025-12-10,-1,ifvg,,4217.0650000000005,4216.601764705883,0.15441176470570403,0.0033333333333333335,tp,18.0,False
2025-12-10,1,inv,,4217.275,4216.695,-0.5799999999999272,0.01,inv,16.0,True
2025-12-10,-1,ifvg,,4216.715,4215.788529411765,0.3088235294117112,0.0033333333333333335,tp,214.0,False
2025-12-10,-1,ifvg,,4215.375,4215.395,-0.006666666666812186,0.0033333333333333335,inv,0.0,False
2025-12-10,-1,ifvg,,4215.145,4215.395,-0.08333333333333334,0.0033333333333333335,inv,0.0,False
2025-12-10,-1,ifvg,,4214.915,4215.395,-0.16000000000015766,0.0033333333333333335,inv,0.0,False
2025-12-10,1,inv,,4215.375,4214.8949999999995,-0.48000000000047294,0.01,inv,8.0,True
2025-12-10,1,ifvg,,4215.625,4215.525,-0.0333333333334546,0.0033333333333333335,sl,0.0,False
2025-12-10,1,ifvg,,4215.6849999999995,4215.584999999999,-0.0333333333334546,0.0033333333333333335,sl,0.0,False
2025-12-10,1,ifvg,,4215.785,4215.618333333333,-0.05555555555565661,0.0033333333333333335,sl,0.0,False
2025-12-10,1,ifvg,,4211.625,4211.85,0.07500000000012128,0.0033333333333333335,tp,0.0,False
2025-12-10,1,ifvg,,4211.675,4211.968478260871,0.09782608695695673,0.0033333333333333335,tp,2.0,False
2025-12-10,1,ifvg,,4211.675,4211.575,-0.0333333333334546,0.0033333333333333335,sl,0.0,False
2025-12-10,-1,ifvg,,4216.595,4216.615000000001,-0.006666666666812186,0.0033333333333333335,inv,0.0,False
2025-12-10,-1,ifvg,,4216.51,4216.615000000001,-0.03500000000015765,0.0033333333333333335,inv,0.0,False
2025-12-10,-1,ifvg,,4216.425,4216.615000000001,-0.0633333333335031,0.0033333333333333335,inv,0.0,False
2025-12-10,-1,ifvg,,4208.175,4208.628000000001,-0.1510000000001431,0.0033333333333333335,inv,0.0,False
2025-12-10,-1,ifvg,,4208.175,4208.628000000001,-0.1510000000001431,0.0033333333333333335,inv,0.0,False
2025-12-10,-1,ifvg,,4208.175,4208.628000000001,-0.1510000000001431,0.0033333333333333335,inv,0.0,False
2025-12-10,-1,ifvg,,4189.049,4188.19999626401,0.2830012453299181,0.0033333333333333335,tp,8.0,False
2025-12-10,-1,ifvg,,4189.509,4189.609,-0.0333333333334546,0.0033333333333333335,sl,0.0,False
2025-12-10,-1,ifvg,,4189.509,4189.697667496886,-0.06288916562880331,0.0033333333333333335,sl,0.0,False
2025-12-10,1,fvg,,4204.805,4206.425453273643,0.540151091214284,0.0033333333333333335,tp,10.0,False
2025-12-10,-1,ifvg,,4213.764999999999,4213.232105263157,0.17763157894751203,0.0033333333333333335,tp,0.0,False
2025-12-10,1,inv,,4212.735,4213.294999999999,0.5599999999994907,0.01,inv,0.0,True
2025-12-10,-1,ifvg,,4213.315,4212.249210526315,0.3552631578947209,0.0033333333333333335,tp,3.0,False
2025-12-10,1,fvg,,4211.235,4212.340544252289,0.36851475076309725,0.0033333333333333335,tp,4.0,False
2025-12-10,-1,ifvg,,4214.025,4214.235000000001,-0.0700000000003153,0.0033333333333333335,inv,0.0,False
2025-12-10,1,fvg,,4222.225,4221.441450216451,-0.26118326118315355,0.0033333333333333335,sl,0.0,False
2025-12-10,-1,ifvg,,4227.595,4227.37,0.07500000000012128,0.0033333333333333335,tp,0.0,False
2025-12-10,-1,ifvg,,4227.5599999999995,4227.66,-0.0333333333334546,0.0033333333333333335,sl,0.0,False
2025-12-10,-1,ifvg,,4227.465,4227.624663865546,-0.053221288515184526,0.0033333333333333335,sl,0.0,False
2025-12-10,-1,ifvg,,4228.205,4228.225,-0.006666666666812186,0.0033333333333333335,inv,0.0,False
2025-12-10,-1,ifvg,,4227.945,4228.225,-0.09333333333355162,0.0033333333333333335,inv,0.0,False
2025-12-10,-1,ifvg,,4227.685,4228.225,-0.1799999999999879,0.0033333333333333335,inv,0.0,False
2025-12-10,1,inv,,4229.471,4230.406999999998,0.9359999999987848,0.01,tp,4.0,True
2025-12-10,1,fvg,,4227.225,4226.677488687783,-0.1825037707391554,0.0033333333333333335,sl,22.0,False
2025-12-10,1,fvg,,4226.620000000001,4227.235950226245,0.20531674208147405,0.0033333333333333335,tp,10.0,False
2025-12-10,-1,fvg,,4232.885,4233.5984670487105,-0.23782234957009982,0.0033333333333333335,sl,239.0,False
2025-12-10,1,fvg,,4232.015,4231.4387288135595,-0.19209039548028767,0.0033333333333333335,sl,71.0,False
2025-12-10,1,fvg,,4231.335,4231.04686440678,-0.09604519774014383,0.0033333333333333335,sl,1.0,False
2025-12-15,1,ifvg,,4344.505,4344.405,-0.0333333333334546,0.0033333333333333335,sl,0.0,False
2025-12-15,1,ifvg,,4344.9349999999995,4344.703817204301,-0.07706093189941991,0.0033333333333333335,sl,0.0,False
2025-12-15,1,ifvg,,4345.365,4344.902634408602,-0.154121863799143,0.0033333333333333335,sl,0.0,False
2025-12-15,-1,ifvg,,4341.505,4341.805,-0.10000000000006062,0.0033333333333333335,inv,1.0,False
2025-12-15,-1,ifvg,,4341.745,4341.805,-0.020000000000133394,0.0033333333333333335,inv,0.0,False
2025-12-15,-1,ifvg,,4341.715,4341.805,-0.03000000000004851,0.0033333333333333335,inv,0.0,False
2025-12-15,-1,fvg,,4341.775,4341.229545454545,0.18181818181831963,0.0033333333333333335,tp,7.0,False
2025-12-15,-1,fvg,,4341.975,4342.096212121212,-0.04040404040400366,0.0033333333333333335,sl,0.0,False
2025-12-15,-1,fvg,,4342.185,4342.285000000001,-0.0333333333334546,0.0033333333333333335,sl,4.0,False
2025-12-15,1,ifvg,,4332.655,4332.554999999999,-0.0333333333334546,0.0033333333333333335,sl,0.0,False
2025-12-15,1,ifvg,,4332.965,4332.773641975308,-0.06378600823063607,0.0033333333333333335,sl,0.0,False
2025-12-15,1,ifvg,,4333.275,4332.892283950617,-0.12757201646096897,0.0033333333333333335,sl,0.0,False
2025-12-15,1,fvg,,4331.525,4330.817397660819,-0.23586744639366466,0.0033333333333333335,sl,0.0,False
2025-12-15,1,fvg,,4330.315,4331.111052631579,0.2653508771930623,0.0033333333333333335,tp,9.0,False
2025-12-15,-1,ifvg,,4331.325,4331.895,-0.19000000000020617,0.0033333333333333335,inv,0.0,False
2025-12-15,-1,ifvg,,4331.325,4331.895,-0.19000000000020617,0.0033333333333333335,inv,0.0,False
2025-12-15,-1,ifvg,,4331.325,4331.895,-0.19000000000020617,0.0033333333333333335,inv,0.0,False
2025-12-15,1,inv,,4331.865,4332.405,0.5399999999999636,0.01,tp,1.0,True
2025-12-15,1,fvg,,4330.205,4330.105,-0.0333333333334546,0.0033333333333333335,sl,0.0,False
2025-12-15,1,ifvg,,4325.325,4324.794483568075,-0.17683881064173573,0.0033333333333333335,sl,7.0,False
2025-12-15,1,ifvg,,4325.105,4324.839741784037,-0.08841940532086787,0.0033333333333333335,sl,0.0,False
2025-12-15,1,ifvg,,4324.195,4324.094999999999,-0.0333333333334546,0.0033333333333333335,sl,0.0,False
2025-12-15,1,ifvg,,4292.705,4292.6849999999995,-0.006666666666812186,0.0033333333333333335,inv,0.0,False
2025-12-15,1,ifvg,,4292.77,4292.6849999999995,-0.02833333333364863,0.0033333333333333335,inv,0.0,False
2025-12-15,1,ifvg,,4292.835,4292.6849999999995,-0.0500000000001819,0.0033333333333333335,inv,0.0,False
2025-12-15,1,fvg,,4290.285,4291.666274131274,0.46042471042468003,0.0033333333333333335,tp,12.0,False
2025-12-15,-1,fvg,,4295.565,4296.183320610687,-0.20610687022902616,0.0033333333333333335,sl,20.0,False
2025-12-15,-1,fvg,,4296.075,4296.384160305343,-0.10305343511451308,0.0033333333333333335,sl,0.0,False
2025-12-15,-1,fvg,,4296.995,4297.095,-0.0333333333334546,0.0033333333333333335,sl,0.0,False
2025-12-15,1,fvg,,4300.349,4301.94568989547,0.5322299651567542,0.0033333333333333335,tp,119.0,False
2025-12-15,1,ifvg,,4316.888,4316.788,-0.0333333333334546,0.0033333333333333335,sl,0.0,False
2025-12-15,1,ifvg,,4316.888,4316.735457627118,-0.05084745762724197,0.0033333333333333335,sl,0.0,False
2025-12-15,1,ifvg,,4316.688,4316.588,-0.0333333333334546,0.0033333333333333335,sl,0.0,False
2025-12-15,-1,fvg,,4311.198,4309.901389830509,0.43220338983034406,0.0033333333333333335,tp,43.0,False
2025-12-15,-1,fvg,,4308.1314999999995,4307.740355185909,0.13038160469689805,0.0033333333333333335,tp,78.0,False
2025-12-15,-1,fvg,,4307.865,4307.082710371819,0.2607632093934929,0.0033333333333333335,tp,91.0,False
2025-12-15,1,ifvg,,4306.780000000001,4306.673700787402,-0.035433070866323156,0.0033333333333333335,sl,0.0,False
2025-12-15,1,ifvg,,4306.915,4306.702401574804,-0.07086614173203998,0.0033333333333333335,sl,0.0,False
2025-12-15,1,ifvg,,4306.645,4306.545,-0.0333333333334546,0.0033333333333333335,sl,3.0,False
2025-12-15,1,fvg,,4304.165,4303.582188151857,-0.1942706160477125,0.0033333333333333335,sl,34.0,False
2025-12-15,1,fvg,,4303.395,4304.050663329162,0.21855444305371446,0.0033333333333333335,tp,37.0,False
2025-12-19,1,fvg,,4317.215,4318.716745926173,0.500581975390863,0.0033333333333333335,tp,487.0,False
2025-12-19,-1,ifvg,,4326.185,4326.365000000001,-0.06000000000009702,0.0033333333333333335,inv,0.0,False
2025-12-19,-1,ifvg,,4326.175,4326.365000000001,-0.0633333333335031,0.0033333333333333335,inv,0.0,False
2025-12-19,-1,ifvg,,4326.005,4326.365000000001,-0.12000000000019403,0.0033333333333333335,inv,0.0,False
2025-12-19,1,inv,,4326.185,4326.7970000000005,0.61200000000008,0.01,tp,9.0,True
2025-12-19,1,fvg,,4332.165,4331.6457692307695,-0.1730769230768298,0.0033333333333333335,sl,11.0,False
2025-12-19,1,fvg,,4331.955,4331.695384615385,-0.0865384615384149,0.0033333333333333335,sl,0.0,False
2025-12-19,1,ifvg,,4335.225,4334.875,-0.11666666666678793,0.0033333333333333335,inv,0.0,False
2025-12-19,1,ifvg,,4335.305,4334.875,-0.14333333333343035,0.0033333333333333335,inv,0.0,False
2025-12-19,1,ifvg,,4335.715,4334.875,-0.28000000000004854,0.0033333333333333335,inv,0.0,False
2025-12-19,-1,inv,,4335.075,4335.735000000001,-0.660000000000764,0.01,inv,4.0,True
2025-12-19,1,fvg,,4334.375,4333.933659217877,-0.14711359404100224,0.0033333333333333335,sl,1.0,False
2025-12-19,1,fvg,,4333.925,4333.825,-0.0333333333334546,0.0033333333333333335,sl,0.0,False
2025-12-19,1,fvg,,4333.98,4333.759329608938,-0.07355679702050112,0.0033333333333333335,sl,0.0,False
2025-12-19,-1,ifvg,,4346.0599999999995,4346.425,-0.12166666666689709,0.0033333333333333335,inv,7.0,False
2025-12-19,-1,ifvg,,4345.715,4346.425,-0.23666666666667882,0.0033333333333333335,inv,7.0,False
2025-12-19,-1,ifvg,,4346.135,4346.425,-0.09666666666665455,0.0033333333333333335,inv,0.0,False
2025-12-19,1,inv,,4345.785,4347.026999999999,1.2419999999992797,0.01,tp,16.0,True
2025-12-19,-1,ifvg,,4351.775,4351.795,-0.006666666666812186,0.0033333333333333335,inv,0.0,False
2025-12-19,-1,ifvg,,4351.674999999999,4351.795,-0.04000000000026679,0.0033333333333333335,inv,0.0,False
2025-12-19,-1,ifvg,,4351.575,4351.795,-0.07333333333341822,0.0033333333333333335,inv,0.0,False
2025-12-19,1,fvg,,4354.855,4355.8044219653175,0.31647398843930813,0.0033333333333333335,tp,18.0,False
2025-12-19,1,fvg,,4354.615,4355.089710982658,0.1582369942195025,0.0033333333333333335,tp,9.0,False
2025-12-19,1,fvg,,4354.125,4354.025,-0.0333333333334546,0.0033333333333333335,sl,0.0,False
2025-12-19,1,ifvg,,4349.215,4349.195,-0.006666666666812186,0.0033333333333333335,inv,0.0,False
2025-12-19,1,ifvg,,4349.5599999999995,4349.195,-0.12166666666659391,0.0033333333333333335,inv,0.0,False
2025-12-19,1,ifvg,,4349.905,4349.195,-0.23666666666667882,0.0033333333333333335,inv,0.0,False
2025-12-19,-1,inv,,4349.025,4349.925,-0.9000000000005457,0.01,inv,67.0,True
2025-12-19,1,fvg,,4348.915,4348.568594771242,-0.1154684095860527,0.0033333333333333335,sl,42.0,False
2025-12-19,1,fvg,,4348.65,4349.039705882352,0.12990196078408192,0.0033333333333333335,tp,6.0,False
2025-12-19,1,fvg,,4348.385,4348.285,-0.0333333333334546,0.0033333333333333335,sl,0.0,False
2025-12-19,1,ifvg,,4347.695,4347.674999999999,-0.006666666666812186,0.0033333333333333335,inv,0.0,False
2025-12-19,1,ifvg,,4347.975,4347.674999999999,-0.1000000000003638,0.0033333333333333335,inv,0.0,False
2025-12-19,1,ifvg,,4348.255,4347.674999999999,-0.19333333333361225,0.0033333333333333335,inv,0.0,False
2025-12-19,-1,inv,,4347.609,4348.275000000001,-0.6660000000001673,0.01,inv,14.0,True
2025-12-19,1,ifvg,,4344.275,4344.235,-0.013333333333321207,0.0033333333333333335,inv,0.0,False
2025-12-19,1,ifvg,,4344.595,4344.235,-0.12000000000019403,0.0033333333333333335,inv,0.0,False
2025-12-19,1,ifvg,,4344.935,4344.235,-0.23333333333357587,0.0033333333333333335,inv,0.0,False
2025-12-19,-1,inv,,4344.245,4344.955000000001,-0.7100000000009459,0.01,inv,119.0,True
2025-12-19,-1,ifvg,,4343.4165,4343.568552887961,-0.050684295986987614,0.0033333333333333335,sl,0.0,False
2025-12-19,-1,ifvg,,4343.198,4343.502105775922,-0.10136859197397523,0.0033333333333333335,sl,0.0,False
2025-12-19,-1,ifvg,,4343.635,4343.41,0.07500000000012128,0.0033333333333333335,tp,5.0,False
2025-12-19,1,ifvg,,4339.51,4339.084999999999,-0.14166666666703048,0.0033333333333333335,inv,3.0,False
2025-12-19,1,ifvg,,4339.915,4339.084999999999,-0.27666666666694556,0.0033333333333333335,inv,3.0,False
2025-12-19,1,ifvg,,4339.235,4339.084999999999,-0.0500000000001819,0.0033333333333333335,inv,0.0,False
2025-12-19,-1,inv,,4339.315,4337.856999999999,1.4580000000005384,0.01,tp,122.0,True
2025-12-19,1,ifvg,,4338.765,4338.565,-0.0666666666669092,0.0033333333333333335,inv,15.0,False
2025-12-19,1,ifvg,,4338.675,4338.565,-0.0366666666668607,0.0033333333333333335,inv,7.0,False
2025-12-19,1,ifvg,,4338.615,4338.565,-0.0166666666667273,0.0033333333333333335,inv,6.0,False
2025-12-30,-1,ifvg,,4399.735,4399.765,-0.010000000000218279,0.0033333333333333335,inv,1.0,False
2025-12-30,-1,ifvg,,4399.475,4399.765,-0.09666666666665455,0.0033333333333333335,inv,1.0,False
2025-12-30,-1,ifvg,,4399.205,4399.765,-0.18666666666680007,0.0033333333333333335,inv,1.0,False
2025-12-30,1,inv,,4399.815,4400.786999999999,0.9719999999997526,0.01,tp,32.0,True
2025-12-30,-1,fvg,,4397.895,4397.495806451612,0.1330645161294039,0.0033333333333333335,tp,2.0,False
2025-12-30,-1,fvg,,4397.605,4397.959838709677,-0.11827956989236554,0.0033333333333333335,sl,9.0,False
2025-12-30,-1,ifvg,,4392.715,4393.146818181818,-0.14393939393933883,0.0033333333333333335,sl,1.0,False
2025-12-30,-1,ifvg,,4393.105,4393.205,-0.0333333333334546,0.0033333333333333335,sl,0.0,False
2025-12-30,-1,ifvg,,4393.105,4393.320909090909,-0.07196969696966941,0.0033333333333333335,sl,0.0,False
2025-12-30,1,ifvg,,4395.768,4395.495,-0.09100000000004609,0.0033333333333333335,inv,1.0,False
2025-12-30,1,ifvg,,4395.628,4395.495,-0.044333333333270275,0.0033333333333333335,inv,0.0,False
2025-12-30,1,ifvg,,4395.628,4395.495,-0.044333333333270275,0.0033333333333333335,inv,0.0,False
2025-12-30,-1,inv,,4395.745,4396.415000000001,-0.6700000000009823,0.01,inv,3.0,True
2025-12-30,1,ifvg,,4396.045,4396.508235294118,0.1544117647060072,0.0033333333333333335,tp,11.0,False
2025-12-30,1,ifvg,,4396.395,4395.674999999999,-0.24000000000038807,0.0033333333333333335,inv,83.0,False
2025-12-30,1,ifvg,,4395.988,4395.674999999999,-0.10433333333367047,0.0033333333333333335,inv,0.0,False
2025-12-30,-1,ifvg,,4380.315,4380.415,-0.0333333333334546,0.0033333333333333335,sl,0.0,False
2025-12-30,-1,ifvg,,4379.334999999999,4379.66608108108,-0.11036036036027025,0.0033333333333333335,sl,0.0,False
2025-12-30,-1,ifvg,,4378.355,4379.017162162162,-0.22072072072084362,0.0033333333333333335,sl,0.0,False
2025-12-30,-1,fvg,,4389.345,4390.097475247525,-0.25082508250822383,0.0033333333333333335,sl,92.0,False
2025-12-30,-1,ifvg,,4381.63,4381.86544973545,-0.07848324514998241,0.0033333333333333335,sl,0.0,False
2025-12-30,-1,ifvg,,4381.185,4381.655899470899,-0.15696649029966164,0.0033333333333333335,sl,0.0,False
2025-12-30,-1,ifvg,,4382.025,4382.125,-0.0333333333334546,0.0033333333333333335,sl,0.0,False
2025-12-30,-1,ifvg,,4382.695,4382.821865671642,-0.04228855721400275,0.0033333333333333335,sl,0.0,False
2025-12-30,-1,ifvg,,4382.675,4382.104104477612,0.1902985074627092,0.0033333333333333335,tp,5.0,False
2025-12-30,-1,ifvg,,4382.905,4383.005,-0.0333333333334546,0.0033333333333333335,sl,0.0,False
2025-12-30,1,ifvg,,4383.625,4383.245,-0.12666666666670304,0.0033333333333333335,inv,1.0,False
2025-12-30,1,ifvg,,4383.985,4383.245,-0.24666666666659393,0.0033333333333333335,inv,1.0,False
2025-12-30,1,ifvg,,4383.365,4383.245,-0.03999999999996362,0.0033333333333333335,inv,0.0,False
2025-12-30,-1,inv,,4383.365,4384.005,-0.6400000000003274,0.01,inv,17.0,True
2025-12-30,-1,fvg,,4390.855,4390.008465346534,0.2821782178219413,0.0033333333333333335,tp,10.0,False
2025-12-30,-1,ifvg,,4357.738,4357.838000000001,-0.0333333333334546,0.0033333333333333335,sl,0.0,False
2025-12-30,-1,ifvg,,4357.7,4357.975784753363,-0.0919282511210137,0.0033333333333333335,sl,0.0,False
2025-12-30,-1,ifvg,,4357.085,4357.636569506726,-0.1838565022420274,0.0033333333333333335,sl,0.0,False
2025-12-30,1,ifvg,,4377.855,4377.754999999999,-0.0333333333334546,0.0033333333333333335,sl,0.0,False
2025-12-30,1,ifvg,,4378.094999999999,4377.932837837838,-0.0540540540538738,0.0033333333333333335,sl,0.0,False
2025-12-30,1,ifvg,,4378.335,4378.010675675676,-0.10810810810805076,0.0033333333333333335,sl,0.0,False
2025-12-30,1,ifvg,,4368.115,4368.014999999999,-0.0333333333334546,0.0033333333333333335,sl,0.0,False
2025-12-30,1,ifvg,,4368.115,4368.014999999999,-0.0333333333334546,0.0033333333333333335,sl,0.0,False
2025-12-30,1,ifvg,,4368.115,4367.999955752212,-0.038348082595803135,0.0033333333333333335,sl,0.0,False
2025-12-30,-1,ifvg,,4364.365,4364.465,-0.0333333333334546,0.0033333333333333335,sl,0.0,False
2025-12-30,-1,ifvg,,4364.235,4364.338174603175,-0.03439153439164026,0.0033333333333333335,sl,0.0,False
2025-12-30,-1,ifvg,,4364.105,4364.3113492063485,-0.06878306878297735,0.0033333333333333335,sl,0.0,False
2025-12-30,1,ifvg,,4366.535,4366.514999999999,-0.006666666666812186,0.0033333333333333335,inv,5.0,False
2025-12-30,1,ifvg,,4366.62,4366.514999999999,-0.03500000000015765,0.0033333333333333335,inv,5.0,False
2025-12-30,1,ifvg,,4366.705,4366.514999999999,-0.0633333333335031,0.0033333333333333335,inv,5.0,False
2025-12-30,1,ifvg,,4367.129999999999,4366.922397660818,-0.06920077972699801,0.0033333333333333335,sl,0.0,False
2025-12-30,1,ifvg,,4367.485,4367.069795321637,-0.1384015594542992,0.0033333333333333335,sl,0.0,False
2025-12-30,1,ifvg,,4366.795,4367.02,0.07500000000012128,0.0033333333333333335,tp,6.0,False
2025-12-30,-1,fvg,,4362.435,4361.514001772003,0.3069994093323961,0.0033333333333333335,tp,52.0,False
2025-12-30,1,ifvg,,4350.618,4350.32986440678,-0.09604519774014383,0.0033333333333333335,sl,0.0,False
2025-12-30,1,ifvg,,4351.298,4350.721728813559,-0.19209039548028767,0.0033333333333333335,sl,0.0,False
2025-12-30,1,ifvg,,4349.945,4349.844999999999,-0.0333333333334546,0.0033333333333333335,sl,1.0,False
2025-12-30,1,fvg,,4346.625,4347.519578313254,0.2981927710846624,0.0033333333333333335,tp,110.0,False
2025-12-30,1,fvg,,4346.145,4346.592289156627,0.14909638554217963,0.0033333333333333335,tp,53.0,False
2025-12-30,1,ifvg,,4348.815,4348.714999999999,-0.0333333333334546,0.0033333333333333335,sl,0.0,False
2025-12-30,1,ifvg,,4348.815,4348.644187396351,-0.05693753454943363,0.0033333333333333335,sl,0.0,False
2025-12-30,1,ifvg,,4348.665,4348.565,-0.0333333333334546,0.0033333333333333335,sl,0.0,False
2025-12-30,1,fvg,,4345.775,4346.0,0.07500000000012128,0.0033333333333333335,tp,0.0,False
2025-12-30,-1,ifvg,,4332.675,4333.072590361446,-0.1325301204818364,0.0033333333333333335,sl,0.0,False
2025-12-30,-1,ifvg,,4334.245,4334.443795180723,-0.06626506024106978,0.0033333333333333335,sl,3.0,False
2025-12-30,-1,ifvg,,4334.575,4334.675,-0.0333333333334546,0.0033333333333333335,sl,0.0,False
2025-12-30,1,ifvg,,4338.205,4338.1849999999995,-0.006666666666812186,0.0033333333333333335,inv,0.0,False
2025-12-30,1,ifvg,,4338.28,4338.1849999999995,-0.03166666666675155,0.0033333333333333335,inv,0.0,False
2025-12-30,1,ifvg,,4338.355,4338.1849999999995,-0.05666666666669092,0.0033333333333333335,inv,0.0,False
2026-02-12,1,ifvg,,5076.348,5076.248,-0.0333333333334546,0.0033333333333333335,sl,0.0,False
2026-02-12,1,ifvg,,5076.513,5076.388939849624,-0.04135338345865118,0.0033333333333333335,sl,0.0,False
2026-02-12,1,ifvg,,5076.678,5076.429879699248,-0.08270676691730236,0.0033333333333333335,sl,0.0,False
2026-02-12,-1,ifvg,,5077.185,5077.3150000000005,-0.043333333333369715,0.0033333333333333335,inv,0.0,False
2026-02-12,-1,ifvg,,5077.15,5077.3150000000005,-0.055000000000291045,0.0033333333333333335,inv,0.0,False
2026-02-12,-1,ifvg,,5077.005,5077.3150000000005,-0.10333333333346674,0.0033333333333333335,inv,0.0,False
2026-02-12,1,ifvg,,5055.185,5055.165,-0.006666666666812186,0.0033333333333333335,inv,0.0,False
2026-02-12,1,ifvg,,5056.2815,5055.165,-0.3721666666666958,0.0033333333333333335,inv,0.0,False
2026-02-12,1,ifvg,,5057.378,5055.165,-0.7376666666665794,0.0033333333333333335,inv,0.0,False
2026-02-12,-1,inv,,5055.205,5051.257600000001,3.9473999999991065,0.01,tp,80.0,True
2026-02-12,1,inv,,5071.698,5071.6449999999995,-0.05300000000079308,0.01,inv,0.0,True
2026-02-12,-1,ifvg,,5071.535,5072.505,-0.32333333333341824,0.0033333333333333335,inv,25.0,False
2026-02-12,-1,ifvg,,5071.765,5072.505,-0.24666666666659393,0.0033333333333333335,inv,9.0,False
2026-02-12,-1,ifvg,,5072.485,5072.505,-0.006666666666812186,0.0033333333333333335,inv,0.0,False
2026-02-12,1,ifvg,,5073.115,5072.878358778626,-0.07888040712471896,0.0033333333333333335,sl,0.0,False
2026-02-12,1,ifvg,,5072.738,5072.638,-0.0333333333334546,0.0033333333333333335,sl,0.0,False
2026-02-12,1,ifvg,,5072.738,5072.619679389313,-0.03944020356235948,0.0033333333333333335,sl,0.0,False
2026-02-12,-1,fvg,,5065.698,5066.501420483586,-0.2678068278619321,0.0033333333333333335,sl,12.0,False
2026-02-12,-1,fvg,,5066.835,5067.236710241793,-0.13390341393096605,0.0033333333333333335,sl,0.0,False
2026-02-12,-1,fvg,,4975.835,4976.768079033662,-0.31102634455389006,0.0033333333333333335,sl,0.0,False
2026-02-12,-1,fvg,,4956.768,4957.637910238064,-0.28997007935474056,0.0033333333333333335,sl,0.0,False
2026-02-12,1,ifvg,,4945.54,4945.322485875706,-0.07250470809807061,0.0033333333333333335,sl,0.0,False
2026-02-12,1,ifvg,,4945.925,4945.489971751413,-0.14500941619583804,0.0033333333333333335,sl,0.0,False
2026-02-12,1,ifvg,,4945.185,4945.085,-0.0333333333334546,0.0033333333333333335,sl,0.0,False
2026-02-12,-1,ifvg,,4942.791499999999,4944.328,-0.5121666666670233,0.0033333333333333335,inv,10.0,False
2026-02-12,-1,ifvg,,4941.275,4944.328,-1.0176666666669312,0.0033333333333333335,inv,10.0,False
2026-02-12,-1,ifvg,,4944.308,4944.328,-0.006666666666812186,0.0033333333333333335,inv,0.0,False
2026-02-12,1,inv,,4944.235,4941.254999999999,-2.980000000000473,0.01,inv,241.0,True
2026-02-12,-1,ifvg,,4937.985,4940.395,-0.803333333333588,0.0033333333333333335,inv,8.0,False
2026-02-12,-1,ifvg,,4938.795,4940.395,-0.5333333333334547,0.0033333333333333335,inv,7.0,False
2026-02-12,-1,ifvg,,4939.915,4940.395,-0.16000000000015766,0.0033333333333333335,inv,0.0,False
2026-02-12,1,inv,,4938.795,4937.964999999999,-0.8300000000008366,0.01,inv,178.0,True
2026-02-12,-1,ifvg,,4936.785,4936.805,-0.006666666666812186,0.0033333333333333335,inv,0.0,False
2026-02-12,-1,ifvg,,4935.42,4936.805,-0.46166666666673944,0.0033333333333333335,inv,0.0,False
2026-02-12,-1,ifvg,,4934.055,4936.805,-0.9166666666666666,0.0033333333333333335,inv,0.0,False
2026-02-12,1,inv,,4937.035,4934.035,-3.0,0.01,inv,289.0,True
2026-02-12,-1,ifvg,,4899.063,4899.525990377499,-0.1543301258328332,0.0033333333333333335,sl,0.0,False
2026-02-12,-1,ifvg,,4892.808,4893.733980754996,-0.30866025166536326,0.0033333333333333335,sl,0.0,False
2026-02-12,-1,ifvg,,4904.898,4904.9980000000005,-0.0333333333334546,0.0033333333333333335,sl,0.0,False
2026-02-12,1,ifvg,,4924.945,4924.915,-0.009999999999915115,0.0033333333333333335,inv,0.0,False
2026-02-12,1,ifvg,,4926.325000000001,4924.915,-0.47000000000025466,0.0033333333333333335,inv,0.0,False
2026-02-12,1,ifvg,,4927.715,4924.915,-0.933333333333394,0.0033333333333333335,inv,0.0,False
2026-02-12,-1,inv,,4923.955,4918.951,5.003999999999905,0.01,tp,71.0,True
2026-02-12,-1,ifvg,,4908.595,4908.695000000001,-0.0333333333334546,0.0033333333333333335,sl,0.0,False
2026-02-12,-1,ifvg,,4908.595,4908.695000000001,-0.0333333333334546,0.0033333333333333335,sl,0.0,False
2026-02-12,-1,ifvg,,4908.595,4908.754663865546,-0.053221288515184526,0.0033333333333333335,sl,0.0,False
2026-02-12,-1,ifvg,,4911.375,4911.475,-0.0333333333334546,0.0033333333333333335,sl,0.0,False
2026-02-12,-1,ifvg,,4910.9349999999995,4911.1690425531915,-0.07801418439733729,0.0033333333333333335,sl,0.0,False
2026-02-12,-1,ifvg,,4910.495,4910.963085106383,-0.1560283687943714,0.0033333333333333335,sl,0.0,False
2026-02-25,1,fvg,,5143.845,5143.132356321839,-0.23754789272031002,0.0033333333333333335,sl,2.0,False
2026-02-25,1,fvg,,5142.5650000000005,5143.366724137932,0.26724137931038666,0.0033333333333333335,tp,0.0,False
2026-02-25,1,ifvg,,5184.815,5184.59625,-0.07291666666666667,0.0033333333333333335,sl,4.0,False
2026-02-25,1,ifvg,,5184.705,5184.605,-0.0333333333334546,0.0033333333333333335,sl,0.0,False
2026-02-25,1,ifvg,,5184.705,5184.595625,-0.036458333333333336,0.0033333333333333335,sl,0.0,False
2026-02-25,-1,ifvg,,5185.275,5185.525000000001,-0.0833333333336365,0.0033333333333333335,inv,0.0,False
2026-02-25,-1,ifvg,,5185.275,5185.525000000001,-0.0833333333336365,0.0033333333333333335,inv,0.0,False
2026-02-25,-1,ifvg,,5185.165,5185.525000000001,-0.12000000000019403,0.0033333333333333335,inv,0.0,False
2026-02-25,1,inv,,5185.598,5186.21,0.61200000000008,0.01,tp,2.0,True
2026-02-25,1,inv,,5212.475,5212.674999999999,0.1999999999989086,0.01,inv,0.0,True
2026-02-25,-1,ifvg,,5212.695,5212.124104477612,0.1902985074627092,0.0033333333333333335,tp,4.0,False
2026-02-25,-1,ifvg,,5212.865,5213.055,-0.0633333333335031,0.0033333333333333335,inv,2.0,False
2026-02-25,-1,ifvg,,5213.035,5213.055,-0.006666666666812186,0.0033333333333333335,inv,0.0,False
2026-02-25,1,ifvg,,5213.355,5213.254999999999,-0.0333333333334546,0.0033333333333333335,sl,0.0,False
2026-02-25,1,ifvg,,5213.43,5213.33,-0.0333333333334546,0.0033333333333333335,sl,0.0,False
2026-02-25,1,ifvg,,5213.535,5213.361446280992,-0.057851239669313756,0.0033333333333333335,sl,0.0,False
2026-02-25,-1,ifvg,,5204.968,5205.068,-0.0333333333334546,0.0033333333333333335,sl,0.0,False
2026-02-25,-1,ifvg,,5204.885,5205.02268115942,-0.04589371980667541,0.0033333333333333335,sl,0.0,False
2026-02-25,-1,ifvg,,5204.695,5204.970362318841,-0.091787439613654,0.0033333333333333335,sl,0.0,False
2026-02-25,-1,fvg,,5209.728,5210.174596568899,-0.14886552296623753,0.0033333333333333335,sl,27.0,False
2026-02-25,-1,fvg,,5209.995,5210.21829828445,-0.07443276148327035,0.0033333333333333335,sl,2.0,False
2026-02-25,1,fvg,,5207.175,5207.075,-0.0333333333334546,0.0033333333333333335,sl,0.0,False
2026-02-25,1,fvg,,5207.605,5207.373817204301,-0.07706093189941991,0.0033333333333333335,sl,0.0,False
2026-02-25,1,fvg,,5208.035,5207.572634408602,-0.154121863799143,0.0033333333333333335,sl,0.0,False
2026-02-25,1,ifvg,,5206.975,5206.804999999999,-0.05666666666699409,0.0033333333333333335,inv,3.0,False
2026-02-25,1,ifvg,,5207.035,5206.804999999999,-0.07666666666682431,0.0033333333333333335,inv,0.0,False
2026-02-25,1,ifvg,,5207.035,5206.804999999999,-0.07666666666682431,0.0033333333333333335,inv,0.0,False
2026-02-25,1,ifvg,,5205.764999999999,5205.445,-0.10666666666656965,0.0033333333333333335,inv,4.0,False
2026-02-25,1,ifvg,,5206.065,5205.445,-0.20666666666663028,0.0033333333333333335,inv,4.0,False
2026-02-25,1,ifvg,,5205.465,5205.445,-0.006666666666812186,0.0033333333333333335,inv,0.0,False
2026-02-25,-1,inv,,5205.435,5204.355000000001,1.0799999999990177,0.01,tp,18.0,True
2026-02-25,1,ifvg,,5203.565,5203.949868421053,0.12828947368446583,0.0033333333333333335,tp,3.0,False
2026-02-25,-1,inv,,5203.565,5203.835,-0.27000000000043656,0.01,inv,3.0,True
2026-02-25,1,ifvg,,5203.815,5203.275,-0.1799999999999879,0.0033333333333333335,inv,8.0,False
2026-02-25,1,ifvg,,5203.795,5203.275,-0.17333333333347886,0.0033333333333333335,inv,0.0,False
2026-02-25,-1,fvg,,5191.585,5192.358755656109,-0.2579185520362444,0.0033333333333333335,sl,9.0,False
2026-02-25,1,ifvg,,5187.255,5187.4800000000005,0.07500000000012128,0.0033333333333333335,tp,1.0,False
2026-02-25,1,ifvg,,5188.07,5187.235,-0.2783333333333455,0.0033333333333333335,inv,11.0,False
2026-02-25,1,ifvg,,5188.885,5187.235,-0.5500000000001819,0.0033333333333333335,inv,11.0,False
2026-02-25,-1,inv,,5187.295,5184.361,2.9340000000001965,0.01,tp,17.0,True
2026-02-25,1,ifvg,,5181.095,5181.075,-0.006666666666812186,0.0033333333333333335,inv,0.0,False
2026-02-25,1,ifvg,,5181.365,5181.075,-0.09666666666665455,0.0033333333333333335,inv,0.0,False
2026-02-25,1,ifvg,,5181.635,5181.075,-0.18666666666680007,0.0033333333333333335,inv,0.0,False
2026-02-25,-1,inv,,5180.405,5179.433,0.9719999999997526,0.01,tp,10.0,True
2026-02-25,-1,ifvg,,5153.615,5153.715,-0.0333333333334546,0.0033333333333333335,sl,0.0,False
2026-02-25,-1,ifvg,,5153.525,5153.687162162162,-0.05405405405417696,0.0033333333333333335,sl,0.0,False
2026-02-25,-1,ifvg,,5153.285,5153.609324324324,-0.10810810810805076,0.0033333333333333335,sl,0.0,False
2026-02-25,-1,ifvg,,5160.065,5160.186212121212,-0.04040404040400366,0.0033333333333333335,sl,0.0,False
2026-02-25,-1,ifvg,,5159.995,5160.237424242424,-0.08080808080800732,0.0033333333333333335,sl,2.0,False
2026-02-25,-1,ifvg,,5160.205,5160.305,-0.0333333333334546,0.0033333333333333335,sl,0.0,False
2026-02-25,-1,ifvg,,5160.585,5160.685,-0.0333333333334546,0.0033333333333333335,sl,0.0,False
2026-02-25,-1,ifvg,,5160.585,5160.685,-0.0333333333334546,0.0033333333333333335,sl,0.0,False
2026-02-25,-1,ifvg,,5160.535,5160.680299145299,-0.048433048432949974,0.0033333333333333335,sl,0.0,False
2026-02-25,1,ifvg,,5176.325,5176.189166059723,-0.04527798009227506,0.0033333333333333335,sl,0.0,False
2026-02-25,1,ifvg,,5176.378,5176.106332119446,-0.09055596018455012,0.0033333333333333335,sl,11.0,False
2026-02-25,1,ifvg,,5176.005,5175.905,-0.0333333333334546,0.0033333333333333335,sl,0.0,False
2026-02-25,-1,ifvg,,5167.775,5167.190865384615,0.19471153846158512,0.0033333333333333335,tp,2.0,False
2026-02-25,1,inv,,5168.225,5167.214999999999,-1.0100000000011278,0.01,inv,0.0,True
2026-02-25,-1,ifvg,,5167.235,5168.335,-0.36666666666678793,0.0033333333333333335,inv,33.0,False
2026-02-25,-1,ifvg,,5168.315,5168.335,-0.006666666666812186,0.0033333333333333335,inv,0.0,False
2026-02-25,-1,fvg,,5169.875,5167.949675324675,0.6417748917750336,0.0033333333333333335,tp,8.0,False
2026-03-02,-1,ifvg,,5351.015,5351.115000000001,-0.0333333333334546,0.0033333333333333335,sl,0.0,False
2026-03-02,-1,ifvg,,5350.9,5351.0,-0.0333333333334546,0.0033333333333333335,sl,0.0,False
2026-03-02,-1,ifvg,,5350.785,5350.971991869919,-0.062330623306479545,0.0033333333333333335,sl,0.0,False
2026-03-02,1,ifvg,,5365.424999999999,5365.215697674418,-0.06976744186037347,0.0033333333333333335,sl,0.0,False
2026-03-02,1,ifvg,,5365.785,5365.366395348837,-0.1395348837210501,0.0033333333333333335,sl,0.0,False
2026-03-02,1,ifvg,,5365.065,5365.29,0.07500000000012128,0.0033333333333333335,tp,1.0,False
2026-03-02,-1,ifvg,,5381.96,5382.235784753363,-0.0919282511210137,0.0033333333333333335,sl,0.0,False
2026-03-02,-1,ifvg,,5381.345,5381.896569506726,-0.1838565022420274,0.0033333333333333335,sl,0.0,False
2026-03-02,-1,ifvg,,5382.535,5382.635,-0.0333333333334546,0.0033333333333333335,sl,0.0,False
2026-03-02,-1,ifvg,,5384.365,5383.780865384615,0.19471153846158512,0.0033333333333333335,tp,2.0,False
2026-03-02,-1,ifvg,,5383.825,5382.65673076923,0.38942307692317024,0.0033333333333333335,tp,2.0,False
2026-03-02,1,inv,,5384.478,5383.804999999999,-0.6730000000006839,0.01,inv,1.0,True
2026-03-02,-1,ifvg,,5384.778,5384.925,-0.04899999999997817,0.0033333333333333335,inv,0.0,False
2026-03-02,1,ifvg,,5412.505,5412.405,-0.0333333333334546,0.0033333333333333335,sl,0.0,False
2026-03-02,1,ifvg,,5412.860000000001,5412.652397660819,-0.06920077972730117,0.0033333333333333335,sl,0.0,False
2026-03-02,1,ifvg,,5413.215,5412.799795321637,-0.1384015594542992,0.0033333333333333335,sl,0.0,False
2026-03-02,-1,fvg,,5406.625,5404.797614575507,0.6091284748308681,0.0033333333333333335,tp,21.0,False
2026-03-02,-1,ifvg,,5396.639999999999,5396.414999999999,0.07500000000012128,0.0033333333333333335,tp,0.0,False
2026-03-02,-1,ifvg,,5396.585,5396.36,0.07500000000012128,0.0033333333333333335,tp,0.0,False
2026-03-02,-1,ifvg,,5396.448,5396.715,-0.08899999999994179,0.0033333333333333335,inv,0.0,False
2026-03-02,-1,ifvg,,5371.928,5372.028,-0.0333333333334546,0.0033333333333333335,sl,0.0,False
2026-03-02,-1,ifvg,,5369.255,5369.686129476584,-0.14370982552797312,0.0033333333333333335,sl,0.0,False
2026-03-02,-1,ifvg,,5366.125,5366.987258953168,-0.28741965105594625,0.0033333333333333335,sl,0.0,False
2026-03-02,-1,fvg,,5373.825,5374.705525686977,-0.2935085623257692,0.0033333333333333335,sl,7.0,False
2026-03-02,-1,fvg,,5377.108,5377.548262843488,-0.146754281162733,0.0033333333333333335,sl,1.0,False
2026-03-02,-1,fvg,,5352.775,5350.698343605547,0.6922187981508615,0.0033333333333333335,tp,3.0,False
2026-03-02,-1,ifvg,,5346.325,5346.550274725275,-0.07509157509169502,0.0033333333333333335,sl,0.0,False
2026-03-02,-1,ifvg,,5346.325,5346.775549450549,-0.1501831501830869,0.0033333333333333335,sl,0.0,False
2026-03-02,-1,ifvg,,5347.695,5347.795,-0.0333333333334546,0.0033333333333333335,sl,0.0,False
2026-03-02,-1,ifvg,,5345.385,5345.485000000001,-0.0333333333334546,0.0033333333333333335,sl,0.0,False
2026-03-02,-1,ifvg,,5345.385,5345.485000000001,-0.0333333333334546,0.0033333333333333335,sl,0.0,False
2026-03-02,-1,ifvg,,5345.385,5345.551666666667,-0.05555555555565661,0.0033333333333333335,sl,0.0,False
2026-03-02,1,ifvg,,5272.96,5273.809938875305,0.28331295843508997,0.0033333333333333335,tp,2.0,False
2026-03-02,1,ifvg,,5274.505,5276.204877750612,0.5666259168704831,0.0033333333333333335,tp,5.0,False
2026-03-02,-1,inv,,5272.915,5274.525000000001,-1.610000000000582,0.01,inv,4.0,True
2026-03-02,1,ifvg,,5272.248,5271.3949999999995,-0.2843333333333552,0.0033333333333333335,inv,0.0,False
2026-03-02,-1,ifvg,,5284.475,5284.897118380062,-0.14070612668729154,0.0033333333333333335,sl,0.0,False
2026-03-02,-1,ifvg,,5281.765,5282.609236760125,-0.2814122533748863,0.0033333333333333335,sl,0.0,False
2026-03-02,-1,ifvg,,5286.595,5286.695000000001,-0.0333333333334546,0.0033333333333333335,sl,0.0,False
2026-03-02,-1,ifvg,,5297.575,5297.675,-0.0333333333334546,0.0033333333333333335,sl,0.0,False
2026-03-02,-1,ifvg,,5296.83,5297.148181818182,-0.10606060606066119,0.0033333333333333335,sl,0.0,False
2026-03-02,-1,ifvg,,5295.955,5296.591363636364,-0.21212121212132237,0.0033333333333333335,sl,0.0,False
2026-03-02,1,fvg,,5308.155,5309.8425,0.5625000000000001,0.0033333333333333335,tp,23.0,False
2026-03-02,1,fvg,,5312.585,5311.911797385621,-0.22440087145969304,0.0033333333333333335,sl,3.0,False
2026-03-02,1,fvg,,5312.355,5312.0183986928105,-0.11220043572969492,0.0033333333333333335,sl,0.0,False
2026-03-02,1,fvg,,5319.185,5320.321138613862,0.37871287128715875,0.0033333333333333335,tp,20.0,False
2026-03-02,1,fvg,,5320.055,5319.802524752476,-0.08415841584155714,0.0033333333333333335,sl,0.0,False
2026-03-02,-1,ifvg,,5321.855,5321.875,-0.006666666666812186,0.0033333333333333335,inv,0.0,False
2026-03-02,-1,ifvg,,5321.77,5321.875,-0.03499999999985448,0.0033333333333333335,inv,0.0,False
2026-03-02,-1,ifvg,,5321.685,5321.875,-0.06333333333319995,0.0033333333333333335,inv,0.0,False
2026-03-02,1,ifvg,,5329.555,5329.535,-0.006666666666812186,0.0033333333333333335,inv,0.0,False
2026-03-02,1,ifvg,,5330.3265,5329.535,-0.26383333333342307,0.0033333333333333335,inv,0.0,False
2026-03-02,1,ifvg,,5331.098,5329.535,-0.521000000000034,0.0033333333333333335,inv,0.0,False
2026-03-02,-1,inv,,5329.275,5326.497600000001,2.7773999999990338,0.01,tp,22.0,True
2026-03-02,1,ifvg,,5335.415,5335.315,-0.0333333333334546,0.0033333333333333335,sl,0.0,False
2026-03-02,1,ifvg,,5335.415,5335.315,-0.0333333333334546,0.0033333333333333335,sl,0.0,False
2026-03-02,1,ifvg,,5335.415,5335.215,-0.06666666666660603,0.0033333333333333335,sl,0.0,False
2026-03-02,1,fvg,,5342.735,5341.978902439024,-0.25203252032527723,0.0033333333333333335,sl,74.0,False
2026-03-02,1,fvg,,5341.715,5341.336951219512,-0.12601626016263862,0.0033333333333333335,sl,0.0,False
2026-03-06,-1,ifvg,,5115.215,5115.430909090909,-0.07196969696966941,0.0033333333333333335,sl,0.0,False
2026-03-06,-1,ifvg,,5114.835,5115.266818181818,-0.14393939393933883,0.0033333333333333335,sl,0.0,False
2026-03-06,-1,ifvg,,5114.945,5115.045,-0.0333333333334546,0.0033333333333333335,sl,0.0,False
2026-03-06,1,ifvg,,5120.985,5120.772356321839,-0.07088122605364333,0.0033333333333333335,sl,0.0,False
2026-03-06,1,ifvg,,5121.355,5120.929712643678,-0.14176245210728666,0.0033333333333333335,sl,0.0,False
2026-03-06,1,ifvg,,5120.715,5120.615,-0.0333333333334546,0.0033333333333333335,sl,0.0,False
2026-03-06,1,ifvg,,5116.195,5115.995,-0.06666666666660603,0.0033333333333333335,inv,2.0,False
2026-03-06,1,ifvg,,5116.345,5115.995,-0.11666666666678793,0.0033333333333333335,inv,2.0,False
2026-03-06,-1,inv,,5116.115,5115.521,0.5940000000000509,0.01,tp,1.0,True
2026-03-06,1,ifvg,,5116.135,5115.995,-0.04666666666677581,0.0033333333333333335,inv,0.0,False
2026-03-06,1,ifvg,,5080.955,5080.9349999999995,-0.006666666666812186,0.0033333333333333335,inv,0.0,False
2026-03-06,1,ifvg,,5081.1,5080.9349999999995,-0.055000000000291045,0.0033333333333333335,inv,0.0,False
2026-03-06,1,ifvg,,5081.245,5080.9349999999995,-0.10333333333346674,0.0033333333333333335,inv,0.0,False
2026-03-06,-1,ifvg,,5078.585,5078.9861976047905,-0.13373253493015608,0.0033333333333333335,sl,3.0,False
2026-03-06,-1,ifvg,,5078.889,5078.9890000000005,-0.0333333333334546,0.0033333333333333335,sl,0.0,False
2026-03-06,-1,ifvg,,5078.889,5079.089598802395,-0.06686626746492645,0.0033333333333333335,sl,0.0,False
2026-03-06,-1,ifvg,,5073.885,5073.66,0.07500000000012128,0.0033333333333333335,tp,0.0,False
2026-03-06,-1,ifvg,,5073.64,5073.804429530202,-0.054809843400410806,0.0033333333333333335,sl,0.0,False
2026-03-06,-1,ifvg,,5073.395,5073.723859060403,-0.10961968680082161,0.0033333333333333335,sl,0.0,False
2026-03-06,1,ifvg,,5069.885,5069.125,-0.2533333333334061,0.0033333333333333335,inv,3.0,False
2026-03-06,1,ifvg,,5070.625,5069.125,-0.5,0.0033333333333333335,inv,3.0,False
2026-03-06,1,ifvg,,5069.498,5069.125,-0.12433333333319752,0.0033333333333333335,inv,0.0,False
2026-03-06,-1,inv,,5069.585,5066.921000000001,2.6639999999988504,0.01,tp,31.0,True
2026-03-06,1,ifvg,,5082.188,5082.473447761195,0.09514925373150619,0.0033333333333333335,tp,0.0,False
2026-03-06,-1,inv,,5082.525,5082.378000000001,0.14699999999902502,0.01,inv,0.0,True
2026-03-06,1,ifvg,,5082.358,5081.998,-0.12000000000019403,0.0033333333333333335,inv,4.0,False
2026-03-06,1,ifvg,,5082.018,5081.998,-0.006666666666812186,0.0033333333333333335,inv,0.0,False
2026-03-06,-1,ifvg,,5082.385,5082.485000000001,-0.0333333333334546,0.0033333333333333335,sl,0.0,False
2026-03-06,-1,ifvg,,5082.385,5082.491299212599,-0.035433070866323156,0.0033333333333333335,sl,0.0,False
2026-03-06,-1,ifvg,,5082.385,5082.597598425196,-0.07086614173203998,0.0033333333333333335,sl,0.0,False
2026-03-06,1,ifvg,,5123.495,5123.3949999999995,-0.0333333333334546,0.0033333333333333335,sl,0.0,False
2026-03-06,1,ifvg,,5123.73,5123.570136054422,-0.05328798185928463,0.0033333333333333335,sl,0.0,False
2026-03-06,1,ifvg,,5123.965,5123.6452721088435,-0.10657596371887242,0.0033333333333333335,sl,0.0,False
2026-03-06,1,ifvg,,5120.125,5120.025,-0.0333333333334546,0.0033333333333333335,sl,0.0,False
2026-03-06,1,ifvg,,5120.175,5120.075,-0.0333333333334546,0.0033333333333333335,sl,0.0,False
2026-03-06,1,ifvg,,5120.225,5120.125,-0.0333333333334546,0.0033333333333333335,sl,0.0,False
2026-03-06,1,ifvg,,5095.185,5095.085,-0.0333333333334546,0.0033333333333333335,sl,0.0,False
2026-03-06,1,ifvg,,5095.305,5095.205,-0.0333333333334546,0.0033333333333333335,sl,0.0,False
2026-03-06,1,ifvg,,5095.425,5095.231451612904,-0.06451612903219939,0.0033333333333333335,sl,0.0,False
2026-03-06,1,ifvg,,5104.299999999999,5104.187596899224,-0.03746770025827573,0.0033333333333333335,sl,0.0,False
2026-03-06,1,ifvg,,5104.445,5104.220193798449,-0.07493540051685461,0.0033333333333333335,sl,0.0,False
2026-03-06,1,ifvg,,5104.155,5104.054999999999,-0.0333333333334546,0.0033333333333333335,sl,2.0,False
2026-03-06,-1,ifvg,,5101.225,5101.245000000001,-0.006666666666812186,0.0033333333333333335,inv,0.0,False
2026-03-06,-1,ifvg,,5100.34,5101.245000000001,-0.30166666666688496,0.0033333333333333335,inv,0.0,False
2026-03-06,-1,ifvg,,5099.455,5101.245000000001,-0.5966666666669578,0.0033333333333333335,inv,0.0,False
2026-03-06,1,inv,,5100.485,5099.4349999999995,-1.050000000000182,0.01,inv,0.0,True
2026-03-06,-1,fvg,,5090.915,5091.661386000507,-0.2487953335024334,0.0033333333333333335,sl,0.0,False
2026-03-06,-1,fvg,,5092.3865000000005,5092.759693000254,-0.12439766675106513,0.0033333333333333335,sl,2.0,False
2026-03-06,-1,fvg,,5093.858,5093.9580000000005,-0.0333333333334546,0.0033333333333333335,sl,0.0,False
2026-03-06,1,fvg,,5119.795,5121.51182464455,0.5722748815166293,0.0033333333333333335,tp,4.0,False
2026-03-06,-1,ifvg,,5127.625,5127.4,0.07500000000012128,0.0033333333333333335,tp,0.0,False
2026-03-06,-1,ifvg,,5127.5615,5127.6615,-0.0333333333334546,0.0033333333333333335,sl,0.0,False
2026-03-06,-1,ifvg,,5127.498,5127.610688553682,-0.037562851227448846,0.0033333333333333335,sl,0.0,False
2026-03-06,1,ifvg,,5139.368,5139.268,-0.0333333333334546,0.0033333333333333335,sl,0.0,False
2026-03-06,1,ifvg,,5139.58,5139.420136054422,-0.05328798185928463,0.0033333333333333335,sl,0.0,False
2026-03-06,1,ifvg,,5139.815,5139.495272108844,-0.10657596371856926,0.0033333333333333335,sl,0.0,False
2026-03-06,1,ifvg,,5143.135,5142.873095238096,-0.08730158730152955,0.0033333333333333335,sl,0.0,False
2026-03-06,1,ifvg,,5143.685,5143.161190476191,-0.1746031746030591,0.0033333333333333335,sl,0.0,False
2026-03-06,1,ifvg,,5142.715,5142.615,-0.0333333333334546,0.0033333333333333335,sl,0.0,False
2026-03-06,1,ifvg,,5142.0715,5141.8947062055595,-0.058931264813509195,0.0033333333333333335,sl,0.0,False
2026-03-06,1,ifvg,,5142.345,5141.991412411118,-0.11786252962732156,0.0033333333333333335,sl,0.0,False
2026-03-06,1,ifvg,,5141.825,5141.724999999999,-0.0333333333334546,0.0033333333333333335,sl,0.0,False
2026-03-06,1,ifvg,,5146.26,5146.16,-0.0333333333334546,0.0033333333333333335,sl,0.0,False
2026-03-06,1,ifvg,,5146.315,5146.214999999999,-0.0333333333334546,0.0033333333333333335,sl,0.0,False
2026-03-06,1,ifvg,,5146.245,5146.47,0.07500000000012128,0.0033333333333333335,tp,1.0,False
2026-03-06,1,ifvg,,5148.16,5147.913807106599,-0.08206429780026762,0.0033333333333333335,sl,0.0,False
2026-03-06,1,ifvg,,5148.645,5148.152614213198,-0.16412859560083842,0.0033333333333333335,sl,0.0,False
2026-03-06,1,ifvg,,5147.675,5147.9675,0.09749999999985448,0.0033333333333333335,tp,1.0,False
2026-03-06,1,fvg,,5162.758,5162.137794910748,-0.20673502975053756,0.0033333333333333335,sl,53.0,False
2026-03-06,1,fvg,,5162.265,5161.9548974553745,-0.10336751487526878,0.0033333333333333335,sl,0.0,False
2026-03-06,1,fvg,,5164.825,5165.993269230769,0.38942307692317024,0.0033333333333333335,tp,93.0,False
2026-03-06,-1,ifvg,,5165.905,5166.005,-0.0333333333334546,0.0033333333333333335,sl,0.0,False
2026-03-06,-1,ifvg,,5165.905,5166.078202614379,-0.05773420479302635,0.0033333333333333335,sl,0.0,False
2026-03-06,-1,ifvg,,5165.905,5166.251405228758,-0.1154684095860527,0.0033333333333333335,sl,0.0,False
2026-03-06,1,fvg,,5169.895,5169.3031632653065,-0.19727891156465677,0.0033333333333333335,sl,0.0,False
2026-03-06,1,fvg,,5169.17,5168.874081632653,-0.09863945578247998,0.0033333333333333335,sl,0.0,False
2026-03-06,1,fvg,,5168.825,5168.724999999999,-0.0333333333334546,0.0033333333333333335,sl,0.0,False
2026-03-06,1,ifvg,,5172.095,5171.355,-0.2466666666668971,0.0033333333333333335,inv,1.0,False
2026-03-06,1,ifvg,,5171.375,5171.355,-0.006666666666812186,0.0033333333333333335,inv,0.0,False
2026-03-06,1,ifvg,,5171.735000000001,5171.355,-0.1266666666670062,0.0033333333333333335,inv,0.0,False
2026-03-06,-1,inv,,5169.478,5168.182,1.2960000000002765,0.01,tp,38.0,True
2026-04-15,-1,ifvg,,4834.798,4834.818,-0.006666666666812186,0.0033333333333333335,inv,0.0,False
2026-04-15,-1,ifvg,,4834.5565,4834.818,-0.0871666666668413,0.0033333333333333335,inv,0.0,False
2026-04-15,-1,ifvg,,4834.315,4834.818,-0.1676666666668704,0.0033333333333333335,inv,0.0,False
2026-04-15,1,inv,,4835.985,4836.8544,0.8694000000004962,0.01,tp,3.0,True
2026-04-15,-1,fvg,,4848.725,4847.4125,0.43750000000000006,0.0033333333333333335,tp,16.0,False
2026-04-15,-1,ifvg,,4843.315,4843.335,-0.006666666666812186,0.0033333333333333335,inv,0.0,False
2026-04-15,-1,ifvg,,4843.11,4843.335,-0.07500000000012128,0.0033333333333333335,inv,0.0,False
2026-04-15,-1,ifvg,,4842.905,4843.335,-0.14333333333343035,0.0033333333333333335,inv,0.0,False
2026-04-15,1,inv,,4844.255,4842.884999999999,-1.3700000000008004,0.01,inv,27.0,True
2026-04-15,-1,fvg,,4830.785,4829.257775457758,0.5090748474140128,0.0033333333333333335,tp,11.0,False
2026-04-15,-1,ifvg,,4823.748,4823.798000000001,-0.016666666667030466,0.0033333333333333335,inv,0.0,False
2026-04-15,-1,ifvg,,4823.6165,4823.798000000001,-0.06050000000019888,0.0033333333333333335,inv,0.0,False
2026-04-15,-1,ifvg,,4823.455,4823.798000000001,-0.11433333333358557,0.0033333333333333335,inv,0.0,False
2026-04-15,1,inv,,4823.698,4823.4349999999995,-0.26300000000082946,0.01,inv,3.0,True
2026-04-15,1,ifvg,,4827.8865000000005,4827.643834019557,-0.08088866014774491,0.0033333333333333335,sl,0.0,False
2026-04-15,1,ifvg,,4828.358,4827.872668039115,-0.16177732029518666,0.0033333333333333335,sl,0.0,False
2026-04-15,1,ifvg,,4827.465,4827.365,-0.0333333333334546,0.0033333333333333335,sl,1.0,False
2026-04-15,-1,ifvg,,4812.298,4812.525000000001,-0.07566666666692375,0.0033333333333333335,inv,2.0,False
2026-04-15,-1,ifvg,,4812.298,4812.525000000001,-0.07566666666692375,0.0033333333333333335,inv,2.0,False
2026-04-15,-1,ifvg,,4812.298,4812.525000000001,-0.07566666666692375,0.0033333333333333335,inv,2.0,False
2026-04-15,1,ifvg,,4821.465,4821.365,-0.0333333333334546,0.0033333333333333335,sl,0.0,False
2026-04-15,1,ifvg,,4821.745,4821.565512820513,-0.059829059829098696,0.0033333333333333335,sl,0.0,False
2026-04-15,1,ifvg,,4822.025,4821.666025641025,-0.11965811965819739,0.0033333333333333335,sl,0.0,False
2026-04-15,-1,fvg,,4825.775,4826.234459459459,-0.15315315315304665,0.0033333333333333335,sl,0.0,False
2026-04-15,-1,fvg,,4826.285,4826.385,-0.0333333333334546,0.0033333333333333335,sl,0.0,False
2026-04-15,-1,fvg,,4826.285,4826.51472972973,-0.0765765765766749,0.0033333333333333335,sl,0.0,False
2026-04-15,1,ifvg,,4820.165,4820.1449999999995,-0.006666666666812186,0.0033333333333333335,inv,0.0,False
2026-04-15,1,ifvg,,4820.245,4820.1449999999995,-0.0333333333334546,0.0033333333333333335,inv,0.0,False
2026-04-15,1,ifvg,,4820.325,4820.1449999999995,-0.06000000000009702,0.0033333333333333335,inv,0.0,False
2026-04-15,-1,fvg,,4811.435,4811.9030851063835,-0.1560283687943714,0.0033333333333333335,sl,3.0,False
2026-04-15,-1,fvg,,4811.855,4812.089042553191,-0.07801418439703413,0.0033333333333333335,sl,6.0,False
2026-04-15,-1,fvg,,4789.705,4788.387449233319,0.4391835888936839,0.0033333333333333335,tp,138.0,False
2026-04-15,-1,fvg,,4790.075,4790.367789059263,-0.09759635308758637,0.0033333333333333335,sl,0.0,False
2026-04-15,-1,fvg,,4791.118,4790.893,0.07500000000012128,0.0033333333333333335,tp,4.0,False
2026-04-15,-1,ifvg,,4792.375,4792.505,-0.043333333333369715,0.0033333333333333335,inv,0.0,False
2026-04-15,-1,ifvg,,4791.83,4792.505,-0.22500000000006065,0.0033333333333333335,inv,0.0,False
2026-04-15,-1,ifvg,,4791.175,4792.505,-0.44333333333330915,0.0033333333333333335,inv,0.0,False
2026-04-15,1,inv,,4792.655,4795.012999999999,2.357999999999265,0.01,tp,105.0,True
2026-04-15,1,fvg,,4796.575,4797.325,0.25,0.0033333333333333335,tp,4.0,False
2026-04-15,1,fvg,,4796.755,4796.588333333333,-0.05555555555565661,0.0033333333333333335,sl,0.0,False
2026-04-15,1,fvg,,4799.795,4799.144650349651,-0.21678321678306628,0.0033333333333333335,sl,6.0,False
2026-04-15,1,fvg,,4799.155,4798.829825174825,-0.10839160839168473,0.0033333333333333335,sl,2.0,False
2026-04-15,1,fvg,,4803.955,4805.421027874564,0.4886759581880446,0.0033333333333333335,tp,105.0,False
2026-04-15,1,ifvg,,4809.788,4809.355214974475,-0.14426167517497865,0.0033333333333333335,sl,1.0,False
2026-04-15,1,ifvg,,4809.425,4809.208607487238,-0.07213083758748932,0.0033333333333333335,sl,18.0,False
2026-04-15,1,ifvg,,4809.025,4808.924999999999,-0.0333333333334546,0.0033333333333333335,sl,0.0,False
2026-04-15,-1,ifvg,,4813.338,4813.358,-0.006666666666812186,0.0033333333333333335,inv,0.0,False
2026-04-15,-1,ifvg,,4813.2065,4813.358,-0.05049999999998061,0.0033333333333333335,inv,0.0,False
2026-04-15,-1,ifvg,,4813.075,4813.358,-0.09433333333345219,0.0033333333333333335,inv,0.0,False
2026-04-15,1,fvg,,4814.695,4814.235540540541,-0.15315315315304665,0.0033333333333333335,sl,85.0,False
2026-04-15,1,fvg,,4814.27,4814.04027027027,-0.0765765765766749,0.0033333333333333335,sl,26.0,False
2026-04-15,1,fvg,,4813.925,4813.825,-0.0333333333334546,0.0033333333333333335,sl,1.0,False
2026-04-15,-1,ifvg,,4825.065,4825.085,-0.006666666666812186,0.0033333333333333335,inv,0.0,False
2026-04-15,-1,ifvg,,4824.82,4825.085,-0.08833333333344248,0.0033333333333333335,inv,0.0,False
2026-04-15,-1,ifvg,,4824.575,4825.085,-0.17000000000007276,0.0033333333333333335,inv,0.0,False
2026-04-15,1,inv,,4825.225,4826.107,0.8819999999996071,0.01,tp,53.0,True
2026-04-15,1,ifvg,,4822.66,4822.406305418719,-0.08456486042693238,0.0033333333333333335,sl,0.0,False
2026-04-15,1,ifvg,,4823.175,4822.667610837439,-0.16912972085386477,0.0033333333333333335,sl,0.0,False
2026-04-15,1,ifvg,,4822.295,4822.195,-0.0333333333334546,0.0033333333333333335,sl,0.0,False
2026-05-06,1,fvg,,4608.025,4609.252272727273,0.4090909090909918,0.0033333333333333335,tp,93.0,False
2026-05-06,1,ifvg,,4616.5,4615.974999999999,-0.1750000000001819,0.0033333333333333335,inv,6.0,False
2026-05-06,1,ifvg,,4617.005,4615.974999999999,-0.34333333333355165,0.0033333333333333335,inv,6.0,False
2026-05-06,1,ifvg,,4616.275,4615.974999999999,-0.10000000000006062,0.0033333333333333335,inv,0.0,False
2026-05-06,-1,inv,,4616.395,4617.025000000001,-0.6300000000001091,0.01,inv,8.0,True
2026-05-06,1,fvg,,4620.815,4622.512174447174,0.5657248157249342,0.0033333333333333335,tp,38.0,False
2026-05-06,-1,ifvg,,4623.065,4622.839999999999,0.07500000000012128,0.0033333333333333335,tp,0.0,False
2026-05-06,-1,ifvg,,4622.969999999999,4622.744999999999,0.07500000000012128,0.0033333333333333335,tp,0.0,False
2026-05-06,-1,ifvg,,4622.855,4622.434268292682,0.1402439024392758,0.0033333333333333335,tp,0.0,False
2026-05-06,1,fvg,,4623.875,4623.470238095238,-0.13492063492079373,0.0033333333333333335,sl,16.0,False
2026-05-06,1,fvg,,4623.535,4623.332619047619,-0.06746031746024528,0.0033333333333333335,sl,6.0,False
2026-05-06,-1,ifvg,,4625.815,4625.835,-0.006666666666812186,0.0033333333333333335,inv,0.0,False
2026-05-06,-1,ifvg,,4625.42,4625.835,-0.1383333333333212,0.0033333333333333335,inv,0.0,False
2026-05-06,-1,ifvg,,4625.025,4625.835,-0.2700000000001334,0.0033333333333333335,inv,0.0,False
2026-05-06,1,inv,,4626.075,4625.004999999999,-1.0700000000006185,0.01,inv,82.0,True
2026-05-06,1,inv,,4634.525,4634.1449999999995,-0.38000000000010914,0.01,inv,8.0,True
2026-05-06,-1,ifvg,,4634.37,4634.042872340426,0.10904255319140552,0.0033333333333333335,tp,10.0,False
2026-05-06,-1,ifvg,,4634.165,4634.595,-0.14333333333343035,0.0033333333333333335,inv,15.0,False
2026-05-06,-1,ifvg,,4634.535,4634.595,-0.020000000000133394,0.0033333333333333335,inv,0.0,False
2026-05-06,1,fvg,,4630.315,4631.6390740740735,0.4413580246913019,0.0033333333333333335,tp,9.0,False
2026-05-06,1,fvg,,4631.335,4631.075740740741,-0.08641975308637485,0.0033333333333333335,sl,3.0,False
2026-05-06,1,fvg,,4631.455,4631.355,-0.0333333333334546,0.0033333333333333335,sl,0.0,False
2026-05-06,1,fvg,,4631.455,4631.32537037037,-0.04320987654318743,0.0033333333333333335,sl,0.0,False
2026-05-06,-1,ifvg,,4636.495,4636.515,-0.006666666666812186,0.0033333333333333335,inv,0.0,False
2026-05-06,-1,ifvg,,4635.7,4636.515,-0.2716666666668365,0.0033333333333333335,inv,0.0,False
2026-05-06,-1,ifvg,,4634.905,4636.515,-0.5366666666668607,0.0033333333333333335,inv,0.0,False
2026-05-06,1,inv,,4636.635,4634.884999999999,-1.7500000000009095,0.01,inv,108.0,True
2026-05-06,1,fvg,,4640.705,4641.868043478261,0.38768115942032944,0.0033333333333333335,tp,86.0,False
2026-05-06,1,fvg,,4642.845,4644.0286492891,0.3945497630332587,0.0033333333333333335,tp,152.0,False
2026-05-06,1,ifvg,,4645.825,4645.724999999999,-0.0333333333334546,0.0033333333333333335,sl,0.0,False
2026-05-06,1,ifvg,,4645.825,4645.715625,-0.036458333333333336,0.0033333333333333335,sl,0.0,False
2026-05-06,1,ifvg,,4645.885,4645.66625,-0.07291666666666667,0.0033333333333333335,sl,0.0,False
2026-05-06,1,ifvg,,4644.775,4644.622222222222,-0.05092592592579119,0.0033333333333333335,sl,0.0,False
2026-05-06,1,ifvg,,4644.995,4644.689444444444,-0.10185185185188554,0.0033333333333333335,sl,0.0,False
2026-05-06,1,ifvg,,4644.555,4644.455,-0.0333333333334546,0.0033333333333333335,sl,1.0,False
2026-05-06,-1,ifvg,,4644.035,4644.325000000001,-0.09666666666695771,0.0033333333333333335,inv,2.0,False
2026-05-06,-1,ifvg,,4643.765,4644.325000000001,-0.18666666666680007,0.0033333333333333335,inv,2.0,False
2026-05-06,-1,ifvg,,4644.175,4644.325000000001,-0.0500000000001819,0.0033333333333333335,inv,0.0,False
2026-05-06,1,inv,,4644.145,4643.745,-0.40000000000054564,0.01,inv,48.0,True
2026-05-06,-1,ifvg,,4650.315,4650.335,-0.006666666666812186,0.0033333333333333335,inv,1.0,False
2026-05-06,-1,ifvg,,4650.12,4650.335,-0.07166666666671517,0.0033333333333333335,inv,1.0,False
2026-05-06,-1,ifvg,,4649.925,4650.335,-0.13666666666661817,0.0033333333333333335,inv,1.0,False
2026-05-06,1,inv,,4650.275,4650.976999999999,0.7019999999993161,0.01,tp,11.0,True
2026-05-06,1,fvg,,4649.315,4650.456625615763,0.38054187192119576,0.0033333333333333335,tp,8.0,False
2026-05-06,1,fvg,,4657.395,4658.502868020305,0.3692893401015075,0.0033333333333333335,tp,22.0,False
2026-05-06,1,fvg,,4657.238,4656.9918071065995,-0.08206429780026762,0.0033333333333333335,sl,0.0,False
2026-05-06,1,ifvg,,4659.01,4658.6849999999995,-0.10833333333357587,0.0033333333333333335,inv,1.0,False
2026-05-06,1,ifvg,,4659.315,4658.6849999999995,-0.21000000000003638,0.0033333333333333335,inv,1.0,False
2026-05-06,1,ifvg,,4658.705,4658.6849999999995,-0.006666666666812186,0.0033333333333333335,inv,0.0,False
2026-05-06,-1,inv,,4658.695,4659.335,-0.6400000000003274,0.01,inv,27.0,True
2026-05-06,1,fvg,,4661.765,4661.225829493088,-0.17972350230411394,0.0033333333333333335,sl,23.0,False
2026-05-06,1,ifvg,,4678.1900000000005,4677.924999999999,-0.08833333333374564,0.0033333333333333335,inv,5.0,False
2026-05-06,1,ifvg,,4678.435,4677.924999999999,-0.17000000000037593,0.0033333333333333335,inv,5.0,False
2026-05-06,1,ifvg,,4677.945,4677.924999999999,-0.006666666666812186,0.0033333333333333335,inv,0.0,False
2026-05-06,-1,inv,,4677.975,4678.455000000001,-0.48000000000047294,0.01,inv,150.0,True
2026-05-06,-1,ifvg,,4699.055,4699.155000000001,-0.0333333333334546,0.0033333333333333335,sl,0.0,False
2026-05-06,-1,ifvg,,4698.83,4699.007419354839,-0.05913978494633435,0.0033333333333333335,sl,0.0,False
2026-05-06,-1,ifvg,,4698.555,4698.909838709677,-0.11827956989236554,0.0033333333333333335,sl,0.0,False
2026-05-06,-1,ifvg,,4662.355,4662.8258994708995,-0.15696649029996482,0.0033333333333333335,sl,0.0,False
2026-05-06,-1,ifvg,,4662.705,4662.94044973545,-0.07848324514998241,0.0033333333333333335,sl,1.0,False
2026-05-06,-1,ifvg,,4663.025,4663.125,-0.0333333333334546,0.0033333333333333335,sl,0.0,False
2026-05-06,-1,ifvg,,4672.995,4673.095,-0.0333333333334546,0.0033333333333333335,sl,0.0,False
2026-05-06,-1,ifvg,,4671.29,4671.676621315192,-0.1288737717307716,0.0033333333333333335,sl,0.0,False
2026-05-06,-1,ifvg,,4669.585,4670.358242630386,-0.25774754346184636,0.0033333333333333335,sl,0.0,False
2026-05-06,1,ifvg,,4708.805,4708.624672131147,-0.060109289617685135,0.0033333333333333335,sl,1.0,False
2026-05-06,1,ifvg,,4708.875,4708.775,-0.0333333333334546,0.0033333333333333335,sl,0.0,False
2026-05-06,1,ifvg,,4708.875,4708.775,-0.0333333333334546,0.0033333333333333335,sl,0.0,False
2026-05-06,1,ifvg,,4711.935,4711.835,-0.0333333333334546,0.0033333333333333335,sl,0.0,False
2026-05-06,1,ifvg,,4712.605,4712.315084033613,-0.09663865546220525,0.0033333333333333335,sl,0.0,False
2026-05-06,1,ifvg,,4713.295,4712.715168067227,-0.1932773109244105,0.0033333333333333335,sl,0.0,False
2026-05-06,1,ifvg,,4704.725,4704.4349999999995,-0.09666666666695771,0.0033333333333333335,inv,5.0,False
2026-05-06,1,ifvg,,4705.135,4704.804999999999,-0.11000000000027893,0.0033333333333333335,inv,2.0,False
2026-05-06,1,ifvg,,4705.445,4704.804999999999,-0.2133333333334425,0.0033333333333333335,inv,2.0,False
2026-05-06,1,ifvg,,4705.055,4704.4349999999995,-0.20666666666693348,0.0033333333333333335,inv,0.0,False
2026-05-06,1,ifvg,,4705.055,4704.4349999999995,-0.20666666666693348,0.0033333333333333335,inv,0.0,False
2026-05-06,1,ifvg,,4705.055,4704.804999999999,-0.0833333333336365,0.0033333333333333335,inv,0.0,False
2026-05-06,-1,inv,,4704.955,4703.839,1.1159999999999854,0.01,tp,16.0,True
2026-05-06,-1,ifvg,,4703.625,4703.725,-0.0333333333334546,0.0033333333333333335,sl,0.0,False
2026-05-06,-1,ifvg,,4703.34,4703.521528662421,-0.0605095541401776,0.0033333333333333335,sl,0.0,False
2026-05-06,-1,ifvg,,4703.055,4703.418057324841,-0.1210191082803552,0.0033333333333333335,sl,0.0,False
2026-05-06,1,ifvg,,4702.375,4702.355,-0.006666666666812186,0.0033333333333333335,inv,0.0,False
2026-05-06,1,ifvg,,4702.55,4702.355,-0.06500000000020616,0.0033333333333333335,inv,0.0,False
2026-05-06,1,ifvg,,4702.725,4702.355,-0.12333333333360012,0.0033333333333333335,inv,0.0,False
2026-05-06,-1,inv,,4702.265,4701.634999999999,0.6300000000010186,0.01,tp,14.0,True
2026-05-06,1,ifvg,,4685.835,4685.815,-0.006666666666812186,0.0033333333333333335,inv,0.0,False
2026-05-06,1,ifvg,,4685.915,4685.815,-0.0333333333334546,0.0033333333333333335,inv,0.0,False
2026-05-06,1,ifvg,,4685.995,4685.815,-0.06000000000009702,0.0033333333333333335,inv,0.0,False
2026-05-06,1,fvg,,4682.375,4681.956395348837,-0.1395348837210501,0.0033333333333333335,sl,57.0,False
2026-05-06,1,fvg,,4682.015,4681.805697674419,-0.06976744186037347,0.0033333333333333335,sl,1.0,False
2026-05-06,1,fvg,,4683.955,4683.470463917525,-0.16151202749157773,0.0033333333333333335,sl,12.0,False
2026-05-06,1,fvg,,4683.375,4683.920103092783,0.18170103092779755,0.0033333333333333335,tp,18.0,False
2026-05-06,1,fvg,,4683.315,4683.214999999999,-0.0333333333334546,0.0033333333333333335,sl,0.0,False
2026-05-06,1,ifvg,,4690.37,4689.945,-0.1416666666667273,0.0033333333333333335,inv,1.0,False
2026-05-06,1,ifvg,,4690.775,4689.945,-0.2766666666666424,0.0033333333333333335,inv,1.0,False
2026-05-06,1,ifvg,,4690.025,4689.945,-0.026666666666642413,0.0033333333333333335,inv,0.0,False
2026-05-06,-1,inv,,4690.025,4690.795,-0.7700000000004366,0.01,inv,45.0,True
2026-05-06,-1,ifvg,,4691.665,4691.922281553398,-0.0857605177992203,0.0033333333333333335,sl,0.0,False
2026-05-06,-1,ifvg,,4691.135,4691.649563106796,-0.17152103559874377,0.0033333333333333335,sl,0.0,False
2026-05-06,-1,ifvg,,4692.165,4691.94,0.07500000000012128,0.0033333333333333335,tp,2.0,False
2026-05-06,-1,ifvg,,4698.195,4698.295,-0.0333333333334546,0.0033333333333333335,sl,0.0,False
2026-05-06,-1,ifvg,,4698.305,4698.405000000001,-0.0333333333334546,0.0033333333333333335,sl,1.0,False
2026-05-06,-1,ifvg,,4698.25,4698.35,-0.0333333333334546,0.0033333333333333335,sl,1.0,False
2026-05-06,-1,ifvg,,4692.855,4693.201405228758,-0.1154684095860527,0.0033333333333333335,sl,0.0,False
2026-05-06,-1,ifvg,,4693.12,4693.293202614379,-0.05773420479302635,0.0033333333333333335,sl,16.0,False
2026-05-06,-1,ifvg,,4693.365,4693.139999999999,0.07500000000012128,0.0033333333333333335,tp,7.0,False
2026-05-12,1,fvg,,4763.825,4763.144795330988,-0.22673488967060018,0.0033333333333333335,sl,6.0,False
2026-05-12,1,fvg,,4763.975,4763.6348976654945,-0.11336744483530009,0.0033333333333333335,sl,0.0,False
2026-05-12,1,fvg,,4761.875,4761.775,-0.0333333333334546,0.0033333333333333335,sl,0.0,False
2026-05-12,-1,ifvg,,4760.525,4760.299999999999,0.07500000000012128,0.0033333333333333335,tp,7.0,False
2026-05-12,-1,ifvg,,4760.24,4760.575000000001,-0.11166666666698197,0.0033333333333333335,inv,23.0,False
2026-05-12,-1,ifvg,,4759.925,4760.575000000001,-0.21666666666684858,0.0033333333333333335,inv,23.0,False
2026-05-12,1,inv,,4760.525,4759.905,-0.6199999999998909,0.01,inv,57.0,True
2026-05-12,-1,fvg,,4755.015,4753.324701492537,0.5634328358210041,0.0033333333333333335,tp,73.0,False
2026-05-12,1,ifvg,,4746.635,4746.615,-0.006666666666812186,0.0033333333333333335,inv,0.0,False
2026-05-12,1,ifvg,,4746.885,4746.615,-0.09000000000014553,0.0033333333333333335,inv,0.0,False
2026-05-12,1,ifvg,,4747.135,4746.615,-0.17333333333347886,0.0033333333333333335,inv,0.0,False
2026-05-12,-1,inv,,4745.425,4744.525000000001,0.8999999999996362,0.01,tp,12.0,True
2026-05-12,1,ifvg,,4749.280000000001,4748.445,-0.2783333333336486,0.0033333333333333335,inv,2.0,False
2026-05-12,1,ifvg,,4750.095,4748.445,-0.5500000000001819,0.0033333333333333335,inv,2.0,False
2026-05-12,1,ifvg,,4748.465,4748.445,-0.006666666666812186,0.0033333333333333335,inv,0.0,False
2026-05-12,-1,inv,,4748.555,4745.621,2.9340000000001965,0.01,tp,106.0,True
2026-05-12,-1,fvg,,4733.245,4731.462775467776,0.5940748440746878,0.0033333333333333335,tp,83.0,False
2026-05-12,1,ifvg,,4729.045,4729.3375,0.09749999999985448,0.0033333333333333335,tp,0.0,False
2026-05-12,1,ifvg,,4729.365,4729.16987804878,-0.06504065040644491,0.0033333333333333335,sl,0.0,False
2026-05-12,1,ifvg,,4729.685,4729.294756097561,-0.130081300813193,0.0033333333333333335,sl,0.0,False
2026-05-12,1,ifvg,,4725.4,4725.254609929078,-0.04846335697402538,0.0033333333333333335,sl,14.0,False
2026-05-12,1,ifvg,,4725.605,4725.314219858155,-0.09692671394805076,0.0033333333333333335,sl,14.0,False
2026-05-12,1,ifvg,,4725.365,4725.264999999999,-0.0333333333334546,0.0033333333333333335,sl,0.0,False
2026-05-12,-1,ifvg,,4724.3150000000005,4724.895,-0.1933333333333091,0.0033333333333333335,inv,4.0,False
2026-05-12,-1,ifvg,,4723.755,4724.895,-0.38000000000010914,0.0033333333333333335,inv,4.0,False
2026-05-12,-1,ifvg,,4724.875,4724.895,-0.006666666666812186,0.0033333333333333335,inv,0.0,False
2026-05-12,1,inv,,4724.845,4723.735,-1.110000000000582,0.01,inv,211.0,True
2026-05-12,-1,fvg,,4721.644,4720.164284149264,0.4932386169120946,0.0033333333333333335,tp,6.0,False
2026-05-12,-1,ifvg,,4708.93,4709.285000000001,-0.11833333333349097,0.0033333333333333335,inv,1.0,False
2026-05-12,-1,ifvg,,4708.595,4709.285000000001,-0.2300000000001698,0.0033333333333333335,inv,1.0,False
2026-05-12,-1,ifvg,,4709.265,4709.285000000001,-0.006666666666812186,0.0033333333333333335,inv,0.0,False
2026-05-12,1,inv,,4709.335,4708.575,-0.7600000000002183,0.01,inv,9.0,True
2026-05-12,-1,ifvg,,4704.325,4705.185,-0.2866666666668607,0.0033333333333333335,inv,1.0,False
2026-05-12,-1,ifvg,,4704.325,4705.185,-0.2866666666668607,0.0033333333333333335,inv,1.0,False
2026-05-12,-1,ifvg,,4705.005,4705.185,-0.06000000000009702,0.0033333333333333335,inv,0.0,False
2026-05-12,1,inv,,4705.005,4704.785,-0.22000000000025466,0.01,inv,3.0,True
2026-05-12,-1,ifvg,,4691.895,4691.995000000001,-0.0333333333334546,0.0033333333333333335,sl,0.0,False
2026-05-12,-1,ifvg,,4691.895,4691.995000000001,-0.0333333333334546,0.0033333333333333335,sl,0.0,False
2026-05-12,-1,ifvg,,4691.795,4691.981991869919,-0.06233062330617638,0.0033333333333333335,sl,0.0,False
2026-05-12,1,ifvg,,4675.845,4675.775,-0.023333333333539485,0.0033333333333333335,inv,0.0,False
2026-05-12,1,ifvg,,4676.245,4675.775,-0.15666666666675155,0.0033333333333333335,inv,0.0,False
2026-05-12,1,ifvg,,4676.695,4675.775,-0.3066666666666909,0.0033333333333333335,inv,0.0,False
2026-05-12,-1,inv,,4675.775,4674.155000000001,1.6199999999989814,0.01,tp,19.0,True
2026-05-12,1,fvg,,4648.425,4650.172767857143,0.5825892857143724,0.0033333333333333335,tp,11.0,False
2026-05-12,1,fvg,,4664.345,4663.734105058366,-0.20363164721129579,0.0033333333333333335,sl,24.0,False
2026-05-12,-1,ifvg,,4665.105,4665.205,-0.0333333333334546,0.0033333333333333335,sl,0.0,False
2026-05-12,-1,ifvg,,4664.69,4664.916775956283,-0.07559198542791516,0.0033333333333333335,sl,0.0,False
2026-05-12,-1,ifvg,,4664.275,4664.728551912568,-0.1511839708561335,0.0033333333333333335,sl,0.0,False
2026-05-12,1,ifvg,,4669.6849999999995,4669.584999999999,-0.0333333333334546,0.0033333333333333335,sl,3.0,False
2026-05-12,1,ifvg,,4669.795,4669.614672131147,-0.060109289617685135,0.0033333333333333335,sl,3.0,False
2026-05-12,1,ifvg,,4669.775,4669.674999999999,-0.0333333333334546,0.0033333333333333335,sl,0.0,False
2026-05-12,1,ifvg,,4668.96,4668.76303030303,-0.06565656565665753,0.0033333333333333335,sl,0.0,False
2026-05-12,1,ifvg,,4669.285,4668.891060606061,-0.1313131313130119,0.0033333333333333335,sl,0.0,False
2026-05-12,1,ifvg,,4668.635,4668.535,-0.0333333333334546,0.0033333333333333335,sl,0.0,False
2026-05-12,1,fvg,,4672.555,4671.84153295129,-0.23782234957009982,0.0033333333333333335,sl,35.0,False
2026-05-12,1,fvg,,4671.515,4671.158266475645,-0.11891117478504991,0.0033333333333333335,sl,12.0,False
2026-05-12,1,fvg,,4675.665,4675.14809178744,-0.17230273752011274,0.0033333333333333335,sl,14.0,False
2026-05-12,1,fvg,,4675.305,4675.046545893721,-0.08615136875990478,0.0033333333333333335,sl,1.0,False
2026-05-12,1,ifvg,,4676.805,4676.705,-0.0333333333334546,0.0033333333333333335,sl,0.0,False
2026-05-12,1,ifvg,,4677.29,4677.024741784037,-0.08841940532086787,0.0033333333333333335,sl,0.0,False
2026-05-12,1,ifvg,,4677.855,4677.324483568075,-0.17683881064143256,0.0033333333333333335,sl,0.0,False
2026-05-12,-1,ifvg,,4679.225,4679.245000000001,-0.006666666666812186,0.0033333333333333335,inv,0.0,False
2026-05-12,-1,ifvg,,4678.96,4679.245000000001,-0.09500000000025467,0.0033333333333333335,inv,0.0,False
2026-05-12,-1,ifvg,,4678.695,4679.245000000001,-0.18333333333369714,0.0033333333333333335,inv,0.0,False
2026-05-12,1,inv,,4679.195,4680.149000000001,0.9540000000015425,0.01,tp,86.0,True
2026-05-12,-1,ifvg,,4685.5565,4686.018,-0.15383333333344734,0.0033333333333333335,inv,32.0,False
2026-05-12,-1,ifvg,,4685.115,4686.018,-0.3010000000000825,0.0033333333333333335,inv,32.0,False
2026-05-12,-1,ifvg,,4685.715,4686.018,-0.10099999999996122,0.0033333333333333335,inv,0.0,False
2026-05-12,1,inv,,4685.795,4687.3844,1.5893999999998414,0.01,tp,94.0,True
2026-05-12,1,fvg,,4688.848,4688.20223308537,-0.21525563821008595,0.0033333333333333335,sl,0.0,False
2026-05-12,1,fvg,,4691.115,4692.373810572687,0.41960352422908426,0.0033333333333333335,tp,65.0,False
2026-05-12,1,fvg,,4690.545,4691.174405286343,0.20980176211439056,0.0033333333333333335,tp,4.0,False
2026-05-12,1,fvg,,4696.375,4695.701797385621,-0.22440087145969304,0.0033333333333333335,sl,214.0,False
2026-05-12,1,fvg,,4695.344999999999,4696.102352941176,0.25245098039219255,0.0033333333333333335,tp,33.0,False
2026-05-12,-1,ifvg,,4699.885,4699.905000000001,-0.006666666666812186,0.0033333333333333335,inv,0.0,False
2026-05-12,-1,ifvg,,4699.545,4699.905000000001,-0.12000000000019403,0.0033333333333333335,inv,0.0,False
2026-05-12,-1,ifvg,,4699.205,4699.905000000001,-0.23333333333357587,0.0033333333333333335,inv,0.0,False
2026-05-12,1,inv,,4700.515,4701.7390000000005,1.22400000000016,0.01,tp,18.0,True
2026-05-12,-1,ifvg,,4708.215,4708.368,-0.051000000000082465,0.0033333333333333335,inv,0.0,False
2026-05-12,-1,ifvg,,4708.1115,4708.368,-0.08550000000013826,0.0033333333333333335,inv,0.0,False
2026-05-12,-1,ifvg,,4707.875,4708.368,-0.1643333333334643,0.0033333333333333335,inv,0.0,False
2026-05-12,1,inv,,4708.305,4709.1564,0.8513999999995577,0.01,tp,58.0,True
2026-05-12,1,ifvg,,4712.975,4712.859955752213,-0.038348082595803135,0.0033333333333333335,sl,15.0,False
2026-05-12,1,ifvg,,4712.935,4712.835,-0.0333333333334546,0.0033333333333333335,sl,4.0,False
2026-05-12,1,ifvg,,4712.91,4712.8099999999995,-0.0333333333334546,0.0033333333333333335,sl,20.0,False
2026-05-12,1,ifvg,,4713.215,4713.115,-0.0333333333334546,0.0033333333333333335,sl,0.0,False
2026-05-12,1,ifvg,,4713.6900000000005,4713.446410256411,-0.08119658119661229,0.0033333333333333335,sl,0.0,False
2026-05-12,1,ifvg,,4714.165,4713.67782051282,-0.16239316239322457,0.0033333333333333335,sl,0.0,False
2026-05-12,-1,ifvg,,4714.425,4714.525000000001,-0.0333333333334546,0.0033333333333333335,sl,0.0,False
2026-05-12,-1,ifvg,,4714.360000000001,4714.460000000001,-0.0333333333334546,0.0033333333333333335,sl,0.0,False
2026-05-12,-1,ifvg,,4714.285,4714.415434782609,-0.04347826086965749,0.0033333333333333335,sl,0.0,False
2026-05-12,1,ifvg,,4714.727,4714.615,-0.037333333333360016,0.0033333333333333335,inv,0.0,False
2026-05-12,1,ifvg,,4715.0650000000005,4714.615,-0.15000000000024255,0.0033333333333333335,inv,0.0,False
2026-05-12,1,ifvg,,4715.495,4714.615,-0.29333333333336975,0.0033333333333333335,inv,0.0,False
2026-05-12,-1,inv,,4714.995,4715.515,-0.5200000000004366,0.01,inv,2.0,True
2026-05-12,-1,ifvg,,4710.498,4710.598,-0.0333333333334546,0.0033333333333333335,sl,0.0,False
2026-05-12,-1,ifvg,,4710.4465,4710.5465,-0.0333333333334546,0.0033333333333333335,sl,0.0,False
2026-05-12,-1,ifvg,,4710.395,4710.495000000001,-0.0333333333334546,0.0033333333333333335,sl,0.0,False
2026-05-12,1,inv,,4720.145,4720.514999999999,0.36999999999898137,0.01,inv,0.0,True
2026-05-12,-1,ifvg,,4720.535,4721.185,-0.21666666666684858,0.0033333333333333335,inv,13.0,False
2026-05-12,-1,ifvg,,4720.715,4721.185,-0.15666666666675155,0.0033333333333333335,inv,1.0,False
2026-05-12,-1,ifvg,,4721.165,4721.185,-0.006666666666812186,0.0033333333333333335,inv,0.0,False
2026-05-12,-1,ifvg,,4716.605,4716.179817518248,0.14172749391733913,0.0033333333333333335,tp,4.0,False
2026-05-12,-1,ifvg,,4716.705,4716.858,-0.051000000000082465,0.0033333333333333335,inv,13.0,False
2026-05-12,-1,ifvg,,4716.838,4716.858,-0.006666666666812186,0.0033333333333333335,inv,0.0,False
2026-05-12,-1,fvg,,4717.285,4715.64925061425,0.5452497952498258,0.0033333333333333335,tp,30.0,False
2026-05-12,-1,fvg,,4718.575,4718.9384998635,-0.12116662116659427,0.0033333333333333335,sl,0.0,False
2026-06-05,1,ifvg,,4435.965,4435.945,-0.006666666666812186,0.0033333333333333335,inv,0.0,False
2026-06-05,1,ifvg,,4436.030000000001,4435.945,-0.02833333333364863,0.0033333333333333335,inv,0.0,False
2026-06-05,1,ifvg,,4436.095,4435.945,-0.0500000000001819,0.0033333333333333335,inv,0.0,False
2026-06-05,1,ifvg,,4470.465,4470.365,-0.0333333333334546,0.0033333333333333335,sl,0.0,False
2026-06-05,1,ifvg,,4470.57,4470.469999999999,-0.0333333333334546,0.0033333333333333335,sl,0.0,False
2026-06-05,1,ifvg,,4470.695,4470.495,-0.06666666666660603,0.0033333333333333335,sl,0.0,False
2026-06-05,1,ifvg,,4469.935,4469.835,-0.0333333333334546,0.0033333333333333335,sl,0.0,False
2026-06-05,1,ifvg,,4470.075000000001,4469.965625000001,-0.036458333333333336,0.0033333333333333335,sl,0.0,False
2026-06-05,1,ifvg,,4470.215,4469.99625,-0.07291666666666667,0.0033333333333333335,sl,0.0,False
2026-06-05,-1,ifvg,,4462.785,4462.41,0.125,0.0033333333333333335,tp,1.0,False
2026-06-05,-1,ifvg,,4462.535,4462.868333333333,-0.11111111111101006,0.0033333333333333335,sl,13.0,False
2026-06-05,-1,ifvg,,4463.015,4463.115000000001,-0.0333333333334546,0.0033333333333333335,sl,0.0,False
2026-06-05,-1,fvg,,4463.728,4464.319336330201,-0.19711211006688245,0.0033333333333333335,sl,41.0,False
2026-06-05,-1,fvg,,4463.958,4464.2536681651,-0.09855605503344123,0.0033333333333333335,sl,0.0,False
2026-06-05,-1,fvg,,4465.175,4464.95,0.07500000000012128,0.0033333333333333335,tp,0.0,False
2026-06-05,1,ifvg,,4416.625,4416.384999999999,-0.08000000000023041,0.0033333333333333335,inv,0.0,False
2026-06-05,1,ifvg,,4416.625,4416.384999999999,-0.08000000000023041,0.0033333333333333335,inv,0.0,False
2026-06-05,1,ifvg,,4416.735,4416.384999999999,-0.11666666666678793,0.0033333333333333335,inv,0.0,False
2026-06-05,-1,inv,,4416.755,4416.755,0.0,0.01,inv,0.0,True
2026-06-05,-1,ifvg,,4417.515,4417.615000000001,-0.0333333333334546,0.0033333333333333335,sl,0.0,False
2026-06-05,-1,ifvg,,4417.325000000001,4417.462681159421,-0.04589371980667541,0.0033333333333333335,sl,0.0,False
2026-06-05,-1,ifvg,,4417.135,4417.410362318841,-0.091787439613654,0.0033333333333333335,sl,0.0,False
2026-06-05,1,ifvg,,4419.645,4419.625,-0.006666666666812186,0.0033333333333333335,inv,0.0,False
2026-06-05,1,ifvg,,4419.870000000001,4419.625,-0.08166666666693347,0.0033333333333333335,inv,0.0,False
2026-06-05,1,ifvg,,4420.095,4419.625,-0.15666666666675155,0.0033333333333333335,inv,0.0,False
2026-06-05,-1,inv,,4419.625,4418.8150000000005,0.8099999999994907,0.01,tp,1.0,True
2026-06-05,-1,fvg,,4408.375,4408.930555555556,-0.1851851851852189,0.0033333333333333335,sl,4.0,False
2026-06-05,-1,fvg,,4408.475,4408.752777777778,-0.09259259259245786,0.0033333333333333335,sl,0.0,False
2026-06-05,-1,ifvg,,4390.525,4390.625,-0.0333333333334546,0.0033333333333333335,sl,0.0,False
2026-06-05,-1,ifvg,,4390.24,4390.48358974359,-0.08119658119661229,0.0033333333333333335,sl,0.0,False
2026-06-05,-1,ifvg,,4389.765,4390.25217948718,-0.16239316239322457,0.0033333333333333335,sl,0.0,False
2026-06-05,-1,fvg,,4369.695,4367.995122249388,0.5666259168704831,0.0033333333333333335,tp,12.0,False
2026-06-05,-1,fvg,,4370.805,4371.182750611248,-0.12591687041579766,0.0033333333333333335,sl,0.0,False
2026-06-05,-1,fvg,,4365.265,4365.602748344371,-0.11258278145699781,0.0033333333333333335,sl,0.0,False
2026-06-05,-1,fvg,,4365.52,4365.140033112584,0.1266556291387436,0.0033333333333333335,tp,2.0,False
2026-06-05,-1,ifvg,,4360.16,4360.386775956284,-0.07559198542791516,0.0033333333333333335,sl,0.0,False
2026-06-05,-1,ifvg,,4359.745,4360.198551912568,-0.1511839708561335,0.0033333333333333335,sl,0.0,False
2026-06-05,-1,ifvg,,4360.575,4360.349999999999,0.07500000000012128,0.0033333333333333335,tp,1.0,False
2026-06-05,-1,fvg,,4361.685,4362.018333333333,-0.11111111111101006,0.0033333333333333335,sl,0.0,False
2026-06-05,-1,fvg,,4361.935,4361.56,0.125,0.0033333333333333335,tp,1.0,False
2026-06-05,-1,fvg,,4356.93,4356.157664576803,0.25744514106584876,0.0033333333333333335,tp,0.0,False
2026-06-05,-1,fvg,,4355.835,4356.521520376175,-0.22884012539179824,0.0033333333333333335,sl,0.0,False
2026-06-05,1,ifvg,,4351.455,4350.8949999999995,-0.18666666666680007,0.0033333333333333335,inv,0.0,False
2026-06-05,1,ifvg,,4351.455,4350.8949999999995,-0.18666666666680007,0.0033333333333333335,inv,0.0,False
2026-06-05,1,ifvg,,4351.455,4350.8949999999995,-0.18666666666680007,0.0033333333333333335,inv,0.0,False
2026-06-05,-1,inv,,4350.975,4351.345,-0.36999999999989086,0.01,inv,3.0,True
2026-06-05,-1,fvg,,4347.325,4348.0762437810945,-0.25041459369822405,0.0033333333333333335,sl,0.0,False
2026-06-05,-1,fvg,,4348.655,4349.030621890547,-0.12520729684911203,0.0033333333333333335,sl,0.0,False
2026-06-05,1,ifvg,,4331.42,4330.615,-0.26833333333343035,0.0033333333333333335,inv,1.0,False
2026-06-05,1,ifvg,,4332.205,4330.615,-0.5300000000000485,0.0033333333333333335,inv,1.0,False
2026-06-05,1,ifvg,,4330.755,4330.615,-0.04666666666677581,0.0033333333333333335,inv,0.0,False
2026-06-05,-1,inv,,4330.755,4332.225,-1.4700000000002547,0.01,inv,95.0,True
2026-06-05,1,ifvg,,4328.435,4328.415,-0.006666666666812186,0.0033333333333333335,inv,0.0,False
2026-06-05,1,ifvg,,4328.525,4328.415,-0.03666666666655753,0.0033333333333333335,inv,0.0,False
2026-06-05,1,ifvg,,4328.615,4328.415,-0.06666666666660603,0.0033333333333333335,inv,0.0,False
2026-06-05,-1,ifvg,,4337.205,4336.98,0.07500000000012128,0.0033333333333333335,tp,1.0,False
2026-06-05,-1,ifvg,,4336.475,4337.255,-0.25999999999991513,0.0033333333333333335,inv,2.0,False
2026-06-05,-1,ifvg,,4335.715,4337.255,-0.5133333333333212,0.0033333333333333335,inv,2.0,False
2026-06-05,1,inv,,4337.105,4339.8409999999985,2.735999999998967,0.01,tp,8.0,True
2026-06-05,-1,fvg,,4342.625,4341.540803108808,0.36139896373060765,0.0033333333333333335,tp,20.0,False
2026-06-05,-1,fvg,,4343.09,4343.330932642487,-0.08031088082892288,0.0033333333333333335,sl,0.0,False
2026-06-05,1,fvg,,4341.405,4340.9574861878455,-0.14917127071809472,0.0033333333333333335,sl,9.0,False
2026-06-05,1,fvg,,4341.075,4341.578453038674,0.16781767955793234,0.0033333333333333335,tp,10.0,False
2026-06-05,1,fvg,,4340.868,4340.768,-0.0333333333334546,0.0033333333333333335,sl,0.0,False
2026-06-05,1,ifvg,,4319.105,4319.004999999999,-0.0333333333334546,0.0033333333333333335,inv,4.0,False
2026-06-05,1,ifvg,,4319.105,4319.004999999999,-0.0333333333334546,0.0033333333333333335,inv,4.0,False
2026-06-05,1,ifvg,,4319.145,4319.004999999999,-0.04666666666707897,0.0033333333333333335,inv,4.0,False
2026-06-05,1,fvg,,4314.195,4315.113639053254,0.3062130177513609,0.0033333333333333335,tp,15.0,False
2026-06-05,1,fvg,,4313.945,4314.404319526628,0.15310650887598362,0.0033333333333333335,tp,25.0,False
2026-06-05,1,fvg,,4321.795,4323.2023033707865,0.46910112359546474,0.0033333333333333335,tp,257.0,False
2026-06-05,1,fvg,,4321.365,4321.052265917603,-0.10424469413222445,0.0033333333333333335,sl,0.0,False
2026-06-05,1,fvg,,4325.478,4326.339111111111,0.2870370370371044,0.0033333333333333335,tp,11.0,False
2026-06-24,-1,ifvg,,4103.475,4103.010714285716,0.15476190476147167,0.0033333333333333335,tp,0.0,False
2026-06-24,-1,ifvg,,4103.425,4103.755,-0.10999999999997577,0.0033333333333333335,inv,0.0,False
2026-06-24,-1,ifvg,,4103.425,4103.755,-0.10999999999997577,0.0033333333333333335,inv,0.0,False
2026-06-24,-1,ifvg,,4096.66,4096.035,0.20833333333333334,0.0033333333333333335,tp,6.0,False
2026-06-24,1,inv,,4096.855,4096.014999999999,-0.8400000000001455,0.01,inv,5.0,True
2026-06-24,-1,ifvg,,4096.035,4094.785,0.4166666666666667,0.0033333333333333335,tp,39.0,False
2026-06-24,-1,ifvg,,4097.285,4097.305,-0.006666666666812186,0.0033333333333333335,inv,0.0,False
2026-06-24,1,ifvg,,4099.945,4099.844999999999,-0.0333333333334546,0.0033333333333333335,sl,0.0,False
2026-06-24,1,ifvg,,4100.16,4099.933224043716,-0.07559198542791516,0.0033333333333333335,sl,0.0,False
2026-06-24,1,ifvg,,4100.575,4100.121448087431,-0.1511839708561335,0.0033333333333333335,sl,0.0,False
2026-06-24,1,ifvg,,4069.305,4069.205,-0.03333333333330302,0.0033333333333333335,sl,0.0,False
2026-06-24,1,ifvg,,4070.27,4069.92873015873,-0.11375661375662578,0.0033333333333333335,sl,0.0,False
2026-06-24,1,ifvg,,4071.345,4070.66246031746,-0.22751322751325156,0.0033333333333333335,sl,0.0,False
2026-06-24,-1,ifvg,,4071.385,4072.225,-0.27999999999989694,0.0033333333333333335,inv,3.0,False
2026-06-24,-1,ifvg,,4072.205,4072.225,-0.006666666666660603,0.0033333333333333335,inv,0.0,False
2026-06-24,-1,ifvg,,4072.105,4072.225,-0.03999999999996362,0.0033333333333333335,inv,0.0,False
2026-06-24,1,ifvg,,4090.975,4090.875,-0.03333333333330302,0.0033333333333333335,sl,0.0,False
2026-06-24,1,ifvg,,4092.29,4091.927741046832,-0.12075298438927955,0.0033333333333333335,sl,0.0,False
2026-06-24,1,ifvg,,4093.605,4092.880482093664,-0.2415059687787107,0.0033333333333333335,sl,0.0,False
2026-06-24,1,ifvg,,4088.2650000000003,4087.9805172413794,-0.09482758620697496,0.0033333333333333335,sl,0.0,False
2026-06-24,1,ifvg,,4088.925,4088.356034482759,-0.18965517241379834,0.0033333333333333335,sl,0.0,False
2026-06-24,1,ifvg,,4087.655,4087.5550000000003,-0.03333333333330302,0.0033333333333333335,sl,0.0,False
2026-06-24,1,ifvg,,4086.895,4086.785625,-0.036458333333333336,0.0033333333333333335,sl,0.0,False
2026-06-24,1,ifvg,,4087.035,4086.81625,-0.07291666666666667,0.0033333333333333335,sl,0.0,False
2026-06-24,1,ifvg,,4086.805,4087.0299999999997,0.07499999999996969,0.0033333333333333335,tp,6.0,False
2026-06-24,1,ifvg,,4085.84,4085.7400000000002,-0.03333333333330302,0.0033333333333333335,sl,2.0,False
2026-06-24,1,ifvg,,4085.935,4085.7753361344535,-0.05322128851548769,0.0033333333333333335,sl,2.0,False
2026-06-24,1,ifvg,,4085.785,4085.685,-0.03333333333330302,0.0033333333333333335,sl,0.0,False
2026-06-24,1,ifvg,,4078.505,4078.485,-0.006666666666660603,0.0033333333333333335,inv,0.0,False
2026-06-24,1,ifvg,,4078.56,4078.485,-0.024999999999939366,0.0033333333333333335,inv,0.0,False
2026-06-24,1,ifvg,,4078.615,4078.485,-0.043333333333218135,0.0033333333333333335,inv,0.0,False
2026-06-24,1,ifvg,,4083.528,4083.240758374911,-0.09574720836296062,0.0033333333333333335,sl,0.0,False
2026-06-24,1,ifvg,,4083.3265,4083.1828791874555,-0.047873604181556104,0.0033333333333333335,sl,1.0,False
2026-06-24,1,ifvg,,4083.155,4083.0550000000003,-0.03333333333330302,0.0033333333333333335,sl,0.0,False
2026-06-24,1,ifvg,,4076.1899999999996,4076.055,-0.04499999999992118,0.0033333333333333335,inv,1.0,False
2026-06-24,1,ifvg,,4076.305,4076.055,-0.08333333333333334,0.0033333333333333335,inv,1.0,False
2026-06-24,1,ifvg,,4076.125,4076.055,-0.023333333333387905,0.0033333333333333335,inv,0.0,False
2026-06-24,1,fvg,,4075.125,4074.4783568904595,-0.21554770318016384,0.0033333333333333335,sl,7.0,False
2026-06-24,1,fvg,,4074.435,4074.1116784452297,-0.10777385159008192,0.0033333333333333335,sl,1.0,False
2026-06-24,1,fvg,,4073.295,4073.52,0.07499999999996969,0.0033333333333333335,tp,26.0,False
2026-06-24,-1,ifvg,,4067.315,4067.415,-0.03333333333330302,0.0033333333333333335,sl,0.0,False
2026-06-24,-1,ifvg,,4067.025,4067.2085443037977,-0.061181434599196415,0.0033333333333333335,sl,0.0,False
2026-06-24,-1,ifvg,,4066.735,4067.102088607595,-0.12236286919824126,0.0033333333333333335,sl,0.0,False
2026-06-24,-1,fvg,,4065.955,4066.380287356322,-0.14176245210728666,0.0033333333333333335,sl,21.0,False
2026-06-24,-1,fvg,,4066.105,4066.317643678161,-0.07088122605364333,0.0033333333333333335,sl,0.0,False
2026-06-24,-1,fvg,,4066.565,4066.665,-0.03333333333330302,0.0033333333333333335,sl,0.0,False
2026-06-24,-1,ifvg,,4046.025,4046.045,-0.006666666666660603,0.0033333333333333335,inv,0.0,False
2026-06-24,-1,ifvg,,4045.6800000000003,4046.045,-0.12166666666659391,0.0033333333333333335,inv,0.0,False
2026-06-24,-1,ifvg,,4045.335,4046.045,-0.23666666666667882,0.0033333333333333335,inv,0.0,False
2026-06-24,1,inv,,4046.765,4045.315,-1.449999999999818,0.01,inv,19.0,True
2026-06-24,-1,fvg,,4048.135,4048.6519082125606,-0.17230273752011274,0.0033333333333333335,sl,0.0,False
2026-06-24,1,ifvg,,4041.595,4041.465,-0.043333333333218135,0.0033333333333333335,inv,0.0,False
2026-06-24,1,ifvg,,4042.01,4041.465,-0.18166666666669093,0.0033333333333333335,inv,0.0,False
2026-06-24,1,ifvg,,4042.535,4041.465,-0.35666666666656965,0.0033333333333333335,inv,0.0,False
2026-06-24,-1,inv,,4041.975,4042.555,-0.5799999999999272,0.01,inv,22.0,True
2026-06-24,-1,fvg,,4044.3450000000003,4044.5325000000003,-0.0625,0.0033333333333333335,sl,0.0,False
2026-06-24,-1,fvg,,4044.045,4044.42,-0.125,0.0033333333333333335,sl,0.0,False
2026-06-24,-1,ifvg,,4039.515,4039.615,-0.03333333333330302,0.0033333333333333335,sl,0.0,False
2026-06-24,-1,ifvg,,4038.9449999999997,4039.2135185185184,-0.08950617283956794,0.0033333333333333335,sl,0.0,False
2026-06-24,-1,ifvg,,4038.365,4038.9020370370367,-0.1790123456789843,0.0033333333333333335,sl,0.0,False
2026-06-24,1,ifvg,,4026.475,4026.375,-0.03333333333330302,0.0033333333333333335,sl,0.0,False
2026-06-24,1,ifvg,,4026.76,4026.5784713375797,-0.0605095541401776,0.0033333333333333335,sl,0.0,False
2026-06-24,1,ifvg,,4027.045,4026.6819426751595,-0.12101910828020361,0.0033333333333333335,sl,0.0,False
2026-06-24,-1,fvg,,4033.965,4034.120172413793,-0.05172413793100836,0.0033333333333333335,sl,0.0,False
2026-06-24,-1,fvg,,4033.965,4034.2753448275867,-0.10344827586216829,0.0033333333333333335,sl,0.0,False
2026-06-24,-1,ifvg,,4030.815,4031.545,-0.2433333333333394,0.0033333333333333335,inv,11.0,False
2026-06-24,-1,ifvg,,4030.105,4031.545,-0.48000000000001825,0.0033333333333333335,inv,11.0,False
2026-06-24,-1,ifvg,,4030.965,4031.545,-0.1933333333333091,0.0033333333333333335,inv,0.0,False
2026-06-24,1,inv,,4031.005,4030.085,-0.9200000000000729,0.01,inv,22.0,True
2026-06-24,-1,fvg,,4021.195,4019.3841957837208,0.6036014054264646,0.0033333333333333335,tp,16.0,False
2026-06-24,-1,ifvg,,3974.8050000000003,3975.083761061947,-0.09292035398220833,0.0033333333333333335,sl,0.0,False
2026-06-24,-1,ifvg,,3974.175,3974.732522123894,-0.18584070796456825,0.0033333333333333335,sl,0.0,False
2026-06-24,-1,ifvg,,3975.095,3975.1949999999997,-0.03333333333330302,0.0033333333333333335,sl,0.0,False
2026-06-24,1,ifvg,,3978.085,3978.065,-0.006666666666660603,0.0033333333333333335,inv,0.0,False
2026-06-24,1,ifvg,,3978.1549999999997,3978.065,-0.02999999999989693,0.0033333333333333335,inv,0.0,False
2026-06-24,1,ifvg,,3978.225,3978.065,-0.05333333333328483,0.0033333333333333335,inv,0.0,False
2026-06-24,-1,ifvg,,3990.338,3990.358,-0.006666666666660603,0.0033333333333333335,inv,0.0,False
2026-06-24,-1,ifvg,,3990.2215,3990.358,-0.04550000000002304,0.0033333333333333335,inv,0.0,False
2026-06-24,-1,ifvg,,3990.105,3990.358,-0.08433333333338548,0.0033333333333333335,inv,0.0,False
2026-06-24,1,ifvg,,3976.915,3976.285,-0.21000000000003638,0.0033333333333333335,inv,4.0,False
2026-06-24,1,ifvg,,3977.525,3976.285,-0.4133333333334122,0.0033333333333333335,inv,4.0,False
2026-06-24,1,ifvg,,3976.315,3976.285,-0.010000000000066697,0.0033333333333333335,inv,2.0,False
2026-06-24,-1,inv,,3976.455,3974.2589999999996,2.1960000000003674,0.01,tp,64.0,True
2026-06-24,-1,ifvg,,3979.635,3979.755,-0.03999999999996362,0.0033333333333333335,inv,0.0,False
2026-06-24,-1,ifvg,,3979.635,3979.755,-0.03999999999996362,0.0033333333333333335,inv,0.0,False
2026-06-24,-1,ifvg,,3979.575,3979.755,-0.06000000000009702,0.0033333333333333335,inv,0.0,False
2026-06-24,1,fvg,,3981.465,3981.032859170926,-0.1440469430247807,0.0033333333333333335,sl,6.0,False
2026-06-24,1,fvg,,3981.0845,3981.570658432708,0.1620528109027267,0.0033333333333333335,tp,4.0,False
2026-06-24,1,fvg,,3980.704,3980.929,0.07499999999996969,0.0033333333333333335,tp,0.0,False
2026-06-24,-1,ifvg,,3985.625,3985.4,0.07499999999996969,0.0033333333333333335,tp,0.0,False
2026-06-24,-1,ifvg,,3985.4300000000003,3985.1143525179864,0.10521582733796701,0.0033333333333333335,tp,1.0,False
2026-06-24,1,inv,,3985.215,3985.215,0.0,0.01,inv,0.0,True
2026-06-24,-1,ifvg,,3985.235,3984.6037050359714,0.2104316546762372,0.0033333333333333335,tp,10.0,False
2026-06-24,1,fvg,,3984.575,3986.121875,0.515625,0.0033333333333333335,tp,6.0,False
2026-06-24,1,ifvg,,3990.725,3990.5583333333334,-0.05555555555550503,0.0033333333333333335,sl,0.0,False
2026-06-24,1,ifvg,,3990.975,3990.6416666666664,-0.11111111111116166,0.0033333333333333335,sl,0.0,False
2026-06-24,1,ifvg,,3990.705,3990.605,-0.03333333333330302,0.0033333333333333335,sl,0.0,False
2026-06-24,1,ifvg,,4007.295,4007.1283333333336,-0.05555555555550503,0.0033333333333333335,sl,2.0,False
2026-06-24,1,ifvg,,4007.085,4006.985,-0.03333333333330302,0.0033333333333333335,sl,0.0,False
2026-06-24,1,ifvg,,4007.105,4007.005,-0.03333333333330302,0.0033333333333333335,sl,0.0,False
2026-06-24,-1,fvg,,4006.015,4006.405243902439,-0.13008130081304142,0.0033333333333333335,sl,0.0,False
2026-06-24,-1,fvg,,4006.335,4005.895975609756,0.14634146341465265,0.0033333333333333335,tp,4.0,False
2026-06-24,1,fvg,,3993.595,3992.9450175008747,-0.2166608330417148,0.0033333333333333335,sl,0.0,False
2026-06-24,1,fvg,,3992.775,3992.4500087504375,-0.1083304165208574,0.0033333333333333335,sl,0.0,False
2026-06-24,1,fvg,,3991.845,3991.745,-0.03333333333330302,0.0033333333333333335,sl,0.0,False
2026-06-24,1,fvg,,3997.355,3996.654401197605,-0.2335329341317447,0.0033333333333333335,sl,2.0,False
2026-06-24,1,fvg,,3996.345,3997.1331736526945,0.26272455089823177,0.0033333333333333335,tp,61.0,False
2026-06-24,-1,fvg,,4006.015,4006.115,-0.03333333333330302,0.0033333333333333335,sl,0.0,False
2026-06-24,1,fvg,,4011.825,4013.6158163265304,0.596938775510201,0.0033333333333333335,tp,32.0,False
2026-06-24,1,ifvg,,4016.225,4016.125,-0.03333333333330302,0.0033333333333333335,sl,0.0,False
2026-06-24,1,ifvg,,4016.6099999999997,4016.37455026455,-0.07848324514983082,0.0033333333333333335,sl,0.0,False
2026-06-24,1,ifvg,,4017.055,4016.5841005291004,-0.15696649029981322,0.0033333333333333335,sl,0.0,False
2026-06-24,-1,ifvg,,4013.835,4014.725,-0.2966666666666242,0.0033333333333333335,inv,1.0,False
2026-06-24,-1,ifvg,,4013.835,4014.725,-0.2966666666666242,0.0033333333333333335,inv,1.0,False
2026-06-24,-1,ifvg,,4014.345,4014.725,-0.12666666666670304,0.0033333333333333335,inv,0.0,False
2026-06-24,1,fvg,,4010.635,4010.237040816327,-0.13265306122442175,0.0033333333333333335,sl,0.0,False
2026-06-24,-1,fvg,,4012.71,4013.022734082397,-0.10424469413237603,0.0033333333333333335,sl,0.0,False
2026-06-24,-1,fvg,,4011.875,4012.500468164794,-0.20848938826460048,0.0033333333333333335,sl,0.0,False
