config,day,n_trades,pnl_total,ev_per_trade,avg_hold_sec,p25_hold_sec,p50_hold_sec,p75_hold_sec,p90_hold_sec,p95_hold_sec,n_fvg,n_ifvg,n_orb,n_wyckoff,n_sweep,n_inv,n_fills,n_signals_emitted,n_soft_stops,error
BASELINE,2024-06-07,115,-3.872094365151497,-0.03367038578392606,21.14782608695652,0.0,0.0,6.5,27.200000000000017,103.79999999999995,33,82,0,0,0,0,115,46,39,
BASELINE,2024-06-12,68,-1.8914684346709691,-0.027815712274573075,22.735294117647058,0.0,0.0,10.25,29.400000000000034,118.99999999999991,20,48,0,0,0,0,68,26,15,
BASELINE,2024-06-13,49,-2.4444031013769445,-0.04988577757912132,42.795918367346935,0.0,4.0,16.0,57.400000000000006,113.59999999999982,8,41,0,0,0,0,49,18,15,
BASELINE,2024-06-14,67,-1.3114019031883497,-0.019573162734154475,22.98507462686567,0.0,1.0,14.5,46.8,116.59999999999988,22,45,0,0,0,0,67,26,23,
BASELINE,2024-06-19,19,-0.5816304531676906,-0.030612129114088976,30.473684210526315,3.5,19.0,46.0,80.79999999999998,96.29999999999991,10,9,0,0,0,0,19,7,3,
BASELINE,2024-07-04,36,-0.4451587653852584,-0.012365521260701623,66.19444444444444,0.0,8.5,44.25,153.0,221.25,9,27,0,0,0,0,36,13,13,
BASELINE,2024-07-08,77,-0.474575131514636,-0.0061633133962939735,51.76623376623377,0.0,6.0,16.0,120.20000000000024,227.4000000000001,32,45,0,0,0,0,77,30,23,
BASELINE,2024-07-12,63,-1.3836859789901914,-0.021963269507780814,100.15873015873017,0.0,0.0,3.0,185.80000000000052,308.29999999999995,15,48,0,0,0,0,63,24,18,
BASELINE,2024-07-17,51,-1.8432400931777315,-0.03614196261132807,21.862745098039216,0.0,1.0,8.0,28.0,78.0,17,34,0,0,0,0,51,20,24,
BASELINE,2024-07-22,57,0.062228234414305916,0.0010917234107772967,49.280701754385966,0.0,3.0,35.0,128.8,322.7999999999999,21,36,0,0,0,0,57,22,15,
BASELINE,2024-07-30,52,-0.8465883396311257,-0.01628054499290626,25.76923076923077,0.0,3.0,27.25,95.19999999999996,153.8999999999998,20,32,0,0,0,0,52,20,12,
BASELINE,2024-08-01,48,-1.6702456947343003,-0.03479678530696459,21.208333333333332,0.0,2.0,11.75,55.20000000000006,91.94999999999999,15,33,0,0,0,0,48,18,20,
BASELINE,2024-08-05,113,-2.219968515987148,-0.019645739079532282,10.893805309734514,0.0,1.0,5.0,20.799999999999997,50.59999999999984,28,85,0,0,0,0,113,45,33,
BASELINE,2024-08-21,43,-0.41002050801049933,-0.009535360651406961,44.25581395348837,0.0,3.0,18.5,96.6000000000001,260.0999999999998,8,35,0,0,0,0,43,18,16,
BASELINE,2024-08-28,51,-0.77490736998728,-0.015194262156613333,26.07843137254902,0.0,0.0,11.0,44.0,75.5,15,36,0,0,0,0,51,20,21,
BASELINE,2024-09-24,52,0.3723672346676117,0.007160908358992532,25.134615384615383,0.0,0.0,10.75,41.599999999999994,152.2499999999999,16,36,0,0,0,0,52,23,22,
BASELINE,2024-09-30,88,-1.4003111352673538,-0.01591262653712902,54.17045454545455,0.0,3.0,25.75,106.79999999999998,291.04999999999916,34,54,0,0,0,0,88,34,34,
BASELINE,2024-10-01,68,-1.8043249767720229,-0.02653419083488269,60.661764705882355,0.0,3.0,25.0,144.90000000000018,346.8499999999998,15,53,0,0,0,0,68,27,26,
BASELINE,2024-10-04,52,-1.66316774558436,-0.03198399510739154,17.26923076923077,0.0,0.0,7.0,30.599999999999994,96.1499999999998,16,36,0,0,0,0,52,20,9,
BASELINE,2024-10-10,31,0.48870723215350154,0.0157647494243065,64.19354838709677,1.0,21.0,50.0,92.0,256.0,11,20,0,0,0,0,31,14,11,
BASELINE,2024-10-15,61,-1.6877779716375396,-0.027668491338320323,22.42622950819672,0.0,1.0,9.0,59.0,156.0,16,45,0,0,0,0,61,24,17,
BASELINE,2024-10-18,71,-1.2097833070080621,-0.017039201507155804,14.76056338028169,0.0,2.0,14.5,49.0,78.0,12,59,0,0,0,0,71,25,17,
BASELINE,2024-10-22,66,-2.2961068044793747,-0.034789497037566286,15.121212121212121,0.0,1.0,5.5,31.0,49.0,9,57,0,0,0,0,66,24,22,
BASELINE,2024-11-13,48,-1.8453643210268638,-0.03844509002139299,19.458333333333332,0.0,1.5,12.0,64.60000000000005,86.94999999999999,18,30,0,0,0,0,48,19,22,
BASELINE,2024-11-28,81,-2.3427829078944646,-0.02892324577647487,26.839506172839506,0.0,0.0,25.0,64.0,172.0,15,66,0,0,0,0,81,31,42,
BASELINE,2024-12-02,70,-0.9337885953785493,-0.01333983707683642,76.57142857142857,0.0,3.0,15.0,42.70000000000004,82.0,21,49,0,0,0,0,70,27,18,
BASELINE,2025-01-03,65,-1.8111150199677772,-0.027863307999504264,13.461538461538462,0.0,0.0,8.0,22.20000000000001,55.79999999999994,14,51,0,0,0,0,65,24,27,
BASELINE,2025-01-08,36,-0.49134559548277446,-0.013648488763410401,26.61111111111111,0.0,1.0,28.25,77.0,132.25,6,30,0,0,0,0,36,14,13,
BASELINE,2025-01-15,53,-1.9100908490521156,-0.03603944998211539,20.71698113207547,0.0,0.0,8.0,47.800000000000004,58.59999999999999,23,30,0,0,0,0,53,21,15,
BASELINE,2025-01-22,46,-0.11136463956199802,-0.0024209704252608267,97.17391304347827,0.0,1.0,14.0,33.0,70.0,10,36,0,0,0,0,46,18,13,
BASELINE,2025-01-29,49,-3.1579381830996076,-0.06444771802244097,47.36734693877551,0.0,1.0,5.0,42.800000000000026,64.6,7,42,0,0,0,0,49,18,33,
BASELINE,2025-01-31,57,-1.88638866169246,-0.033094537924429124,7.43859649122807,0.0,0.0,1.0,11.799999999999997,17.399999999999906,12,45,0,0,0,0,57,20,21,
BASELINE,2025-02-21,34,0.5048376636386821,0.014848166577608297,15.529411764705882,0.0,1.5,9.75,30.999999999999993,48.84999999999998,13,21,0,0,0,0,34,15,12,
BASELINE,2025-03-11,41,0.14684586898359445,0.0035816065605754743,26.24390243902439,0.0,3.0,22.0,70.0,140.0,9,32,0,0,0,0,41,17,26,
BASELINE,2025-03-19,57,-0.8000801077578217,-0.014036493118558275,19.50877192982456,0.0,6.0,20.0,44.0,66.19999999999999,9,48,0,0,0,0,57,21,27,
BASELINE,2025-03-26,46,-0.14678367051707625,-0.003190949359066875,33.82608695652174,0.0,1.0,23.5,81.5,104.0,14,32,0,0,0,0,46,18,12,
BASELINE,2025-03-31,67,-3.144216861485954,-0.04692860987292469,8.940298507462687,0.0,0.0,1.0,21.599999999999987,50.69999999999995,13,54,0,0,0,0,67,24,30,
BASELINE,2025-04-10,85,-6.144415279144748,-0.0722872385781735,3.623529411764706,0.0,0.0,1.0,4.6000000000000085,8.599999999999994,23,62,0,0,0,0,85,33,39,
BASELINE,2025-05-09,74,-2.8149055416544493,-0.03803926407641148,13.108108108108109,0.0,0.0,5.0,24.500000000000014,42.19999999999993,23,51,0,0,0,0,74,29,25,
BASELINE,2025-05-13,59,-4.334412226730214,-0.0734646140123765,9.966101694915254,0.0,0.0,1.0,21.000000000000014,75.1,11,48,0,0,0,0,59,22,24,
BASELINE,2025-05-30,57,-2.7980234390151963,-0.049088130509038534,9.087719298245615,0.0,0.0,6.0,24.39999999999999,51.999999999999936,12,45,0,0,0,0,57,22,20,
BASELINE,2025-06-18,52,-3.164670484708192,-0.06085904778284985,2.826923076923077,0.0,0.0,3.0,11.0,13.449999999999996,7,45,0,0,0,0,52,20,15,
BASELINE,2025-06-30,78,-1.270657685895458,-0.01629048315250587,27.397435897435898,0.0,1.5,12.0,60.99999999999994,145.24999999999955,33,45,0,0,0,0,78,30,21,
BASELINE,2025-07-08,76,-2.3973856266719245,-0.031544547719367426,13.539473684210526,0.0,0.0,4.75,29.5,87.75,19,57,0,0,0,0,76,27,29,
BASELINE,2025-07-11,60,0.9627760703821575,0.016046267839702626,19.7,0.0,0.5,9.25,46.30000000000003,131.04999999999995,21,39,0,0,0,0,60,25,20,
BASELINE,2025-07-31,60,-1.7385724740385438,-0.028976207900642394,10.65,0.0,0.0,4.5,20.500000000000007,48.19999999999993,9,51,0,0,0,0,60,23,27,
BASELINE,2025-08-11,70,-3.83230353715832,-0.054747193387976,11.642857142857142,0.0,0.0,4.0,8.0,18.04999999999997,13,57,0,0,0,0,70,27,29,
BASELINE,2025-09-22,74,0.8157394826062048,0.01102350652170547,32.5,0.0,2.0,16.75,63.50000000000007,139.84999999999982,29,45,0,0,0,0,74,30,12,
BASELINE,2025-10-16,112,-8.716308216253614,-0.0778241805022644,2.2142857142857144,0.0,0.0,1.0,4.0,11.0,24,88,0,0,0,0,112,42,37,
BASELINE,2025-10-20,94,-4.71255761700407,-0.05013359167025607,6.638297872340425,0.0,0.0,3.0,7.0,23.69999999999999,19,75,0,0,0,0,94,37,46,
BASELINE,2025-10-28,100,-8.507159784683154,-0.08507159784683153,2.76,0.0,0.0,2.0,10.200000000000017,14.149999999999991,11,89,0,0,0,0,100,39,37,
BASELINE,2025-11-06,72,-3.4731770460472644,-0.04823857008398978,10.01388888888889,0.0,0.0,5.25,19.799999999999997,34.95000000000003,21,51,0,0,0,0,72,27,23,
BASELINE,2025-11-11,63,-0.7066461105117317,-0.011216604928757645,13.365079365079366,0.0,0.0,8.0,28.000000000000043,61.8,15,48,0,0,0,0,63,28,30,
BASELINE,2025-11-13,69,-4.404907242077873,-0.06383923539243294,4.550724637681159,0.0,0.0,3.0,16.0,19.19999999999999,13,56,0,0,0,0,69,26,16,
BASELINE,2025-12-26,72,-4.526300461194296,-0.06286528418325411,2.5694444444444446,0.0,0.0,1.0,5.899999999999999,13.900000000000006,15,57,0,0,0,0,72,25,23,
BASELINE,2026-01-07,63,-2.61133426017265,-0.041449750161470636,10.507936507936508,0.0,0.0,1.5,33.000000000000064,62.89999999999997,12,51,0,0,0,0,63,24,29,
BASELINE,2026-01-08,75,-5.756581280006382,-0.07675441706675176,6.546666666666667,0.0,0.0,2.0,18.60000000000005,24.499999999999986,22,53,0,0,0,0,75,29,31,
BASELINE,2026-01-16,37,-6.418725886744748,-0.17347907802012832,11.108108108108109,0.0,0.0,5.0,22.99999999999995,50.79999999999994,10,27,0,0,0,0,37,15,14,
BASELINE,2026-01-22,129,-9.789895104529327,-0.07589065972503355,4.263565891472868,0.0,0.0,2.0,12.200000000000003,28.599999999999966,28,101,0,0,0,0,129,52,58,
BASELINE,2026-01-26,39,-4.516076005704539,-0.11579682065909075,0.3076923076923077,0.0,0.0,0.0,1.0,1.2000000000000028,6,33,0,0,0,0,39,15,15,
BASELINE,2026-02-02,98,-32.12951288781339,-0.32785217232462643,1.0510204081632653,0.0,0.0,0.0,1.2999999999999972,3.0,18,80,0,0,0,0,98,36,40,
BASELINE,2026-02-18,88,-3.7861899753179387,-0.043024886083158395,5.715909090909091,0.0,0.0,3.0,14.599999999999994,25.599999999999966,34,54,0,0,0,0,88,36,18,
BASELINE,2026-02-19,70,-5.422948175078091,-0.07747068821540129,1.2571428571428571,0.0,0.0,0.0,6.0,6.0,4,66,0,0,0,0,70,25,28,
BASELINE,2026-03-12,118,-8.761432862143618,-0.0742494310351154,5.194915254237288,0.0,0.0,1.0,8.0,14.249999999999872,24,94,0,0,0,0,118,44,46,
BASELINE,2026-03-17,46,-2.1412249818640703,-0.04654836917095805,7.173913043478261,0.0,0.0,4.75,13.0,24.75,13,33,0,0,0,0,46,17,6,
BASELINE,2026-03-18,123,-7.514715645650844,-0.06109524915163288,2.926829268292683,0.0,0.0,1.0,8.0,15.899999999999991,28,95,0,0,0,0,123,47,46,
BASELINE,2026-03-30,78,-12.346436248217287,-0.15828764420791394,2.128205128205128,0.0,0.0,1.75,5.599999999999994,12.0,12,66,0,0,0,0,78,28,34,
BASELINE,2026-04-01,86,-11.537101040609135,-0.1341523376815016,4.767441860465116,0.0,0.0,2.0,5.5,6.75,20,66,0,0,0,0,86,31,35,
BASELINE,2026-04-08,84,-10.276829532821164,-0.12234320872406149,1.0,0.0,0.0,0.0,3.4000000000000057,5.849999999999994,15,69,0,0,0,0,84,35,43,
BASELINE,2026-04-14,92,-6.536785876821341,-0.07105202040023197,6.021739130434782,0.0,0.0,3.0,20.900000000000006,28.35000000000001,32,60,0,0,0,0,92,33,27,
BASELINE,2026-04-29,83,-0.6839715682278135,-0.00824062130394956,13.975903614457831,0.0,0.0,8.0,32.39999999999998,79.69999999999989,29,54,0,0,0,0,83,36,22,
BASELINE,2026-05-07,77,-6.587706412601014,-0.0855546287350781,2.987012987012987,0.0,0.0,2.0,8.800000000000011,12.000000000000028,6,71,0,0,0,0,77,28,29,
BASELINE,2026-05-29,99,-5.16032082804971,-0.05212445280858293,7.202020202020202,0.0,0.0,2.0,12.0,40.499999999999915,30,69,0,0,0,0,99,39,24,
BASELINE,2026-06-01,95,-5.708853946352065,-0.06009319943528489,9.810526315789474,0.0,0.0,4.0,15.0,25.599999999999994,26,69,0,0,0,0,95,35,36,
BASELINE,2026-06-11,69,-5.890216254857023,-0.08536545296894237,1.1594202898550725,0.0,0.0,0.0,5.0,7.599999999999994,9,60,0,0,0,0,69,25,30,
BASELINE,2026-06-30,75,-1.0264915027002341,-0.013686553369336456,6.24,0.0,0.0,2.0,13.200000000000017,29.499999999999986,21,54,0,0,0,0,75,29,21,
BASELINE,2026-07-02,65,-2.2604188144890336,-0.034775674069062054,6.876923076923077,0.0,0.0,4.0,7.0,38.99999999999996,14,51,0,0,0,0,65,27,33,
BASELINE,2026-07-03,59,-2.6205609487612187,-0.0444162872671393,4.898305084745763,0.0,0.0,5.0,18.60000000000001,24.399999999999977,21,38,0,0,0,0,59,23,16,
BASELINE,2026-07-06,64,-1.317987646341559,-0.02059355697408686,18.25,0.0,0.0,3.0,25.400000000000006,94.8999999999997,7,57,0,0,0,0,64,25,28,
BASELINE,2026-07-13,90,-7.709466941586925,-0.08566074379541028,3.3777777777777778,0.0,0.0,1.0,5.0,13.199999999999989,15,75,0,0,0,0,90,34,36,
INV_TRADE_ON,2024-06-07,120,-3.3000943651500165,-0.027500786376250138,25.241666666666667,0.0,0.0,10.0,31.10000000000001,116.49999999999991,33,82,0,0,0,5,120,46,41,
INV_TRADE_ON,2024-06-12,70,-1.4240684346709713,-0.020343834781013877,22.32857142857143,0.0,0.0,13.25,27.80000000000001,112.99999999999983,20,48,0,0,0,2,70,26,16,
INV_TRADE_ON,2024-06-13,52,-4.74140310137697,-0.09118082887263404,122.07692307692308,0.75,4.5,20.5,91.39999999999995,219.14999999999912,8,41,0,0,0,3,52,18,18,
INV_TRADE_ON,2024-06-14,68,-0.4114019031882587,-0.006050027988062628,24.985294117647058,0.0,1.5,16.0,61.800000000000196,130.85,22,45,0,0,0,1,68,26,23,
INV_TRADE_ON,2024-06-19,19,-0.5816304531676906,-0.030612129114088976,30.473684210526315,3.5,19.0,46.0,80.79999999999998,96.29999999999991,10,9,0,0,0,0,19,7,3,
INV_TRADE_ON,2024-07-04,37,-0.8251587653853676,-0.022301588253658584,68.1891891891892,0.0,9.0,66.0,150.59999999999997,218.19999999999973,9,27,0,0,0,1,37,13,14,
INV_TRADE_ON,2024-07-08,81,0.892824868484998,0.01102252924055553,51.641975308641975,0.0,6.0,29.0,103.0,222.0,32,45,0,0,0,4,81,30,25,
INV_TRADE_ON,2024-07-12,67,1.6277140210096754,0.024294239119547395,99.0,0.0,0.0,13.0,171.5999999999999,304.8999999999999,15,48,0,0,0,4,67,24,18,
INV_TRADE_ON,2024-07-17,57,-1.505840093177388,-0.026418247248726108,28.63157894736842,0.0,1.0,12.0,53.19999999999997,154.79999999999998,17,34,0,0,0,6,57,20,27,
INV_TRADE_ON,2024-07-22,59,-0.627771765585294,-0.010640199416699898,49.559322033898304,0.0,3.0,50.0,128.4,320.89999999999986,21,36,0,0,0,2,59,22,17,
INV_TRADE_ON,2024-07-30,53,-0.9965883396312166,-0.018803553577947482,25.962264150943398,0.0,3.0,28.0,92.40000000000012,151.79999999999995,20,32,0,0,0,1,53,20,13,
INV_TRADE_ON,2024-08-01,51,-2.771245694734868,-0.05433815087715427,23.098039215686274,0.0,2.0,14.5,65.0,91.5,15,33,0,0,0,3,51,18,22,
INV_TRADE_ON,2024-08-05,121,-2.289968515986857,-0.018925359636255013,16.371900826446282,0.0,1.0,9.0,27.0,67.0,28,85,0,0,0,8,121,45,38,
INV_TRADE_ON,2024-08-21,47,-1.9320205080108885,-0.04110681931938061,44.8936170212766,0.0,4.0,23.5,110.99999999999997,235.39999999999944,8,35,0,0,0,4,47,18,20,
INV_TRADE_ON,2024-08-28,52,-1.0379073699872,-0.01995975711513846,26.192307692307693,0.0,0.0,14.75,42.79999999999998,74.84999999999994,15,36,0,0,0,1,52,20,22,
INV_TRADE_ON,2024-09-24,55,-1.3446327653329413,-0.02444786846059893,24.509090909090908,0.0,1.0,11.5,40.400000000000006,148.49999999999994,16,36,0,0,0,3,55,23,25,
INV_TRADE_ON,2024-09-30,92,-0.1853111352667535,-0.002014251470290799,61.30434782608695,0.0,3.0,28.0,121.80000000000007,370.4500000000003,34,54,0,0,0,4,92,34,36,
INV_TRADE_ON,2024-10-01,71,-1.3743249767721866,-0.01935668981369277,62.816901408450704,0.0,4.0,27.5,175.0,327.5,15,53,0,0,0,3,71,27,28,
INV_TRADE_ON,2024-10-04,53,-3.3931677455843783,-0.06402203293555431,23.22641509433962,0.0,0.0,7.0,56.600000000000136,140.79999999999993,16,36,0,0,0,1,53,20,10,
INV_TRADE_ON,2024-10-10,33,0.3757072321536725,0.01138506764102038,60.333333333333336,1.0,8.0,50.0,88.4,229.19999999999962,11,20,0,0,0,2,33,14,13,
INV_TRADE_ON,2024-10-15,64,-0.9751779716372464,-0.015237155806831975,25.09375,0.0,1.5,11.25,81.50000000000001,157.7,16,45,0,0,0,3,64,24,18,
INV_TRADE_ON,2024-10-18,76,-2.8017833070081606,-0.03686556982905474,22.289473684210527,0.0,2.5,16.25,62.0,89.0,12,59,0,0,0,5,76,25,22,
INV_TRADE_ON,2024-10-22,69,-2.3979068044792866,-0.03475227252868531,19.391304347826086,0.0,1.0,9.0,39.400000000000034,79.39999999999975,9,57,0,0,0,3,69,24,24,
INV_TRADE_ON,2024-11-13,53,-1.938364321026711,-0.03657291171748511,19.547169811320753,0.0,2.0,15.0,70.60000000000005,86.19999999999999,18,30,0,0,0,5,53,19,25,
INV_TRADE_ON,2024-11-28,85,-1.286782907893515,-0.015138622445806058,34.50588235294118,0.0,0.0,28.0,76.20000000000006,203.9999999999999,15,66,0,0,0,4,85,31,43,
INV_TRADE_ON,2024-12-02,73,0.018211404621676267,0.0002494712961873461,74.84931506849315,0.0,3.0,17.0,49.599999999999966,82.0,21,49,0,0,0,3,73,27,19,
INV_TRADE_ON,2025-01-03,66,-1.2351150199673007,-0.018713863938898494,15.090909090909092,0.0,0.0,8.75,27.5,105.75,14,51,0,0,0,1,66,24,27,
INV_TRADE_ON,2025-01-08,41,-1.6553455954825342,-0.04037428281664718,34.68292682926829,0.0,1.0,33.0,100.0,229.0,6,30,0,0,0,5,41,14,17,
INV_TRADE_ON,2025-01-15,57,-0.16509084905177,-0.0028963306851187715,53.1578947368421,0.0,0.0,10.0,58.59999999999999,216.199999999998,23,30,0,0,0,4,57,21,17,
INV_TRADE_ON,2025-01-22,48,-1.0613646395618161,-0.022111763324204503,94.5,0.0,1.5,15.75,34.90000000000001,72.59999999999997,10,36,0,0,0,2,48,18,15,
INV_TRADE_ON,2025-01-29,53,-0.8379381830994439,-0.015810154398102714,62.698113207547166,0.0,1.0,5.0,48.20000000000004,188.99999999999955,7,42,0,0,0,4,53,18,35,
INV_TRADE_ON,2025-01-31,59,-0.5057886616920466,-0.00857268918122113,9.288135593220339,0.0,0.0,2.0,13.0,42.59999999999957,12,45,0,0,0,2,59,20,21,
INV_TRADE_ON,2025-02-21,35,0.014837663638445558,0.00042393324681273023,16.285714285714285,0.0,2.0,11.0,38.80000000000001,48.29999999999997,13,21,0,0,0,1,35,15,13,
INV_TRADE_ON,2025-03-11,45,1.158845868982856,0.025752130421841244,36.644444444444446,0.0,5.0,44.0,131.20000000000005,226.79999999999978,9,32,0,0,0,4,45,17,28,
INV_TRADE_ON,2025-03-19,62,-1.487080107757265,-0.023985163028342985,22.403225806451612,0.0,6.0,20.0,50.29999999999999,67.94999999999999,9,48,0,0,0,5,62,21,31,
INV_TRADE_ON,2025-03-26,47,-0.32678367051691254,-0.006952844053551331,33.42553191489362,0.0,2.0,23.0,80.19999999999999,103.39999999999995,14,32,0,0,0,1,47,18,13,
INV_TRADE_ON,2025-03-31,70,-5.627216861485674,-0.0803888123069382,16.37142857142857,0.0,0.0,2.0,32.20000000000002,63.0,13,54,0,0,0,3,70,24,33,
INV_TRADE_ON,2025-04-10,95,-5.538415279144526,-0.05829910820152132,5.768421052631579,0.0,0.0,1.0,7.6000000000000085,40.3,23,62,0,0,0,10,95,33,46,
INV_TRADE_ON,2025-05-09,80,-3.3669055416541296,-0.04208631927067662,13.6,0.0,1.0,8.25,26.300000000000026,38.599999999999966,23,51,0,0,0,6,80,29,28,
INV_TRADE_ON,2025-05-13,65,-6.692412226730843,-0.10296018810355143,11.8,0.0,0.0,8.0,39.60000000000003,73.79999999999998,11,48,0,0,0,6,65,22,29,
INV_TRADE_ON,2025-05-30,62,0.698176560984848,0.011260912273949162,15.53225806451613,0.0,0.0,13.75,36.49999999999999,64.0,12,45,0,0,0,5,62,22,22,
INV_TRADE_ON,2025-06-18,54,-1.7626704847081482,-0.03264204601311386,3.9074074074074074,0.0,0.0,3.0,12.400000000000006,14.349999999999994,7,45,0,0,0,2,54,20,16,
INV_TRADE_ON,2025-06-30,82,-2.158657685894923,-0.02632509373042589,27.951219512195124,0.0,2.0,12.0,74.10000000000005,135.2000000000001,33,45,0,0,0,4,82,30,24,
INV_TRADE_ON,2025-07-08,84,-1.2347856266704489,-0.014699828888933916,18.452380952380953,0.0,0.5,15.5,59.10000000000001,111.34999999999994,19,57,0,0,0,8,84,27,34,
INV_TRADE_ON,2025-07-11,63,-0.183223929618028,-0.0029083163431433017,20.746031746031747,0.0,1.0,10.5,62.4000000000001,125.79999999999994,21,39,0,0,0,3,63,25,23,
INV_TRADE_ON,2025-07-31,66,-4.915572474038224,-0.07447837081876096,17.09090909090909,0.0,0.0,8.75,28.0,86.75,9,51,0,0,0,6,66,23,33,
INV_TRADE_ON,2025-08-11,75,-3.7423035371581745,-0.049897380495442324,15.64,0.0,0.0,4.5,18.600000000000094,63.69999999999989,13,57,0,0,0,5,75,27,33,
INV_TRADE_ON,2025-09-22,75,0.5957394826059501,0.007943193101412668,32.24,0.0,2.0,16.5,61.00000000000021,138.2999999999999,29,45,0,0,0,1,75,30,13,
INV_TRADE_ON,2025-10-16,126,-3.613308216255367,-0.028677049335360055,7.936507936507937,0.0,0.0,2.0,11.0,23.25,24,88,0,0,0,14,126,42,46,
INV_TRADE_ON,2025-10-20,105,3.088842382991667,0.02941754650468254,10.685714285714285,0.0,0.0,6.0,19.60000000000005,61.59999999999995,19,75,0,0,0,11,105,37,49,
INV_TRADE_ON,2025-10-28,108,-0.010159784682401272,-9.407208039260437e-05,5.046296296296297,0.0,0.0,3.25,13.299999999999997,20.299999999999983,11,89,0,0,0,8,108,39,40,
INV_TRADE_ON,2025-11-06,77,-1.3941770460475407,-0.018106195403214814,13.428571428571429,0.0,0.0,7.0,23.00000000000003,66.00000000000003,21,51,0,0,0,5,77,27,26,
INV_TRADE_ON,2025-11-11,68,-0.44064611051392893,-0.006480089860498955,13.926470588235293,0.0,0.5,8.0,34.20000000000006,61.3,15,48,0,0,0,5,68,28,33,
INV_TRADE_ON,2025-11-13,74,-4.644107242080584,-0.06275820597406194,6.148648648648648,0.0,0.0,4.0,17.400000000000006,27.69999999999999,13,56,0,0,0,5,74,26,19,
INV_TRADE_ON,2025-12-26,76,-3.6469004611972196,-0.04798553238417394,2.789473684210526,0.0,0.0,1.25,7.0,14.25,15,57,0,0,0,4,76,25,25,
INV_TRADE_ON,2026-01-07,68,-2.0783342601741124,-0.030563739120207534,12.220588235294118,0.0,0.0,3.25,38.800000000000026,72.14999999999998,12,51,0,0,0,5,68,24,33,
INV_TRADE_ON,2026-01-08,82,-5.068581280009918,-0.06181196682938925,8.597560975609756,0.0,0.0,5.0,22.0,40.35000000000004,22,53,0,0,0,7,82,29,36,
INV_TRADE_ON,2026-01-16,42,-15.112725886746981,-0.35982680682730905,13.333333333333334,0.0,0.5,6.75,47.599999999999994,61.39999999999995,10,27,0,0,0,5,42,15,19,
INV_TRADE_ON,2026-01-22,146,-12.269295104536772,-0.08403626783929295,6.575342465753424,0.0,0.0,3.0,21.5,38.75,28,101,0,0,0,17,146,52,70,
INV_TRADE_ON,2026-01-26,44,-0.8480760057057829,-0.01927445467513143,1.9772727272727273,0.0,0.0,0.25,2.4000000000000057,12.500000000000014,6,33,0,0,0,5,44,15,18,
INV_TRADE_ON,2026-02-02,111,-31.40151288781423,-0.28289651250283093,5.918918918918919,0.0,0.0,0.5,3.0,15.5,18,80,0,0,0,13,111,36,50,
INV_TRADE_ON,2026-02-18,91,-1.3741899753185862,-0.015100988739764684,6.2967032967032965,0.0,0.0,3.5,21.0,35.0,34,54,0,0,0,3,91,36,20,
INV_TRADE_ON,2026-02-19,78,-2.2153481750774517,-0.02840189968048015,6.384615384615385,0.0,0.0,1.0,6.299999999999997,34.74999999999996,4,66,0,0,0,8,78,25,31,
INV_TRADE_ON,2026-03-12,134,-14.286432862148711,-0.10661517061305008,7.947761194029851,0.0,0.0,3.0,15.400000000000006,51.69999999999999,24,94,0,0,0,16,134,44,58,
INV_TRADE_ON,2026-03-17,48,-2.7512249818646524,-0.05731718712218026,6.916666666666667,0.0,0.0,4.25,12.600000000000009,24.249999999999993,13,33,0,0,0,2,48,17,8,
INV_TRADE_ON,2026-03-18,134,-8.890715645654685,-0.06634862422130362,4.104477611940299,0.0,0.0,2.0,14.400000000000006,21.349999999999994,28,95,0,0,0,11,134,47,53,
INV_TRADE_ON,2026-03-30,88,-6.7056362482208,-0.0762004119116,11.181818181818182,0.0,0.0,3.0,13.199999999999989,29.299999999999983,12,66,0,0,0,10,88,28,38,
INV_TRADE_ON,2026-04-01,97,2.9052989593853145,0.029951535663766127,9.628865979381443,0.0,0.0,4.0,13.600000000000023,48.19999999999982,20,66,0,0,0,11,97,31,40,
INV_TRADE_ON,2026-04-08,96,-13.82542953282579,-0.14401489096693532,7.09375,0.0,0.0,1.0,11.5,19.25,15,69,0,0,0,12,96,35,51,
INV_TRADE_ON,2026-04-14,99,-9.079785876823735,-0.0917150088568054,7.181818181818182,0.0,0.0,4.0,25.400000000000006,31.999999999999886,32,60,0,0,0,7,99,33,33,
INV_TRADE_ON,2026-04-29,89,-0.4805715682283942,-0.00539968054189207,17.01123595505618,0.0,1.0,10.0,52.800000000000026,85.19999999999996,29,54,0,0,0,6,89,36,26,
INV_TRADE_ON,2026-05-07,85,4.107093587398291,0.04831874808703872,8.505882352941176,0.0,0.0,3.0,21.200000000000017,43.79999999999994,6,71,0,0,0,8,85,28,32,
INV_TRADE_ON,2026-05-29,106,-1.5829208280495852,-0.01493321535895835,10.367924528301886,0.0,0.0,4.5,24.0,56.25,30,69,0,0,0,7,106,39,27,
INV_TRADE_ON,2026-06-01,104,-7.1428539463559,-0.06868128794572981,12.89423076923077,0.0,0.0,7.25,26.400000000000006,73.19999999999993,26,69,0,0,0,9,104,35,42,
INV_TRADE_ON,2026-06-11,75,-2.387216254859141,-0.03182955006478855,5.1066666666666665,0.0,0.0,1.0,7.6000000000000085,16.799999999999955,9,60,0,0,0,6,75,25,34,
INV_TRADE_ON,2026-06-30,81,-0.27549150270048506,-0.003401129662968951,7.6419753086419755,0.0,0.0,4.0,26.0,35.0,21,54,0,0,0,6,81,29,25,
INV_TRADE_ON,2026-07-02,70,-6.738418814490008,-0.09626312592128583,9.542857142857143,0.0,1.0,5.75,27.400000000000006,60.04999999999997,14,51,0,0,0,5,70,27,37,
INV_TRADE_ON,2026-07-03,62,-4.190560948762747,-0.06758969272197979,5.806451612903226,0.0,1.0,5.75,20.699999999999996,27.799999999999983,21,38,0,0,0,3,62,23,19,
INV_TRADE_ON,2026-07-06,67,-2.7079876463437054,-0.040417726064831426,20.149253731343283,0.0,0.0,5.5,40.59999999999998,96.6999999999999,7,57,0,0,0,3,67,25,31,
INV_TRADE_ON,2026-07-13,102,-1.3634669415869216,-0.013367322956734526,10.019607843137255,0.0,0.0,2.0,27.0,50.0,15,75,0,0,0,12,102,34,41,
SOFT_STOP_OFF,2024-06-07,115,-3.2219657176083274,-0.02801709319659415,21.182608695652174,0.0,0.0,6.0,27.200000000000017,103.79999999999995,33,82,0,0,0,0,115,46,0,
SOFT_STOP_OFF,2024-06-12,68,-1.612236115875021,-0.023709354645220896,22.397058823529413,0.0,0.0,3.5,36.800000000000026,118.99999999999991,20,48,0,0,0,0,68,26,0,
SOFT_STOP_OFF,2024-06-13,49,-1.863609963965549,-0.03803285640746018,42.816326530612244,0.0,4.0,17.0,57.400000000000006,113.59999999999982,8,41,0,0,0,0,49,18,0,
SOFT_STOP_OFF,2024-06-14,67,-1.0788099584709319,-0.016101641171207937,24.029850746268657,0.0,3.0,19.5,51.999999999999986,98.39999999999999,22,45,0,0,0,0,67,26,0,
SOFT_STOP_OFF,2024-06-19,19,-0.5873104587840317,-0.03091107677810693,29.31578947368421,2.0,11.0,46.0,80.79999999999998,96.29999999999991,10,9,0,0,0,0,19,7,0,
SOFT_STOP_OFF,2024-07-04,36,-0.44770547877169514,-0.012436263299213754,70.11111111111111,0.75,8.5,58.5,173.5,274.0,9,27,0,0,0,0,36,13,0,
SOFT_STOP_OFF,2024-07-08,77,-0.18712561342939196,-0.002430202771810285,51.493506493506494,0.0,5.0,16.0,120.20000000000024,227.4000000000001,32,45,0,0,0,0,77,30,0,
SOFT_STOP_OFF,2024-07-12,63,-1.162104390227493,-0.018446101432182428,99.98412698412699,0.0,0.0,3.5,185.80000000000052,308.29999999999995,15,48,0,0,0,0,63,24,0,
SOFT_STOP_OFF,2024-07-17,51,-1.5536182667378853,-0.0304631032693703,22.80392156862745,0.0,0.0,6.5,31.0,78.0,17,34,0,0,0,0,51,20,0,
SOFT_STOP_OFF,2024-07-22,57,-0.00286057199870509,-5.018547366149281e-05,58.98245614035088,0.0,3.0,70.0,146.79999999999995,344.99999999999983,21,36,0,0,0,0,57,22,0,
SOFT_STOP_OFF,2024-07-30,52,-1.0653695565310954,-0.02048787608713645,26.25,0.0,3.0,28.5,95.19999999999996,153.8999999999998,20,32,0,0,0,0,52,20,0,
SOFT_STOP_OFF,2024-08-01,48,-1.1823824845352342,-0.02463296842781738,21.416666666666668,0.0,0.0,15.25,55.20000000000006,91.94999999999999,15,33,0,0,0,0,48,18,0,
SOFT_STOP_OFF,2024-08-05,113,-2.199168281437172,-0.019461666207408603,9.345132743362832,0.0,0.0,4.0,18.799999999999997,38.79999999999994,28,85,0,0,0,0,113,45,0,
SOFT_STOP_OFF,2024-08-21,43,-0.22515502531571951,-0.005236163379435338,32.41860465116279,0.0,0.0,14.0,96.6000000000001,165.59999999999994,8,35,0,0,0,0,43,18,0,
SOFT_STOP_OFF,2024-08-28,51,-0.6647214626076069,-0.013033754168776605,25.941176470588236,0.0,0.0,9.5,44.0,75.5,15,36,0,0,0,0,51,20,0,
SOFT_STOP_OFF,2024-09-24,52,0.63726432810563,0.012255083232800577,25.173076923076923,0.0,1.0,9.25,41.599999999999994,152.2499999999999,16,36,0,0,0,0,52,23,0,
SOFT_STOP_OFF,2024-09-30,88,-1.6991017967355522,-0.019307974962904,56.56818181818182,0.0,4.0,28.25,106.79999999999998,291.04999999999916,34,54,0,0,0,0,88,34,0,
SOFT_STOP_OFF,2024-10-01,68,-1.7409538671880305,-0.025602262752765153,35.411764705882355,0.0,1.0,22.0,53.60000000000005,224.3999999999999,15,53,0,0,0,0,68,27,0,
SOFT_STOP_OFF,2024-10-04,52,-1.0731223879636975,-0.020636968999301876,17.807692307692307,0.0,0.0,6.25,44.49999999999998,96.1499999999998,16,36,0,0,0,0,52,20,0,
SOFT_STOP_OFF,2024-10-10,31,0.6273501079357023,0.020237100255990396,71.90322580645162,1.0,8.0,63.0,122.0,346.5,11,20,0,0,0,0,31,14,0,
SOFT_STOP_OFF,2024-10-15,61,-1.537128178755817,-0.025198822602554377,22.131147540983605,0.0,0.0,7.0,59.0,156.0,16,45,0,0,0,0,61,24,0,
SOFT_STOP_OFF,2024-10-18,71,-1.4619215878471248,-0.020590444899255277,12.591549295774648,0.0,1.0,11.5,20.0,78.0,12,59,0,0,0,0,71,25,0,
SOFT_STOP_OFF,2024-10-22,66,-2.222730648462251,-0.03367773709791289,14.909090909090908,0.0,1.0,3.75,29.5,49.5,9,57,0,0,0,0,66,24,0,
SOFT_STOP_OFF,2024-11-13,48,-0.5492488837362542,-0.01144268507783863,17.354166666666668,0.0,0.5,11.0,48.40000000000008,82.74999999999997,18,30,0,0,0,0,48,19,0,
SOFT_STOP_OFF,2024-11-28,81,-1.5319216898807706,-0.018912613455318156,26.839506172839506,0.0,0.0,17.0,61.0,172.0,15,66,0,0,0,0,81,31,0,
SOFT_STOP_OFF,2024-12-02,70,-1.1203154929970274,-0.016004507042814677,75.77142857142857,0.0,1.0,12.0,42.70000000000004,82.0,21,49,0,0,0,0,70,27,0,
SOFT_STOP_OFF,2025-01-03,65,-1.6397747515983006,-0.025227303870743085,14.523076923076923,0.0,1.0,9.0,31.800000000000004,55.79999999999994,14,51,0,0,0,0,65,24,0,
SOFT_STOP_OFF,2025-01-08,36,-0.5697440242142875,-0.01582622289484132,20.97222222222222,0.0,0.0,4.25,37.0,97.75,6,30,0,0,0,0,36,14,0,
SOFT_STOP_OFF,2025-01-15,53,-1.5866951256890995,-0.029937643880926408,20.943396226415093,0.0,1.0,9.0,47.800000000000004,58.59999999999999,23,30,0,0,0,0,53,21,0,
SOFT_STOP_OFF,2025-01-22,46,0.005846655160136577,0.00012710119913340385,95.02173913043478,0.0,1.5,8.5,29.0,36.25,10,36,0,0,0,0,46,18,0,
SOFT_STOP_OFF,2025-01-29,49,-2.5096406635910475,-0.0512171563998173,48.55102040816327,0.0,0.0,7.0,45.20000000000002,64.6,7,42,0,0,0,0,49,18,0,
SOFT_STOP_OFF,2025-01-31,57,-1.7802224097986254,-0.03123197210173027,7.192982456140351,0.0,0.0,1.0,10.599999999999994,17.399999999999906,12,45,0,0,0,0,57,20,0,
SOFT_STOP_OFF,2025-02-21,34,0.6921898590315627,0.020358525265634198,15.470588235294118,0.0,1.5,11.0,30.999999999999993,48.84999999999998,13,21,0,0,0,0,34,15,0,
SOFT_STOP_OFF,2025-03-11,41,-0.26650484836515426,-0.00650011825280864,14.439024390243903,0.0,0.0,3.0,26.0,118.0,9,32,0,0,0,0,41,17,0,
SOFT_STOP_OFF,2025-03-19,57,-0.8701432791372099,-0.0152656715638107,15.947368421052632,0.0,0.0,16.0,33.79999999999998,48.5999999999999,9,48,0,0,0,0,57,21,0,
SOFT_STOP_OFF,2025-03-26,46,0.0456415184150199,0.00099220692206565,31.152173913043477,0.0,0.5,21.0,68.5,104.0,14,32,0,0,0,0,46,18,0,
SOFT_STOP_OFF,2025-03-31,67,-2.274749885843903,-0.03395149083349109,6.970149253731344,0.0,0.0,0.5,8.799999999999997,29.799999999999983,13,54,0,0,0,0,67,24,0,
SOFT_STOP_OFF,2025-04-10,85,-5.304582737621938,-0.062406855736728675,3.2823529411764705,0.0,0.0,0.0,3.0,6.3999999999999915,23,62,0,0,0,0,85,33,0,
SOFT_STOP_OFF,2025-05-09,74,-3.2077669057760736,-0.0433482014294064,11.18918918918919,0.0,0.0,3.0,9.700000000000003,29.349999999999994,23,51,0,0,0,0,74,29,0,
SOFT_STOP_OFF,2025-05-13,59,-2.924331854780121,-0.04956494669118849,10.322033898305085,0.0,0.0,2.5,21.000000000000014,75.1,11,48,0,0,0,0,59,22,0,
SOFT_STOP_OFF,2025-05-30,57,-1.985575522555943,-0.034834658290455144,6.140350877192983,0.0,0.0,2.0,18.0,23.999999999999957,12,45,0,0,0,0,57,22,0,
SOFT_STOP_OFF,2025-06-18,52,-2.528073653494024,-0.04861680102873123,2.230769230769231,0.0,0.0,2.0,3.8999999999999986,13.449999999999996,7,45,0,0,0,0,52,20,0,
SOFT_STOP_OFF,2025-06-30,78,-1.3486069481486993,-0.017289832668573066,25.71794871794872,0.0,1.0,8.75,60.29999999999994,145.24999999999955,33,45,0,0,0,0,78,30,0,
SOFT_STOP_OFF,2025-07-08,76,-1.4162117266788907,-0.018634364824722246,12.921052631578947,0.0,0.0,4.0,29.5,87.75,19,57,0,0,0,0,76,27,0,
SOFT_STOP_OFF,2025-07-11,60,0.9274484540581702,0.015457474234302836,18.833333333333332,0.0,0.0,6.0,46.30000000000003,131.04999999999995,21,39,0,0,0,0,60,25,0,
SOFT_STOP_OFF,2025-07-31,60,-1.0689717844525148,-0.017816196407541913,11.766666666666667,0.0,0.0,6.0,25.1,71.05,9,51,0,0,0,0,60,23,0,
SOFT_STOP_OFF,2025-08-11,70,-2.7973903979338197,-0.03996271997048314,11.4,0.0,0.0,2.0,8.100000000000001,18.949999999999974,13,57,0,0,0,0,70,27,0,
SOFT_STOP_OFF,2025-09-22,74,0.6265184448905835,0.008466465471494372,31.66216216216216,0.0,1.0,15.75,63.50000000000007,139.84999999999982,29,45,0,0,0,0,74,30,0,
SOFT_STOP_OFF,2025-10-16,112,-6.797462676998293,-0.06069163104462762,0.8571428571428571,0.0,0.0,0.0,2.0,4.0,24,88,0,0,0,0,112,42,0,
SOFT_STOP_OFF,2025-10-20,94,-3.37047647631789,-0.03585613272678607,3.8297872340425534,0.0,0.0,0.0,6.0,7.349999999999994,19,75,0,0,0,0,94,37,0,
SOFT_STOP_OFF,2025-10-28,100,-5.89973060165039,-0.0589973060165039,1.72,0.0,0.0,0.0,5.0,10.099999999999994,11,89,0,0,0,0,100,39,0,
SOFT_STOP_OFF,2025-11-06,72,-2.889382420030112,-0.04013031138930711,9.305555555555555,0.0,0.0,3.5,18.9,34.95000000000003,21,51,0,0,0,0,72,27,0,
SOFT_STOP_OFF,2025-11-11,63,-0.24125129240625612,-0.003829385593750097,13.380952380952381,0.0,0.0,7.5,28.000000000000043,61.8,15,48,0,0,0,0,63,28,0,
SOFT_STOP_OFF,2025-11-13,69,-3.4146864706638858,-0.04948820971976646,3.0869565217391304,0.0,0.0,1.0,7.200000000000003,17.19999999999999,13,56,0,0,0,0,69,26,0,
SOFT_STOP_OFF,2025-12-26,72,-3.955652419190301,-0.054939616933198626,1.4305555555555556,0.0,0.0,0.0,3.8999999999999986,7.450000000000003,15,57,0,0,0,0,72,25,0,
SOFT_STOP_OFF,2026-01-07,63,-2.041465302873803,-0.03240421115672703,10.11111111111111,0.0,0.0,1.0,20.60000000000001,62.19999999999996,12,51,0,0,0,0,63,24,0,
SOFT_STOP_OFF,2026-01-08,75,-2.995358629961023,-0.03993811506614697,5.52,0.0,0.0,0.0,17.400000000000034,22.299999999999997,22,53,0,0,0,0,75,29,0,
SOFT_STOP_OFF,2026-01-16,37,-2.705720238652551,-0.07312757401763652,8.378378378378379,0.0,0.0,2.0,8.399999999999999,23.999999999999872,10,27,0,0,0,0,37,15,0,
SOFT_STOP_OFF,2026-01-22,129,-4.376341741661539,-0.033925129780322014,3.310077519379845,0.0,0.0,0.0,7.0,24.19999999999999,28,101,0,0,0,0,129,52,0,
SOFT_STOP_OFF,2026-01-26,39,-3.4514985992079046,-0.08849996408225397,0.1282051282051282,0.0,0.0,0.0,0.0,0.10000000000000142,6,33,0,0,0,0,39,15,0,
SOFT_STOP_OFF,2026-02-02,98,-11.154330391548077,-0.11381969787293957,0.3673469387755102,0.0,0.0,0.0,0.0,1.0,18,80,0,0,0,0,98,36,0,
SOFT_STOP_OFF,2026-02-18,88,-2.835020035844233,-0.03221613677095719,5.454545454545454,0.0,0.0,2.0,14.599999999999994,25.599999999999966,34,54,0,0,0,0,88,36,0,
SOFT_STOP_OFF,2026-02-19,70,-4.54547822351257,-0.06493540319303671,0.7428571428571429,0.0,0.0,0.0,1.0,2.549999999999997,4,66,0,0,0,0,70,25,0,
SOFT_STOP_OFF,2026-03-12,118,-6.9063268102981965,-0.05852819330761184,3.0,0.0,0.0,0.0,2.0,10.299999999999983,24,94,0,0,0,0,118,44,0,
SOFT_STOP_OFF,2026-03-17,46,-1.5682879189265198,-0.03409321562883739,6.869565217391305,0.0,0.0,2.5,13.0,24.75,13,33,0,0,0,0,46,17,0,
SOFT_STOP_OFF,2026-03-18,123,-5.188759568398079,-0.0421850371414478,2.747967479674797,0.0,0.0,0.0,8.599999999999994,15.899999999999991,28,95,0,0,0,0,123,47,0,
SOFT_STOP_OFF,2026-03-30,78,-5.558503393231756,-0.07126286401579174,1.3717948717948718,0.0,0.0,0.0,3.5999999999999943,9.449999999999974,12,66,0,0,0,0,78,28,0,
SOFT_STOP_OFF,2026-04-01,86,-6.51166212666764,-0.07571700147287953,3.872093023255814,0.0,0.0,0.0,2.0,4.5,20,66,0,0,0,0,86,31,0,
SOFT_STOP_OFF,2026-04-08,84,-5.996719775743562,-0.07138952113980432,0.4523809523809524,0.0,0.0,0.0,1.0,2.0,15,69,0,0,0,0,84,35,0,
SOFT_STOP_OFF,2026-04-14,92,-5.037244957347866,-0.05475266257986811,4.510869565217392,0.0,0.0,2.0,16.400000000000034,22.900000000000006,32,60,0,0,0,0,92,33,0,
SOFT_STOP_OFF,2026-04-29,83,-0.17589318917240832,-0.0021191950502699795,13.74698795180723,0.0,0.0,7.5,32.39999999999998,79.69999999999989,29,54,0,0,0,0,83,36,0,
SOFT_STOP_OFF,2026-05-07,77,-4.065665067329671,-0.052800845030255464,2.74025974025974,0.0,0.0,1.0,8.800000000000011,12.000000000000028,6,71,0,0,0,0,77,28,0,
SOFT_STOP_OFF,2026-05-29,99,-4.8523138427923795,-0.049013271139316965,6.94949494949495,0.0,0.0,2.0,12.0,40.499999999999915,30,69,0,0,0,0,99,39,0,
SOFT_STOP_OFF,2026-06-01,95,-4.3809667948071365,-0.04611543994533828,7.684210526315789,0.0,0.0,2.0,13.600000000000009,25.599999999999994,26,69,0,0,0,0,95,35,0,
SOFT_STOP_OFF,2026-06-11,69,-3.232198919077291,-0.04684346259532306,0.927536231884058,0.0,0.0,0.0,4.0,6.199999999999989,9,60,0,0,0,0,69,25,0,
SOFT_STOP_OFF,2026-06-30,75,-0.260273485573028,-0.0034703131409737063,6.333333333333333,0.0,0.0,3.0,13.200000000000017,29.499999999999986,21,54,0,0,0,0,75,29,0,
SOFT_STOP_OFF,2026-07-02,65,-0.9863687224304459,-0.01517490342200686,6.246153846153846,0.0,0.0,2.0,7.0,38.99999999999996,14,51,0,0,0,0,65,27,0,
SOFT_STOP_OFF,2026-07-03,59,-3.0187054229060473,-0.05116449869332283,4.47457627118644,0.0,0.0,3.0,18.60000000000001,24.399999999999977,21,38,0,0,0,0,59,23,0,
SOFT_STOP_OFF,2026-07-06,64,-0.9778996346897959,-0.015279681792028061,6.75,0.0,0.0,3.0,16.600000000000023,33.64999999999995,7,57,0,0,0,0,64,25,0,
SOFT_STOP_OFF,2026-07-13,90,-5.222253682135488,-0.05802504091261653,2.8555555555555556,0.0,0.0,0.0,2.0,13.199999999999989,15,75,0,0,0,0,90,34,0,
PIERCE_TIGHT,2024-06-07,112,-3.7475764588154257,-0.0334605040965663,21.714285714285715,0.0,0.0,7.0,27.80000000000001,106.19999999999982,33,79,0,0,0,0,112,45,39,
PIERCE_TIGHT,2024-06-12,67,-1.5673438834420874,-0.023393192290180408,23.074626865671643,0.0,0.0,12.5,30.19999999999999,121.99999999999974,20,47,0,0,0,0,67,26,15,
PIERCE_TIGHT,2024-06-13,49,-2.4444031013769445,-0.04988577757912132,42.12244897959184,0.0,2.0,11.0,57.400000000000006,113.59999999999982,8,41,0,0,0,0,49,18,15,
PIERCE_TIGHT,2024-06-14,61,-1.0800685698551813,-0.017706042128773462,25.0327868852459,0.0,2.0,16.0,48.0,125.0,22,39,0,0,0,0,61,24,17,
PIERCE_TIGHT,2024-06-19,19,-0.5816304531676906,-0.030612129114088976,21.05263157894737,1.0,5.0,22.0,65.2,72.89999999999985,10,9,0,0,0,0,19,7,3,
PIERCE_TIGHT,2024-07-04,36,-0.4451587653852584,-0.012365521260701623,66.5,0.0,9.0,44.25,153.0,221.25,9,27,0,0,0,0,36,13,13,
PIERCE_TIGHT,2024-07-08,71,-0.27221438496098926,-0.003834005421985764,56.91549295774648,0.0,9.0,29.5,146.0,235.5,32,39,0,0,0,0,71,28,18,
PIERCE_TIGHT,2024-07-12,62,-1.126140538813464,-0.018163557077636516,96.90322580645162,0.0,0.0,10.75,41.29999999999999,307.9499999999998,18,44,0,0,0,0,62,24,15,
PIERCE_TIGHT,2024-07-17,51,-1.8432400931778832,-0.03614196261133104,22.49019607843137,0.0,1.0,9.0,28.0,78.0,20,31,0,0,0,0,51,20,24,
PIERCE_TIGHT,2024-07-22,54,0.1213556770650636,0.0022473273530567335,51.72222222222222,0.0,2.0,57.5,129.4,325.64999999999986,21,33,0,0,0,0,54,21,16,
PIERCE_TIGHT,2024-07-30,55,-1.4332120532067167,-0.02605840096739485,23.509090909090908,0.0,1.0,14.5,86.80000000000004,147.59999999999988,23,32,0,0,0,0,55,21,15,
PIERCE_TIGHT,2024-08-01,48,-1.6702456947343003,-0.03479678530696459,21.208333333333332,0.0,2.0,11.75,55.20000000000006,91.94999999999999,15,33,0,0,0,0,48,18,20,
PIERCE_TIGHT,2024-08-05,110,-2.199304559347638,-0.019993677812251257,11.227272727272727,0.0,1.0,4.75,26.10000000000001,53.449999999999946,31,79,0,0,0,0,110,44,33,
PIERCE_TIGHT,2024-08-21,43,-0.41002050801049933,-0.009535360651406961,50.7906976744186,0.0,2.0,31.5,138.80000000000007,261.6999999999998,8,35,0,0,0,0,43,18,16,
PIERCE_TIGHT,2024-08-28,45,-0.6350513677063343,-0.014112252615696317,29.4,0.0,0.0,17.0,49.40000000000001,79.39999999999996,15,30,0,0,0,0,45,18,21,
PIERCE_TIGHT,2024-09-24,55,0.8137697970411563,0.014795814491657386,24.618181818181817,0.0,1.0,14.0,40.400000000000006,148.49999999999994,19,36,0,0,0,0,55,24,22,
PIERCE_TIGHT,2024-09-30,82,-1.321929070459343,-0.016121086225113938,60.048780487804876,0.0,4.0,30.5,116.40000000000003,320.15000000000026,37,45,0,0,0,0,82,32,26,
PIERCE_TIGHT,2024-10-01,68,-1.5880417909312807,-0.023353555748989424,60.161764705882355,0.0,2.0,25.5,144.90000000000018,346.8499999999998,15,53,0,0,0,0,68,27,24,
PIERCE_TIGHT,2024-10-04,52,-1.7715010789176329,-0.03406732844072371,17.25,0.0,0.0,7.0,30.599999999999994,96.1499999999998,16,36,0,0,0,0,52,20,9,
PIERCE_TIGHT,2024-10-10,28,0.5937219814160622,0.021204356479145082,69.25,1.0,16.0,51.75,101.00000000000003,296.1999999999996,11,17,0,0,0,0,28,13,11,
PIERCE_TIGHT,2024-10-15,58,-1.5189684478282288,-0.02618911116945222,25.862068965517242,0.0,1.5,12.0,92.00000000000013,156.3,19,39,0,0,0,0,58,23,11,
PIERCE_TIGHT,2024-10-18,70,-1.2201481444491644,-0.017430687777845205,14.885714285714286,0.0,2.5,16.0,50.30000000000002,77.29999999999998,12,58,0,0,0,0,70,25,20,
PIERCE_TIGHT,2024-10-22,66,-2.1958447646328145,-0.03327037522170931,15.621212121212121,0.0,1.0,3.0,24.0,53.0,15,51,0,0,0,0,66,24,22,
PIERCE_TIGHT,2024-11-13,51,-1.3732775484319668,-0.026927010753567977,21.431372549019606,0.0,2.0,13.0,73.0,95.0,21,30,0,0,0,0,51,20,19,
PIERCE_TIGHT,2024-11-28,81,-2.3427829078944646,-0.02892324577647487,26.666666666666668,0.0,0.0,25.0,64.0,172.0,15,66,0,0,0,0,81,31,42,
PIERCE_TIGHT,2024-12-02,70,-1.0065566943159563,-0.014379381347370804,76.37142857142857,0.0,2.5,15.25,42.70000000000004,82.0,24,46,0,0,0,0,70,27,18,
PIERCE_TIGHT,2025-01-03,65,-0.9354831576765719,-0.014392048579639567,18.523076923076925,0.0,2.0,14.0,38.2,115.1999999999998,20,45,0,0,0,0,65,24,19,
PIERCE_TIGHT,2025-01-08,36,-0.38301226214950174,-0.010639229504152825,27.0,0.0,1.5,28.25,77.0,132.25,6,30,0,0,0,0,36,14,13,
PIERCE_TIGHT,2025-01-15,53,-1.8509584289607424,-0.034923743942655516,20.735849056603772,0.0,0.0,8.0,47.800000000000004,58.59999999999999,26,27,0,0,0,0,53,21,12,
PIERCE_TIGHT,2025-01-22,43,-0.20580908400628078,-0.004786257767587925,103.02325581395348,0.0,1.0,14.5,30.60000000000003,76.29999999999993,13,30,0,0,0,0,43,17,13,
PIERCE_TIGHT,2025-01-29,49,-3.250604849766357,-0.06633887448502769,47.02040816326531,0.0,1.0,5.0,38.0,64.6,7,42,0,0,0,0,49,18,33,
PIERCE_TIGHT,2025-01-31,57,-1.88638866169246,-0.033094537924429124,7.43859649122807,0.0,0.0,1.0,11.799999999999997,17.399999999999906,12,45,0,0,0,0,57,20,21,
PIERCE_TIGHT,2025-02-21,34,0.501504330305276,0.014750127361919881,15.441176470588236,0.0,1.5,9.75,30.999999999999993,48.84999999999998,13,21,0,0,0,0,34,15,12,
PIERCE_TIGHT,2025-03-11,38,-0.11261392581460934,-0.002963524363542351,25.763157894736842,0.0,1.5,25.0,68.60000000000001,125.19999999999993,9,29,0,0,0,0,38,16,23,
PIERCE_TIGHT,2025-03-19,57,-0.8434134410911913,-0.014796727036687567,19.333333333333332,0.0,2.0,20.0,44.0,66.19999999999999,9,48,0,0,0,0,57,21,27,
PIERCE_TIGHT,2025-03-26,46,-0.2607836705169574,-0.005669210228629509,34.26086956521739,0.0,3.5,23.5,81.5,104.0,14,32,0,0,0,0,46,18,12,
PIERCE_TIGHT,2025-03-31,69,-3.000938100873403,-0.04349185653439715,11.130434782608695,0.0,0.0,1.0,20.600000000000037,59.39999999999995,18,51,0,0,0,0,69,25,30,
PIERCE_TIGHT,2025-04-10,85,-6.144415279144748,-0.0722872385781735,3.623529411764706,0.0,0.0,1.0,4.6000000000000085,8.599999999999994,23,62,0,0,0,0,85,33,39,
PIERCE_TIGHT,2025-05-09,74,-2.9333951249877828,-0.03964047466199706,12.675675675675675,0.0,0.0,5.0,19.80000000000001,42.19999999999993,23,51,0,0,0,0,74,29,25,
PIERCE_TIGHT,2025-05-13,59,-3.6377287250465997,-0.06165641906858644,9.94915254237288,0.0,0.0,1.5,21.000000000000014,75.1,14,45,0,0,0,0,59,22,21,
PIERCE_TIGHT,2025-05-30,57,-2.906356772348469,-0.050988715304359104,8.24561403508772,0.0,0.0,2.0,24.39999999999999,51.999999999999936,12,45,0,0,0,0,57,22,20,
PIERCE_TIGHT,2025-06-18,49,-3.1851832073545365,-0.06500373892560278,2.5918367346938775,0.0,0.0,2.0,11.0,13.599999999999994,7,42,0,0,0,0,49,19,15,
PIERCE_TIGHT,2025-06-30,81,-2.1537517138735893,-0.026589527331772708,25.641975308641975,0.0,1.0,9.0,54.0,137.0,36,45,0,0,0,0,81,31,23,
PIERCE_TIGHT,2025-07-08,76,-2.3973856266719245,-0.031544547719367426,13.421052631578947,0.0,0.0,4.0,29.5,87.75,19,57,0,0,0,0,76,27,29,
PIERCE_TIGHT,2025-07-11,60,0.9294427370488545,0.015490712284147575,19.866666666666667,0.0,2.0,9.25,46.30000000000003,131.04999999999995,21,39,0,0,0,0,60,25,20,
PIERCE_TIGHT,2025-07-31,57,-1.5989399281068777,-0.028051577686085575,11.210526315789474,0.0,0.0,6.0,21.999999999999993,51.7999999999999,9,48,0,0,0,0,57,22,27,
PIERCE_TIGHT,2025-08-11,67,-2.0847368160255733,-0.031115474866053334,13.537313432835822,0.0,1.0,5.5,10.199999999999996,24.39999999999999,19,48,0,0,0,0,67,26,26,
PIERCE_TIGHT,2025-09-22,74,0.8707394826061927,0.01176674976494855,33.9054054054054,0.0,3.5,19.0,63.50000000000007,139.84999999999982,29,45,0,0,0,0,74,30,11,
PIERCE_TIGHT,2025-10-16,112,-8.716308216253614,-0.0778241805022644,2.2142857142857144,0.0,0.0,1.0,4.0,11.0,24,88,0,0,0,0,112,42,37,
PIERCE_TIGHT,2025-10-20,91,-4.414798996313948,-0.04851427468476866,6.7032967032967035,0.0,0.0,3.0,8.0,24.0,22,69,0,0,0,0,91,36,44,
PIERCE_TIGHT,2025-10-28,100,-8.408826451349949,-0.08408826451349949,2.53,0.0,0.0,2.0,8.100000000000009,13.199999999999989,11,89,0,0,0,0,100,39,37,
PIERCE_TIGHT,2025-11-06,69,-3.4468772802392778,-0.04995474319187359,10.26086956521739,0.0,0.0,5.0,20.200000000000003,36.59999999999994,21,48,0,0,0,0,69,26,24,
PIERCE_TIGHT,2025-11-11,63,-0.6166461105112829,-0.009788033500179094,14.19047619047619,0.0,1.0,8.0,38.80000000000005,61.8,18,45,0,0,0,0,63,28,27,
PIERCE_TIGHT,2025-11-13,69,-4.202114747597079,-0.060900213733291006,4.391304347826087,0.0,0.0,2.0,16.0,19.19999999999999,16,53,0,0,0,0,69,26,13,
PIERCE_TIGHT,2025-12-26,72,-4.526300461194296,-0.06286528418325411,2.5694444444444446,0.0,0.0,1.0,5.899999999999999,13.900000000000006,15,57,0,0,0,0,72,25,23,
PIERCE_TIGHT,2026-01-07,60,-2.4844462067057975,-0.04140743677842996,10.216666666666667,0.0,0.0,3.0,12.600000000000037,65.54999999999997,12,48,0,0,0,0,60,23,30,
PIERCE_TIGHT,2026-01-08,75,-5.415152708578111,-0.07220203611437481,8.76,0.0,0.0,5.0,22.60000000000001,53.89999999999999,25,50,0,0,0,0,75,29,29,
PIERCE_TIGHT,2026-01-16,37,-6.418725886744748,-0.17347907802012832,11.08108108108108,0.0,0.0,5.0,22.99999999999995,50.79999999999994,10,27,0,0,0,0,37,15,14,
PIERCE_TIGHT,2026-01-22,130,-10.487537666743265,-0.08067336666725589,3.923076923076923,0.0,0.0,1.0,8.0,28.299999999999983,31,99,0,0,0,0,130,52,58,
PIERCE_TIGHT,2026-01-26,39,-4.516076005704539,-0.11579682065909075,0.3076923076923077,0.0,0.0,0.0,1.0,1.2000000000000028,6,33,0,0,0,0,39,15,15,
PIERCE_TIGHT,2026-02-02,98,-32.12951288781339,-0.32785217232462643,1.0510204081632653,0.0,0.0,0.0,1.2999999999999972,3.0,18,80,0,0,0,0,98,36,40,
PIERCE_TIGHT,2026-02-18,88,-3.5778566419849085,-0.040657461840737597,5.5,0.0,0.0,3.0,13.299999999999997,24.89999999999995,34,54,0,0,0,0,88,36,18,
PIERCE_TIGHT,2026-02-19,66,-5.344614841744867,-0.0809790127537101,1.8484848484848484,0.0,0.0,0.0,4.5,6.0,4,62,0,0,0,0,66,24,27,
PIERCE_TIGHT,2026-03-12,118,-8.761432862143618,-0.0742494310351154,5.194915254237288,0.0,0.0,1.0,8.0,14.249999999999872,24,94,0,0,0,0,118,44,46,
PIERCE_TIGHT,2026-03-17,46,-2.1412249818640703,-0.04654836917095805,7.173913043478261,0.0,0.0,4.75,13.0,24.75,13,33,0,0,0,0,46,17,6,
PIERCE_TIGHT,2026-03-18,123,-7.224767426216507,-0.05873794655460575,2.8292682926829267,0.0,0.0,1.0,7.0,15.899999999999991,28,95,0,0,0,0,123,47,46,
PIERCE_TIGHT,2026-03-30,78,-12.231191633196431,-0.156810149143544,2.2051282051282053,0.0,0.0,1.0,5.8999999999999915,12.449999999999974,12,66,0,0,0,0,78,28,35,
PIERCE_TIGHT,2026-04-01,86,-11.623767707275874,-0.13516008961948692,4.558139534883721,0.0,0.0,0.0,5.0,6.75,20,66,0,0,0,0,86,31,35,
PIERCE_TIGHT,2026-04-08,84,-10.276829532821164,-0.12234320872406149,1.0,0.0,0.0,0.0,3.4000000000000057,5.849999999999994,15,69,0,0,0,0,84,35,43,
PIERCE_TIGHT,2026-04-14,92,-6.536785876821341,-0.07105202040023197,6.021739130434782,0.0,0.0,3.0,20.900000000000006,28.35000000000001,32,60,0,0,0,0,92,33,27,
PIERCE_TIGHT,2026-04-29,80,-0.1221378350004063,-0.0015267229375050787,14.3125,0.0,1.0,8.0,34.400000000000034,81.0,29,51,0,0,0,0,80,35,16,
PIERCE_TIGHT,2026-05-07,77,-6.664373079267838,-0.08655029973075114,2.7662337662337664,0.0,0.0,2.0,7.0,12.000000000000028,6,71,0,0,0,0,77,28,29,
PIERCE_TIGHT,2026-05-29,99,-5.16032082804971,-0.05212445280858293,7.090909090909091,0.0,0.0,2.0,12.200000000000003,40.499999999999915,30,69,0,0,0,0,99,39,24,
PIERCE_TIGHT,2026-06-01,92,-5.284836605310678,-0.057443876144681286,10.08695652173913,0.0,0.0,4.25,15.0,25.900000000000006,26,66,0,0,0,0,92,34,31,
PIERCE_TIGHT,2026-06-11,69,-5.890216254857023,-0.08536545296894237,1.1594202898550725,0.0,0.0,0.0,5.0,7.599999999999994,9,60,0,0,0,0,69,25,30,
PIERCE_TIGHT,2026-06-30,75,-0.9181581693669614,-0.012242108924892818,6.306666666666667,0.0,0.0,2.5,13.200000000000017,29.499999999999986,21,54,0,0,0,0,75,29,21,
PIERCE_TIGHT,2026-07-02,65,-2.2604188144890336,-0.034775674069062054,6.876923076923077,0.0,0.0,4.0,7.0,38.99999999999996,14,51,0,0,0,0,65,27,33,
PIERCE_TIGHT,2026-07-03,59,-2.6205609487612187,-0.0444162872671393,4.898305084745763,0.0,0.0,5.0,18.60000000000001,24.399999999999977,21,38,0,0,0,0,59,23,16,
PIERCE_TIGHT,2026-07-06,61,-1.1913209796736433,-0.019529852125797432,19.0,0.0,0.0,3.0,26.0,103.0,7,54,0,0,0,0,61,24,25,
PIERCE_TIGHT,2026-07-13,90,-7.709466941586925,-0.08566074379541028,3.3777777777777778,0.0,0.0,1.0,5.0,13.199999999999989,15,75,0,0,0,0,90,34,36,
INVERSE_BREADTH_OFF,2024-06-07,115,35.316073245834104,0.3070962890942096,276.3391304347826,0.0,4.0,36.0,274.40000000000043,883.4999999999989,33,82,0,0,0,0,115,46,39,
INVERSE_BREADTH_OFF,2024-06-12,68,13.038412666666774,0.19174136274509962,254.22058823529412,0.0,2.5,56.5,562.500000000001,874.2999999999998,20,48,0,0,0,0,68,26,15,
INVERSE_BREADTH_OFF,2024-06-13,49,-0.3040239166660588,-0.006204569727878751,464.14285714285717,1.0,7.0,25.0,369.20000000000044,1439.3999999999974,8,41,0,0,0,0,49,18,15,
INVERSE_BREADTH_OFF,2024-06-14,67,3.56295566666798,0.053178442786089256,128.3582089552239,0.0,7.0,104.5,437.99999999999994,634.1999999999995,22,45,0,0,0,0,67,26,24,
INVERSE_BREADTH_OFF,2024-06-19,19,0.4168689583328463,0.02194047149120244,240.47368421052633,8.5,78.0,414.0,765.1999999999999,875.6999999999999,10,9,0,0,0,0,19,7,3,
INVERSE_BREADTH_OFF,2024-07-04,36,-0.9837317916658321,-0.02732588310182867,243.5,2.75,15.0,134.5,417.5,566.25,9,27,0,0,0,0,36,13,13,
INVERSE_BREADTH_OFF,2024-07-08,77,5.909126708331921,0.07674190530301196,167.0909090909091,1.0,9.0,107.0,543.6000000000005,783.8000000000006,32,45,0,0,0,0,77,30,23,
INVERSE_BREADTH_OFF,2024-07-12,63,8.674769583335546,0.13769475529104042,260.26984126984127,0.0,3.0,155.5,584.0000000000001,921.3999999999999,15,48,0,0,0,0,63,24,18,
INVERSE_BREADTH_OFF,2024-07-17,51,3.510317916667949,0.06882976307192057,520.9411764705883,0.0,1.0,24.0,427.0,1586.5,17,34,0,0,0,0,51,20,24,
INVERSE_BREADTH_OFF,2024-07-22,57,1.5782276250016976,0.027688203947398203,183.75438596491227,1.0,13.0,83.0,550.1999999999999,1008.9999999999992,21,36,0,0,0,0,57,22,16,
INVERSE_BREADTH_OFF,2024-07-30,52,5.169985625001574,0.09942280048079949,288.2692307692308,0.0,6.0,168.5,725.9,1229.2999999999984,20,32,0,0,0,0,52,20,12,
INVERSE_BREADTH_OFF,2024-08-01,48,2.5109571249989435,0.05231160677081132,343.5416666666667,0.0,3.0,53.25,404.50000000000244,2776.7499999999955,15,33,0,0,0,0,48,18,20,
INVERSE_BREADTH_OFF,2024-08-05,113,24.614815791668967,0.21783022824485812,395.78761061946904,0.0,3.0,62.0,330.5999999999999,781.1999999999991,28,85,0,0,0,0,113,45,35,
INVERSE_BREADTH_OFF,2024-08-21,43,6.28920287500038,0.14626053197675304,262.04651162790697,0.0,5.0,117.5,995.8000000000006,1471.1999999999998,8,35,0,0,0,0,43,18,16,
INVERSE_BREADTH_OFF,2024-08-28,51,4.1921433333360865,0.08219888888894288,141.88235294117646,0.0,7.0,171.5,471.0,566.5,15,36,0,0,0,0,51,20,21,
INVERSE_BREADTH_OFF,2024-09-24,52,6.710824541666019,0.1290543181089619,387.13461538461536,0.0,6.0,66.25,409.79999999999984,1489.3999999999999,16,36,0,0,0,0,52,23,24,
INVERSE_BREADTH_OFF,2024-09-30,88,4.528833750001468,0.051464019886380316,315.07954545454544,0.0,5.5,56.5,454.29999999999995,1159.8499999999963,34,54,0,0,0,0,88,34,35,
INVERSE_BREADTH_OFF,2024-10-01,68,5.326608458333946,0.07833247732844038,333.63235294117646,0.0,8.0,53.0,860.7000000000004,1304.5,15,53,0,0,0,0,68,27,26,
INVERSE_BREADTH_OFF,2024-10-04,52,-5.052320500001164,-0.097160009615407,86.78846153846153,0.0,6.5,51.5,222.6999999999999,450.1499999999991,16,36,0,0,0,0,52,20,9,
INVERSE_BREADTH_OFF,2024-10-10,31,6.692468583334024,0.2158860833333556,2273.483870967742,1.0,21.0,347.5,4434.0,11114.0,11,20,0,0,0,0,31,14,11,
INVERSE_BREADTH_OFF,2024-10-15,61,7.7999513749999405,0.12786805532786788,134.65573770491804,1.0,6.0,113.0,338.0,527.0,16,45,0,0,0,0,61,24,17,
INVERSE_BREADTH_OFF,2024-10-18,71,1.9317382916653212,0.027207581572751,66.5774647887324,1.0,6.0,19.5,122.0,431.0,12,59,0,0,0,0,71,25,18,
INVERSE_BREADTH_OFF,2024-10-22,66,-0.48425087500057384,-0.0073371344697056645,31.651515151515152,1.0,2.0,21.75,53.0,142.0,9,57,0,0,0,0,66,24,22,
INVERSE_BREADTH_OFF,2024-11-13,48,9.078650249998647,0.1891385468749718,457.0208333333333,0.0,9.5,79.75,275.3000000000003,581.8499999999998,18,30,0,0,0,0,48,19,22,
INVERSE_BREADTH_OFF,2024-11-28,81,5.337897666669202,0.06589997119344694,189.96296296296296,0.0,2.0,39.0,299.0,1163.0,15,66,0,0,0,0,81,31,42,
INVERSE_BREADTH_OFF,2024-12-02,70,7.62764674999653,0.10896638214280757,189.47142857142856,0.25,3.5,49.25,314.30000000000024,834.7499999999992,21,49,0,0,0,0,70,27,19,
INVERSE_BREADTH_OFF,2025-01-03,65,3.834031499998067,0.05898509999997026,121.72307692307692,0.0,1.0,60.0,213.0,504.1999999999998,14,51,0,0,0,0,65,24,27,
INVERSE_BREADTH_OFF,2025-01-08,36,3.376461833332087,0.09379060648144685,531.6111111111111,0.0,2.0,55.25,133.5,428.25,6,30,0,0,0,0,36,14,13,
INVERSE_BREADTH_OFF,2025-01-15,53,0.18194845833507606,0.0034329897799070955,186.28301886792454,0.0,3.0,33.0,484.0000000000012,833.9999999999999,23,30,0,0,0,0,53,21,15,
INVERSE_BREADTH_OFF,2025-01-22,46,3.211808958333222,0.06982193387680917,171.7391304347826,1.0,5.5,51.75,267.0,769.0,10,36,0,0,0,0,46,18,14,
INVERSE_BREADTH_OFF,2025-01-29,49,5.4380833333345135,0.11098129251703089,407.9591836734694,0.0,1.0,7.0,157.8000000000004,1104.1999999999948,7,42,0,0,0,0,49,18,33,
INVERSE_BREADTH_OFF,2025-01-31,57,3.441607083333717,0.06037907163743363,58.280701754385966,0.0,0.0,2.0,21.79999999999997,284.5999999999986,12,45,0,0,0,0,57,20,21,
INVERSE_BREADTH_OFF,2025-02-21,34,5.869989750001727,0.17264675735299195,199.38235294117646,1.0,5.0,31.5,297.49999999999994,632.849999999999,13,21,0,0,0,0,34,15,12,
INVERSE_BREADTH_OFF,2025-03-11,41,5.720981583334833,0.13953613617889837,991.4146341463414,0.0,3.0,60.0,322.0,1411.0,9,32,0,0,0,0,41,17,26,
INVERSE_BREADTH_OFF,2025-03-19,57,4.216595833333031,0.07397536549707072,497.0,0.0,6.0,21.0,66.4,338.0,9,48,0,0,0,0,57,21,29,
INVERSE_BREADTH_OFF,2025-03-26,46,8.363936583334333,0.18182470833335507,338.6521739130435,0.0,7.5,105.25,683.0,860.75,14,32,0,0,0,0,46,18,12,
INVERSE_BREADTH_OFF,2025-03-31,67,-6.6260389999984,-0.09889610447758806,79.83582089552239,0.0,0.0,5.5,125.59999999999997,644.1999999999978,13,54,0,0,0,0,67,24,30,
INVERSE_BREADTH_OFF,2025-04-10,85,24.045934666665744,0.282893349019597,283.22352941176473,0.0,0.0,9.0,487.00000000000085,2932.9999999999964,23,62,0,0,0,0,85,33,40,
INVERSE_BREADTH_OFF,2025-05-09,74,43.71110625000165,0.5906906250000222,922.581081081081,0.0,3.5,52.75,310.20000000000033,3308.399999999992,23,51,0,0,0,0,74,29,27,
INVERSE_BREADTH_OFF,2025-05-13,59,5.143562499999159,0.08717902542371456,168.52542372881356,0.0,1.0,46.5,334.20000000000016,612.1999999999958,11,48,0,0,0,0,59,22,24,
INVERSE_BREADTH_OFF,2025-05-30,57,9.803556125000645,0.17199221271930956,443.36842105263156,0.0,2.0,53.0,735.1999999999987,1683.9999999999982,12,45,0,0,0,0,57,22,21,
INVERSE_BREADTH_OFF,2025-06-18,52,-1.0438658749994831,-0.02007434374999006,134.6346153846154,0.0,4.0,28.0,163.6999999999999,477.5499999999979,7,45,0,0,0,0,52,20,15,
INVERSE_BREADTH_OFF,2025-06-30,78,15.361884137502633,0.19694723253208504,423.12820512820514,0.0,21.5,204.75,603.0999999999992,1432.299999999995,33,45,0,0,0,0,78,30,22,
INVERSE_BREADTH_OFF,2025-07-08,76,8.069872358334578,0.10618253103071813,475.4078947368421,0.0,3.0,24.0,102.5,173.5,19,57,0,0,0,0,76,27,29,
INVERSE_BREADTH_OFF,2025-07-11,60,7.972874625001169,0.13288124375001947,198.21666666666667,0.0,2.0,50.0,378.80000000000007,621.7999999999972,21,39,0,0,0,0,60,25,20,
INVERSE_BREADTH_OFF,2025-07-31,60,4.8623740000023945,0.08103956666670657,642.75,0.0,0.0,7.5,111.70000000000019,431.89999999999793,9,51,0,0,0,0,60,23,27,
INVERSE_BREADTH_OFF,2025-08-11,70,2.8755338749991406,0.04107905535713058,124.8,0.0,1.5,13.0,394.90000000000003,619.6999999999997,13,57,0,0,0,0,70,27,29,
INVERSE_BREADTH_OFF,2025-09-22,74,7.712858204166121,0.10422781356981245,313.85135135135135,1.0,11.0,170.75,1054.8000000000002,1873.6999999999985,29,45,0,0,0,0,74,30,14,
INVERSE_BREADTH_OFF,2025-10-16,112,7.90480841665855,0.07057864657730849,121.22321428571429,0.0,1.0,11.5,81.0,595.7999999999997,24,88,0,0,0,0,112,42,38,
INVERSE_BREADTH_OFF,2025-10-20,94,21.575097958324175,0.22952231870557632,257.8404255319149,0.0,1.0,8.0,118.30000000000005,292.3999999999994,19,75,0,0,0,0,94,37,47,
INVERSE_BREADTH_OFF,2025-10-28,100,46.41606945833519,0.46416069458335185,308.76,0.0,1.0,17.0,216.10000000000002,841.9999999999995,11,89,0,0,0,0,100,39,40,
INVERSE_BREADTH_OFF,2025-11-06,72,11.825093416667794,0.1642374085648305,160.95833333333334,0.0,6.0,67.5,447.59999999999997,897.0000000000007,21,51,0,0,0,0,72,27,24,
INVERSE_BREADTH_OFF,2025-11-11,63,15.44699341666031,0.2451903716930208,325.7142857142857,0.0,2.0,27.0,734.6000000000017,2948.699999999998,15,48,0,0,0,0,63,28,30,
INVERSE_BREADTH_OFF,2025-11-13,69,26.564302624999982,0.3849898931159418,425.9855072463768,0.0,2.0,18.0,583.0000000000002,1430.3999999999999,13,56,0,0,0,0,69,26,16,
INVERSE_BREADTH_OFF,2025-12-26,72,-6.386463666674899,-0.0887008842593736,41.59722222222222,0.0,1.0,18.25,114.99999999999997,192.3000000000001,15,57,0,0,0,0,72,25,24,
INVERSE_BREADTH_OFF,2026-01-07,63,19.999277124995086,0.3174488432538902,1108.3015873015872,0.0,0.0,27.0,2171.400000000001,7039.799999999994,12,51,0,0,0,0,63,24,32,
INVERSE_BREADTH_OFF,2026-01-08,75,6.073896791659234,0.08098529055545645,101.21333333333334,0.0,1.0,15.5,164.80000000000103,413.59999999999957,22,53,0,0,0,0,75,29,32,
INVERSE_BREADTH_OFF,2026-01-16,37,22.31093883332657,0.6029983468466641,1322.1351351351352,0.0,29.0,212.0,795.1999999999996,5124.199999999912,10,27,0,0,0,0,37,15,14,
INVERSE_BREADTH_OFF,2026-01-22,129,86.19149591666428,0.6681511311369324,439.3333333333333,0.0,1.0,66.0,516.4000000000001,1883.799999999995,28,101,0,0,0,0,129,52,59,
INVERSE_BREADTH_OFF,2026-01-26,39,50.06803933333049,1.2837958803418075,614.025641025641,0.0,0.0,15.0,1202.8000000000072,3890.1000000000067,6,33,0,0,0,0,39,15,15,
INVERSE_BREADTH_OFF,2026-02-02,98,365.32793716251217,3.7278360934950223,792.8775510204082,0.0,0.0,55.0,925.8,4096.8,18,80,0,0,0,0,98,36,44,
INVERSE_BREADTH_OFF,2026-02-18,88,49.33981591666968,0.5606797263257918,283.21590909090907,0.0,9.0,111.0,1221.5,1653.5999999999992,34,54,0,0,0,0,88,36,18,
INVERSE_BREADTH_OFF,2026-02-19,70,-8.134204375007355,-0.11620291964296221,258.27142857142854,0.0,0.0,6.0,170.60000000000048,593.7499999999994,4,66,0,0,0,0,70,25,29,
INVERSE_BREADTH_OFF,2026-03-12,118,39.98106812499525,0.3388226112287733,361.41525423728814,0.0,1.0,16.0,202.49999999999994,950.3499999999838,24,94,0,0,0,0,118,44,49,
INVERSE_BREADTH_OFF,2026-03-17,46,2.121119124994948,0.04611128532597713,153.7173913043478,0.0,5.0,55.25,200.0,1215.75,13,33,0,0,0,0,46,17,6,
INVERSE_BREADTH_OFF,2026-03-18,123,74.76364577499832,0.6078345184959213,330.6910569105691,0.0,1.0,43.5,317.6,1001.1999999999965,28,95,0,0,0,0,123,47,47,
INVERSE_BREADTH_OFF,2026-03-30,78,31.32392916665231,0.40158883546990143,623.7692307692307,0.0,1.0,15.0,493.1999999999997,1016.2999999999893,12,66,0,0,0,0,78,28,35,
INVERSE_BREADTH_OFF,2026-04-01,86,38.16031641666177,0.4437246094960671,1154.0813953488373,0.0,0.0,20.0,405.0,2828.25,20,66,0,0,0,0,86,31,36,
INVERSE_BREADTH_OFF,2026-04-08,84,24.903863166653842,0.29647456150778384,306.0357142857143,0.0,0.0,8.0,103.90000000000002,436.94999999999834,15,69,0,0,0,0,84,35,44,
INVERSE_BREADTH_OFF,2026-04-14,92,37.5992349583236,0.4086873365035174,187.0326086956522,0.0,3.5,81.75,322.90000000000043,1128.6500000000003,32,60,0,0,0,0,92,33,29,
INVERSE_BREADTH_OFF,2026-04-29,83,60.772473499992586,0.7321984759035252,841.5903614457832,0.0,13.0,199.5,1476.1999999999998,3891.499999999982,29,54,0,0,0,0,83,36,24,
INVERSE_BREADTH_OFF,2026-05-07,77,22.06308749998698,0.2865336038959348,178.7792207792208,0.0,1.0,12.0,186.20000000000098,961.4000000000001,6,71,0,0,0,0,77,28,30,
INVERSE_BREADTH_OFF,2026-05-29,99,42.84491966665337,0.432776966329832,381.7070707070707,0.0,2.0,40.5,473.6000000000015,1152.2999999999988,30,69,0,0,0,0,99,39,25,
INVERSE_BREADTH_OFF,2026-06-01,95,16.68803084583457,0.17566348258773234,287.0105263157895,0.0,2.0,32.5,184.40000000000032,634.0999999999992,26,69,0,0,0,0,95,35,37,
INVERSE_BREADTH_OFF,2026-06-11,69,15.419934624994767,0.22347731340572125,558.4202898550725,0.0,1.0,12.0,72.00000000000001,419.3999999999972,9,60,0,0,0,0,69,25,32,
INVERSE_BREADTH_OFF,2026-06-30,75,40.104766666667125,0.5347302222222283,378.3333333333333,0.0,0.0,29.5,351.00000000000057,1745.4,21,54,0,0,0,0,75,29,21,
INVERSE_BREADTH_OFF,2026-07-02,65,10.393195833328113,0.1598953205127402,185.69230769230768,0.0,1.0,7.0,208.0000000000001,355.79999999999984,14,51,0,0,0,0,65,27,34,
INVERSE_BREADTH_OFF,2026-07-03,59,29.58793749999465,0.5014904661016042,1418.7627118644068,0.0,3.0,59.5,376.20000000000056,2902.899999999954,21,38,0,0,0,0,59,23,16,
INVERSE_BREADTH_OFF,2026-07-06,64,11.06458333332618,0.17288411458322156,1312.453125,0.0,0.5,7.0,170.90000000000032,595.0999999999995,7,57,0,0,0,0,64,25,28,
INVERSE_BREADTH_OFF,2026-07-13,90,28.3201583333345,0.3146684259259389,621.4444444444445,0.0,1.0,5.0,149.00000000000026,1607.749999999996,15,75,0,0,0,0,90,34,36,
NUM_LAYERS_1,2024-06-07,32,-1.8899999999985087,-0.059062499999953395,3.1875,0.0,0.0,3.25,11.800000000000004,16.599999999999994,6,26,0,0,0,0,32,46,14,
NUM_LAYERS_1,2024-06-12,19,-0.946999999999207,-0.04984210526311616,4.842105263157895,0.0,0.0,2.5,19.999999999999996,24.199999999999996,3,16,0,0,0,0,19,26,5,
NUM_LAYERS_1,2024-06-13,14,-0.5729999999998655,-0.04092857142856182,9.285714285714286,0.25,1.0,10.0,21.400000000000002,34.94999999999999,1,13,0,0,0,0,14,18,5,
NUM_LAYERS_1,2024-06-14,19,-0.749499999998534,-0.03944736842097547,3.0526315789473686,0.0,0.0,2.5,6.399999999999995,13.599999999999966,4,15,0,0,0,0,19,26,8,
NUM_LAYERS_1,2024-06-19,5,-0.41999999999961807,-0.08399999999992361,9.2,5.0,6.0,11.0,17.6,19.799999999999997,2,3,0,0,0,0,5,7,1,
NUM_LAYERS_1,2024-07-04,11,-0.1599999999993998,-0.014545454545399981,5.2727272727272725,0.0,1.0,9.5,17.0,17.5,2,9,0,0,0,0,11,13,5,
NUM_LAYERS_1,2024-07-08,21,-1.5679999999983922,-0.07466666666659011,3.3333333333333335,0.0,1.0,5.0,9.0,14.0,7,14,0,0,0,0,21,30,8,
NUM_LAYERS_1,2024-07-12,17,-0.37799999999924705,-0.022235294117602767,6.882352941176471,0.0,0.0,3.0,7.200000000000003,27.399999999999945,1,16,0,0,0,0,17,24,6,
NUM_LAYERS_1,2024-07-17,15,-0.3399999999996908,-0.022666666666646056,2.466666666666667,0.0,0.0,1.0,3.799999999999999,11.899999999999975,4,11,0,0,0,0,15,20,8,
NUM_LAYERS_1,2024-07-22,16,-0.6999999999998182,-0.04374999999998864,14.125,0.75,2.5,10.75,25.0,59.25,4,12,0,0,0,0,16,22,6,
NUM_LAYERS_1,2024-07-30,14,-0.17499999999972726,-0.012499999999980518,6.428571428571429,0.0,1.0,6.5,24.100000000000016,28.7,4,10,0,0,0,0,14,20,4,
NUM_LAYERS_1,2024-08-01,14,-1.269999999999527,-0.09071428571425193,7.214285714285714,0.0,0.0,0.75,5.800000000000004,36.04999999999997,3,11,0,0,0,0,14,18,8,
NUM_LAYERS_1,2024-08-05,31,-1.226999999998043,-0.039580645161227196,2.4516129032258065,0.0,0.0,1.0,9.0,14.5,3,28,0,0,0,0,31,45,12,
NUM_LAYERS_1,2024-08-21,11,-0.4809999999993125,-0.04372727272721023,2.3636363636363638,0.0,0.0,4.0,7.0,7.5,0,11,0,0,0,0,11,18,5,
NUM_LAYERS_1,2024-08-28,14,0.015000000000327363,0.0010714285714519545,9.428571428571429,0.0,0.0,4.75,32.90000000000004,52.74999999999999,2,12,0,0,0,0,14,20,7,
NUM_LAYERS_1,2024-09-24,13,0.048999999999978144,0.003769230769229088,3.5384615384615383,0.0,0.0,1.0,5.600000000000001,17.59999999999996,1,12,0,0,0,0,13,23,8,
NUM_LAYERS_1,2024-09-30,25,-1.136999999998807,-0.04547999999995228,3.96,0.0,2.0,4.0,14.0,14.799999999999997,7,18,0,0,0,0,25,34,12,
NUM_LAYERS_1,2024-10-01,19,-1.1720000000000257,-0.06168421052631714,5.7368421052631575,0.0,0.0,6.0,23.4,25.49999999999999,2,17,0,0,0,0,19,27,8,
NUM_LAYERS_1,2024-10-04,15,-0.7289999999989051,-0.04859999999992701,1.0,0.0,0.0,0.0,4.599999999999998,7.0,3,12,0,0,0,0,15,20,3,
NUM_LAYERS_1,2024-10-10,7,-0.569999999999709,-0.08142857142852986,7.142857142857143,0.0,1.0,3.0,20.200000000000014,31.599999999999973,1,6,0,0,0,0,7,14,4,
NUM_LAYERS_1,2024-10-15,17,-0.7299999999986541,-0.04294117647050906,11.882352941176471,0.0,2.0,6.0,11.4,41.199999999999896,2,15,0,0,0,0,17,24,5,
NUM_LAYERS_1,2024-10-18,21,-0.3449999999993453,-0.01642857142854025,10.142857142857142,0.0,1.0,7.0,16.0,74.0,2,19,0,0,0,0,21,25,6,
NUM_LAYERS_1,2024-10-22,21,-1.0029999999992472,-0.04776190476186891,5.285714285714286,0.0,1.0,6.0,21.0,22.0,2,19,0,0,0,0,21,24,8,
NUM_LAYERS_1,2024-11-13,11,-0.6609999999996035,-0.06009090909087304,0.2727272727272727,0.0,0.0,0.0,1.0,1.5,1,10,0,0,0,0,11,19,7,
NUM_LAYERS_1,2024-11-28,24,-0.7739999999989778,-0.03224999999995741,4.375,0.0,0.0,0.5,14.899999999999995,32.29999999999996,2,22,0,0,0,0,24,31,13,
NUM_LAYERS_1,2024-12-02,20,-1.216999999999189,-0.06084999999995945,7.15,0.0,0.5,3.25,10.600000000000037,36.400000000000034,4,16,0,0,0,0,20,27,7,
NUM_LAYERS_1,2025-01-03,19,-0.639999999999418,-0.03368421052628516,3.6842105263157894,0.0,0.0,3.5,11.399999999999995,17.799999999999983,2,17,0,0,0,0,19,24,9,
NUM_LAYERS_1,2025-01-08,11,-0.7009999999995672,-0.06372727272723339,3.1818181818181817,0.0,0.0,1.0,4.0,16.5,1,10,0,0,0,0,11,14,5,
NUM_LAYERS_1,2025-01-15,17,-1.3299999999985632,-0.07823529411756254,2.176470588235294,0.0,0.0,2.0,7.600000000000001,10.799999999999997,7,10,0,0,0,0,17,21,5,
NUM_LAYERS_1,2025-01-22,13,-0.6589999999996509,-0.050692307692280836,4.3076923076923075,0.0,0.0,4.0,17.600000000000012,21.799999999999997,1,12,0,0,0,0,13,18,5,
NUM_LAYERS_1,2025-01-29,15,-0.9569999999994253,-0.06379999999996169,0.5333333333333333,0.0,0.0,0.5,1.0,2.1999999999999957,1,14,0,0,0,0,15,18,11,
NUM_LAYERS_1,2025-01-31,18,-0.052999999999428934,-0.0029444444444127185,2.611111111111111,0.0,0.0,0.0,4.800000000000004,12.899999999999963,3,15,0,0,0,0,18,20,7,
NUM_LAYERS_1,2025-02-21,8,-0.1549999999997454,-0.019374999999968175,2.375,0.0,1.0,1.25,5.599999999999998,9.799999999999994,2,6,0,0,0,0,8,15,4,
NUM_LAYERS_1,2025-03-11,12,-1.2100000000000364,-0.10083333333333637,1.25,0.0,0.0,0.0,2.700000000000001,7.049999999999994,2,10,0,0,0,0,12,17,9,
NUM_LAYERS_1,2025-03-19,18,-1.1999999999993634,-0.06666666666663129,6.833333333333333,0.0,0.5,14.25,19.3,21.349999999999987,2,16,0,0,0,0,18,21,10,
NUM_LAYERS_1,2025-03-26,12,-0.5669999999995526,-0.04724999999996272,3.0833333333333335,0.0,0.0,1.25,7.700000000000001,15.199999999999989,2,10,0,0,0,0,12,18,5,
NUM_LAYERS_1,2025-03-31,22,-1.9939999999987779,-0.09063636363630809,0.6818181818181818,0.0,0.0,0.0,1.9000000000000021,2.9499999999999993,4,18,0,0,0,0,22,24,10,
NUM_LAYERS_1,2025-04-10,24,-2.6899999999982356,-0.11208333333325982,0.08333333333333333,0.0,0.0,0.0,0.0,0.8499999999999979,4,20,0,0,0,0,24,33,14,
NUM_LAYERS_1,2025-05-09,21,-1.9099999999989452,-0.09095238095233073,1.0952380952380953,0.0,0.0,0.0,3.0,9.0,4,17,0,0,0,0,21,29,9,
NUM_LAYERS_1,2025-05-13,17,-1.3249999999993636,-0.0779411764705508,0.29411764705882354,0.0,0.0,0.0,0.8000000000000007,2.1999999999999993,1,16,0,0,0,0,17,22,8,
NUM_LAYERS_1,2025-05-30,16,-0.6899999999995999,-0.043124999999974996,1.0,0.0,0.0,0.5,3.5,5.5,1,15,0,0,0,0,16,22,7,
NUM_LAYERS_1,2025-06-18,16,-0.6579999999999019,-0.04112499999999387,1.875,0.0,0.0,0.5,7.0,11.75,1,15,0,0,0,0,16,20,5,
NUM_LAYERS_1,2025-06-30,22,-0.9609999999997856,-0.043681818181808434,1.4545454545454546,0.0,0.0,2.0,4.0,4.0,7,15,0,0,0,0,22,30,8,
NUM_LAYERS_1,2025-07-08,24,-0.7664999999992689,-0.03193749999996954,4.708333333333333,0.0,0.0,3.0,20.999999999999986,31.24999999999999,5,19,0,0,0,0,24,27,10,
NUM_LAYERS_1,2025-07-11,17,0.4850000000001273,0.02852941176471337,4.117647058823529,0.0,0.0,2.0,7.400000000000002,17.599999999999977,4,13,0,0,0,0,17,25,7,
NUM_LAYERS_1,2025-07-31,18,-1.0609999999992397,-0.0589444444444022,1.5,0.0,0.0,0.0,6.900000000000002,9.299999999999997,1,17,0,0,0,0,18,23,9,
NUM_LAYERS_1,2025-08-11,21,-1.2729999999996837,-0.06061904761903256,1.7142857142857142,0.0,0.0,2.0,6.0,8.0,2,19,0,0,0,0,21,27,10,
NUM_LAYERS_1,2025-09-22,19,-0.6549999999992907,-0.034473684210488985,3.3157894736842106,0.0,0.0,2.0,8.599999999999987,23.099999999999998,4,15,0,0,0,0,19,30,5,
NUM_LAYERS_1,2025-10-16,34,-3.2000000000116415,-0.09411764705916592,0.20588235294117646,0.0,0.0,0.0,0.0,1.0499999999999936,6,28,0,0,0,0,34,42,14,
NUM_LAYERS_1,2025-10-20,28,-2.81400000001031,-0.10050000000036821,0.6785714285714286,0.0,0.0,0.0,3.3000000000000007,4.649999999999999,3,25,0,0,0,0,28,37,17,
NUM_LAYERS_1,2025-10-28,30,-5.911999999998443,-0.19706666666661476,0.2,0.0,0.0,0.0,0.10000000000000142,1.0,1,29,0,0,0,0,30,39,15,
NUM_LAYERS_1,2025-11-06,21,-2.259999999998854,-0.10761904761899305,1.9047619047619047,0.0,0.0,0.0,5.0,7.0,4,17,0,0,0,0,21,27,8,
NUM_LAYERS_1,2025-11-11,18,-0.8690000000069631,-0.04827777777816462,1.7777777777777777,0.0,0.0,0.75,8.0,8.299999999999997,2,16,0,0,0,0,18,28,10,
NUM_LAYERS_1,2025-11-13,20,-2.022500000008222,-0.1011250000004111,0.85,0.0,0.0,0.25,3.1000000000000014,4.150000000000002,2,18,0,0,0,0,20,26,6,
NUM_LAYERS_1,2025-12-26,24,-1.875000000009095,-0.07812500000037896,0.375,0.0,0.0,0.0,1.0,1.0,5,19,0,0,0,0,24,25,8,
NUM_LAYERS_1,2026-01-07,19,-0.8370000000068103,-0.04405263157930581,0.3157894736842105,0.0,0.0,0.0,0.3999999999999986,2.1999999999999957,2,17,0,0,0,0,19,24,10,
NUM_LAYERS_1,2026-01-08,22,-1.627000000008593,-0.07395454545493604,1.1363636363636365,0.0,0.0,0.0,1.0,1.9499999999999993,5,17,0,0,0,0,22,29,11,
NUM_LAYERS_1,2026-01-16,10,-0.6725000000033106,-0.06725000000033106,0.4,0.0,0.0,0.75,1.0999999999999996,1.549999999999999,1,9,0,0,0,0,10,15,4,
NUM_LAYERS_1,2026-01-22,36,-4.105000000010477,-0.11402777777806881,0.3333333333333333,0.0,0.0,0.0,0.5,1.25,3,33,0,0,0,0,36,52,19,
NUM_LAYERS_1,2026-01-26,11,-1.0050000000037471,-0.09136363636397701,0.0,0.0,0.0,0.0,0.0,0.0,0,11,0,0,0,0,11,15,5,
NUM_LAYERS_1,2026-02-02,28,-9.420000000011896,-0.3364285714289963,0.03571428571428571,0.0,0.0,0.0,0.0,0.0,2,26,0,0,0,0,28,36,14,
NUM_LAYERS_1,2026-02-18,24,-0.7050000000053842,-0.029375000000224343,0.625,0.0,0.0,0.0,0.6999999999999993,1.0,6,18,0,0,0,0,24,36,6,
NUM_LAYERS_1,2026-02-19,22,-1.3950000000058935,-0.0634090909093588,0.18181818181818182,0.0,0.0,0.0,0.9000000000000021,1.0,0,22,0,0,0,0,22,25,10,
NUM_LAYERS_1,2026-03-12,35,-4.1450000000113505,-0.11842857142889573,0.34285714285714286,0.0,0.0,0.0,1.6000000000000014,2.0,5,30,0,0,0,0,35,44,16,
NUM_LAYERS_1,2026-03-17,13,-1.2000000000043656,-0.09230769230802813,1.2307692307692308,0.0,0.0,0.0,3.200000000000003,7.199999999999989,2,11,0,0,0,0,13,17,2,
NUM_LAYERS_1,2026-03-18,35,-3.0960000000095533,-0.08845714285741581,0.34285714285714286,0.0,0.0,0.0,1.0,2.0,4,31,0,0,0,0,35,47,15,
NUM_LAYERS_1,2026-03-30,23,-3.231000000007043,-0.14047826086987145,0.4782608695652174,0.0,0.0,0.0,1.8000000000000007,2.8999999999999986,1,22,0,0,0,0,23,28,12,
NUM_LAYERS_1,2026-04-01,26,-2.4970000000103028,-0.0960384615388578,0.3076923076923077,0.0,0.0,0.0,0.0,1.5,4,22,0,0,0,0,26,31,12,
NUM_LAYERS_1,2026-04-08,24,-2.8400000000110595,-0.11833333333379414,0.20833333333333334,0.0,0.0,0.0,0.0,0.8499999999999979,1,23,0,0,0,0,24,35,15,
NUM_LAYERS_1,2026-04-14,27,-2.8680000000085784,-0.10622222222253994,0.7777777777777778,0.0,0.0,0.0,0.0,0.0,7,20,0,0,0,0,27,33,10,
NUM_LAYERS_1,2026-04-29,20,-0.9950000000062573,-0.04975000000031286,0.45,0.0,0.0,0.25,1.0,1.2000000000000028,2,18,0,0,0,0,20,36,7,
NUM_LAYERS_1,2026-05-07,23,-1.1250000000081855,-0.04891304347861676,0.7391304347826086,0.0,0.0,0.0,1.8000000000000007,3.799999999999997,0,23,0,0,0,0,23,28,9,
NUM_LAYERS_1,2026-05-29,28,-0.9200000000064392,-0.03285714285737283,1.3571428571428572,0.0,0.0,0.0,3.8000000000000043,10.599999999999994,5,23,0,0,0,0,28,39,9,
NUM_LAYERS_1,2026-06-01,28,-2.51700000000983,-0.0898928571432082,0.6785714285714286,0.0,0.0,0.0,2.0,2.6499999999999986,5,23,0,0,0,0,28,35,12,
NUM_LAYERS_1,2026-06-11,21,-2.510000000004311,-0.11952380952401481,0.047619047619047616,0.0,0.0,0.0,0.0,0.0,1,20,0,0,0,0,21,25,11,
NUM_LAYERS_1,2026-06-30,20,-1.3849999999988543,-0.06924999999994272,0.85,0.0,0.0,0.0,2.3000000000000043,5.2500000000000036,2,18,0,0,0,0,20,29,7,
NUM_LAYERS_1,2026-07-02,19,-0.6200000000035288,-0.03263157894755415,0.9473684210526315,0.0,0.0,0.0,3.1999999999999993,4.599999999999987,2,17,0,0,0,0,19,27,11,
NUM_LAYERS_1,2026-07-03,17,-1.2200000000057116,-0.07176470588268892,2.176470588235294,0.0,0.0,2.0,3.4000000000000004,7.7999999999999865,5,12,0,0,0,0,17,23,6,
NUM_LAYERS_1,2026-07-06,19,-0.8700000000071668,-0.045789473684587724,0.7894736842105263,0.0,0.0,0.0,3.3999999999999986,5.099999999999998,0,19,0,0,0,0,19,25,10,
NUM_LAYERS_1,2026-07-13,27,-3.039999999999054,-0.11259259259255756,0.4444444444444444,0.0,0.0,0.0,2.0,2.0,2,25,0,0,0,0,27,34,12,
SL_ATR_050,2024-06-07,115,-3.872094365151497,-0.03367038578392606,21.14782608695652,0.0,0.0,6.5,27.200000000000017,103.79999999999995,33,82,0,0,0,0,115,46,39,
SL_ATR_050,2024-06-12,68,-1.8914684346709691,-0.027815712274573075,22.735294117647058,0.0,0.0,10.25,29.400000000000034,118.99999999999991,20,48,0,0,0,0,68,26,15,
SL_ATR_050,2024-06-13,49,-2.4444031013769445,-0.04988577757912132,42.795918367346935,0.0,4.0,16.0,57.400000000000006,113.59999999999982,8,41,0,0,0,0,49,18,15,
SL_ATR_050,2024-06-14,67,-1.3114019031883497,-0.019573162734154475,22.98507462686567,0.0,1.0,14.5,46.8,116.59999999999988,22,45,0,0,0,0,67,26,23,
SL_ATR_050,2024-06-19,19,-0.5816304531676906,-0.030612129114088976,30.473684210526315,3.5,19.0,46.0,80.79999999999998,96.29999999999991,10,9,0,0,0,0,19,7,3,
SL_ATR_050,2024-07-04,36,-0.4451587653852584,-0.012365521260701623,66.19444444444444,0.0,8.5,44.25,153.0,221.25,9,27,0,0,0,0,36,13,13,
SL_ATR_050,2024-07-08,77,-0.474575131514636,-0.0061633133962939735,51.76623376623377,0.0,6.0,16.0,120.20000000000024,227.4000000000001,32,45,0,0,0,0,77,30,23,
SL_ATR_050,2024-07-12,63,-1.3836859789901914,-0.021963269507780814,100.15873015873017,0.0,0.0,3.0,185.80000000000052,308.29999999999995,15,48,0,0,0,0,63,24,18,
SL_ATR_050,2024-07-17,51,-1.8432400931777315,-0.03614196261132807,21.862745098039216,0.0,1.0,8.0,28.0,78.0,17,34,0,0,0,0,51,20,24,
SL_ATR_050,2024-07-22,57,0.062228234414305916,0.0010917234107772967,49.280701754385966,0.0,3.0,35.0,128.8,322.7999999999999,21,36,0,0,0,0,57,22,15,
SL_ATR_050,2024-07-30,52,-0.8465883396311257,-0.01628054499290626,25.76923076923077,0.0,3.0,27.25,95.19999999999996,153.8999999999998,20,32,0,0,0,0,52,20,12,
SL_ATR_050,2024-08-01,48,-1.6702456947343003,-0.03479678530696459,21.208333333333332,0.0,2.0,11.75,55.20000000000006,91.94999999999999,15,33,0,0,0,0,48,18,20,
SL_ATR_050,2024-08-05,113,-2.219968515987148,-0.019645739079532282,10.893805309734514,0.0,1.0,5.0,20.799999999999997,50.59999999999984,28,85,0,0,0,0,113,45,33,
SL_ATR_050,2024-08-21,43,-0.41002050801049933,-0.009535360651406961,44.25581395348837,0.0,3.0,18.5,96.6000000000001,260.0999999999998,8,35,0,0,0,0,43,18,16,
SL_ATR_050,2024-08-28,51,-0.77490736998728,-0.015194262156613333,26.07843137254902,0.0,0.0,11.0,44.0,75.5,15,36,0,0,0,0,51,20,21,
SL_ATR_050,2024-09-24,52,0.3723672346676117,0.007160908358992532,25.134615384615383,0.0,0.0,10.75,41.599999999999994,152.2499999999999,16,36,0,0,0,0,52,23,22,
SL_ATR_050,2024-09-30,88,-1.4003111352673538,-0.01591262653712902,54.17045454545455,0.0,3.0,25.75,106.79999999999998,291.04999999999916,34,54,0,0,0,0,88,34,34,
SL_ATR_050,2024-10-01,68,-1.8043249767720229,-0.02653419083488269,60.661764705882355,0.0,3.0,25.0,144.90000000000018,346.8499999999998,15,53,0,0,0,0,68,27,26,
SL_ATR_050,2024-10-04,52,-1.66316774558436,-0.03198399510739154,17.26923076923077,0.0,0.0,7.0,30.599999999999994,96.1499999999998,16,36,0,0,0,0,52,20,9,
SL_ATR_050,2024-10-10,31,0.48870723215350154,0.0157647494243065,64.19354838709677,1.0,21.0,50.0,92.0,256.0,11,20,0,0,0,0,31,14,11,
SL_ATR_050,2024-10-15,61,-1.6877779716375396,-0.027668491338320323,22.42622950819672,0.0,1.0,9.0,59.0,156.0,16,45,0,0,0,0,61,24,17,
SL_ATR_050,2024-10-18,71,-1.2097833070080621,-0.017039201507155804,14.76056338028169,0.0,2.0,14.5,49.0,78.0,12,59,0,0,0,0,71,25,17,
SL_ATR_050,2024-10-22,66,-2.2961068044793747,-0.034789497037566286,15.121212121212121,0.0,1.0,5.5,31.0,49.0,9,57,0,0,0,0,66,24,22,
SL_ATR_050,2024-11-13,48,-1.8453643210268638,-0.03844509002139299,19.458333333333332,0.0,1.5,12.0,64.60000000000005,86.94999999999999,18,30,0,0,0,0,48,19,22,
SL_ATR_050,2024-11-28,81,-2.3427829078944646,-0.02892324577647487,26.839506172839506,0.0,0.0,25.0,64.0,172.0,15,66,0,0,0,0,81,31,42,
SL_ATR_050,2024-12-02,70,-0.9337885953785493,-0.01333983707683642,76.57142857142857,0.0,3.0,15.0,42.70000000000004,82.0,21,49,0,0,0,0,70,27,18,
SL_ATR_050,2025-01-03,65,-1.8111150199677772,-0.027863307999504264,13.461538461538462,0.0,0.0,8.0,22.20000000000001,55.79999999999994,14,51,0,0,0,0,65,24,27,
SL_ATR_050,2025-01-08,36,-0.49134559548277446,-0.013648488763410401,26.61111111111111,0.0,1.0,28.25,77.0,132.25,6,30,0,0,0,0,36,14,13,
SL_ATR_050,2025-01-15,53,-1.9100908490521156,-0.03603944998211539,20.71698113207547,0.0,0.0,8.0,47.800000000000004,58.59999999999999,23,30,0,0,0,0,53,21,15,
SL_ATR_050,2025-01-22,46,-0.11136463956199802,-0.0024209704252608267,97.17391304347827,0.0,1.0,14.0,33.0,70.0,10,36,0,0,0,0,46,18,13,
SL_ATR_050,2025-01-29,49,-3.1579381830996076,-0.06444771802244097,47.36734693877551,0.0,1.0,5.0,42.800000000000026,64.6,7,42,0,0,0,0,49,18,33,
SL_ATR_050,2025-01-31,57,-1.88638866169246,-0.033094537924429124,7.43859649122807,0.0,0.0,1.0,11.799999999999997,17.399999999999906,12,45,0,0,0,0,57,20,21,
SL_ATR_050,2025-02-21,34,0.5048376636386821,0.014848166577608297,15.529411764705882,0.0,1.5,9.75,30.999999999999993,48.84999999999998,13,21,0,0,0,0,34,15,12,
SL_ATR_050,2025-03-11,41,0.14684586898359445,0.0035816065605754743,26.24390243902439,0.0,3.0,22.0,70.0,140.0,9,32,0,0,0,0,41,17,26,
SL_ATR_050,2025-03-19,57,-0.8000801077578217,-0.014036493118558275,19.50877192982456,0.0,6.0,20.0,44.0,66.19999999999999,9,48,0,0,0,0,57,21,27,
SL_ATR_050,2025-03-26,46,-0.14678367051707625,-0.003190949359066875,33.82608695652174,0.0,1.0,23.5,81.5,104.0,14,32,0,0,0,0,46,18,12,
SL_ATR_050,2025-03-31,67,-3.144216861485954,-0.04692860987292469,8.940298507462687,0.0,0.0,1.0,21.599999999999987,50.69999999999995,13,54,0,0,0,0,67,24,30,
SL_ATR_050,2025-04-10,85,-6.144415279144748,-0.0722872385781735,3.623529411764706,0.0,0.0,1.0,4.6000000000000085,8.599999999999994,23,62,0,0,0,0,85,33,39,
SL_ATR_050,2025-05-09,74,-2.8149055416544493,-0.03803926407641148,13.108108108108109,0.0,0.0,5.0,24.500000000000014,42.19999999999993,23,51,0,0,0,0,74,29,25,
SL_ATR_050,2025-05-13,59,-4.334412226730214,-0.0734646140123765,9.966101694915254,0.0,0.0,1.0,21.000000000000014,75.1,11,48,0,0,0,0,59,22,24,
SL_ATR_050,2025-05-30,57,-2.7980234390151963,-0.049088130509038534,9.087719298245615,0.0,0.0,6.0,24.39999999999999,51.999999999999936,12,45,0,0,0,0,57,22,20,
SL_ATR_050,2025-06-18,52,-3.164670484708192,-0.06085904778284985,2.826923076923077,0.0,0.0,3.0,11.0,13.449999999999996,7,45,0,0,0,0,52,20,15,
SL_ATR_050,2025-06-30,78,-1.270657685895458,-0.01629048315250587,27.397435897435898,0.0,1.5,12.0,60.99999999999994,145.24999999999955,33,45,0,0,0,0,78,30,21,
SL_ATR_050,2025-07-08,76,-2.3973856266719245,-0.031544547719367426,13.539473684210526,0.0,0.0,4.75,29.5,87.75,19,57,0,0,0,0,76,27,29,
SL_ATR_050,2025-07-11,60,0.9627760703821575,0.016046267839702626,19.7,0.0,0.5,9.25,46.30000000000003,131.04999999999995,21,39,0,0,0,0,60,25,20,
SL_ATR_050,2025-07-31,60,-1.7385724740385438,-0.028976207900642394,10.65,0.0,0.0,4.5,20.500000000000007,48.19999999999993,9,51,0,0,0,0,60,23,27,
SL_ATR_050,2025-08-11,70,-3.83230353715832,-0.054747193387976,11.642857142857142,0.0,0.0,4.0,8.0,18.04999999999997,13,57,0,0,0,0,70,27,29,
SL_ATR_050,2025-09-22,74,0.8157394826062048,0.01102350652170547,32.5,0.0,2.0,16.75,63.50000000000007,139.84999999999982,29,45,0,0,0,0,74,30,12,
SL_ATR_050,2025-10-16,112,-8.716308216253614,-0.0778241805022644,2.2142857142857144,0.0,0.0,1.0,4.0,11.0,24,88,0,0,0,0,112,42,37,
SL_ATR_050,2025-10-20,94,-4.71255761700407,-0.05013359167025607,6.638297872340425,0.0,0.0,3.0,7.0,23.69999999999999,19,75,0,0,0,0,94,37,46,
SL_ATR_050,2025-10-28,100,-8.507159784683154,-0.08507159784683153,2.76,0.0,0.0,2.0,10.200000000000017,14.149999999999991,11,89,0,0,0,0,100,39,37,
SL_ATR_050,2025-11-06,72,-3.4731770460472644,-0.04823857008398978,10.01388888888889,0.0,0.0,5.25,19.799999999999997,34.95000000000003,21,51,0,0,0,0,72,27,23,
SL_ATR_050,2025-11-11,63,-0.7066461105117317,-0.011216604928757645,13.365079365079366,0.0,0.0,8.0,28.000000000000043,61.8,15,48,0,0,0,0,63,28,30,
SL_ATR_050,2025-11-13,69,-4.404907242077873,-0.06383923539243294,4.550724637681159,0.0,0.0,3.0,16.0,19.19999999999999,13,56,0,0,0,0,69,26,16,
SL_ATR_050,2025-12-26,72,-4.526300461194296,-0.06286528418325411,2.5694444444444446,0.0,0.0,1.0,5.899999999999999,13.900000000000006,15,57,0,0,0,0,72,25,23,
SL_ATR_050,2026-01-07,63,-2.61133426017265,-0.041449750161470636,10.507936507936508,0.0,0.0,1.5,33.000000000000064,62.89999999999997,12,51,0,0,0,0,63,24,29,
SL_ATR_050,2026-01-08,75,-5.756581280006382,-0.07675441706675176,6.546666666666667,0.0,0.0,2.0,18.60000000000005,24.499999999999986,22,53,0,0,0,0,75,29,31,
SL_ATR_050,2026-01-16,37,-6.418725886744748,-0.17347907802012832,11.108108108108109,0.0,0.0,5.0,22.99999999999995,50.79999999999994,10,27,0,0,0,0,37,15,14,
SL_ATR_050,2026-01-22,129,-9.789895104529327,-0.07589065972503355,4.263565891472868,0.0,0.0,2.0,12.200000000000003,28.599999999999966,28,101,0,0,0,0,129,52,58,
SL_ATR_050,2026-01-26,39,-4.516076005704539,-0.11579682065909075,0.3076923076923077,0.0,0.0,0.0,1.0,1.2000000000000028,6,33,0,0,0,0,39,15,15,
SL_ATR_050,2026-02-02,98,-32.12951288781339,-0.32785217232462643,1.0510204081632653,0.0,0.0,0.0,1.2999999999999972,3.0,18,80,0,0,0,0,98,36,40,
SL_ATR_050,2026-02-18,88,-3.7861899753179387,-0.043024886083158395,5.715909090909091,0.0,0.0,3.0,14.599999999999994,25.599999999999966,34,54,0,0,0,0,88,36,18,
SL_ATR_050,2026-02-19,70,-5.422948175078091,-0.07747068821540129,1.2571428571428571,0.0,0.0,0.0,6.0,6.0,4,66,0,0,0,0,70,25,28,
SL_ATR_050,2026-03-12,118,-8.761432862143618,-0.0742494310351154,5.194915254237288,0.0,0.0,1.0,8.0,14.249999999999872,24,94,0,0,0,0,118,44,46,
SL_ATR_050,2026-03-17,46,-2.1412249818640703,-0.04654836917095805,7.173913043478261,0.0,0.0,4.75,13.0,24.75,13,33,0,0,0,0,46,17,6,
SL_ATR_050,2026-03-18,123,-7.514715645650844,-0.06109524915163288,2.926829268292683,0.0,0.0,1.0,8.0,15.899999999999991,28,95,0,0,0,0,123,47,46,
SL_ATR_050,2026-03-30,78,-12.346436248217287,-0.15828764420791394,2.128205128205128,0.0,0.0,1.75,5.599999999999994,12.0,12,66,0,0,0,0,78,28,34,
SL_ATR_050,2026-04-01,86,-11.537101040609135,-0.1341523376815016,4.767441860465116,0.0,0.0,2.0,5.5,6.75,20,66,0,0,0,0,86,31,35,
SL_ATR_050,2026-04-08,84,-10.276829532821164,-0.12234320872406149,1.0,0.0,0.0,0.0,3.4000000000000057,5.849999999999994,15,69,0,0,0,0,84,35,43,
SL_ATR_050,2026-04-14,92,-6.536785876821341,-0.07105202040023197,6.021739130434782,0.0,0.0,3.0,20.900000000000006,28.35000000000001,32,60,0,0,0,0,92,33,27,
SL_ATR_050,2026-04-29,83,-0.6839715682278135,-0.00824062130394956,13.975903614457831,0.0,0.0,8.0,32.39999999999998,79.69999999999989,29,54,0,0,0,0,83,36,22,
SL_ATR_050,2026-05-07,77,-6.587706412601014,-0.0855546287350781,2.987012987012987,0.0,0.0,2.0,8.800000000000011,12.000000000000028,6,71,0,0,0,0,77,28,29,
SL_ATR_050,2026-05-29,99,-5.16032082804971,-0.05212445280858293,7.202020202020202,0.0,0.0,2.0,12.0,40.499999999999915,30,69,0,0,0,0,99,39,24,
SL_ATR_050,2026-06-01,95,-5.708853946352065,-0.06009319943528489,9.810526315789474,0.0,0.0,4.0,15.0,25.599999999999994,26,69,0,0,0,0,95,35,36,
SL_ATR_050,2026-06-11,69,-5.890216254857023,-0.08536545296894237,1.1594202898550725,0.0,0.0,0.0,5.0,7.599999999999994,9,60,0,0,0,0,69,25,30,
SL_ATR_050,2026-06-30,75,-1.0264915027002341,-0.013686553369336456,6.24,0.0,0.0,2.0,13.200000000000017,29.499999999999986,21,54,0,0,0,0,75,29,21,
SL_ATR_050,2026-07-02,65,-2.2604188144890336,-0.034775674069062054,6.876923076923077,0.0,0.0,4.0,7.0,38.99999999999996,14,51,0,0,0,0,65,27,33,
SL_ATR_050,2026-07-03,59,-2.6205609487612187,-0.0444162872671393,4.898305084745763,0.0,0.0,5.0,18.60000000000001,24.399999999999977,21,38,0,0,0,0,59,23,16,
SL_ATR_050,2026-07-06,64,-1.317987646341559,-0.02059355697408686,18.25,0.0,0.0,3.0,25.400000000000006,94.8999999999997,7,57,0,0,0,0,64,25,28,
SL_ATR_050,2026-07-13,90,-7.709466941586925,-0.08566074379541028,3.3777777777777778,0.0,0.0,1.0,5.0,13.199999999999989,15,75,0,0,0,0,90,34,36,
TP_ATR_080,2024-06-07,115,-3.872094365151497,-0.03367038578392606,21.14782608695652,0.0,0.0,6.5,27.200000000000017,103.79999999999995,33,82,0,0,0,0,115,46,39,
TP_ATR_080,2024-06-12,68,-1.8914684346709691,-0.027815712274573075,22.735294117647058,0.0,0.0,10.25,29.400000000000034,118.99999999999991,20,48,0,0,0,0,68,26,15,
TP_ATR_080,2024-06-13,49,-2.4444031013769445,-0.04988577757912132,42.795918367346935,0.0,4.0,16.0,57.400000000000006,113.59999999999982,8,41,0,0,0,0,49,18,15,
TP_ATR_080,2024-06-14,67,-1.3114019031883497,-0.019573162734154475,22.98507462686567,0.0,1.0,14.5,46.8,116.59999999999988,22,45,0,0,0,0,67,26,23,
TP_ATR_080,2024-06-19,19,-0.5816304531676906,-0.030612129114088976,30.473684210526315,3.5,19.0,46.0,80.79999999999998,96.29999999999991,10,9,0,0,0,0,19,7,3,
TP_ATR_080,2024-07-04,36,-0.4451587653852584,-0.012365521260701623,66.19444444444444,0.0,8.5,44.25,153.0,221.25,9,27,0,0,0,0,36,13,13,
TP_ATR_080,2024-07-08,77,-0.474575131514636,-0.0061633133962939735,51.76623376623377,0.0,6.0,16.0,120.20000000000024,227.4000000000001,32,45,0,0,0,0,77,30,23,
TP_ATR_080,2024-07-12,63,-1.3836859789901914,-0.021963269507780814,100.15873015873017,0.0,0.0,3.0,185.80000000000052,308.29999999999995,15,48,0,0,0,0,63,24,18,
TP_ATR_080,2024-07-17,51,-1.8432400931777315,-0.03614196261132807,21.862745098039216,0.0,1.0,8.0,28.0,78.0,17,34,0,0,0,0,51,20,24,
TP_ATR_080,2024-07-22,57,0.062228234414305916,0.0010917234107772967,49.280701754385966,0.0,3.0,35.0,128.8,322.7999999999999,21,36,0,0,0,0,57,22,15,
TP_ATR_080,2024-07-30,52,-0.8465883396311257,-0.01628054499290626,25.76923076923077,0.0,3.0,27.25,95.19999999999996,153.8999999999998,20,32,0,0,0,0,52,20,12,
TP_ATR_080,2024-08-01,48,-1.6702456947343003,-0.03479678530696459,21.208333333333332,0.0,2.0,11.75,55.20000000000006,91.94999999999999,15,33,0,0,0,0,48,18,20,
TP_ATR_080,2024-08-05,113,-2.219968515987148,-0.019645739079532282,10.893805309734514,0.0,1.0,5.0,20.799999999999997,50.59999999999984,28,85,0,0,0,0,113,45,33,
TP_ATR_080,2024-08-21,43,-0.41002050801049933,-0.009535360651406961,44.25581395348837,0.0,3.0,18.5,96.6000000000001,260.0999999999998,8,35,0,0,0,0,43,18,16,
TP_ATR_080,2024-08-28,51,-0.77490736998728,-0.015194262156613333,26.07843137254902,0.0,0.0,11.0,44.0,75.5,15,36,0,0,0,0,51,20,21,
TP_ATR_080,2024-09-24,52,0.3723672346676117,0.007160908358992532,25.134615384615383,0.0,0.0,10.75,41.599999999999994,152.2499999999999,16,36,0,0,0,0,52,23,22,
TP_ATR_080,2024-09-30,88,-1.4003111352673538,-0.01591262653712902,54.17045454545455,0.0,3.0,25.75,106.79999999999998,291.04999999999916,34,54,0,0,0,0,88,34,34,
TP_ATR_080,2024-10-01,68,-1.8043249767720229,-0.02653419083488269,60.661764705882355,0.0,3.0,25.0,144.90000000000018,346.8499999999998,15,53,0,0,0,0,68,27,26,
TP_ATR_080,2024-10-04,52,-1.66316774558436,-0.03198399510739154,17.26923076923077,0.0,0.0,7.0,30.599999999999994,96.1499999999998,16,36,0,0,0,0,52,20,9,
TP_ATR_080,2024-10-10,31,0.48870723215350154,0.0157647494243065,64.19354838709677,1.0,21.0,50.0,92.0,256.0,11,20,0,0,0,0,31,14,11,
TP_ATR_080,2024-10-15,61,-1.6877779716375396,-0.027668491338320323,22.42622950819672,0.0,1.0,9.0,59.0,156.0,16,45,0,0,0,0,61,24,17,
TP_ATR_080,2024-10-18,71,-1.2097833070080621,-0.017039201507155804,14.76056338028169,0.0,2.0,14.5,49.0,78.0,12,59,0,0,0,0,71,25,17,
TP_ATR_080,2024-10-22,66,-2.2961068044793747,-0.034789497037566286,15.121212121212121,0.0,1.0,5.5,31.0,49.0,9,57,0,0,0,0,66,24,22,
TP_ATR_080,2024-11-13,48,-1.8453643210268638,-0.03844509002139299,19.458333333333332,0.0,1.5,12.0,64.60000000000005,86.94999999999999,18,30,0,0,0,0,48,19,22,
TP_ATR_080,2024-11-28,81,-2.3427829078944646,-0.02892324577647487,26.839506172839506,0.0,0.0,25.0,64.0,172.0,15,66,0,0,0,0,81,31,42,
TP_ATR_080,2024-12-02,70,-0.9337885953785493,-0.01333983707683642,76.57142857142857,0.0,3.0,15.0,42.70000000000004,82.0,21,49,0,0,0,0,70,27,18,
TP_ATR_080,2025-01-03,65,-1.8111150199677772,-0.027863307999504264,13.461538461538462,0.0,0.0,8.0,22.20000000000001,55.79999999999994,14,51,0,0,0,0,65,24,27,
TP_ATR_080,2025-01-08,36,-0.49134559548277446,-0.013648488763410401,26.61111111111111,0.0,1.0,28.25,77.0,132.25,6,30,0,0,0,0,36,14,13,
TP_ATR_080,2025-01-15,53,-1.9100908490521156,-0.03603944998211539,20.71698113207547,0.0,0.0,8.0,47.800000000000004,58.59999999999999,23,30,0,0,0,0,53,21,15,
TP_ATR_080,2025-01-22,46,-0.11136463956199802,-0.0024209704252608267,97.17391304347827,0.0,1.0,14.0,33.0,70.0,10,36,0,0,0,0,46,18,13,
TP_ATR_080,2025-01-29,49,-3.1579381830996076,-0.06444771802244097,47.36734693877551,0.0,1.0,5.0,42.800000000000026,64.6,7,42,0,0,0,0,49,18,33,
TP_ATR_080,2025-01-31,57,-1.88638866169246,-0.033094537924429124,7.43859649122807,0.0,0.0,1.0,11.799999999999997,17.399999999999906,12,45,0,0,0,0,57,20,21,
TP_ATR_080,2025-02-21,34,0.5048376636386821,0.014848166577608297,15.529411764705882,0.0,1.5,9.75,30.999999999999993,48.84999999999998,13,21,0,0,0,0,34,15,12,
TP_ATR_080,2025-03-11,41,0.14684586898359445,0.0035816065605754743,26.24390243902439,0.0,3.0,22.0,70.0,140.0,9,32,0,0,0,0,41,17,26,
TP_ATR_080,2025-03-19,57,-0.8000801077578217,-0.014036493118558275,19.50877192982456,0.0,6.0,20.0,44.0,66.19999999999999,9,48,0,0,0,0,57,21,27,
TP_ATR_080,2025-03-26,46,-0.14678367051707625,-0.003190949359066875,33.82608695652174,0.0,1.0,23.5,81.5,104.0,14,32,0,0,0,0,46,18,12,
TP_ATR_080,2025-03-31,67,-3.144216861485954,-0.04692860987292469,8.940298507462687,0.0,0.0,1.0,21.599999999999987,50.69999999999995,13,54,0,0,0,0,67,24,30,
TP_ATR_080,2025-04-10,85,-6.144415279144748,-0.0722872385781735,3.623529411764706,0.0,0.0,1.0,4.6000000000000085,8.599999999999994,23,62,0,0,0,0,85,33,39,
TP_ATR_080,2025-05-09,74,-2.8149055416544493,-0.03803926407641148,13.108108108108109,0.0,0.0,5.0,24.500000000000014,42.19999999999993,23,51,0,0,0,0,74,29,25,
TP_ATR_080,2025-05-13,59,-4.334412226730214,-0.0734646140123765,9.966101694915254,0.0,0.0,1.0,21.000000000000014,75.1,11,48,0,0,0,0,59,22,24,
TP_ATR_080,2025-05-30,57,-2.7980234390151963,-0.049088130509038534,9.087719298245615,0.0,0.0,6.0,24.39999999999999,51.999999999999936,12,45,0,0,0,0,57,22,20,
TP_ATR_080,2025-06-18,52,-3.164670484708192,-0.06085904778284985,2.826923076923077,0.0,0.0,3.0,11.0,13.449999999999996,7,45,0,0,0,0,52,20,15,
TP_ATR_080,2025-06-30,78,-1.270657685895458,-0.01629048315250587,27.397435897435898,0.0,1.5,12.0,60.99999999999994,145.24999999999955,33,45,0,0,0,0,78,30,21,
TP_ATR_080,2025-07-08,76,-2.3973856266719245,-0.031544547719367426,13.539473684210526,0.0,0.0,4.75,29.5,87.75,19,57,0,0,0,0,76,27,29,
TP_ATR_080,2025-07-11,60,0.9627760703821575,0.016046267839702626,19.7,0.0,0.5,9.25,46.30000000000003,131.04999999999995,21,39,0,0,0,0,60,25,20,
TP_ATR_080,2025-07-31,60,-1.7385724740385438,-0.028976207900642394,10.65,0.0,0.0,4.5,20.500000000000007,48.19999999999993,9,51,0,0,0,0,60,23,27,
TP_ATR_080,2025-08-11,70,-3.83230353715832,-0.054747193387976,11.642857142857142,0.0,0.0,4.0,8.0,18.04999999999997,13,57,0,0,0,0,70,27,29,
TP_ATR_080,2025-09-22,74,0.8157394826062048,0.01102350652170547,32.5,0.0,2.0,16.75,63.50000000000007,139.84999999999982,29,45,0,0,0,0,74,30,12,
TP_ATR_080,2025-10-16,112,-8.716308216253614,-0.0778241805022644,2.2142857142857144,0.0,0.0,1.0,4.0,11.0,24,88,0,0,0,0,112,42,37,
TP_ATR_080,2025-10-20,94,-4.71255761700407,-0.05013359167025607,6.638297872340425,0.0,0.0,3.0,7.0,23.69999999999999,19,75,0,0,0,0,94,37,46,
TP_ATR_080,2025-10-28,100,-8.507159784683154,-0.08507159784683153,2.76,0.0,0.0,2.0,10.200000000000017,14.149999999999991,11,89,0,0,0,0,100,39,37,
TP_ATR_080,2025-11-06,72,-3.4731770460472644,-0.04823857008398978,10.01388888888889,0.0,0.0,5.25,19.799999999999997,34.95000000000003,21,51,0,0,0,0,72,27,23,
TP_ATR_080,2025-11-11,63,-0.7066461105117317,-0.011216604928757645,13.365079365079366,0.0,0.0,8.0,28.000000000000043,61.8,15,48,0,0,0,0,63,28,30,
TP_ATR_080,2025-11-13,69,-4.404907242077873,-0.06383923539243294,4.550724637681159,0.0,0.0,3.0,16.0,19.19999999999999,13,56,0,0,0,0,69,26,16,
TP_ATR_080,2025-12-26,72,-4.526300461194296,-0.06286528418325411,2.5694444444444446,0.0,0.0,1.0,5.899999999999999,13.900000000000006,15,57,0,0,0,0,72,25,23,
TP_ATR_080,2026-01-07,63,-2.61133426017265,-0.041449750161470636,10.507936507936508,0.0,0.0,1.5,33.000000000000064,62.89999999999997,12,51,0,0,0,0,63,24,29,
TP_ATR_080,2026-01-08,75,-5.756581280006382,-0.07675441706675176,6.546666666666667,0.0,0.0,2.0,18.60000000000005,24.499999999999986,22,53,0,0,0,0,75,29,31,
TP_ATR_080,2026-01-16,37,-6.418725886744748,-0.17347907802012832,11.108108108108109,0.0,0.0,5.0,22.99999999999995,50.79999999999994,10,27,0,0,0,0,37,15,14,
TP_ATR_080,2026-01-22,129,-9.789895104529327,-0.07589065972503355,4.263565891472868,0.0,0.0,2.0,12.200000000000003,28.599999999999966,28,101,0,0,0,0,129,52,58,
TP_ATR_080,2026-01-26,39,-4.516076005704539,-0.11579682065909075,0.3076923076923077,0.0,0.0,0.0,1.0,1.2000000000000028,6,33,0,0,0,0,39,15,15,
TP_ATR_080,2026-02-02,98,-32.12951288781339,-0.32785217232462643,1.0510204081632653,0.0,0.0,0.0,1.2999999999999972,3.0,18,80,0,0,0,0,98,36,40,
TP_ATR_080,2026-02-18,88,-3.7861899753179387,-0.043024886083158395,5.715909090909091,0.0,0.0,3.0,14.599999999999994,25.599999999999966,34,54,0,0,0,0,88,36,18,
TP_ATR_080,2026-02-19,70,-5.422948175078091,-0.07747068821540129,1.2571428571428571,0.0,0.0,0.0,6.0,6.0,4,66,0,0,0,0,70,25,28,
TP_ATR_080,2026-03-12,118,-8.761432862143618,-0.0742494310351154,5.194915254237288,0.0,0.0,1.0,8.0,14.249999999999872,24,94,0,0,0,0,118,44,46,
TP_ATR_080,2026-03-17,46,-2.1412249818640703,-0.04654836917095805,7.173913043478261,0.0,0.0,4.75,13.0,24.75,13,33,0,0,0,0,46,17,6,
TP_ATR_080,2026-03-18,123,-7.514715645650844,-0.06109524915163288,2.926829268292683,0.0,0.0,1.0,8.0,15.899999999999991,28,95,0,0,0,0,123,47,46,
TP_ATR_080,2026-03-30,78,-12.346436248217287,-0.15828764420791394,2.128205128205128,0.0,0.0,1.75,5.599999999999994,12.0,12,66,0,0,0,0,78,28,34,
TP_ATR_080,2026-04-01,86,-11.537101040609135,-0.1341523376815016,4.767441860465116,0.0,0.0,2.0,5.5,6.75,20,66,0,0,0,0,86,31,35,
TP_ATR_080,2026-04-08,84,-10.276829532821164,-0.12234320872406149,1.0,0.0,0.0,0.0,3.4000000000000057,5.849999999999994,15,69,0,0,0,0,84,35,43,
TP_ATR_080,2026-04-14,92,-6.536785876821341,-0.07105202040023197,6.021739130434782,0.0,0.0,3.0,20.900000000000006,28.35000000000001,32,60,0,0,0,0,92,33,27,
TP_ATR_080,2026-04-29,83,-0.6839715682278135,-0.00824062130394956,13.975903614457831,0.0,0.0,8.0,32.39999999999998,79.69999999999989,29,54,0,0,0,0,83,36,22,
TP_ATR_080,2026-05-07,77,-6.587706412601014,-0.0855546287350781,2.987012987012987,0.0,0.0,2.0,8.800000000000011,12.000000000000028,6,71,0,0,0,0,77,28,29,
TP_ATR_080,2026-05-29,99,-5.16032082804971,-0.05212445280858293,7.202020202020202,0.0,0.0,2.0,12.0,40.499999999999915,30,69,0,0,0,0,99,39,24,
TP_ATR_080,2026-06-01,95,-5.708853946352065,-0.06009319943528489,9.810526315789474,0.0,0.0,4.0,15.0,25.599999999999994,26,69,0,0,0,0,95,35,36,
TP_ATR_080,2026-06-11,69,-5.890216254857023,-0.08536545296894237,1.1594202898550725,0.0,0.0,0.0,5.0,7.599999999999994,9,60,0,0,0,0,69,25,30,
TP_ATR_080,2026-06-30,75,-1.0264915027002341,-0.013686553369336456,6.24,0.0,0.0,2.0,13.200000000000017,29.499999999999986,21,54,0,0,0,0,75,29,21,
TP_ATR_080,2026-07-02,65,-2.2604188144890336,-0.034775674069062054,6.876923076923077,0.0,0.0,4.0,7.0,38.99999999999996,14,51,0,0,0,0,65,27,33,
TP_ATR_080,2026-07-03,59,-2.6205609487612187,-0.0444162872671393,4.898305084745763,0.0,0.0,5.0,18.60000000000001,24.399999999999977,21,38,0,0,0,0,59,23,16,
TP_ATR_080,2026-07-06,64,-1.317987646341559,-0.02059355697408686,18.25,0.0,0.0,3.0,25.400000000000006,94.8999999999997,7,57,0,0,0,0,64,25,28,
TP_ATR_080,2026-07-13,90,-7.709466941586925,-0.08566074379541028,3.3777777777777778,0.0,0.0,1.0,5.0,13.199999999999989,15,75,0,0,0,0,90,34,36,
MIN_ZONE_050,2024-06-07,102,-4.397407018000043,-0.04311183350980434,22.715686274509803,0.0,0.0,4.0,31.900000000000006,112.09999999999934,20,82,0,0,0,0,102,40,39,
MIN_ZONE_050,2024-06-12,67,-2.1277698045340308,-0.03175775827662732,21.880597014925375,0.0,0.0,6.5,26.4,110.29999999999959,19,48,0,0,0,0,67,25,15,
MIN_ZONE_050,2024-06-13,49,-1.954839220125905,-0.03989467796175317,45.69387755102041,1.0,4.0,18.0,66.2000000000001,155.39999999999972,8,41,0,0,0,0,49,18,15,
MIN_ZONE_050,2024-06-14,66,-1.5622991680725136,-0.023671199516250206,25.348484848484848,0.0,1.5,15.25,67.5,131.75,21,45,0,0,0,0,66,24,23,
MIN_ZONE_050,2024-06-19,21,-1.2000136607854681,-0.05714350765645086,26.476190476190474,2.0,15.0,60.0,65.0,78.0,12,9,0,0,0,0,21,7,3,
MIN_ZONE_050,2024-07-04,30,-0.9458940016832761,-0.031529800056109204,26.9,0.0,3.5,17.75,104.10000000000005,154.19999999999993,3,27,0,0,0,0,30,10,13,
MIN_ZONE_050,2024-07-08,73,-0.5709909186877363,-0.00782179340668132,41.63013698630137,0.0,5.0,16.0,87.79999999999991,188.19999999999987,28,45,0,0,0,0,73,28,23,
MIN_ZONE_050,2024-07-12,59,-1.5492280001314311,-0.0262581016971429,93.11864406779661,0.0,0.0,3.5,51.400000000000134,271.39999999999986,11,48,0,0,0,0,59,22,18,
MIN_ZONE_050,2024-07-17,48,-1.7787303599404065,-0.03705688249875847,22.145833333333332,0.0,0.0,5.25,25.400000000000034,81.29999999999997,14,34,0,0,0,0,48,19,24,
MIN_ZONE_050,2024-07-22,41,-0.5821588141404088,-0.01419899546683924,22.463414634146343,0.0,2.0,10.0,65.0,101.0,5,36,0,0,0,0,41,15,15,
MIN_ZONE_050,2024-07-30,52,-1.6005767442514602,-0.030780322004835773,23.576923076923077,0.0,2.0,21.0,67.79999999999997,153.8999999999998,20,32,0,0,0,0,52,19,12,
MIN_ZONE_050,2024-08-01,40,-1.1462721236060436,-0.02865680309015109,21.425,0.0,2.0,7.0,52.40000000000002,97.69999999999956,7,33,0,0,0,0,40,15,20,
MIN_ZONE_050,2024-08-05,113,-1.4652152839510866,-0.012966506937620236,11.575221238938052,0.0,1.0,6.0,19.799999999999997,63.99999999999996,28,85,0,0,0,0,113,44,33,
MIN_ZONE_050,2024-08-21,43,-0.41002050801049933,-0.009535360651406961,44.25581395348837,0.0,3.0,18.5,96.6000000000001,260.0999999999998,8,35,0,0,0,0,43,18,16,
MIN_ZONE_050,2024-08-28,48,-1.6199642677226318,-0.03374925557755483,28.895833333333332,0.0,0.0,5.5,32.80000000000007,163.8999999999998,12,36,0,0,0,0,48,17,21,
MIN_ZONE_050,2024-09-24,47,0.5515432472275279,0.011734962706968678,17.80851063829787,0.0,0.0,9.0,39.599999999999994,89.19999999999972,11,36,0,0,0,0,47,20,22,
MIN_ZONE_050,2024-09-30,75,-2.146396850480263,-0.02861862467307017,59.413333333333334,0.0,2.0,18.0,118.2000000000001,355.2999999999997,21,54,0,0,0,0,75,28,34,
MIN_ZONE_050,2024-10-01,69,-1.430049362492961,-0.02072535307960813,64.07246376811594,0.0,4.0,25.0,190.20000000000022,341.9999999999993,16,53,0,0,0,0,69,27,26,
MIN_ZONE_050,2024-10-04,53,-2.981325177141116,-0.05625141843662483,21.943396226415093,0.0,0.0,6.0,26.800000000000004,84.59999999999997,17,36,0,0,0,0,53,19,9,
MIN_ZONE_050,2024-10-10,31,0.48870723215350154,0.0157647494243065,64.19354838709677,1.0,21.0,50.0,92.0,256.0,11,20,0,0,0,0,31,14,11,
MIN_ZONE_050,2024-10-15,54,-2.1883886829101966,-0.040525716350188826,11.88888888888889,0.0,0.0,6.75,21.100000000000037,59.69999999999999,9,45,0,0,0,0,54,20,17,
MIN_ZONE_050,2024-10-18,72,-1.54404615189848,-0.021445085443034445,16.09722222222222,0.0,2.5,16.25,55.09999999999999,77.60000000000002,13,59,0,0,0,0,72,25,17,
MIN_ZONE_050,2024-10-22,64,-2.728066487665577,-0.04262603886977464,7.015625,0.0,1.0,3.25,21.700000000000003,31.0,7,57,0,0,0,0,64,22,22,
MIN_ZONE_050,2024-11-13,43,-2.3023710409896316,-0.05354351258115422,17.511627906976745,0.0,1.0,10.5,39.80000000000007,83.79999999999998,13,30,0,0,0,0,43,17,22,
MIN_ZONE_050,2024-11-28,78,-2.9732388609478826,-0.03811844693522926,23.44871794871795,0.0,0.0,11.5,61.89999999999999,177.99999999999966,12,66,0,0,0,0,78,29,42,
MIN_ZONE_050,2024-12-02,65,-1.8822458042513972,-0.028957627757713805,26.83076923076923,0.0,3.0,16.0,38.00000000000001,81.39999999999999,16,49,0,0,0,0,65,24,18,
MIN_ZONE_050,2025-01-03,60,-2.0097763832469964,-0.03349627305411661,11.283333333333333,0.0,0.0,2.25,14.300000000000004,40.04999999999994,9,51,0,0,0,0,60,22,27,
MIN_ZONE_050,2025-01-08,35,-0.7082965549708813,-0.020237044427739465,26.571428571428573,0.0,1.0,16.5,81.60000000000007,138.69999999999965,5,30,0,0,0,0,35,13,13,
MIN_ZONE_050,2025-01-15,43,-1.8147913292405067,-0.04220444951722108,34.30232558139535,0.0,0.0,9.0,41.40000000000012,176.2999999999998,13,30,0,0,0,0,43,16,15,
MIN_ZONE_050,2025-01-22,42,-0.7186787882428689,-0.017111399720068306,12.452380952380953,0.0,1.0,10.5,25.9,36.74999999999998,6,36,0,0,0,0,42,15,13,
MIN_ZONE_050,2025-01-29,52,-2.9680204876262906,-0.05707731706973636,45.05769230769231,0.0,1.0,5.0,38.79999999999997,64.44999999999999,10,42,0,0,0,0,52,19,33,
MIN_ZONE_050,2025-01-31,58,-1.9795333591849462,-0.034129885503188725,7.551724137931035,0.0,0.0,1.0,13.0,16.29999999999997,13,45,0,0,0,0,58,20,21,
MIN_ZONE_050,2025-02-21,32,-0.40098782576721226,-0.012530869555225383,15.875,0.0,1.0,7.25,33.00000000000002,49.94999999999999,11,21,0,0,0,0,32,13,12,
MIN_ZONE_050,2025-03-11,41,0.14684586898359445,0.0035816065605754743,26.24390243902439,0.0,3.0,22.0,70.0,140.0,9,32,0,0,0,0,41,16,26,
MIN_ZONE_050,2025-03-19,54,-0.6839634077815996,-0.012665989032992585,17.27777777777778,0.0,3.0,19.75,39.20000000000002,46.44999999999996,6,48,0,0,0,0,54,20,27,
MIN_ZONE_050,2025-03-26,44,-0.5012357253115927,-0.011391721029808925,33.09090909090909,0.0,0.0,22.5,73.80000000000001,104.15000000000003,12,32,0,0,0,0,44,17,12,
MIN_ZONE_050,2025-03-31,67,-3.528124325180822,-0.05265857201762421,8.985074626865671,0.0,0.0,1.0,21.599999999999987,50.69999999999995,13,54,0,0,0,0,67,24,30,
MIN_ZONE_050,2025-04-10,89,-7.078551988899866,-0.07953429201011085,4.202247191011236,0.0,0.0,1.0,6.0,14.399999999999977,27,62,0,0,0,0,89,34,39,
MIN_ZONE_050,2025-05-09,69,-2.464174016167817,-0.035712666900982855,13.608695652173912,0.0,0.0,5.0,26.60000000000001,45.19999999999993,18,51,0,0,0,0,69,27,25,
MIN_ZONE_050,2025-05-13,57,-4.174548281151905,-0.07323768914301587,9.43859649122807,0.0,0.0,1.0,20.0,75.19999999999999,9,48,0,0,0,0,57,21,24,
MIN_ZONE_050,2025-05-30,57,-2.7980234390151963,-0.049088130509038534,9.087719298245615,0.0,0.0,6.0,24.39999999999999,51.999999999999936,12,45,0,0,0,0,57,22,20,
MIN_ZONE_050,2025-06-18,50,-3.1754042139832563,-0.06350808427966513,2.18,0.0,0.0,2.75,11.0,12.099999999999994,5,45,0,0,0,0,50,18,15,
MIN_ZONE_050,2025-06-30,77,-1.4810893405718466,-0.019234926500933072,27.12987012987013,0.0,1.0,12.0,63.000000000000114,148.00000000000017,32,45,0,0,0,0,77,29,21,
MIN_ZONE_050,2025-07-08,65,-1.9849216503415241,-0.03053725615910037,9.169230769230769,0.0,0.0,4.0,24.0,46.39999999999995,8,57,0,0,0,0,65,24,29,
MIN_ZONE_050,2025-07-11,58,0.7628003492241079,0.013151730159036343,20.189655172413794,0.0,2.0,8.5,50.9000000000001,133.14999999999998,19,39,0,0,0,0,58,24,20,
MIN_ZONE_050,2025-07-31,63,-1.50336100424344,-0.023862873083229205,7.761904761904762,0.0,0.0,4.0,24.00000000000002,45.299999999999976,12,51,0,0,0,0,63,24,27,
MIN_ZONE_050,2025-08-11,66,-3.9897651259126787,-0.06045098675625271,11.636363636363637,0.0,0.0,2.75,6.0,8.0,9,57,0,0,0,0,66,25,29,
MIN_ZONE_050,2025-09-22,75,0.013991538783557383,0.00018655385044743177,33.06666666666667,0.0,1.0,16.5,72.20000000000002,143.19999999999993,30,45,0,0,0,0,75,29,12,
MIN_ZONE_050,2025-10-16,112,-8.716308216253614,-0.0778241805022644,2.2142857142857144,0.0,0.0,1.0,4.0,11.0,24,88,0,0,0,0,112,42,37,
MIN_ZONE_050,2025-10-20,91,-4.604342606861792,-0.05059717150397573,6.252747252747253,0.0,0.0,3.0,7.0,21.5,16,75,0,0,0,0,91,33,46,
MIN_ZONE_050,2025-10-28,97,-8.313962505771542,-0.08571095366774785,2.8350515463917527,0.0,0.0,2.0,10.800000000000011,14.599999999999966,8,89,0,0,0,0,97,38,37,
MIN_ZONE_050,2025-11-06,75,-3.0383430741442985,-0.040511240988590644,11.146666666666667,0.0,0.0,6.5,20.60000000000001,47.899999999999935,24,51,0,0,0,0,75,28,23,
MIN_ZONE_050,2025-11-11,62,-0.9092008550372459,-0.01466452991995558,13.338709677419354,0.0,0.0,8.0,28.999999999999986,61.89999999999999,14,48,0,0,0,0,62,27,30,
MIN_ZONE_050,2025-11-13,69,-4.404907242077873,-0.06383923539243294,4.550724637681159,0.0,0.0,3.0,16.0,19.19999999999999,13,56,0,0,0,0,69,26,16,
MIN_ZONE_050,2025-12-26,69,-4.333103182282987,-0.06279859684468098,2.5652173913043477,0.0,0.0,1.0,5.200000000000003,14.199999999999989,12,57,0,0,0,0,69,24,23,
MIN_ZONE_050,2026-01-07,63,-2.61133426017265,-0.041449750161470636,10.507936507936508,0.0,0.0,1.5,33.000000000000064,62.89999999999997,12,51,0,0,0,0,63,24,29,
MIN_ZONE_050,2026-01-08,69,-6.199145550611017,-0.0898426891392901,6.811594202898551,0.0,0.0,2.0,21.200000000000003,25.99999999999997,16,53,0,0,0,0,69,26,31,
MIN_ZONE_050,2026-01-16,37,-6.418725886744748,-0.17347907802012832,11.108108108108109,0.0,0.0,5.0,22.99999999999995,50.79999999999994,10,27,0,0,0,0,37,15,14,
MIN_ZONE_050,2026-01-22,125,-9.024593959644335,-0.07219675167715468,4.672,0.0,0.0,2.0,15.400000000000034,35.79999999999998,24,101,0,0,0,0,125,50,58,
MIN_ZONE_050,2026-01-26,39,-4.516076005704539,-0.11579682065909075,0.3076923076923077,0.0,0.0,0.0,1.0,1.2000000000000028,6,33,0,0,0,0,39,15,15,
MIN_ZONE_050,2026-02-02,101,-32.46829369196379,-0.32146825437587906,1.0594059405940595,0.0,0.0,0.0,2.0,3.0,21,80,0,0,0,0,101,37,40,
MIN_ZONE_050,2026-02-18,88,-3.7861899753179387,-0.043024886083158395,5.715909090909091,0.0,0.0,3.0,14.599999999999994,25.599999999999966,34,54,0,0,0,0,88,35,18,
MIN_ZONE_050,2026-02-19,70,-5.422948175078091,-0.07747068821540129,1.2571428571428571,0.0,0.0,0.0,6.0,6.0,4,66,0,0,0,0,70,25,28,
MIN_ZONE_050,2026-03-12,118,-8.761432862143618,-0.0742494310351154,5.194915254237288,0.0,0.0,1.0,8.0,14.249999999999872,24,94,0,0,0,0,118,44,46,
MIN_ZONE_050,2026-03-17,46,-2.1412249818640703,-0.04654836917095805,7.173913043478261,0.0,0.0,4.75,13.0,24.75,13,33,0,0,0,0,46,17,6,
MIN_ZONE_050,2026-03-18,123,-7.514715645650844,-0.06109524915163288,2.926829268292683,0.0,0.0,1.0,8.0,15.899999999999991,28,95,0,0,0,0,123,47,46,
MIN_ZONE_050,2026-03-30,78,-12.346436248217287,-0.15828764420791394,2.128205128205128,0.0,0.0,1.75,5.599999999999994,12.0,12,66,0,0,0,0,78,28,34,
MIN_ZONE_050,2026-04-01,86,-11.537101040609135,-0.1341523376815016,4.767441860465116,0.0,0.0,2.0,5.5,6.75,20,66,0,0,0,0,86,30,35,
MIN_ZONE_050,2026-04-08,84,-10.276829532821164,-0.12234320872406149,1.0,0.0,0.0,0.0,3.4000000000000057,5.849999999999994,15,69,0,0,0,0,84,35,43,
MIN_ZONE_050,2026-04-14,92,-6.536785876821341,-0.07105202040023197,6.021739130434782,0.0,0.0,3.0,20.900000000000006,28.35000000000001,32,60,0,0,0,0,92,33,27,
MIN_ZONE_050,2026-04-29,83,-0.6839715682278135,-0.00824062130394956,13.975903614457831,0.0,0.0,8.0,32.39999999999998,79.69999999999989,29,54,0,0,0,0,83,36,22,
MIN_ZONE_050,2026-05-07,80,-6.605578530001367,-0.08256973162501709,2.9625,0.0,0.0,2.0,8.200000000000017,10.499999999999972,9,71,0,0,0,0,80,29,29,
MIN_ZONE_050,2026-05-29,96,-4.9694532481407805,-0.05176513800146646,7.395833333333333,0.0,0.0,2.0,12.0,42.75,27,69,0,0,0,0,96,38,24,
MIN_ZONE_050,2026-06-01,98,-5.629843693524284,-0.05744738462779882,10.326530612244898,0.0,0.0,3.75,16.599999999999994,41.29999999999998,29,69,0,0,0,0,98,36,36,
MIN_ZONE_050,2026-06-11,72,-6.220297555670338,-0.08639302160653246,1.1527777777777777,0.0,0.0,0.25,4.899999999999999,7.450000000000003,12,60,0,0,0,0,72,26,30,
MIN_ZONE_050,2026-06-30,71,-1.6178957330175763,-0.022787263845317977,5.028169014084507,0.0,0.0,1.0,10.0,22.0,17,54,0,0,0,0,71,27,21,
MIN_ZONE_050,2026-07-02,68,-2.628189233915085,-0.03864984167522184,6.617647058823529,0.0,0.0,3.25,7.0,36.74999999999998,17,51,0,0,0,0,68,27,33,
MIN_ZONE_050,2026-07-03,59,-2.6205609487612187,-0.0444162872671393,4.898305084745763,0.0,0.0,5.0,18.60000000000001,24.399999999999977,21,38,0,0,0,0,59,22,16,
MIN_ZONE_050,2026-07-06,63,-1.5124320907859023,-0.024006858583903213,18.49206349206349,0.0,0.0,3.0,25.60000000000001,97.59999999999992,6,57,0,0,0,0,63,24,28,
MIN_ZONE_050,2026-07-13,89,-7.89282702719432,-0.0886834497437564,3.6741573033707864,0.0,0.0,2.0,6.200000000000017,18.599999999999966,14,75,0,0,0,0,89,33,36,
MIN_ZONE_080,2024-06-07,91,-4.247641377173902,-0.046677377771141774,17.21978021978022,0.0,0.0,1.0,16.0,44.0,9,82,0,0,0,0,91,34,39,
MIN_ZONE_080,2024-06-12,55,-2.7174325811094304,-0.04940786511108055,10.581818181818182,0.0,0.0,2.0,22.400000000000006,26.299999999999997,7,48,0,0,0,0,55,20,15,
MIN_ZONE_080,2024-06-13,46,-2.4151073913618952,-0.052502334594823806,10.630434782608695,0.0,2.0,10.0,24.5,28.0,5,41,0,0,0,0,46,16,15,
MIN_ZONE_080,2024-06-14,50,-2.3028585559770063,-0.04605717111954013,9.06,0.0,0.0,6.75,19.300000000000004,35.14999999999996,5,45,0,0,0,0,50,17,23,
MIN_ZONE_080,2024-06-19,18,-0.6279548138119633,-0.03488637854510907,41.05555555555556,5.0,21.5,63.75,82.20000000000002,114.19999999999979,9,9,0,0,0,0,18,6,3,
MIN_ZONE_080,2024-07-04,30,-0.9458940016832761,-0.031529800056109204,26.9,0.0,3.5,17.75,104.10000000000005,154.19999999999993,3,27,0,0,0,0,30,10,13,
MIN_ZONE_080,2024-07-08,57,-0.943389551836693,-0.016550693891871807,45.40350877192982,0.0,2.0,10.0,140.6,198.39999999999995,12,45,0,0,0,0,57,21,23,
MIN_ZONE_080,2024-07-12,54,-2.579730626722267,-0.047772789383745684,12.851851851851851,0.0,0.0,3.0,13.400000000000006,48.04999999999964,6,48,0,0,0,0,54,19,18,
MIN_ZONE_080,2024-07-17,40,-1.359270611582815,-0.03398176528957038,23.975,0.0,0.0,2.75,13.900000000000027,92.24999999999982,6,34,0,0,0,0,40,16,24,
MIN_ZONE_080,2024-07-22,37,-0.6653711590132237,-0.017983004297654696,20.0,0.0,1.0,7.0,31.999999999999993,78.39999999999972,1,36,0,0,0,0,37,13,15,
MIN_ZONE_080,2024-07-30,43,-1.4651895626980151,-0.034074175876698025,21.511627906976745,0.0,1.0,6.5,44.80000000000005,131.29999999999995,11,32,0,0,0,0,43,16,12,
MIN_ZONE_080,2024-08-01,41,-1.0175894707954283,-0.024819255385254348,16.195121951219512,0.0,2.0,7.0,38.0,65.0,8,33,0,0,0,0,41,15,20,
MIN_ZONE_080,2024-08-05,105,-1.9658688369621207,-0.018722560352020197,8.733333333333333,0.0,1.0,4.0,17.0,56.59999999999992,20,85,0,0,0,0,105,40,33,
MIN_ZONE_080,2024-08-21,43,-1.7226004436062492,-0.04006047543270347,25.046511627906977,0.0,2.0,14.5,36.800000000000004,77.29999999999998,8,35,0,0,0,0,43,16,16,
MIN_ZONE_080,2024-08-28,45,-1.6184221366067202,-0.035964936369038226,26.4,0.0,0.0,3.0,37.60000000000002,84.99999999999994,9,36,0,0,0,0,45,15,21,
MIN_ZONE_080,2024-09-24,40,-0.3842448769182738,-0.009606121922956845,13.175,0.0,0.0,4.5,16.700000000000024,46.29999999999981,4,36,0,0,0,0,40,15,22,
MIN_ZONE_080,2024-09-30,65,-2.177802698914699,-0.03350465690637998,27.953846153846154,0.0,2.0,15.0,36.400000000000006,107.59999999999995,11,54,0,0,0,0,65,23,34,
MIN_ZONE_080,2024-10-01,66,-1.7589522817764496,-0.026650792148128023,62.015151515151516,0.0,2.0,22.75,115.0,266.0,13,53,0,0,0,0,66,25,26,
MIN_ZONE_080,2024-10-04,55,-3.4767083058613935,-0.06321287828838897,19.236363636363638,0.0,0.0,5.0,20.000000000000007,56.09999999999992,19,36,0,0,0,0,55,19,9,
MIN_ZONE_080,2024-10-10,25,0.22749628071778719,0.009099851228711488,21.44,1.0,4.0,32.0,61.40000000000003,72.99999999999999,5,20,0,0,0,0,25,12,11,
MIN_ZONE_080,2024-10-15,51,-2.281958022500779,-0.044744274950995665,9.647058823529411,0.0,0.0,5.0,12.0,35.5,6,45,0,0,0,0,51,18,17,
MIN_ZONE_080,2024-10-18,67,-1.6714271042793978,-0.024946673198199966,15.164179104477611,0.0,2.0,16.0,50.59999999999999,70.39999999999995,8,59,0,0,0,0,67,23,17,
MIN_ZONE_080,2024-10-22,57,-2.2310646365648004,-0.03914148485201404,5.5964912280701755,0.0,1.0,3.0,21.4,31.0,0,57,0,0,0,0,57,19,22,
MIN_ZONE_080,2024-11-13,35,-3.000395406102143,-0.0857255830314898,16.142857142857142,0.0,1.0,4.0,33.000000000000036,76.59999999999997,5,30,0,0,0,0,35,13,22,
MIN_ZONE_080,2024-11-28,68,-2.8972724811678745,-0.042606948252468746,15.544117647058824,0.0,0.0,10.0,39.0,64.0,2,66,0,0,0,0,68,24,42,
MIN_ZONE_080,2024-12-02,59,-1.1249898507783958,-0.019067624589464333,20.220338983050848,0.0,3.0,16.5,36.000000000000014,68.49999999999991,10,49,0,0,0,0,59,23,18,
MIN_ZONE_080,2025-01-03,63,-3.1611144400690137,-0.050176419683635134,3.873015873015873,0.0,0.0,2.5,11.600000000000009,14.899999999999999,12,51,0,0,0,0,63,22,27,
MIN_ZONE_080,2025-01-08,33,-0.6990625165279502,-0.021183712622059096,38.06060606060606,0.0,1.0,4.0,100.0,252.99999999999991,3,30,0,0,0,0,33,13,13,
MIN_ZONE_080,2025-01-15,37,-2.2215189429301367,-0.060041052511625316,10.243243243243244,0.0,0.0,6.0,15.999999999999993,48.199999999999974,7,30,0,0,0,0,37,14,15,
MIN_ZONE_080,2025-01-22,37,-0.8570592334835965,-0.02316376306712423,6.8108108108108105,0.0,1.0,4.0,22.599999999999994,28.199999999999953,1,36,0,0,0,0,37,13,13,
MIN_ZONE_080,2025-01-29,46,-3.1009611716052254,-0.06741219938272229,6.3478260869565215,0.0,1.0,3.0,12.0,47.75,4,42,0,0,0,0,46,16,33,
MIN_ZONE_080,2025-01-31,52,-1.6607064004838321,-0.031936661547766004,3.8846153846153846,0.0,0.0,1.0,8.799999999999997,13.0,7,45,0,0,0,0,52,18,21,
MIN_ZONE_080,2025-02-21,24,-0.11602081603617379,-0.004834200668173908,16.833333333333332,0.0,1.0,6.0,27.099999999999984,43.34999999999998,3,21,0,0,0,0,24,10,12,
MIN_ZONE_080,2025-03-11,35,-0.47603382834980357,-0.013600966524280103,22.82857142857143,0.0,3.0,12.0,50.20000000000001,124.59999999999994,3,32,0,0,0,0,35,12,26,
MIN_ZONE_080,2025-03-19,56,-1.3110097880207832,-0.0234108890717997,18.0,0.0,4.0,20.0,42.5,51.5,8,48,0,0,0,0,56,20,27,
MIN_ZONE_080,2025-03-26,39,-1.1260505401264709,-0.028873090772473613,18.025641025641026,0.0,0.0,18.0,71.80000000000001,89.90000000000003,7,32,0,0,0,0,39,14,12,
MIN_ZONE_080,2025-03-31,67,-3.486878255261824,-0.052042959033758565,9.417910447761194,0.0,0.0,1.0,28.599999999999994,50.69999999999995,13,54,0,0,0,0,67,23,30,
MIN_ZONE_080,2025-04-10,90,-6.474923215617916,-0.0719435912846435,4.355555555555555,0.0,0.0,1.0,6.1000000000000085,16.0,28,62,0,0,0,0,90,34,39,
MIN_ZONE_080,2025-05-09,68,-2.517933498541879,-0.03702843380208646,14.161764705882353,0.0,0.0,4.0,27.200000000000017,51.3,17,51,0,0,0,0,68,26,25,
MIN_ZONE_080,2025-05-13,54,-4.158080027183739,-0.07700148198488405,5.148148148148148,0.0,0.0,1.0,15.700000000000003,21.74999999999997,6,48,0,0,0,0,54,20,24,
MIN_ZONE_080,2025-05-30,55,-2.814437580429361,-0.05117159237144293,9.309090909090909,0.0,0.0,6.0,25.60000000000001,53.49999999999996,10,45,0,0,0,0,55,21,20,
MIN_ZONE_080,2025-06-18,50,-3.1754042139832563,-0.06350808427966513,2.18,0.0,0.0,2.75,11.0,12.099999999999994,5,45,0,0,0,0,50,18,15,
MIN_ZONE_080,2025-06-30,69,-2.413738428219858,-0.03498171635101244,19.608695652173914,0.0,0.0,12.0,54.2,98.99999999999997,24,45,0,0,0,0,69,25,21,
MIN_ZONE_080,2025-07-08,65,-2.734055528636418,-0.04206239274825258,8.092307692307692,0.0,0.0,4.0,21.20000000000001,30.999999999999986,8,57,0,0,0,0,65,23,29,
MIN_ZONE_080,2025-07-11,49,-0.3039664039257937,-0.006203395998485586,23.244897959183675,0.0,0.0,7.0,40.000000000000014,142.59999999999988,10,39,0,0,0,0,49,18,20,
MIN_ZONE_080,2025-07-31,59,-1.5611659268826468,-0.026460439438688928,5.440677966101695,0.0,0.0,3.0,17.200000000000003,27.899999999999892,8,51,0,0,0,0,59,22,27,
MIN_ZONE_080,2025-08-11,60,-4.337671844552612,-0.07229453074254354,1.4166666666666667,0.0,0.0,2.0,6.0,6.0,3,57,0,0,0,0,60,22,29,
MIN_ZONE_080,2025-09-22,63,-0.24388651968592948,-0.0038712145981893565,33.63492063492063,0.0,1.0,14.0,62.800000000000175,135.29999999999998,18,45,0,0,0,0,63,24,12,
MIN_ZONE_080,2025-10-16,112,-9.140108370665379,-0.08160811045236946,2.1875,0.0,0.0,1.0,4.0,11.0,24,88,0,0,0,0,112,41,37,
MIN_ZONE_080,2025-10-20,88,-4.341148269801427,-0.04933123033865258,6.488636363636363,0.0,0.0,3.25,7.299999999999997,22.64999999999999,13,75,0,0,0,0,88,32,46,
MIN_ZONE_080,2025-10-28,100,-8.074246193714771,-0.08074246193714771,2.86,0.0,0.0,2.0,11.100000000000009,14.149999999999991,11,89,0,0,0,0,100,38,37,
MIN_ZONE_080,2025-11-06,74,-3.3883430741442075,-0.04578841992086767,10.891891891891891,0.0,0.0,5.75,19.400000000000006,49.04999999999987,23,51,0,0,0,0,74,27,23,
MIN_ZONE_080,2025-11-11,57,-0.676218593396091,-0.011863484094668263,13.105263157894736,0.0,0.0,8.0,20.99999999999998,67.79999999999987,9,48,0,0,0,0,57,25,30,
MIN_ZONE_080,2025-11-13,69,-4.404907242077873,-0.06383923539243294,4.550724637681159,0.0,0.0,3.0,16.0,19.19999999999999,13,56,0,0,0,0,69,26,16,
MIN_ZONE_080,2025-12-26,72,-4.6877372028687505,-0.06510746115095487,2.1527777777777777,0.0,0.0,1.0,4.899999999999999,9.700000000000017,15,57,0,0,0,0,72,24,23,
MIN_ZONE_080,2026-01-07,63,-2.61133426017265,-0.041449750161470636,10.507936507936508,0.0,0.0,1.5,33.000000000000064,62.89999999999997,12,51,0,0,0,0,63,24,29,
MIN_ZONE_080,2026-01-08,63,-5.9473981264945905,-0.0944031448649935,4.984126984126984,0.0,0.0,1.5,19.800000000000026,22.9,10,53,0,0,0,0,63,24,31,
MIN_ZONE_080,2026-01-16,37,-6.418725886744748,-0.17347907802012832,11.108108108108109,0.0,0.0,5.0,22.99999999999995,50.79999999999994,10,27,0,0,0,0,37,15,14,
MIN_ZONE_080,2026-01-22,128,-8.651201084480515,-0.06758750847250403,4.734375,0.0,0.0,2.0,17.599999999999994,34.89999999999995,27,101,0,0,0,0,128,50,58,
MIN_ZONE_080,2026-01-26,39,-4.516076005704539,-0.11579682065909075,0.3076923076923077,0.0,0.0,0.0,1.0,1.2000000000000028,6,33,0,0,0,0,39,15,15,
MIN_ZONE_080,2026-02-02,101,-32.46829369196379,-0.32146825437587906,1.0594059405940595,0.0,0.0,0.0,2.0,3.0,21,80,0,0,0,0,101,37,40,
MIN_ZONE_080,2026-02-18,78,-3.389077896287745,-0.04344971661907365,5.897435897435898,0.0,0.0,3.0,13.299999999999997,31.349999999999753,24,54,0,0,0,0,78,31,18,
MIN_ZONE_080,2026-02-19,69,-5.718402720532444,-0.08287540174684702,0.782608695652174,0.0,0.0,0.0,3.6000000000000085,6.0,3,66,0,0,0,0,69,24,28,
MIN_ZONE_080,2026-03-12,115,-8.507429137748659,-0.07397764467607529,5.3304347826086955,0.0,0.0,1.5,8.0,16.499999999999957,21,94,0,0,0,0,115,43,46,
MIN_ZONE_080,2026-03-17,43,-2.126017825555209,-0.04944227501291184,7.4186046511627906,0.0,0.0,4.5,13.600000000000009,25.499999999999993,10,33,0,0,0,0,43,16,6,
MIN_ZONE_080,2026-03-18,123,-7.984675759720025,-0.06491606308715467,2.886178861788618,0.0,0.0,1.0,7.799999999999997,15.899999999999991,28,95,0,0,0,0,123,47,46,
MIN_ZONE_080,2026-03-30,80,-12.792440567871685,-0.15990550709839607,2.075,0.0,0.0,1.25,5.200000000000017,12.0,14,66,0,0,0,0,80,29,34,
MIN_ZONE_080,2026-04-01,82,-10.496949701127658,-0.128011581721069,4.987804878048781,0.0,0.0,2.75,5.900000000000006,6.950000000000003,16,66,0,0,0,0,82,29,35,
MIN_ZONE_080,2026-04-08,85,-10.94971797833902,-0.12882021150987083,1.1176470588235294,0.0,0.0,0.0,4.0,6.0,16,69,0,0,0,0,85,35,43,
MIN_ZONE_080,2026-04-14,86,-6.3624192148972725,-0.07398161877787526,5.686046511627907,0.0,0.0,2.75,19.0,28.75,26,60,0,0,0,0,86,30,27,
MIN_ZONE_080,2026-04-29,81,-0.9244494260825983,-0.011412955877562941,10.123456790123457,0.0,0.0,7.0,25.0,51.0,27,54,0,0,0,0,81,35,22,
MIN_ZONE_080,2026-05-07,75,-6.404162108803575,-0.08538882811738101,2.96,0.0,0.0,2.0,9.200000000000017,12.999999999999972,4,71,0,0,0,0,75,27,29,
MIN_ZONE_080,2026-05-29,90,-5.310576574296344,-0.05900640638107049,7.0777777777777775,0.0,0.0,2.0,12.0,32.24999999999996,21,69,0,0,0,0,90,35,24,
MIN_ZONE_080,2026-06-01,87,-4.922495102606263,-0.056580403478232906,11.563218390804598,0.0,0.0,5.0,18.0,42.400000000000006,18,69,0,0,0,0,87,32,36,
MIN_ZONE_080,2026-06-11,67,-6.848388400060534,-0.10221475223970947,0.8955223880597015,0.0,0.0,0.0,4.0,5.0,7,60,0,0,0,0,67,24,30,
MIN_ZONE_080,2026-06-30,67,-3.1413318136762123,-0.04688554945785391,3.5522388059701493,0.0,0.0,0.5,4.399999999999999,12.799999999999983,13,54,0,0,0,0,67,24,21,
MIN_ZONE_080,2026-07-02,62,-3.041123887715306,-0.04905038528573074,5.387096774193548,0.0,0.0,3.0,7.0,9.849999999999987,11,51,0,0,0,0,62,24,33,
MIN_ZONE_080,2026-07-03,50,-2.6910152404428422,-0.05382030480885684,3.38,0.0,0.0,3.75,10.0,15.749999999999986,12,38,0,0,0,0,50,19,16,
MIN_ZONE_080,2026-07-06,65,-2.0279511068032052,-0.031199247796972387,18.138461538461538,0.0,0.0,3.0,22.000000000000007,94.79999999999988,8,57,0,0,0,0,65,24,28,
MIN_ZONE_080,2026-07-13,90,-8.700049898809237,-0.09666722109788041,4.633333333333334,0.0,0.0,1.75,5.600000000000051,16.099999999999994,15,75,0,0,0,0,90,33,36,
RESAMPLE_1S,2024-06-07,209,-2.413420965642672,-0.011547468735132401,9.703349282296651,0.0,1.0,9.0,27.0,47.19999999999996,127,82,0,0,0,0,209,93,39,
RESAMPLE_1S,2024-06-12,97,-1.7438771855819748,-0.01797811531527809,12.34020618556701,0.0,1.0,12.0,26.400000000000006,64.79999999999984,49,48,0,0,0,0,97,37,15,
RESAMPLE_1S,2024-06-13,75,-3.2571689185771597,-0.04342891891436213,13.96,0.0,1.0,7.0,23.800000000000026,36.599999999999994,34,41,0,0,0,0,75,28,15,
RESAMPLE_1S,2024-06-14,89,-1.4397947216436175,-0.016177468782512555,24.55056179775281,0.0,4.0,23.0,76.2,121.39999999999995,44,45,0,0,0,0,89,34,23,
RESAMPLE_1S,2024-06-19,24,-0.7176618680831174,-0.02990257783679656,24.375,4.25,21.5,26.5,61.0,75.44999999999996,15,9,0,0,0,0,24,8,3,
RESAMPLE_1S,2024-07-04,48,-0.41395123619319446,-0.008623984087358217,93.10416666666667,0.0,8.5,31.0,177.00000000000017,267.7499999999999,21,27,0,0,0,0,48,17,13,
RESAMPLE_1S,2024-07-08,89,-2.1873518004922516,-0.02457698652238485,30.078651685393258,0.0,3.0,22.0,56.400000000000034,117.39999999999998,44,45,0,0,0,0,89,39,23,
RESAMPLE_1S,2024-07-12,87,-2.688901489457294,-0.030906913671922918,12.045977011494253,0.0,0.0,3.0,23.400000000000006,58.00000000000006,39,48,0,0,0,0,87,34,18,
RESAMPLE_1S,2024-07-17,63,0.019554929258902183,0.0003103957025222569,10.285714285714286,0.0,1.0,9.5,22.60000000000003,52.0,29,34,0,0,0,0,63,29,24,
RESAMPLE_1S,2024-07-22,60,-0.625875437074986,-0.010431257284583101,25.116666666666667,0.0,2.5,18.75,66.70000000000002,91.14999999999993,24,36,0,0,0,0,60,26,15,
RESAMPLE_1S,2024-07-30,81,-1.017172276151238,-0.012557682421620224,18.19753086419753,0.0,3.0,18.0,42.0,86.0,49,32,0,0,0,0,81,32,12,
RESAMPLE_1S,2024-08-01,88,0.11261022477719962,0.0012796616451954503,26.0,0.0,2.0,15.25,61.499999999999986,139.99999999999983,55,33,0,0,0,0,88,36,20,
RESAMPLE_1S,2024-08-05,231,-2.218255368174596,-0.009602837091664916,7.354978354978355,0.0,1.0,6.0,19.0,27.0,146,85,0,0,0,0,231,98,33,
RESAMPLE_1S,2024-08-21,71,0.10035796652133902,0.0014134924862160426,27.464788732394368,0.0,2.0,10.5,44.0,95.5,36,35,0,0,0,0,71,31,16,
RESAMPLE_1S,2024-08-28,78,-1.3429058277935535,-0.017216741381968634,23.025641025641026,0.0,1.0,25.5,81.09999999999995,117.84999999999967,42,36,0,0,0,0,78,31,21,
RESAMPLE_1S,2024-09-24,100,-2.585397436498776,-0.02585397436498776,10.96,0.0,0.0,7.0,20.30000000000011,50.14999999999999,64,36,0,0,0,0,100,39,22,
RESAMPLE_1S,2024-09-30,112,-0.5888211616600832,-0.005257331800536458,18.625,0.0,3.0,18.0,63.10000000000005,91.19999999999982,58,54,0,0,0,0,112,44,34,
RESAMPLE_1S,2024-10-01,94,-0.6472713702193386,-0.006885865640631261,59.808510638297875,0.0,6.0,25.75,79.20000000000005,336.44999999999993,41,53,0,0,0,0,94,41,26,
RESAMPLE_1S,2024-10-04,77,-1.318557188479493,-0.017124119330902507,16.98701298701299,0.0,1.0,6.0,36.0,92.6000000000001,41,36,0,0,0,0,77,39,9,
RESAMPLE_1S,2024-10-10,54,-0.4069230021897663,-0.007535611151662339,43.870370370370374,1.0,11.0,45.25,70.60000000000002,159.49999999999892,34,20,0,0,0,0,54,24,11,
RESAMPLE_1S,2024-10-15,82,-3.213159057910313,-0.03918486655988187,14.317073170731707,0.0,0.0,5.75,15.600000000000023,25.900000000000006,37,45,0,0,0,0,82,31,17,
RESAMPLE_1S,2024-10-18,90,-1.6910100112919888,-0.018789000125466544,13.177777777777777,0.0,2.0,7.75,42.10000000000001,65.84999999999998,31,59,0,0,0,0,90,33,17,
RESAMPLE_1S,2024-10-22,89,-1.4265299110567564,-0.016028425966929848,15.269662921348315,0.0,2.0,13.0,48.20000000000002,65.79999999999995,32,57,0,0,0,0,89,35,22,
RESAMPLE_1S,2024-11-13,103,-3.4763161852623248,-0.03375064257536237,6.174757281553398,0.0,1.0,4.0,19.599999999999994,33.599999999999966,73,30,0,0,0,0,103,43,22,
RESAMPLE_1S,2024-11-28,105,-2.0464436349457173,-0.019489939380435403,25.666666666666668,0.0,2.0,25.0,65.20000000000002,101.59999999999997,39,66,0,0,0,0,105,39,42,
RESAMPLE_1S,2024-12-02,99,-0.5755323275814892,-0.0058134578543584765,11.818181818181818,0.0,3.0,18.0,37.0,45.09999999999994,50,49,0,0,0,0,99,37,18,
RESAMPLE_1S,2025-01-03,73,-0.21467650813125758,-0.00294077408398983,10.287671232876713,0.0,1.0,9.0,34.19999999999996,65.79999999999994,22,51,0,0,0,0,73,27,27,
RESAMPLE_1S,2025-01-08,59,-0.2999342119878748,-0.005083630711658895,25.338983050847457,0.0,2.0,37.5,86.00000000000004,100.89999999999995,29,30,0,0,0,0,59,24,13,
RESAMPLE_1S,2025-01-15,82,0.24578829450865658,0.002997418225715324,29.865853658536587,0.0,2.0,16.75,52.50000000000003,77.95,52,30,0,0,0,0,82,33,15,
RESAMPLE_1S,2025-01-22,60,-1.3536501473019296,-0.022560835788365492,22.3,0.0,1.5,22.0,77.2,95.09999999999988,24,36,0,0,0,0,60,22,13,
RESAMPLE_1S,2025-01-29,86,-3.4456084624230248,-0.0400652146793375,14.755813953488373,0.0,1.0,7.0,42.0,60.5,44,42,0,0,0,0,86,31,33,
RESAMPLE_1S,2025-01-31,77,-2.051036171580715,-0.02663683339715214,3.4415584415584415,0.0,0.0,3.0,13.0,14.400000000000006,32,45,0,0,0,0,77,30,21,
RESAMPLE_1S,2025-02-21,45,0.2980149539685044,0.006622554532633431,14.644444444444444,0.0,3.0,11.0,41.80000000000001,63.39999999999995,24,21,0,0,0,0,45,25,12,
RESAMPLE_1S,2025-03-11,78,0.032867791986366905,0.0004213819485431655,20.564102564102566,0.0,3.0,16.5,54.19999999999999,101.74999999999962,46,32,0,0,0,0,78,37,26,
RESAMPLE_1S,2025-03-19,87,-1.7411871491378104,-0.020013645392388625,15.839080459770114,0.0,1.0,19.0,44.0,52.400000000000006,39,48,0,0,0,0,87,37,27,
RESAMPLE_1S,2025-03-26,68,-0.09266664573503174,-0.001362744790221055,19.573529411764707,0.0,0.0,18.0,55.40000000000012,99.69999999999997,36,32,0,0,0,0,68,27,12,
RESAMPLE_1S,2025-03-31,123,-5.0204028781654415,-0.040816283562320664,7.146341463414634,0.0,0.0,3.0,29.39999999999999,44.599999999999966,69,54,0,0,0,0,123,54,30,
RESAMPLE_1S,2025-04-10,200,-3.8846301537241743,-0.019423150768620872,3.505,0.0,0.0,3.0,9.0,13.099999999999966,138,62,0,0,0,0,200,93,39,
RESAMPLE_1S,2025-05-09,153,0.9101850850841706,0.005948922124733141,6.26797385620915,0.0,1.0,7.0,21.200000000000045,32.0,102,51,0,0,0,0,153,73,25,
RESAMPLE_1S,2025-05-13,91,-3.0757127249715572,-0.033799040933753376,6.637362637362638,0.0,0.0,2.0,19.0,30.0,43,48,0,0,0,0,91,45,24,
RESAMPLE_1S,2025-05-30,125,-4.6727836650237204,-0.037382269320189766,6.192,0.0,0.0,3.0,17.0,31.19999999999999,80,45,0,0,0,0,125,51,20,
RESAMPLE_1S,2025-06-18,81,-2.420314510380043,-0.029880426054074604,5.469135802469136,0.0,0.0,3.0,12.0,32.0,36,45,0,0,0,0,81,34,15,
RESAMPLE_1S,2025-06-30,107,-0.5486878436092109,-0.0051279237720487,17.130841121495326,0.0,3.0,15.0,54.0,94.99999999999977,62,45,0,0,0,0,107,50,21,
RESAMPLE_1S,2025-07-08,115,-1.6657277459433621,-0.014484589095159671,8.904347826086957,0.0,1.0,10.0,27.0,41.3,58,57,0,0,0,0,115,53,29,
RESAMPLE_1S,2025-07-11,95,0.05306013317097799,0.000558527717589242,12.021052631578947,0.0,1.0,7.5,28.200000000000017,36.599999999999994,59,36,0,0,0,0,95,45,17,
RESAMPLE_1S,2025-07-31,81,-2.3318188904421127,-0.028787887536322377,13.333333333333334,0.0,1.0,9.0,41.0,50.0,33,48,0,0,0,0,81,38,24,
RESAMPLE_1S,2025-08-11,115,-3.9286183515881326,-0.03416189870946202,9.434782608695652,0.0,1.0,6.0,23.0,54.89999999999996,58,57,0,0,0,0,115,46,29,
RESAMPLE_1S,2025-09-22,150,-1.1937731885926346,-0.007958487923950897,8.953333333333333,0.0,1.0,13.75,29.0,36.099999999999966,105,45,0,0,0,0,150,62,12,
RESAMPLE_1S,2025-10-16,217,-7.088182253550258,-0.03266443434815787,2.6635944700460827,0.0,0.0,2.0,8.0,11.399999999999977,129,88,0,0,0,0,217,109,37,
RESAMPLE_1S,2025-10-20,242,-2.4194194876187485,-0.009997601188507226,4.2190082644628095,0.0,0.0,4.0,9.0,18.94999999999999,167,75,0,0,0,0,242,129,46,
RESAMPLE_1S,2025-10-28,192,-3.15510215341025,-0.016432823715678387,2.9895833333333335,0.0,0.0,4.0,10.0,14.449999999999989,103,89,0,0,0,0,192,98,37,
RESAMPLE_1S,2025-11-06,114,-1.6412423573988235,-0.014396862784200206,39.973684210526315,0.0,1.0,7.75,23.80000000000001,36.74999999999997,63,51,0,0,0,0,114,58,23,
RESAMPLE_1S,2025-11-11,118,-2.958083889324977,-0.025068507536652348,6.415254237288136,0.0,1.0,6.5,17.499999999999986,43.29999999999998,70,48,0,0,0,0,118,53,30,
RESAMPLE_1S,2025-11-13,142,-5.49573169625243,-0.03870233588910162,3.091549295774648,0.0,0.0,3.0,10.0,16.0,86,56,0,0,0,0,142,77,16,
RESAMPLE_1S,2025-12-26,108,-3.881365102329861,-0.03593856576231353,2.8333333333333335,0.0,0.0,2.0,6.0,13.0,51,57,0,0,0,0,108,53,23,
RESAMPLE_1S,2026-01-07,122,-3.0810263779718903,-0.025254314573540083,4.450819672131147,0.0,0.0,2.0,14.800000000000011,24.0,71,51,0,0,0,0,122,60,29,
RESAMPLE_1S,2026-01-08,136,-2.7791725162108682,-0.020435092030962266,7.573529411764706,0.0,0.0,6.0,19.5,28.75,83,53,0,0,0,0,136,66,31,
RESAMPLE_1S,2026-01-16,73,-4.348830163247233,-0.0595730159348936,6.821917808219178,0.0,0.0,2.0,10.599999999999994,37.399999999999906,46,27,0,0,0,0,73,45,14,
RESAMPLE_1S,2026-01-22,238,-7.797480481245961,-0.03276252303044521,2.8487394957983194,0.0,0.0,2.0,8.0,15.149999999999977,137,101,0,0,0,0,238,130,58,
RESAMPLE_1S,2026-01-26,97,-0.6870509684325344,-0.00708299967456221,2.711340206185567,0.0,0.0,1.0,7.400000000000006,12.399999999999977,64,33,0,0,0,0,97,59,15,
RESAMPLE_1S,2026-02-02,185,-36.83769536902764,-0.1991226776704197,0.4864864864864865,0.0,0.0,0.0,1.0,2.0,105,80,0,0,0,0,185,113,40,
RESAMPLE_1S,2026-02-18,123,-1.340373194578812,-0.010897343045356195,5.455284552845528,0.0,0.0,3.0,13.0,31.799999999999983,69,54,0,0,0,0,123,71,18,
RESAMPLE_1S,2026-02-19,100,-3.70189310583343,-0.0370189310583343,2.12,0.0,0.0,1.0,6.0,9.049999999999997,34,66,0,0,0,0,100,47,28,
RESAMPLE_1S,2026-03-12,194,-7.710040730617948,-0.039742477992876016,2.8917525773195876,0.0,0.0,1.0,5.700000000000017,12.0,100,94,0,0,0,0,194,96,46,
RESAMPLE_1S,2026-03-17,79,-1.486101475074065,-0.0188114110768869,5.69620253164557,0.0,0.0,2.0,14.400000000000006,26.099999999999994,46,33,0,0,0,0,79,47,6,
RESAMPLE_1S,2026-03-18,206,-3.2790264592137346,-0.015917604170940458,2.9514563106796117,0.0,0.0,2.0,9.5,14.75,111,95,0,0,0,0,206,135,46,
RESAMPLE_1S,2026-03-30,151,-10.936502792464733,-0.07242717081102472,2.1788079470198674,0.0,0.0,1.0,7.0,13.0,85,66,0,0,0,0,151,80,34,
RESAMPLE_1S,2026-04-01,114,-9.084714074688236,-0.07969047433937049,2.1578947368421053,0.0,0.0,2.0,6.0,10.0,48,66,0,0,0,0,114,67,35,
RESAMPLE_1S,2026-04-08,184,-8.249850230272992,-0.04483614255583148,1.983695652173913,0.0,0.0,1.0,7.0,13.0,115,69,0,0,0,0,184,99,43,
RESAMPLE_1S,2026-04-14,116,-5.166661741238083,-0.044540187424466235,3.706896551724138,0.0,0.0,3.0,13.0,21.25,56,60,0,0,0,0,116,62,27,
RESAMPLE_1S,2026-04-29,156,-0.06520891097776847,-0.00041800583960107995,5.448717948717949,0.0,0.0,6.0,17.5,31.0,102,54,0,0,0,0,156,84,22,
RESAMPLE_1S,2026-05-07,147,-6.939516128978236,-0.047207592714137665,2.564625850340136,0.0,0.0,2.0,7.0,10.0,79,68,0,0,0,0,147,68,29,
RESAMPLE_1S,2026-05-29,157,-2.7344439422856035,-0.01741684039672359,4.7006369426751595,0.0,0.0,3.0,13.0,24.19999999999999,88,69,0,0,0,0,157,82,24,
RESAMPLE_1S,2026-06-01,159,-2.6577068942109086,-0.016715137699439678,5.8742138364779874,0.0,0.0,4.0,15.200000000000017,25.19999999999999,90,69,0,0,0,0,159,74,36,
RESAMPLE_1S,2026-06-11,212,-6.055357533129306,-0.02856300723174201,1.4811320754716981,0.0,0.0,1.0,5.0,8.449999999999989,152,60,0,0,0,0,212,120,30,
RESAMPLE_1S,2026-06-30,169,-3.1407820781134133,-0.018584509337949192,4.834319526627219,0.0,0.0,3.0,11.0,18.99999999999997,115,54,0,0,0,0,169,82,21,
RESAMPLE_1S,2026-07-02,145,-5.291032286708135,-0.03648987783936645,3.820689655172414,0.0,0.0,2.0,9.0,15.599999999999966,94,51,0,0,0,0,145,68,33,
RESAMPLE_1S,2026-07-03,111,1.297914261938483,0.011692921278725071,6.711711711711712,0.0,1.0,6.0,14.0,39.5,73,38,0,0,0,0,111,59,16,
RESAMPLE_1S,2026-07-06,155,-1.2970727621868716,-0.008368211368947559,9.664516129032258,0.0,0.0,3.0,14.199999999999989,28.89999999999995,98,57,0,0,0,0,155,70,28,
RESAMPLE_1S,2026-07-13,162,-4.5998636245969164,-0.02839421990491924,3.0555555555555554,0.0,0.0,2.0,11.0,20.0,90,72,0,0,0,0,162,90,33,
BOS_ALIGN_OFF,2024-06-07,115,-3.4022601378154227,-0.02958487076361237,23.756521739130434,0.0,1.0,11.0,34.20000000000002,103.79999999999995,33,82,0,0,0,0,115,46,73,
BOS_ALIGN_OFF,2024-06-12,68,-9.017788442953892,-0.13261453592579253,22.235294117647058,0.0,0.0,5.75,29.400000000000034,118.99999999999991,20,48,0,0,0,0,68,26,48,
BOS_ALIGN_OFF,2024-06-13,49,-2.723617898464606,-0.055584038744175626,42.142857142857146,1.0,2.0,16.0,57.400000000000006,113.59999999999982,8,41,0,0,0,0,49,18,37,
BOS_ALIGN_OFF,2024-06-14,67,-1.6077844227585654,-0.023996782429232318,26.791044776119403,0.0,5.0,24.5,81.0,116.59999999999988,22,45,0,0,0,0,67,26,43,
BOS_ALIGN_OFF,2024-06-19,19,-0.5768068778361339,-0.030358256728217577,30.842105263157894,3.5,19.0,46.0,82.79999999999998,105.29999999999993,10,9,0,0,0,0,19,7,9,
BOS_ALIGN_OFF,2024-07-04,36,-0.4859479415699752,-0.01349855393249931,66.5,0.0,8.5,44.25,153.0,221.25,9,27,0,0,0,0,36,13,22,
BOS_ALIGN_OFF,2024-07-08,77,-0.7192885593935899,-0.009341409862254414,51.493506493506494,0.0,4.0,16.0,120.20000000000024,227.4000000000001,32,45,0,0,0,0,77,30,41,
BOS_ALIGN_OFF,2024-07-12,63,-1.747793803750786,-0.027742758789695017,105.28571428571429,0.0,1.0,5.0,257.2000000000003,308.29999999999995,15,48,0,0,0,0,63,24,45,
BOS_ALIGN_OFF,2024-07-17,51,-1.8109012176508563,-0.03550786701276189,22.41176470588235,0.0,1.0,9.5,28.0,78.0,17,34,0,0,0,0,51,20,32,
BOS_ALIGN_OFF,2024-07-22,57,-0.022689294770771133,-0.0003980578029959848,46.473684210526315,0.0,2.0,30.0,111.79999999999995,322.7999999999999,21,36,0,0,0,0,57,22,33,
BOS_ALIGN_OFF,2024-07-30,52,-0.3930914738748471,-0.007559451420670137,28.51923076923077,0.0,5.0,27.75,128.59999999999997,164.3499999999999,20,32,0,0,0,0,52,20,27,
BOS_ALIGN_OFF,2024-08-01,48,-1.9687333925508028,-0.04101527901147506,19.3125,0.0,2.0,8.0,42.60000000000005,83.19999999999996,15,33,0,0,0,0,48,18,29,
BOS_ALIGN_OFF,2024-08-05,113,-3.1891911748786397,-0.028222930751138405,10.973451327433628,0.0,1.0,6.0,19.599999999999994,50.59999999999984,28,85,0,0,0,0,113,45,73,
BOS_ALIGN_OFF,2024-08-21,43,-0.7830723520417753,-0.018210984931204075,44.13953488372093,0.0,2.0,18.5,96.6000000000001,260.0999999999998,8,35,0,0,0,0,43,18,31,
BOS_ALIGN_OFF,2024-08-28,51,-0.44566360762473783,-0.008738502110288976,30.470588235294116,0.0,1.0,20.0,75.0,88.0,15,36,0,0,0,0,51,20,33,
BOS_ALIGN_OFF,2024-09-24,52,0.36789299320525987,0.0070748652539473055,25.53846153846154,0.0,1.0,12.25,41.599999999999994,152.2499999999999,16,36,0,0,0,0,52,23,31,
BOS_ALIGN_OFF,2024-09-30,88,-1.3824256933209351,-0.01570938287864699,55.42045454545455,0.0,3.0,28.25,106.79999999999998,291.04999999999916,34,54,0,0,0,0,88,34,48,
BOS_ALIGN_OFF,2024-10-01,68,-1.8265004563738028,-0.02686030082902651,62.220588235294116,0.0,5.5,26.25,144.90000000000018,346.8499999999998,15,53,0,0,0,0,68,27,48,
BOS_ALIGN_OFF,2024-10-04,52,-2.380361413328046,-0.04577618102553935,18.03846153846154,0.0,1.5,7.0,30.599999999999994,96.1499999999998,16,36,0,0,0,0,52,20,32,
BOS_ALIGN_OFF,2024-10-10,31,0.16672198141607925,0.00537812843277675,64.03225806451613,1.0,21.0,50.0,92.0,256.0,11,20,0,0,0,0,31,14,16,
BOS_ALIGN_OFF,2024-10-15,61,-2.4410916237608644,-0.04001789547148958,23.065573770491802,0.0,3.0,11.0,59.0,156.0,16,45,0,0,0,0,61,24,44,
BOS_ALIGN_OFF,2024-10-18,71,-1.704834613518718,-0.024011755119981944,12.887323943661972,0.0,2.0,13.0,29.0,62.0,12,59,0,0,0,0,71,25,53,
BOS_ALIGN_OFF,2024-10-22,66,-2.0408547137626556,-0.030922041117615994,17.87878787878788,0.0,1.0,8.75,34.0,53.0,9,57,0,0,0,0,66,24,50,
BOS_ALIGN_OFF,2024-11-13,48,-1.9824345185888887,-0.041300719137268516,20.8125,0.0,1.5,16.5,64.60000000000005,86.94999999999999,18,30,0,0,0,0,48,19,28,
BOS_ALIGN_OFF,2024-11-28,81,-2.2763398620403072,-0.02810296125975688,28.14814814814815,0.0,2.0,25.0,64.0,172.0,15,66,0,0,0,0,81,31,59,
BOS_ALIGN_OFF,2024-12-02,70,-0.9372856892791788,-0.013389795561131125,75.14285714285714,0.0,2.5,13.5,35.50000000000001,75.69999999999996,21,49,0,0,0,0,70,27,39,
BOS_ALIGN_OFF,2025-01-03,65,-2.4003604507785594,-0.036928622319670146,17.646153846153847,0.0,1.0,10.0,37.400000000000006,116.0,14,51,0,0,0,0,65,24,51,
BOS_ALIGN_OFF,2025-01-08,36,-0.693633747277545,-0.019267604091042917,26.77777777777778,0.0,1.0,28.25,77.0,132.25,6,30,0,0,0,0,36,14,27,
BOS_ALIGN_OFF,2025-01-15,53,-2.264828765453179,-0.042732618216097716,22.169811320754718,0.0,1.0,12.0,47.800000000000004,58.59999999999999,23,30,0,0,0,0,53,21,29,
BOS_ALIGN_OFF,2025-01-22,46,-0.37262739810133405,-0.008100595610898566,99.78260869565217,0.0,3.5,20.0,38.0,75.25,10,36,0,0,0,0,46,18,30,
BOS_ALIGN_OFF,2025-01-29,49,-3.1560254990905987,-0.06440868365491018,47.3469387755102,0.0,1.0,5.0,42.800000000000026,64.6,7,42,0,0,0,0,49,18,42,
BOS_ALIGN_OFF,2025-01-31,57,-2.4163664558629234,-0.04239239396250743,7.280701754385965,0.0,0.0,1.0,11.799999999999997,17.399999999999906,12,45,0,0,0,0,57,20,43,
BOS_ALIGN_OFF,2025-02-21,34,0.46367757689783207,0.013637575791112707,15.441176470588236,0.0,1.0,9.75,30.999999999999993,48.84999999999998,13,21,0,0,0,0,34,15,18,
BOS_ALIGN_OFF,2025-03-11,41,0.15684586898350955,0.003825508999597794,26.24390243902439,0.0,3.0,22.0,70.0,140.0,9,32,0,0,0,0,41,17,27,
BOS_ALIGN_OFF,2025-03-19,57,-0.934803460247925,-0.016400060706103947,19.87719298245614,0.0,6.0,20.0,55.79999999999998,66.19999999999999,9,48,0,0,0,0,57,21,44,
BOS_ALIGN_OFF,2025-03-26,46,-0.12361385781120277,-0.002687257778504408,34.108695652173914,0.0,1.0,23.5,81.5,104.0,14,32,0,0,0,0,46,18,24,
BOS_ALIGN_OFF,2025-03-31,67,-2.9438657069476903,-0.04393829413354762,12.134328358208956,0.0,0.0,2.0,43.0,60.29999999999996,13,54,0,0,0,0,67,24,51,
BOS_ALIGN_OFF,2025-04-10,85,-6.759336441787734,-0.07952160519750275,3.788235294117647,0.0,0.0,1.0,4.6000000000000085,8.599999999999994,23,62,0,0,0,0,85,33,54,
BOS_ALIGN_OFF,2025-05-09,74,-3.206741013562502,-0.04333433802111489,15.324324324324325,0.0,0.0,7.5,35.300000000000026,50.69999999999999,23,51,0,0,0,0,74,29,48,
BOS_ALIGN_OFF,2025-05-13,59,-5.645838486115281,-0.09569217773076748,10.423728813559322,0.0,0.0,7.0,21.000000000000014,75.1,11,48,0,0,0,0,59,22,46,
BOS_ALIGN_OFF,2025-05-30,57,-3.4749511343275117,-0.06096405498820196,10.263157894736842,0.0,0.0,14.0,31.4,51.999999999999936,12,45,0,0,0,0,57,22,42,
BOS_ALIGN_OFF,2025-06-18,52,-4.367065957492438,-0.08398203764408535,5.038461538461538,0.0,0.5,5.5,14.0,28.0,7,45,0,0,0,0,52,20,45,
BOS_ALIGN_OFF,2025-06-30,78,-1.5172899313306518,-0.01945243501705964,29.641025641025642,0.0,1.0,12.0,74.3,193.94999999999987,33,45,0,0,0,0,78,30,39,
BOS_ALIGN_OFF,2025-07-08,76,-2.9329058123433547,-0.038590865951886245,14.723684210526315,0.0,0.0,11.0,31.5,88.5,19,57,0,0,0,0,76,27,51,
BOS_ALIGN_OFF,2025-07-11,60,0.8011153993846468,0.013351923323077447,20.2,0.0,0.5,11.75,34.60000000000005,131.04999999999995,21,39,0,0,0,0,60,25,35,
BOS_ALIGN_OFF,2025-07-31,60,-2.042992517833227,-0.03404987529722045,10.333333333333334,0.0,0.0,2.0,20.500000000000007,48.19999999999993,9,51,0,0,0,0,60,23,49,
BOS_ALIGN_OFF,2025-08-11,70,-5.0800782381164336,-0.0725725462588062,14.6,0.0,1.0,4.0,9.300000000000004,66.79999999999978,13,57,0,0,0,0,70,27,56,
BOS_ALIGN_OFF,2025-09-22,74,0.09701954933628584,0.0013110749910308897,32.78378378378378,0.0,2.5,15.75,63.50000000000007,139.84999999999982,29,45,0,0,0,0,74,30,42,
BOS_ALIGN_OFF,2025-10-16,112,-13.495581594127241,-0.12049626423327894,3.267857142857143,0.0,0.0,1.0,9.0,16.0,24,88,0,0,0,0,112,42,73,
BOS_ALIGN_OFF,2025-10-20,94,-5.445432523328236,-0.05793013322689613,6.808510638297872,0.0,0.0,3.0,8.0,23.69999999999999,19,75,0,0,0,0,94,37,65,
BOS_ALIGN_OFF,2025-10-28,100,-12.545772261628827,-0.12545772261628826,3.04,0.0,0.0,2.0,10.200000000000017,14.149999999999991,11,89,0,0,0,0,100,39,78,
BOS_ALIGN_OFF,2025-11-06,72,-3.5147220450665677,-0.048815583959257884,10.333333333333334,0.0,0.0,6.0,19.799999999999997,34.95000000000003,21,51,0,0,0,0,72,27,45,
BOS_ALIGN_OFF,2025-11-11,63,-1.2621536867830703,-0.02003418550449318,13.253968253968255,0.0,0.0,8.0,28.000000000000043,61.8,15,48,0,0,0,0,63,28,48,
BOS_ALIGN_OFF,2025-11-13,69,-5.008426623274015,-0.07258589309092775,6.72463768115942,0.0,0.0,4.0,16.400000000000006,25.39999999999995,13,56,0,0,0,0,69,26,50,
BOS_ALIGN_OFF,2025-12-26,72,-4.957123889234633,-0.06884894290603656,2.9027777777777777,0.0,0.0,2.0,7.899999999999999,13.900000000000006,15,57,0,0,0,0,72,25,51,
BOS_ALIGN_OFF,2026-01-07,63,-3.065832682955564,-0.04866401084056451,11.174603174603174,0.0,0.0,3.0,33.60000000000005,62.89999999999997,12,51,0,0,0,0,63,24,46,
BOS_ALIGN_OFF,2026-01-08,75,-6.006159187891475,-0.08008212250521966,8.106666666666667,0.0,0.0,2.5,22.0,55.99999999999997,22,53,0,0,0,0,75,29,49,
BOS_ALIGN_OFF,2026-01-16,37,-5.834674228878612,-0.15769389807780032,13.45945945945946,0.0,2.0,9.0,42.8,50.79999999999994,10,27,0,0,0,0,37,15,22,
BOS_ALIGN_OFF,2026-01-22,129,-13.687827566205973,-0.10610719043570521,5.224806201550388,0.0,0.0,3.0,20.0,28.599999999999966,28,101,0,0,0,0,129,52,91,
BOS_ALIGN_OFF,2026-01-26,39,-7.648172545569348,-0.196106988347932,0.41025641025641024,0.0,0.0,1.0,1.0,1.2000000000000028,6,33,0,0,0,0,39,15,30,
BOS_ALIGN_OFF,2026-02-02,98,-44.32335275458627,-0.4522791097406762,1.989795918367347,0.0,0.0,1.0,3.299999999999997,11.499999999999915,18,80,0,0,0,0,98,36,68,
BOS_ALIGN_OFF,2026-02-18,88,-4.780118658507187,-0.05431953021030895,6.761363636363637,0.0,0.0,4.5,17.499999999999986,45.84999999999975,34,54,0,0,0,0,88,36,49,
BOS_ALIGN_OFF,2026-02-19,70,-8.936327089465218,-0.12766181556378883,2.942857142857143,0.0,0.0,1.75,6.400000000000006,17.299999999999983,4,66,0,0,0,0,70,25,60,
BOS_ALIGN_OFF,2026-03-12,118,-9.307139780108022,-0.07887406593311883,5.813559322033898,0.0,0.0,2.0,10.599999999999994,28.199999999999932,24,94,0,0,0,0,118,44,79,
BOS_ALIGN_OFF,2026-03-17,46,-3.8769196328670055,-0.08428086158406534,8.217391304347826,0.0,0.0,6.5,17.0,24.75,13,33,0,0,0,0,46,17,32,
BOS_ALIGN_OFF,2026-03-18,123,-10.12445281190594,-0.08231262448704016,3.3495934959349594,0.0,0.0,2.0,8.799999999999997,16.89999999999999,28,95,0,0,0,0,123,47,85,
BOS_ALIGN_OFF,2026-03-30,78,-14.59312808647216,-0.18709138572400205,2.4871794871794872,0.0,0.0,1.75,7.299999999999997,12.599999999999966,12,66,0,0,0,0,78,28,64,
BOS_ALIGN_OFF,2026-04-01,86,-13.52897192555732,-0.15731362704136417,4.965116279069767,0.0,0.0,3.0,5.5,6.75,20,66,0,0,0,0,86,31,63,
BOS_ALIGN_OFF,2026-04-08,84,-11.497569950261095,-0.13687583274120352,1.1547619047619047,0.0,0.0,1.0,4.700000000000003,6.0,15,69,0,0,0,0,84,35,67,
BOS_ALIGN_OFF,2026-04-14,92,-8.66800881143566,-0.09421748708082239,8.521739130434783,0.0,0.0,4.25,24.900000000000006,39.00000000000006,32,60,0,0,0,0,92,33,54,
BOS_ALIGN_OFF,2026-04-29,83,-0.3198673818175545,-0.0038538238773199334,16.746987951807228,0.0,1.0,12.5,37.39999999999999,81.0,29,54,0,0,0,0,83,36,42,
BOS_ALIGN_OFF,2026-05-07,77,-7.407526740472046,-0.09620164598015644,3.961038961038961,0.0,0.0,5.0,10.0,20.400000000000006,6,71,0,0,0,0,77,28,62,
BOS_ALIGN_OFF,2026-05-29,99,-7.828442679822426,-0.0790751785840649,7.111111111111111,0.0,0.0,2.0,12.0,40.499999999999915,30,69,0,0,0,0,99,39,64,
BOS_ALIGN_OFF,2026-06-01,95,-6.6580671921674375,-0.07008491781228882,10.51578947368421,0.0,0.0,5.5,18.0,29.499999999999986,26,69,0,0,0,0,95,35,59,
BOS_ALIGN_OFF,2026-06-11,69,-9.196083574214148,-0.13327657353933547,4.028985507246377,0.0,0.0,4.0,11.200000000000003,20.799999999999926,9,60,0,0,0,0,69,25,57,
BOS_ALIGN_OFF,2026-06-30,75,-1.814609968901247,-0.02419479958534996,6.626666666666667,0.0,0.0,3.5,16.800000000000068,29.499999999999986,21,54,0,0,0,0,75,29,51,
BOS_ALIGN_OFF,2026-07-02,65,-1.7852187692874395,-0.027464904142883686,7.0,0.0,0.0,4.0,7.600000000000001,38.99999999999996,14,51,0,0,0,0,65,27,46,
BOS_ALIGN_OFF,2026-07-03,59,-2.8533788717437956,-0.04836235375836942,4.8474576271186445,0.0,0.0,5.0,18.60000000000001,24.399999999999977,21,38,0,0,0,0,59,23,34,
BOS_ALIGN_OFF,2026-07-06,64,-2.0885156176251867,-0.03263305652539354,18.21875,0.0,0.0,3.0,25.400000000000006,94.8999999999997,7,57,0,0,0,0,64,25,53,
BOS_ALIGN_OFF,2026-07-13,90,-9.370242248602457,-0.10411380276224952,3.3666666666666667,0.0,0.0,1.0,5.0,13.199999999999989,15,75,0,0,0,0,90,34,73,
SWEEP_ON,2024-06-07,209,-7.647916709052121,-0.03659290291412498,18.416267942583733,0.0,0.0,10.0,32.20000000000002,93.7999999999999,0,82,0,0,127,0,209,160,73,
SWEEP_ON,2024-06-12,98,-2.203562417077137,-0.0224853307865014,16.081632653061224,0.0,0.0,7.75,41.3,91.79999999999973,0,48,0,0,50,0,98,76,24,
SWEEP_ON,2024-06-13,68,-3.565827701686279,-0.05243864267185704,29.558823529411764,0.0,1.5,16.5,49.400000000000034,118.19999999999996,0,41,0,0,27,0,68,57,21,
SWEEP_ON,2024-06-14,98,-0.7095808257784786,-0.007240620671208965,58.19387755102041,0.0,2.5,25.75,122.19999999999999,327.0,0,45,0,0,53,0,98,84,33,
SWEEP_ON,2024-06-19,27,-0.8554418826917451,-0.03168303269228686,58.55555555555556,5.5,22.0,75.0,114.60000000000011,160.79999999999998,0,9,0,0,18,0,27,26,6,
SWEEP_ON,2024-07-04,41,-0.9818478228861144,-0.02394750787527108,43.26829268292683,0.0,1.0,17.0,114.0,141.0,0,27,0,0,14,0,41,27,15,
SWEEP_ON,2024-07-08,115,-2.5774740445932975,-0.022412817779072152,61.48695652173913,0.0,5.0,16.0,108.20000000000006,269.29999999999984,1,45,0,0,69,0,115,87,32,
SWEEP_ON,2024-07-12,98,-4.228101067009296,-0.04314388843887037,70.6938775510204,0.0,0.5,12.0,69.89999999999999,274.29999999999984,0,48,0,0,50,0,98,66,34,
SWEEP_ON,2024-07-17,80,-3.134180515352758,-0.039177256441909475,23.025,0.0,0.5,11.25,31.400000000000034,82.94999999999995,0,34,0,0,46,0,80,66,33,
SWEEP_ON,2024-07-22,81,-0.03644360277303354,-0.00044992102188930297,51.27160493827161,0.0,5.0,49.0,134.0,257.0,1,36,0,0,44,0,81,73,26,
SWEEP_ON,2024-07-30,76,-0.6824646984432547,-0.008979798663727036,20.394736842105264,0.0,4.5,19.0,76.0,105.5,0,32,0,0,44,0,76,64,18,
SWEEP_ON,2024-08-01,77,-2.598869607494786,-0.03375155334408813,16.506493506493506,0.0,2.0,11.0,62.00000000000003,86.00000000000001,2,33,0,0,42,0,77,53,26,
SWEEP_ON,2024-08-05,180,-6.9605842199472745,-0.038669912333040415,9.022222222222222,0.0,1.0,9.0,23.099999999999994,36.04999999999998,1,85,0,0,94,0,180,148,57,
SWEEP_ON,2024-08-21,72,-1.6744112655690817,-0.0232557120217928,32.666666666666664,0.0,3.5,29.5,63.8,124.95000000000003,0,35,0,0,37,0,72,50,23,
SWEEP_ON,2024-08-28,98,-2.829603637672335,-0.02887350650686056,30.03061224489796,0.0,0.0,13.25,92.79999999999995,164.1499999999998,3,36,0,0,59,0,98,71,36,
SWEEP_ON,2024-09-24,77,-0.6611433081495003,-0.00858627672921429,30.07792207792208,0.0,1.0,10.0,84.40000000000003,167.8000000000003,0,36,0,0,41,0,77,84,30,
SWEEP_ON,2024-09-30,131,-3.4680406016890024,-0.026473592379305362,43.32824427480916,0.0,3.0,23.5,107.0,214.5,0,54,0,0,77,0,131,106,49,
SWEEP_ON,2024-10-01,131,-2.3955669863247144,-0.01828677088797492,42.94656488549618,0.0,2.0,25.0,90.0,186.5,0,53,0,0,78,0,131,87,45,
SWEEP_ON,2024-10-04,85,-1.9804514814262195,-0.023299429193249642,15.047058823529412,0.0,1.0,7.0,32.20000000000002,51.99999999999997,0,36,0,0,49,0,85,72,20,
SWEEP_ON,2024-10-10,38,0.6216610802745586,0.016359502112488385,57.44736842105263,0.25,5.5,50.0,102.50000000000014,210.9499999999997,0,20,0,0,18,0,38,49,14,
SWEEP_ON,2024-10-15,95,-2.9798592500883387,-0.031366939474614094,23.36842105263158,0.0,1.0,12.0,53.40000000000012,119.49999999999987,2,45,0,0,48,0,95,79,28,
SWEEP_ON,2024-10-18,109,-3.288664918811416,-0.030171237787260698,18.71559633027523,0.0,2.0,13.0,52.000000000000014,80.6,0,59,0,0,50,0,109,71,33,
SWEEP_ON,2024-10-22,120,-6.303714238166777,-0.05253095198472314,15.491666666666667,0.0,2.0,9.25,31.400000000000034,53.05,0,57,0,0,63,0,120,68,51,
SWEEP_ON,2024-11-13,63,-3.086735008093759,-0.048995793779266016,15.222222222222221,0.0,1.0,10.0,41.800000000000026,73.59999999999998,0,30,0,0,33,0,63,75,26,
SWEEP_ON,2024-11-28,124,-3.350162594154881,-0.02701744027544259,27.048387096774192,0.0,1.0,28.0,65.4,110.64999999999995,2,66,0,0,56,0,124,81,48,
SWEEP_ON,2024-12-02,95,-2.750007880750976,-0.02894745137632606,54.90526315789474,0.0,1.0,15.5,38.00000000000004,82.6,0,49,0,0,46,0,95,70,30,
SWEEP_ON,2025-01-03,78,-3.2140941966878627,-0.041206335854972596,10.5,0.0,0.0,6.0,17.299999999999997,32.19999999999993,0,51,0,0,27,0,78,62,37,
SWEEP_ON,2025-01-08,70,-1.0267502535345254,-0.014667860764778934,40.07142857142857,0.0,1.5,32.0,100.0,241.55,0,30,0,0,40,0,70,47,22,
SWEEP_ON,2025-01-15,71,-3.221678157710206,-0.04537574870014375,33.50704225352113,0.0,1.0,10.0,48.0,111.0,3,30,0,0,38,0,71,67,21,
SWEEP_ON,2025-01-22,72,-1.981340384152342,-0.027518616446560305,23.791666666666668,0.0,1.0,17.25,33.49999999999999,57.95000000000009,1,36,0,0,35,0,72,50,24,
SWEEP_ON,2025-01-29,59,-3.092884557806883,-0.05242177216621836,24.508474576271187,0.0,1.0,5.0,42.800000000000026,77.59999999999928,0,42,0,0,17,0,59,42,34,
SWEEP_ON,2025-01-31,82,-3.8716062750140736,-0.04721471067090334,2.548780487804878,0.0,0.0,1.0,8.800000000000011,13.0,0,45,0,0,37,0,82,51,31,
SWEEP_ON,2025-02-21,54,-1.3944220849994053,-0.02582263120369269,14.185185185185185,0.0,1.0,9.75,24.200000000000017,51.64999999999989,1,21,0,0,32,0,54,59,21,
SWEEP_ON,2025-03-11,72,-1.676047967128701,-0.023278443987898623,33.15277777777778,0.0,2.0,12.25,74.69999999999999,152.60000000000008,0,32,0,0,40,0,72,66,31,
SWEEP_ON,2025-03-19,94,-2.0921541590770785,-0.022256959139117856,32.712765957446805,0.0,4.0,19.0,44.0,97.39999999999975,0,48,0,0,46,0,94,58,29,
SWEEP_ON,2025-03-26,60,-1.2668293022772257,-0.02111382170462043,43.583333333333336,0.0,0.5,25.5,160.5,192.09999999999994,5,32,0,0,23,0,60,45,20,
SWEEP_ON,2025-03-31,103,-5.898260442293728,-0.057264664488288625,9.359223300970873,0.0,0.0,2.0,16.999999999999986,47.79999999999998,0,54,0,0,49,0,103,79,45,
SWEEP_ON,2025-04-10,139,-9.613481027303504,-0.06916173400937772,5.18705035971223,0.0,0.0,1.0,4.200000000000003,15.099999999999994,3,62,0,0,74,0,139,122,48,
SWEEP_ON,2025-05-09,124,-4.02448661299771,-0.032455537201594435,15.879032258064516,0.0,0.0,8.0,28.80000000000001,61.049999999999926,3,51,0,0,70,0,124,98,36,
SWEEP_ON,2025-05-13,105,-6.471740721119811,-0.06163562591542677,11.047619047619047,0.0,0.0,8.0,27.800000000000068,76.6,0,48,0,0,57,0,105,76,39,
SWEEP_ON,2025-05-30,93,-5.565621376324543,-0.05984539114327466,7.806451612903226,0.0,0.0,4.0,27.599999999999994,47.19999999999985,0,45,0,0,48,0,93,72,31,
SWEEP_ON,2025-06-18,78,-6.630836167219817,-0.08501072009256176,7.858974358974359,0.0,0.0,3.75,31.09999999999998,45.74999999999996,0,45,0,0,33,0,78,57,31,
SWEEP_ON,2025-06-30,119,-2.1591596209427735,-0.018144198495317423,27.974789915966387,0.0,2.0,22.5,60.400000000000006,164.2999999999998,2,45,0,0,72,0,119,95,31,
SWEEP_ON,2025-07-08,106,-4.997179421074938,-0.047143202085612616,11.735849056603774,0.0,0.0,6.25,24.0,57.25,3,57,0,0,46,0,106,85,35,
SWEEP_ON,2025-07-11,78,-0.8746987253392339,-0.011214086222297871,11.58974358974359,0.0,0.0,13.75,27.89999999999999,53.599999999999966,0,39,0,0,39,0,78,78,26,
SWEEP_ON,2025-07-31,84,-4.504742979253782,-0.053627892610164075,5.940476190476191,0.0,0.0,2.25,15.200000000000017,25.849999999999994,0,51,0,0,33,0,84,62,40,
SWEEP_ON,2025-08-11,108,-3.268193695194441,-0.03026105273328186,8.046296296296296,0.0,0.0,6.0,16.599999999999994,46.64999999999982,0,57,0,0,51,0,108,84,41,
SWEEP_ON,2025-09-22,118,-2.8869371724413213,-0.0244655692579773,24.559322033898304,0.0,2.0,14.75,32.3,129.29999999999998,0,45,0,0,73,0,118,114,29,
SWEEP_ON,2025-10-16,190,-18.147400015280255,-0.09551263165936977,4.2105263157894735,0.0,0.0,2.0,8.199999999999989,16.0,3,88,0,0,99,0,190,161,65,
SWEEP_ON,2025-10-20,161,-9.459307723590427,-0.05875346412167967,4.763975155279503,0.0,0.0,3.0,10.0,23.0,3,75,0,0,83,0,161,133,61,
SWEEP_ON,2025-10-28,175,-17.343167927069317,-0.09910381672611038,3.24,0.0,0.0,2.0,12.599999999999994,18.199999999999932,0,89,0,0,86,0,175,129,75,
SWEEP_ON,2025-11-06,114,-6.548514634001549,-0.05744311082457499,8.75438596491228,0.0,0.0,6.75,25.700000000000003,46.39999999999998,0,51,0,0,63,0,114,85,39,
SWEEP_ON,2025-11-11,88,-4.907783063087967,-0.05577026208054508,9.454545454545455,0.0,0.0,7.25,20.299999999999997,65.3999999999997,0,48,0,0,40,0,88,82,42,
SWEEP_ON,2025-11-13,115,-7.929142871262836,-0.06894906844576379,4.808695652173913,0.0,0.0,4.0,16.0,18.299999999999997,0,56,0,0,59,0,115,92,33,
SWEEP_ON,2025-12-26,106,-7.875937500741202,-0.0743012971768038,3.641509433962264,0.0,0.0,1.0,9.0,15.0,3,57,0,0,46,0,106,72,40,
SWEEP_ON,2026-01-07,100,-6.337762078381578,-0.06337762078381579,5.51,0.0,0.0,0.0,6.1000000000000085,21.749999999999957,0,51,0,0,49,0,100,72,39,
SWEEP_ON,2026-01-08,113,-8.0617309337725,-0.07134275162630531,7.654867256637168,0.0,0.0,4.0,20.599999999999994,55.39999999999995,0,53,0,0,60,0,113,103,41,
SWEEP_ON,2026-01-16,56,-9.50633985571373,-0.1697560688520309,9.339285714285714,0.0,0.0,2.0,28.0,53.0,0,27,0,0,29,0,56,56,20,
SWEEP_ON,2026-01-22,214,-20.22432996104726,-0.09450621477124888,3.6448598130841123,0.0,0.0,2.0,12.0,20.049999999999983,0,101,0,0,113,0,214,174,78,
SWEEP_ON,2026-01-26,63,-7.092095585496281,-0.11257294580152827,1.9523809523809523,0.0,0.0,0.5,6.400000000000013,10.799999999999997,0,33,0,0,30,0,63,69,21,
SWEEP_ON,2026-02-02,161,-51.9381193414835,-0.32259701454337575,2.0683229813664594,0.0,0.0,0.0,3.0,10.0,4,80,0,0,77,0,161,132,63,
SWEEP_ON,2026-02-18,133,-10.382122302130483,-0.0780610699408307,5.706766917293233,0.0,0.0,1.0,12.399999999999991,28.799999999999983,7,54,0,0,72,0,133,126,40,
SWEEP_ON,2026-02-19,112,-10.403593443603011,-0.09288922717502689,0.9285714285714286,0.0,0.0,0.0,3.0,6.0,0,66,0,0,46,0,112,77,42,
SWEEP_ON,2026-03-12,200,-14.377737257938255,-0.07188868628969128,5.91,0.0,0.0,2.0,12.199999999999989,45.14999999999995,0,94,0,0,106,0,200,146,75,
SWEEP_ON,2026-03-17,78,-5.158339983712115,-0.06613256389374507,5.089743589743589,0.0,0.0,2.75,12.599999999999994,22.04999999999994,5,33,0,0,40,0,78,66,17,
SWEEP_ON,2026-03-18,200,-11.461650213752668,-0.05730825106876334,7.465,0.0,0.0,2.0,15.099999999999994,31.049999999999983,0,95,0,0,105,0,200,164,73,
SWEEP_ON,2026-03-30,136,-19.851433428201744,-0.1459664222661893,3.3088235294117645,0.0,0.0,2.0,7.5,18.0,1,66,0,0,69,0,136,105,61,
SWEEP_ON,2026-04-01,136,-12.296123593848582,-0.09041267348418075,4.25,0.0,0.0,1.25,6.0,19.25,2,66,0,0,68,0,136,109,48,
SWEEP_ON,2026-04-08,134,-13.435246234191862,-0.10026303159844673,2.126865671641791,0.0,0.0,0.75,6.0,14.0,1,69,0,0,64,0,134,126,59,
SWEEP_ON,2026-04-14,135,-8.562151768158705,-0.06342334643080522,4.562962962962963,0.0,0.0,2.0,13.0,22.599999999999994,3,60,0,0,72,0,135,115,37,
SWEEP_ON,2026-04-29,125,-4.867090285370371,-0.038936722282962966,12.744,0.0,0.0,6.0,31.20000000000006,70.39999999999999,4,54,0,0,67,0,125,125,34,
SWEEP_ON,2026-05-07,130,-11.602090251404055,-0.0892468480877235,3.7,0.0,0.0,1.75,7.1000000000000085,11.649999999999991,0,71,0,0,59,0,130,98,53,
SWEEP_ON,2026-05-29,149,-13.737226157622596,-0.09219614870887648,5.604026845637584,0.0,0.0,2.0,12.200000000000017,23.0,3,69,0,0,77,0,149,125,53,
SWEEP_ON,2026-06-01,143,-9.20728499447523,-0.06438660835297363,10.104895104895105,0.0,0.0,5.0,18.0,31.900000000000006,1,69,0,0,73,0,143,112,53,
SWEEP_ON,2026-06-11,108,-11.110946953301816,-0.1028791384564983,3.212962962962963,0.0,0.0,1.0,13.299999999999997,18.64999999999999,0,60,0,0,48,0,108,107,44,
SWEEP_ON,2026-06-30,122,-8.032203618487378,-0.06583773457776539,5.80327868852459,0.0,0.0,1.0,10.900000000000006,21.899999999999977,1,54,0,0,67,0,122,108,39,
SWEEP_ON,2026-07-02,97,-7.246233574274053,-0.07470343891004179,5.484536082474227,0.0,0.0,3.0,10.0,28.799999999999955,1,51,0,0,45,0,97,89,45,
SWEEP_ON,2026-07-03,79,-5.3748802613148055,-0.06803645900398488,4.810126582278481,0.0,0.0,3.0,13.000000000000014,24.399999999999977,2,38,0,0,39,0,79,70,27,
SWEEP_ON,2026-07-06,94,-3.610645891010487,-0.03841112650011157,15.851063829787234,0.0,0.0,3.75,26.700000000000003,38.349999999999994,0,57,0,0,37,0,94,75,42,
SWEEP_ON,2026-07-13,135,-9.479875649523365,-0.07022130110758049,4.881481481481481,0.0,0.0,2.0,13.0,27.89999999999999,3,75,0,0,57,0,135,110,52,
RENKO_INV_ON,2024-06-07,115,-3.8554276984849216,-0.03352545824769497,21.14782608695652,0.0,0.0,6.5,27.200000000000017,103.79999999999995,33,82,0,0,0,0,115,46,40,
RENKO_INV_ON,2024-06-12,68,-1.8914684346709691,-0.027815712274573075,22.735294117647058,0.0,0.0,10.25,29.400000000000034,118.99999999999991,20,48,0,0,0,0,68,26,15,
RENKO_INV_ON,2024-06-13,49,-2.4444031013769445,-0.04988577757912132,42.795918367346935,0.0,4.0,16.0,57.400000000000006,113.59999999999982,8,41,0,0,0,0,49,18,15,
RENKO_INV_ON,2024-06-14,67,-1.3170685698551097,-0.019657739848583728,22.98507462686567,0.0,1.0,14.5,46.8,116.59999999999988,22,45,0,0,0,0,67,26,24,
RENKO_INV_ON,2024-06-19,19,-0.5816304531676906,-0.030612129114088976,30.473684210526315,3.5,19.0,46.0,80.79999999999998,96.29999999999991,10,9,0,0,0,0,19,7,3,
RENKO_INV_ON,2024-07-04,36,-0.4451587653852584,-0.012365521260701623,66.19444444444444,0.0,8.5,44.25,153.0,221.25,9,27,0,0,0,0,36,13,13,
RENKO_INV_ON,2024-07-08,77,-0.4722417981814336,-0.006133010365992644,51.76623376623377,0.0,6.0,16.0,120.20000000000024,227.4000000000001,32,45,0,0,0,0,77,30,24,
RENKO_INV_ON,2024-07-12,63,-1.3836859789901914,-0.021963269507780814,100.15873015873017,0.0,0.0,3.0,185.80000000000052,308.29999999999995,15,48,0,0,0,0,63,24,18,
RENKO_INV_ON,2024-07-17,51,-1.8265734265111557,-0.035815165225708934,21.84313725490196,0.0,1.0,8.0,28.0,78.0,17,34,0,0,0,0,51,20,25,
RENKO_INV_ON,2024-07-22,57,0.062228234414305916,0.0010917234107772967,49.280701754385966,0.0,3.0,35.0,128.8,322.7999999999999,21,36,0,0,0,0,57,22,15,
RENKO_INV_ON,2024-07-30,52,-0.866588339631259,-0.01666516037752421,25.846153846153847,0.0,3.5,27.25,95.19999999999996,153.8999999999998,20,32,0,0,0,0,52,20,13,
RENKO_INV_ON,2024-08-01,48,-1.6702456947343003,-0.03479678530696459,21.208333333333332,0.0,2.0,11.75,55.20000000000006,91.94999999999999,15,33,0,0,0,0,48,18,20,
RENKO_INV_ON,2024-08-05,113,-2.219968515987148,-0.019645739079532282,10.893805309734514,0.0,1.0,5.0,20.799999999999997,50.59999999999984,28,85,0,0,0,0,113,45,33,
RENKO_INV_ON,2024-08-21,43,-0.41002050801049933,-0.009535360651406961,44.25581395348837,0.0,3.0,18.5,96.6000000000001,260.0999999999998,8,35,0,0,0,0,43,18,16,
RENKO_INV_ON,2024-08-28,51,-0.77490736998728,-0.015194262156613333,26.07843137254902,0.0,0.0,11.0,44.0,75.5,15,36,0,0,0,0,51,20,21,
RENKO_INV_ON,2024-09-24,52,0.3723672346676117,0.007160908358992532,25.134615384615383,0.0,0.0,10.75,41.599999999999994,152.2499999999999,16,36,0,0,0,0,52,23,22,
RENKO_INV_ON,2024-09-30,88,-1.4003111352673538,-0.01591262653712902,54.17045454545455,0.0,3.0,25.75,106.79999999999998,291.04999999999916,34,54,0,0,0,0,88,34,34,
RENKO_INV_ON,2024-10-01,68,-1.8043249767720229,-0.02653419083488269,60.661764705882355,0.0,3.0,25.0,144.90000000000018,346.8499999999998,15,53,0,0,0,0,68,27,26,
RENKO_INV_ON,2024-10-04,52,-1.66316774558436,-0.03198399510739154,17.26923076923077,0.0,0.0,7.0,30.599999999999994,96.1499999999998,16,36,0,0,0,0,52,20,9,
RENKO_INV_ON,2024-10-10,31,0.48870723215350154,0.0157647494243065,64.19354838709677,1.0,21.0,50.0,92.0,256.0,11,20,0,0,0,0,31,14,11,
RENKO_INV_ON,2024-10-15,61,-1.6877779716375396,-0.027668491338320323,22.42622950819672,0.0,1.0,9.0,59.0,156.0,16,45,0,0,0,0,61,24,17,
RENKO_INV_ON,2024-10-18,71,-1.2097833070080621,-0.017039201507155804,14.76056338028169,0.0,2.0,14.5,49.0,78.0,12,59,0,0,0,0,71,25,17,
RENKO_INV_ON,2024-10-22,66,-2.2961068044793747,-0.034789497037566286,15.121212121212121,0.0,1.0,5.5,31.0,49.0,9,57,0,0,0,0,66,24,22,
RENKO_INV_ON,2024-11-13,48,-1.8453643210268638,-0.03844509002139299,19.458333333333332,0.0,1.5,12.0,64.60000000000005,86.94999999999999,18,30,0,0,0,0,48,19,22,
RENKO_INV_ON,2024-11-28,81,-2.365116241227952,-0.029198965941085824,26.839506172839506,0.0,0.0,25.0,64.0,172.0,15,66,0,0,0,0,81,31,43,
RENKO_INV_ON,2024-12-02,70,-0.9337885953785493,-0.01333983707683642,76.57142857142857,0.0,3.0,15.0,42.70000000000004,82.0,21,49,0,0,0,0,70,27,18,
RENKO_INV_ON,2025-01-03,65,-1.8111150199677772,-0.027863307999504264,13.461538461538462,0.0,0.0,8.0,22.20000000000001,55.79999999999994,14,51,0,0,0,0,65,24,27,
RENKO_INV_ON,2025-01-08,36,-0.49134559548277446,-0.013648488763410401,26.61111111111111,0.0,1.0,28.25,77.0,132.25,6,30,0,0,0,0,36,14,13,
RENKO_INV_ON,2025-01-15,53,-1.9100908490521156,-0.03603944998211539,20.71698113207547,0.0,0.0,8.0,47.800000000000004,58.59999999999999,23,30,0,0,0,0,53,21,15,
RENKO_INV_ON,2025-01-22,46,-0.11136463956199802,-0.0024209704252608267,97.17391304347827,0.0,1.0,14.0,33.0,70.0,10,36,0,0,0,0,46,18,13,
RENKO_INV_ON,2025-01-29,49,-3.1579381830996076,-0.06444771802244097,47.36734693877551,0.0,1.0,5.0,42.800000000000026,64.6,7,42,0,0,0,0,49,18,33,
RENKO_INV_ON,2025-01-31,57,-1.88638866169246,-0.033094537924429124,7.43859649122807,0.0,0.0,1.0,11.799999999999997,17.399999999999906,12,45,0,0,0,0,57,20,21,
RENKO_INV_ON,2025-02-21,34,0.5048376636386821,0.014848166577608297,15.529411764705882,0.0,1.5,9.75,30.999999999999993,48.84999999999998,13,21,0,0,0,0,34,15,12,
RENKO_INV_ON,2025-03-11,41,0.14684586898359445,0.0035816065605754743,26.24390243902439,0.0,3.0,22.0,70.0,140.0,9,32,0,0,0,0,41,17,26,
RENKO_INV_ON,2025-03-19,57,-0.8000801077578217,-0.014036493118558275,19.50877192982456,0.0,6.0,20.0,44.0,66.19999999999999,9,48,0,0,0,0,57,21,27,
RENKO_INV_ON,2025-03-26,46,-0.14678367051707625,-0.003190949359066875,33.82608695652174,0.0,1.0,23.5,81.5,104.0,14,32,0,0,0,0,46,18,12,
RENKO_INV_ON,2025-03-31,67,-3.144216861485954,-0.04692860987292469,8.940298507462687,0.0,0.0,1.0,21.599999999999987,50.69999999999995,13,54,0,0,0,0,67,24,30,
RENKO_INV_ON,2025-04-10,85,-6.144415279144748,-0.0722872385781735,3.623529411764706,0.0,0.0,1.0,4.6000000000000085,8.599999999999994,23,62,0,0,0,0,85,33,39,
RENKO_INV_ON,2025-05-09,74,-2.7982388749878737,-0.03781403885118748,13.108108108108109,0.0,0.0,5.0,24.500000000000014,42.19999999999993,23,51,0,0,0,0,74,29,26,
RENKO_INV_ON,2025-05-13,59,-4.334412226730214,-0.0734646140123765,9.966101694915254,0.0,0.0,1.0,21.000000000000014,75.1,11,48,0,0,0,0,59,22,24,
RENKO_INV_ON,2025-05-30,57,-2.7980234390151963,-0.049088130509038534,9.087719298245615,0.0,0.0,6.0,24.39999999999999,51.999999999999936,12,45,0,0,0,0,57,22,20,
RENKO_INV_ON,2025-06-18,52,-3.164670484708192,-0.06085904778284985,2.826923076923077,0.0,0.0,3.0,11.0,13.449999999999996,7,45,0,0,0,0,52,20,15,
RENKO_INV_ON,2025-06-30,78,-1.270657685895458,-0.01629048315250587,27.397435897435898,0.0,1.5,12.0,60.99999999999994,145.24999999999955,33,45,0,0,0,0,78,30,21,
RENKO_INV_ON,2025-07-08,76,-2.580709693789686,-0.03395670649723271,13.539473684210526,0.0,0.0,4.75,29.5,87.75,19,57,0,0,0,0,76,27,32,
RENKO_INV_ON,2025-07-11,60,0.8711094037154605,0.014518490061924343,19.666666666666668,0.0,0.5,9.0,46.30000000000003,131.04999999999995,21,39,0,0,0,0,60,25,21,
RENKO_INV_ON,2025-07-31,60,-1.7385724740385438,-0.028976207900642394,10.65,0.0,0.0,4.5,20.500000000000007,48.19999999999993,9,51,0,0,0,0,60,23,27,
RENKO_INV_ON,2025-08-11,70,-3.83230353715832,-0.054747193387976,11.642857142857142,0.0,0.0,4.0,8.0,18.04999999999997,13,57,0,0,0,0,70,27,29,
RENKO_INV_ON,2025-09-22,74,0.8157394826062048,0.01102350652170547,32.5,0.0,2.0,16.75,63.50000000000007,139.84999999999982,29,45,0,0,0,0,74,30,12,
RENKO_INV_ON,2025-10-16,112,-8.716308216253614,-0.0778241805022644,2.2142857142857144,0.0,0.0,1.0,4.0,11.0,24,88,0,0,0,0,112,42,37,
RENKO_INV_ON,2025-10-20,94,-4.695890950337343,-0.04995628670571642,6.638297872340425,0.0,0.0,3.0,7.0,23.69999999999999,19,75,0,0,0,0,94,37,47,
RENKO_INV_ON,2025-10-28,100,-8.507159784683154,-0.08507159784683153,2.76,0.0,0.0,2.0,10.200000000000017,14.149999999999991,11,89,0,0,0,0,100,39,37,
RENKO_INV_ON,2025-11-06,72,-3.4731770460472644,-0.04823857008398978,10.01388888888889,0.0,0.0,5.25,19.799999999999997,34.95000000000003,21,51,0,0,0,0,72,27,23,
RENKO_INV_ON,2025-11-11,63,-0.7066461105117317,-0.011216604928757645,13.365079365079366,0.0,0.0,8.0,28.000000000000043,61.8,15,48,0,0,0,0,63,28,30,
RENKO_INV_ON,2025-11-13,69,-4.404907242077873,-0.06383923539243294,4.550724637681159,0.0,0.0,3.0,16.0,19.19999999999999,13,56,0,0,0,0,69,26,16,
RENKO_INV_ON,2025-12-26,72,-4.526300461194296,-0.06286528418325411,2.5694444444444446,0.0,0.0,1.0,5.899999999999999,13.900000000000006,15,57,0,0,0,0,72,25,23,
RENKO_INV_ON,2026-01-07,63,-2.61133426017265,-0.041449750161470636,10.507936507936508,0.0,0.0,1.5,33.000000000000064,62.89999999999997,12,51,0,0,0,0,63,24,29,
RENKO_INV_ON,2026-01-08,75,-5.756581280006382,-0.07675441706675176,6.546666666666667,0.0,0.0,2.0,18.60000000000005,24.499999999999986,22,53,0,0,0,0,75,29,31,
RENKO_INV_ON,2026-01-16,37,-6.418725886744748,-0.17347907802012832,11.108108108108109,0.0,0.0,5.0,22.99999999999995,50.79999999999994,10,27,0,0,0,0,37,15,14,
RENKO_INV_ON,2026-01-22,129,-9.789895104529327,-0.07589065972503355,4.263565891472868,0.0,0.0,2.0,12.200000000000003,28.599999999999966,28,101,0,0,0,0,129,52,58,
RENKO_INV_ON,2026-01-26,39,-4.516076005704539,-0.11579682065909075,0.3076923076923077,0.0,0.0,0.0,1.0,1.2000000000000028,6,33,0,0,0,0,39,15,15,
RENKO_INV_ON,2026-02-02,98,-32.12951288781339,-0.32785217232462643,1.0510204081632653,0.0,0.0,0.0,1.2999999999999972,3.0,18,80,0,0,0,0,98,36,40,
RENKO_INV_ON,2026-02-18,88,-3.7861899753179387,-0.043024886083158395,5.715909090909091,0.0,0.0,3.0,14.599999999999994,25.599999999999966,34,54,0,0,0,0,88,36,18,
RENKO_INV_ON,2026-02-19,70,-5.422948175078091,-0.07747068821540129,1.2571428571428571,0.0,0.0,0.0,6.0,6.0,4,66,0,0,0,0,70,25,28,
RENKO_INV_ON,2026-03-12,118,-8.761432862143618,-0.0742494310351154,5.194915254237288,0.0,0.0,1.0,8.0,14.249999999999872,24,94,0,0,0,0,118,44,46,
RENKO_INV_ON,2026-03-17,46,-2.1412249818640703,-0.04654836917095805,7.173913043478261,0.0,0.0,4.75,13.0,24.75,13,33,0,0,0,0,46,17,6,
RENKO_INV_ON,2026-03-18,123,-7.514715645650844,-0.06109524915163288,2.926829268292683,0.0,0.0,1.0,8.0,15.899999999999991,28,95,0,0,0,0,123,47,46,
RENKO_INV_ON,2026-03-30,78,-12.346436248217287,-0.15828764420791394,2.128205128205128,0.0,0.0,1.75,5.599999999999994,12.0,12,66,0,0,0,0,78,28,34,
RENKO_INV_ON,2026-04-01,86,-11.530434373942324,-0.13407481830165494,4.767441860465116,0.0,0.0,2.0,5.5,6.75,20,66,0,0,0,0,86,31,36,
RENKO_INV_ON,2026-04-08,84,-10.276829532821164,-0.12234320872406149,1.0,0.0,0.0,0.0,3.4000000000000057,5.849999999999994,15,69,0,0,0,0,84,35,43,
RENKO_INV_ON,2026-04-14,92,-6.536785876821341,-0.07105202040023197,6.021739130434782,0.0,0.0,3.0,20.900000000000006,28.35000000000001,32,60,0,0,0,0,92,33,27,
RENKO_INV_ON,2026-04-29,83,-0.6839715682278135,-0.00824062130394956,13.975903614457831,0.0,0.0,8.0,32.39999999999998,79.69999999999989,29,54,0,0,0,0,83,36,22,
RENKO_INV_ON,2026-05-07,77,-6.587706412601014,-0.0855546287350781,2.987012987012987,0.0,0.0,2.0,8.800000000000011,12.000000000000028,6,71,0,0,0,0,77,28,29,
RENKO_INV_ON,2026-05-29,99,-5.16032082804971,-0.05212445280858293,7.202020202020202,0.0,0.0,2.0,12.0,40.499999999999915,30,69,0,0,0,0,99,39,24,
RENKO_INV_ON,2026-06-01,95,-5.708853946352065,-0.06009319943528489,9.810526315789474,0.0,0.0,4.0,15.0,25.599999999999994,26,69,0,0,0,0,95,35,36,
RENKO_INV_ON,2026-06-11,69,-5.890216254857023,-0.08536545296894237,1.1594202898550725,0.0,0.0,0.0,5.0,7.599999999999994,9,60,0,0,0,0,69,25,30,
RENKO_INV_ON,2026-06-30,75,-1.0098248360336584,-0.013464331147115444,6.24,0.0,0.0,2.0,13.200000000000017,29.499999999999986,21,54,0,0,0,0,75,29,22,
RENKO_INV_ON,2026-07-02,65,-2.2604188144890336,-0.034775674069062054,6.876923076923077,0.0,0.0,4.0,7.0,38.99999999999996,14,51,0,0,0,0,65,27,33,
RENKO_INV_ON,2026-07-03,59,-2.6205609487612187,-0.0444162872671393,4.898305084745763,0.0,0.0,5.0,18.60000000000001,24.399999999999977,21,38,0,0,0,0,59,23,16,
RENKO_INV_ON,2026-07-06,64,-1.317987646341559,-0.02059355697408686,18.25,0.0,0.0,3.0,25.400000000000006,94.8999999999997,7,57,0,0,0,0,64,25,28,
RENKO_INV_ON,2026-07-13,90,-7.709466941586925,-0.08566074379541028,3.3777777777777778,0.0,0.0,1.0,5.0,13.199999999999989,15,75,0,0,0,0,90,34,36,
IFVG_AGE_60,2024-06-07,112,-3.6604276984849093,-0.03268239016504383,21.696428571428573,0.0,0.0,7.0,27.80000000000001,106.19999999999982,33,79,0,0,0,0,112,45,36,
IFVG_AGE_60,2024-06-12,68,-1.8914684346709691,-0.027815712274573075,22.735294117647058,0.0,0.0,10.25,29.400000000000034,118.99999999999991,20,48,0,0,0,0,68,26,15,
IFVG_AGE_60,2024-06-13,46,-2.3342581738406807,-0.05074474290958002,45.54347826086956,0.25,4.5,17.5,58.0,118.25,8,38,0,0,0,0,46,17,15,
IFVG_AGE_60,2024-06-14,67,-1.3114019031883497,-0.019573162734154475,22.98507462686567,0.0,1.0,14.5,46.8,116.59999999999988,22,45,0,0,0,0,67,26,23,
IFVG_AGE_60,2024-06-19,19,-0.5816304531676906,-0.030612129114088976,30.473684210526315,3.5,19.0,46.0,80.79999999999998,96.29999999999991,10,9,0,0,0,0,19,7,3,
IFVG_AGE_60,2024-07-04,36,-0.4451587653852584,-0.012365521260701623,66.19444444444444,0.0,8.5,44.25,153.0,221.25,9,27,0,0,0,0,36,13,13,
IFVG_AGE_60,2024-07-08,74,-0.0714084648481427,-0.0009649792547046311,52.972972972972975,0.0,5.5,16.0,133.10000000000014,231.44999999999985,32,42,0,0,0,0,74,29,20,
IFVG_AGE_60,2024-07-12,63,-1.3836859789901914,-0.021963269507780814,100.15873015873017,0.0,0.0,3.0,185.80000000000052,308.29999999999995,15,48,0,0,0,0,63,24,18,
IFVG_AGE_60,2024-07-17,36,-0.9692185692492786,-0.026922738034702184,30.194444444444443,0.0,1.0,9.75,49.0,105.25,17,19,0,0,0,0,36,15,15,
IFVG_AGE_60,2024-07-22,57,0.062228234414305916,0.0010917234107772967,49.280701754385966,0.0,3.0,35.0,128.8,322.7999999999999,21,36,0,0,0,0,57,22,15,
IFVG_AGE_60,2024-07-30,52,-0.8465883396311257,-0.01628054499290626,25.76923076923077,0.0,3.0,27.25,95.19999999999996,153.8999999999998,20,32,0,0,0,0,52,20,12,
IFVG_AGE_60,2024-08-01,48,-1.6702456947343003,-0.03479678530696459,21.208333333333332,0.0,2.0,11.75,55.20000000000006,91.94999999999999,15,33,0,0,0,0,48,18,20,
IFVG_AGE_60,2024-08-05,107,-2.2107721335582937,-0.020661421808956016,11.457943925233645,0.0,1.0,6.0,23.00000000000003,56.299999999999784,28,79,0,0,0,0,107,43,30,
IFVG_AGE_60,2024-08-21,43,-0.41002050801049933,-0.009535360651406961,44.25581395348837,0.0,3.0,18.5,96.6000000000001,260.0999999999998,8,35,0,0,0,0,43,18,16,
IFVG_AGE_60,2024-08-28,51,-0.77490736998728,-0.015194262156613333,26.07843137254902,0.0,0.0,11.0,44.0,75.5,15,36,0,0,0,0,51,20,21,
IFVG_AGE_60,2024-09-24,52,0.3723672346676117,0.007160908358992532,25.134615384615383,0.0,0.0,10.75,41.599999999999994,152.2499999999999,16,36,0,0,0,0,52,23,22,
IFVG_AGE_60,2024-09-30,82,-1.103088913045364,-0.01345230381762639,58.073170731707314,0.0,3.0,28.0,110.40000000000003,320.15000000000026,34,48,0,0,0,0,82,32,31,
IFVG_AGE_60,2024-10-01,62,-1.4952156871543898,-0.024116382050877256,66.46774193548387,0.0,5.5,28.75,170.69999999999993,385.54999999999944,15,47,0,0,0,0,62,25,23,
IFVG_AGE_60,2024-10-04,52,-1.66316774558436,-0.03198399510739154,17.26923076923077,0.0,0.0,7.0,30.599999999999994,96.1499999999998,16,36,0,0,0,0,52,20,9,
IFVG_AGE_60,2024-10-10,28,0.4480474206710217,0.01600169359539363,70.78571428571429,1.0,24.5,51.75,101.00000000000003,296.1999999999996,11,17,0,0,0,0,28,13,11,
IFVG_AGE_60,2024-10-15,55,-1.4877779716375699,-0.027050508575228543,24.545454545454547,0.0,1.0,11.5,73.40000000000003,156.6,16,39,0,0,0,0,55,22,12,
IFVG_AGE_60,2024-10-18,68,-1.4383419462199831,-0.021152087444411518,15.058823529411764,0.0,1.5,16.0,52.900000000000055,79.19999999999999,12,56,0,0,0,0,68,24,17,
IFVG_AGE_60,2024-10-22,57,-2.021850994154647,-0.03547107007288855,15.157894736842104,0.0,1.0,3.0,17.39999999999999,53.0,9,48,0,0,0,0,57,21,18,
IFVG_AGE_60,2024-11-13,48,-1.8453643210268638,-0.03844509002139299,19.458333333333332,0.0,1.5,12.0,64.60000000000005,86.94999999999999,18,30,0,0,0,0,48,19,22,
IFVG_AGE_60,2024-11-28,81,-2.3427829078944646,-0.02892324577647487,26.839506172839506,0.0,0.0,25.0,64.0,172.0,15,66,0,0,0,0,81,31,42,
IFVG_AGE_60,2024-12-02,61,-0.5620126390943673,-0.009213321952366677,86.72131147540983,0.0,3.0,16.0,67.0,82.0,21,40,0,0,0,0,61,24,13,
IFVG_AGE_60,2025-01-03,59,-1.5696150199678416,-0.026603644406234604,14.305084745762711,0.0,0.0,7.0,26.000000000000014,66.89999999999961,14,45,0,0,0,0,59,22,21,
IFVG_AGE_60,2025-01-08,36,-0.49134559548277446,-0.013648488763410401,26.61111111111111,0.0,1.0,28.25,77.0,132.25,6,30,0,0,0,0,36,14,13,
IFVG_AGE_60,2025-01-15,50,-1.7555453945068016,-0.03511090789013603,21.92,0.0,0.0,9.5,48.50000000000001,59.949999999999974,23,27,0,0,0,0,50,20,15,
IFVG_AGE_60,2025-01-22,40,-0.05623087238912676,-0.001405771809728169,111.425,0.0,1.5,18.75,34.300000000000004,86.84999999999967,10,30,0,0,0,0,40,16,13,
IFVG_AGE_60,2025-01-29,49,-3.1579381830996076,-0.06444771802244097,47.36734693877551,0.0,1.0,5.0,42.800000000000026,64.6,7,42,0,0,0,0,49,18,33,
IFVG_AGE_60,2025-01-31,57,-1.88638866169246,-0.033094537924429124,7.43859649122807,0.0,0.0,1.0,11.799999999999997,17.399999999999906,12,45,0,0,0,0,57,20,21,
IFVG_AGE_60,2025-02-21,34,0.5048376636386821,0.014848166577608297,15.529411764705882,0.0,1.5,9.75,30.999999999999993,48.84999999999998,13,21,0,0,0,0,34,15,12,
IFVG_AGE_60,2025-03-11,41,0.14684586898359445,0.0035816065605754743,26.24390243902439,0.0,3.0,22.0,70.0,140.0,9,32,0,0,0,0,41,17,26,
IFVG_AGE_60,2025-03-19,57,-0.8000801077578217,-0.014036493118558275,19.50877192982456,0.0,6.0,20.0,44.0,66.19999999999999,9,48,0,0,0,0,57,21,27,
IFVG_AGE_60,2025-03-26,46,-0.14678367051707625,-0.003190949359066875,33.82608695652174,0.0,1.0,23.5,81.5,104.0,14,32,0,0,0,0,46,18,12,
IFVG_AGE_60,2025-03-31,61,-2.7533673991203313,-0.04513717047738248,9.360655737704919,0.0,0.0,1.0,18.0,54.0,13,48,0,0,0,0,61,22,27,
IFVG_AGE_60,2025-04-10,79,-5.832992514917048,-0.07383534829008921,3.569620253164557,0.0,0.0,0.5,4.0,7.199999999999989,23,56,0,0,0,0,79,31,35,
IFVG_AGE_60,2025-05-09,68,-2.590387635318469,-0.038093935813506896,14.073529411764707,0.0,0.0,5.25,26.900000000000013,45.79999999999998,23,45,0,0,0,0,68,27,22,
IFVG_AGE_60,2025-05-13,56,-3.272745560063413,-0.05844188500113238,10.142857142857142,0.0,0.0,1.0,22.5,75.25,11,45,0,0,0,0,56,21,21,
IFVG_AGE_60,2025-05-30,57,-2.7980234390151963,-0.049088130509038534,9.087719298245615,0.0,0.0,6.0,24.39999999999999,51.999999999999936,12,45,0,0,0,0,57,22,20,
IFVG_AGE_60,2025-06-18,46,-2.927921367336391,-0.06365046450731285,2.8260869565217392,0.0,0.0,2.75,11.0,13.75,7,39,0,0,0,0,46,18,15,
IFVG_AGE_60,2025-06-30,78,-1.270657685895458,-0.01629048315250587,27.397435897435898,0.0,1.5,12.0,60.99999999999994,145.24999999999955,33,45,0,0,0,0,78,30,21,
IFVG_AGE_60,2025-07-08,70,-2.0772189600053634,-0.02967455657150519,14.7,0.0,0.0,7.0,32.1,93.44999999999995,19,51,0,0,0,0,70,25,23,
IFVG_AGE_60,2025-07-11,60,0.9627760703821575,0.016046267839702626,19.7,0.0,0.5,9.25,46.30000000000003,131.04999999999995,21,39,0,0,0,0,60,25,20,
IFVG_AGE_60,2025-07-31,51,-1.4853035986372258,-0.029123599973278937,12.27450980392157,0.0,0.0,6.0,25.0,59.0,9,42,0,0,0,0,51,20,27,
IFVG_AGE_60,2025-08-11,61,-3.440636870491896,-0.056403883122817966,13.311475409836065,0.0,0.0,4.0,8.0,23.0,13,48,0,0,0,0,61,24,23,
IFVG_AGE_60,2025-09-22,71,0.8798081100571837,0.012391663521932165,33.23943661971831,0.0,2.0,16.5,71.0,144.5,29,42,0,0,0,0,71,29,10,
IFVG_AGE_60,2025-10-16,106,-8.382732303011533,-0.07908238021708994,2.3207547169811322,0.0,0.0,1.0,4.0,11.0,24,82,0,0,0,0,106,40,37,
IFVG_AGE_60,2025-10-20,85,-4.067023025808339,-0.047847329715392226,7.2823529411764705,0.0,0.0,4.0,7.6000000000000085,24.599999999999994,19,66,0,0,0,0,85,34,40,
IFVG_AGE_60,2025-10-28,91,-7.928513066075236,-0.08712651720961798,2.769230769230769,0.0,0.0,2.0,10.0,15.5,11,80,0,0,0,0,91,36,31,
IFVG_AGE_60,2025-11-06,69,-3.3131770460471066,-0.04801705863836386,10.44927536231884,0.0,0.0,6.0,20.200000000000003,36.59999999999994,21,48,0,0,0,0,69,26,20,
IFVG_AGE_60,2025-11-11,60,-0.6266461105108949,-0.010444101841848248,13.933333333333334,0.0,0.0,8.0,31.900000000000027,63.44999999999992,15,45,0,0,0,0,60,27,27,
IFVG_AGE_60,2025-11-13,63,-4.14305247392349,-0.06576273768132523,4.984126984126984,0.0,0.0,3.0,16.0,19.799999999999997,13,50,0,0,0,0,63,24,16,
IFVG_AGE_60,2025-12-26,60,-3.9734643119851776,-0.06622440519975296,3.033333333333333,0.0,0.0,1.25,7.100000000000001,15.099999999999994,15,45,0,0,0,0,60,21,17,
IFVG_AGE_60,2026-01-07,48,-2.053051255911972,-0.04277190116483275,11.979166666666666,0.0,0.0,1.25,36.300000000000004,72.14999999999998,12,36,0,0,0,0,48,19,18,
IFVG_AGE_60,2026-01-08,69,-5.531414006395911,-0.08016542038254944,7.028985507246377,0.0,0.0,3.0,21.200000000000003,25.99999999999997,22,47,0,0,0,0,69,27,28,
IFVG_AGE_60,2026-01-16,34,-6.170225886744751,-0.1814772319630809,12.088235294117647,0.0,0.5,5.75,33.49999999999997,52.89999999999997,10,24,0,0,0,0,34,14,11,
IFVG_AGE_60,2026-01-22,114,-8.028918093033402,-0.07042910607924037,4.745614035087719,0.0,0.0,2.0,15.800000000000011,33.099999999999966,28,86,0,0,0,0,114,47,46,
IFVG_AGE_60,2026-01-26,39,-4.516076005704539,-0.11579682065909075,0.3076923076923077,0.0,0.0,0.0,1.0,1.2000000000000028,6,33,0,0,0,0,39,15,15,
IFVG_AGE_60,2026-02-02,89,-31.249227173526382,-0.35111491206209416,1.0112359550561798,0.0,0.0,0.0,1.0,2.0,18,71,0,0,0,0,89,33,36,
IFVG_AGE_60,2026-02-18,79,-3.446045047780596,-0.0436208233896278,6.2405063291139244,0.0,0.0,3.0,17.000000000000014,29.899999999999835,34,45,0,0,0,0,79,33,12,
IFVG_AGE_60,2026-02-19,58,-4.8788848141957715,-0.08411870369303054,1.293103448275862,0.0,0.0,0.0,3.900000000000013,6.0,4,54,0,0,0,0,58,21,25,
IFVG_AGE_60,2026-03-12,106,-7.524766195475119,-0.07098836033467093,5.669811320754717,0.0,0.0,1.0,9.0,23.25,24,82,0,0,0,0,106,40,35,
IFVG_AGE_60,2026-03-17,43,-2.199558315197161,-0.05115251895807351,7.348837209302325,0.0,0.0,4.5,11.800000000000004,25.499999999999993,13,30,0,0,0,0,43,16,6,
IFVG_AGE_60,2026-03-18,117,-6.89979501072988,-0.05897260692931522,3.076923076923077,0.0,0.0,1.0,8.400000000000006,16.19999999999999,28,89,0,0,0,0,117,45,43,
IFVG_AGE_60,2026-03-30,72,-11.82378663320075,-0.16421925879445487,2.3055555555555554,0.0,0.0,2.0,6.799999999999997,12.0,12,60,0,0,0,0,72,26,34,
IFVG_AGE_60,2026-04-01,83,-11.437101040608772,-0.13779639807962377,4.9397590361445785,0.0,0.0,2.0,5.799999999999997,6.8999999999999915,20,63,0,0,0,0,83,30,35,
IFVG_AGE_60,2026-04-08,84,-10.276829532821164,-0.12234320872406149,1.0,0.0,0.0,0.0,3.4000000000000057,5.849999999999994,15,69,0,0,0,0,84,35,43,
IFVG_AGE_60,2026-04-14,89,-6.103619210154648,-0.06857999112533313,6.112359550561798,0.0,0.0,3.0,21.200000000000003,28.799999999999983,32,57,0,0,0,0,89,32,24,
IFVG_AGE_60,2026-04-29,77,-0.6839715682278135,-0.008882747639322253,14.532467532467532,0.0,0.0,7.0,35.60000000000002,81.0,29,48,0,0,0,0,77,34,18,
IFVG_AGE_60,2026-05-07,65,-5.833817523710422,-0.08975103882631419,3.046153846153846,0.0,0.0,2.0,7.0,17.99999999999997,6,59,0,0,0,0,65,24,20,
IFVG_AGE_60,2026-05-29,96,-5.168654161382922,-0.05384014751440544,7.291666666666667,0.0,0.0,2.0,12.0,42.75,30,66,0,0,0,0,96,38,24,
IFVG_AGE_60,2026-06-01,80,-4.5845831130166825,-0.05730728891270853,11.25,0.0,0.0,5.0,16.200000000000017,27.799999999999955,26,54,0,0,0,0,80,30,23,
IFVG_AGE_60,2026-06-11,60,-4.7727410073316605,-0.07954568345552768,1.3,0.0,0.0,0.25,5.0,8.0,9,51,0,0,0,0,60,22,24,
IFVG_AGE_60,2026-06-30,72,-0.9241105503192557,-0.012834868754434106,6.5,0.0,0.0,2.25,13.799999999999997,30.250000000000014,21,51,0,0,0,0,72,28,21,
IFVG_AGE_60,2026-07-02,56,-2.022373905467551,-0.036113819740491986,7.607142857142857,0.0,0.0,4.0,7.0,47.75,14,42,0,0,0,0,56,24,30,
IFVG_AGE_60,2026-07-03,53,-2.3977723430634796,-0.04524098760497131,4.90566037735849,0.0,0.0,5.0,17.400000000000013,24.999999999999993,21,32,0,0,0,0,53,21,16,
IFVG_AGE_60,2026-07-06,58,-1.1079728970783738,-0.019102980984109893,20.120689655172413,0.0,0.0,4.5,28.70000000000004,103.44999999999999,7,51,0,0,0,0,58,23,25,
IFVG_AGE_60,2026-07-13,87,-7.5233558304757935,-0.08647535437328498,3.4942528735632186,0.0,0.0,1.5,5.0,13.800000000000011,15,72,0,0,0,0,87,33,36,
