day,n_trades,pnl_total,ev_per_trade,config,kind,value,split
2026-01-02,18,-11.193000000011125,-0.6218333333339514,ZONE_TP4,zone,4,test
2026-01-05,13,15.088999999997213,1.1606923076920934,ZONE_TP4,zone,4,test
2026-01-06,17,-6.93300000000545,-0.4078235294120853,ZONE_TP4,zone,4,test
2026-01-07,8,1.6169999999965512,0.2021249999995689,ZONE_TP4,zone,4,test
2026-01-08,13,4.236999999992804,0.32592307692252337,ZONE_TP4,zone,4,test
2026-01-09,16,17.89799999999923,1.1186249999999518,ZONE_TP4,zone,4,test
2026-01-12,13,6.160000000006221,0.47384615384663237,ZONE_TP4,zone,4,test
2026-01-13,10,2.0099999999983993,0.20099999999983992,ZONE_TP4,zone,4,test
2026-01-14,11,-0.12400000000343453,-0.011272727273039502,ZONE_TP4,zone,4,test
2026-01-15,7,0.48199999999724236,0.0688571428567489,ZONE_TP4,zone,4,test
2026-01-16,9,-7.4430000000047585,-0.8270000000005288,ZONE_TP4,zone,4,test
2026-01-19,3,1.818878381243394e-12,6.06292793747798e-13,ZONE_TP4,zone,4,test
2026-01-20,16,7.678999999992811,0.4799374999995507,ZONE_TP4,zone,4,test
2026-01-21,10,-5.926000000006752,-0.5926000000006753,ZONE_TP4,zone,4,test
2026-01-22,24,4.905999999989035,0.2044166666662098,ZONE_TP4,zone,4,test
2026-01-23,17,25.56000000000313,1.5035294117648899,ZONE_TP4,zone,4,test
2026-01-26,10,7.581999999995787,0.7581999999995788,ZONE_TP4,zone,4,test
2026-01-27,15,14.467000000000553,0.9644666666667036,ZONE_TP4,zone,4,test
2026-01-28,31,74.481509544786,2.402629340154387,ZONE_TP4,zone,4,test
2026-01-29,22,94.72399999999925,4.30563636363633,ZONE_TP4,zone,4,test
2026-01-30,29,40.726999999991676,1.4043793103445406,ZONE_TP4,zone,4,test
2026-02-02,24,98.60399999999208,4.10849999999967,ZONE_TP4,zone,4,test
2026-02-03,24,65.3309999999965,2.722124999999854,ZONE_TP4,zone,4,test
2026-02-04,20,7.319999999990614,0.3659999999995307,ZONE_TP4,zone,4,test
2026-02-05,26,26.000999999995656,1.0000384615382945,ZONE_TP4,zone,4,test
2026-02-06,23,48.124999999989086,2.0923913043473514,ZONE_TP4,zone,4,test
2026-02-09,20,2.831300624762966,0.1415650312381483,ZONE_TP4,zone,4,test
2026-02-10,9,0.25299999999697315,0.028111111110774793,ZONE_TP4,zone,4,test
2026-02-11,16,-12.774000000008527,-0.798375000000533,ZONE_TP4,zone,4,test
2026-02-12,11,32.614999999993415,2.9649999999994012,ZONE_TP4,zone,4,test
2026-02-13,20,13.184999999994034,0.6592499999997017,ZONE_TP4,zone,4,test
2026-02-16,6,-1.336000000002059,-0.22266666666700985,ZONE_TP4,zone,4,test
2026-02-17,19,9.418999999991684,0.49573684210482544,ZONE_TP4,zone,4,test
2026-02-18,11,17.01699999999255,1.5469999999993227,ZONE_TP4,zone,4,test
2026-02-19,16,12.53099999999904,0.78318749999994,ZONE_TP4,zone,4,test
2026-02-20,16,41.44899999999416,2.590562499999635,ZONE_TP4,zone,4,test
2026-02-23,14,24.9809999999934,1.7843571428566716,ZONE_TP4,zone,4,test
2026-02-24,14,-12.74300000000585,-0.9102142857147035,ZONE_TP4,zone,4,test
2026-02-25,11,6.723999999995613,0.6112727272723284,ZONE_TP4,zone,4,test
2026-02-26,11,16.21499999999469,1.4740909090904262,ZONE_TP4,zone,4,test
2026-02-27,14,9.364999999996144,0.668928571428296,ZONE_TP4,zone,4,test
2026-03-02,10,-11.054000000003725,-1.1054000000003725,ZONE_TP4,zone,4,test
2026-03-03,28,-19.555000000009386,-0.6983928571431923,ZONE_TP4,zone,4,test
2026-03-04,11,-5.587000000005901,-0.5079090909096273,ZONE_TP4,zone,4,test
2026-03-05,18,9.617999999993117,0.534333333332951,ZONE_TP4,zone,4,test
2026-03-06,15,1.7869999999938955,0.11913333333292636,ZONE_TP4,zone,4,test
2026-03-09,15,34.91599999999562,2.3277333333330414,ZONE_TP4,zone,4,test
2026-03-10,22,8.413800995020514,0.3824454997736597,ZONE_TP4,zone,4,test
2026-03-11,12,3.3249999999952706,0.2770833333329392,ZONE_TP4,zone,4,test
2026-03-12,25,6.11299999998937,0.2445199999995748,ZONE_TP4,zone,4,test
2026-03-13,13,5.552999999990789,0.42715384615313756,ZONE_TP4,zone,4,test
2026-03-16,8,6.9229999999961365,0.8653749999995171,ZONE_TP4,zone,4,test
2026-03-17,8,7.017000000001644,0.8771250000002055,ZONE_TP4,zone,4,test
2026-03-18,19,-1.3830000000061768,-0.07278947368453563,ZONE_TP4,zone,4,test
2026-03-19,25,53.8312248061981,2.153248992247924,ZONE_TP4,zone,4,test
2026-03-20,18,10.054999999995744,0.5586111111108747,ZONE_TP4,zone,4,test
2026-03-23,21,44.361999999993714,2.112476190475891,ZONE_TP4,zone,4,test
2026-03-24,17,0.341999999995096,0.020117647058535058,ZONE_TP4,zone,4,test
2026-03-25,11,25.245999999991,2.295090909090091,ZONE_TP4,zone,4,test
2026-03-26,19,-11.435000000005857,-0.6018421052634662,ZONE_TP4,zone,4,test
2026-03-27,17,11.543999999996231,0.6790588235291901,ZONE_TP4,zone,4,test
2026-03-30,20,30.382999999989806,1.5191499999994904,ZONE_TP4,zone,4,test
2026-03-31,26,8.625999999991109,0.3317692307688888,ZONE_TP4,zone,4,test
2026-04-01,18,20.593999999990046,1.1441111111105582,ZONE_TP4,zone,4,test
2026-04-02,15,17.487999999995736,1.1658666666663824,ZONE_TP4,zone,4,test
2026-04-06,9,0.04199999999764226,0.004666666666404695,ZONE_TP4,zone,4,test
2026-04-07,16,21.39799999999468,1.3373749999996676,ZONE_TP4,zone,4,test
2026-04-08,19,-9.076000000010936,-0.47768421052689136,ZONE_TP4,zone,4,test
2026-04-09,21,25.096999999995205,1.1950952380950097,ZONE_TP4,zone,4,test
2026-04-10,8,2.707999999999629,0.3384999999999536,ZONE_TP4,zone,4,test
2026-04-13,9,3.469999999999345,0.3855555555554828,ZONE_TP4,zone,4,test
2026-04-14,13,-3.786000000003696,-0.29123076923105357,ZONE_TP4,zone,4,test
2026-04-15,9,3.655999999996311,0.40622222222181237,ZONE_TP4,zone,4,test
2026-04-16,13,6.042999999994208,0.4648461538457083,ZONE_TP4,zone,4,test
2026-04-17,14,6.347999999995409,0.4534285714282435,ZONE_TP4,zone,4,test
2026-04-20,19,20.20299999999679,1.0633157894735152,ZONE_TP4,zone,4,test
2026-04-21,20,-3.5700000000124414,-0.17850000000062208,ZONE_TP4,zone,4,test
2026-04-22,14,1.7999999999974534,0.12857142857124668,ZONE_TP4,zone,4,test
2026-04-23,7,11.366999999992913,1.6238571428561304,ZONE_TP4,zone,4,test
2026-04-24,9,4.210000000000036,0.46777777777778184,ZONE_TP4,zone,4,test
2026-04-27,15,2.9869999999991705,0.19913333333327804,ZONE_TP4,zone,4,test
2026-04-28,20,7.439999999991414,0.37199999999957073,ZONE_TP4,zone,4,test
2026-04-29,12,9.903999999998632,0.8253333333332193,ZONE_TP4,zone,4,test
2026-04-30,14,4.211999999994077,0.30085714285671983,ZONE_TP4,zone,4,test
2026-05-01,14,-5.467000000009648,-0.39050000000068913,ZONE_TP4,zone,4,test
2026-05-04,23,-3.8360000000111536,-0.16678260869613712,ZONE_TP4,zone,4,test
2026-05-05,7,-2.8340000000034706,-0.4048571428576387,ZONE_TP4,zone,4,test
2026-05-06,19,15.90999999999349,0.8373684210522889,ZONE_TP4,zone,4,test
2026-05-07,16,18.59099999999853,1.1619374999999081,ZONE_TP4,zone,4,test
2026-05-08,11,-3.874666666671753,-0.3522424242428866,ZONE_TP4,zone,4,test
2026-05-11,17,9.06800000000294,0.5334117647060552,ZONE_TP4,zone,4,test
2026-05-12,22,9.70674829931886,0.44121583178722096,ZONE_TP4,zone,4,test
2026-05-13,7,10.75,1.5357142857142858,ZONE_TP4,zone,4,test
2026-05-14,7,-4.324000000004162,-0.6177142857148803,ZONE_TP4,zone,4,test
2026-05-15,11,-1.1670000000049188,-0.10609090909135625,ZONE_TP4,zone,4,test
2026-05-18,9,-7.890000000002146,-0.8766666666669052,ZONE_TP4,zone,4,test
2026-05-19,18,3.2599999999911238,0.18111111111061798,ZONE_TP4,zone,4,test
2026-05-20,19,8.925999999998567,0.4697894736841351,ZONE_TP4,zone,4,test
2026-05-21,12,13.259000000000924,1.1049166666667436,ZONE_TP4,zone,4,test
2026-05-22,8,4.289999999999054,0.5362499999998818,ZONE_TP4,zone,4,test
2026-05-25,4,-2.5330000000021755,-0.6332500000005439,ZONE_TP4,zone,4,test
2026-05-26,9,4.279999999995198,0.475555555555022,ZONE_TP4,zone,4,test
2026-05-27,6,2.980000000000473,0.49666666666674547,ZONE_TP4,zone,4,test
2026-05-28,25,9.005999999994856,0.3602399999997942,ZONE_TP4,zone,4,test
2026-05-29,16,19.039999999999964,1.1899999999999977,ZONE_TP4,zone,4,test
2026-06-01,13,-6.582000000005792,-0.5063076923081378,ZONE_TP4,zone,4,test
2026-06-02,13,11.097999999989952,0.8536923076915348,ZONE_TP4,zone,4,test
2026-06-03,15,-11.407000000007429,-0.7604666666671619,ZONE_TP4,zone,4,test
2026-06-04,8,3.479999999995016,0.434999999999377,ZONE_TP4,zone,4,test
2026-06-05,9,4.099999999995816,0.4555555555550907,ZONE_TP4,zone,4,test
2026-06-08,10,8.9079999999949,0.89079999999949,ZONE_TP4,zone,4,test
2026-06-09,17,-3.0870000000049913,-0.18158823529441126,ZONE_TP4,zone,4,test
2026-06-10,27,-1.3870000000106302,-0.05137037037076408,ZONE_TP4,zone,4,test
2026-06-11,14,23.423000000000684,1.6730714285714774,ZONE_TP4,zone,4,test
2026-06-12,5,-0.4120000000020809,-0.08240000000041618,ZONE_TP4,zone,4,test
2026-06-15,14,2.806999999994332,0.20049999999959514,ZONE_TP4,zone,4,test
2026-06-16,11,0.008999999995467078,0.0008181818177697344,ZONE_TP4,zone,4,test
2026-06-17,15,34.94999999999436,2.329999999999624,ZONE_TP4,zone,4,test
2026-06-18,14,13.329999999990832,0.9521428571422023,ZONE_TP4,zone,4,test
2026-06-19,12,8.429999999997563,0.7024999999997968,ZONE_TP4,zone,4,test
2026-06-22,10,4.759999999999309,0.47599999999993087,ZONE_TP4,zone,4,test
2026-06-23,14,9.101999999998498,0.6501428571427498,ZONE_TP4,zone,4,test
2026-06-24,17,5.8719999999980255,0.3454117647057662,ZONE_TP4,zone,4,test
2026-06-25,4,7.479999999999109,1.8699999999997772,ZONE_TP4,zone,4,test
2026-06-26,18,-5.317000000000007,-0.2953888888888893,ZONE_TP4,zone,4,test
2026-06-29,15,21.441000000003896,1.4294000000002598,ZONE_TP4,zone,4,test
2026-06-30,11,-2.992999999999938,-0.27209090909090344,ZONE_TP4,zone,4,test
2026-07-01,20,-0.4500000000016375,-0.022500000000081875,ZONE_TP4,zone,4,test
2026-07-02,6,-5.9099999999998545,-0.9849999999999758,ZONE_TP4,zone,4,test
2026-07-03,6,0.22999999999683501,0.038333333332805836,ZONE_TP4,zone,4,test
2026-07-06,5,-0.6800000000039288,-0.13600000000078577,ZONE_TP4,zone,4,test
2026-07-07,8,-5.4100000000016735,-0.6762500000002092,ZONE_TP4,zone,4,test
2026-07-08,15,4.7799999999992915,0.3186666666666194,ZONE_TP4,zone,4,test
2026-07-09,7,-2.7100000000018554,-0.3871428571431222,ZONE_TP4,zone,4,test
2026-07-10,5,0.26999999999861757,0.05399999999972351,ZONE_TP4,zone,4,test
2026-07-13,21,17.719999999999345,0.8438095238094926,ZONE_TP4,zone,4,test
2026-07-14,16,11.339999999996508,0.7087499999997817,ZONE_TP4,zone,4,test
2026-07-15,8,5.659999999998945,0.7074999999998681,ZONE_TP4,zone,4,test
2026-01-02,18,-11.193000000011125,-0.6218333333339514,ZONE_TP5,zone,5,test
2026-01-05,13,12.481999999999061,0.960153846153774,ZONE_TP5,zone,5,test
2026-01-06,17,-6.29000000000633,-0.37000000000037236,ZONE_TP5,zone,5,test
2026-01-07,8,3.036999999996625,0.3796249999995781,ZONE_TP5,zone,5,test
2026-01-08,13,7.416999999992187,0.5705384615378606,ZONE_TP5,zone,5,test
2026-01-09,16,24.194000000000415,1.512125000000026,ZONE_TP5,zone,5,test
2026-01-12,13,3.05000000000473,0.23461538461574843,ZONE_TP5,zone,5,test
2026-01-13,10,3.609999999998763,0.3609999999998763,ZONE_TP5,zone,5,test
2026-01-14,11,1.515999999996893,0.13781818181789937,ZONE_TP5,zone,5,test
2026-01-15,7,-0.24400000000241567,-0.034857142857487956,ZONE_TP5,zone,5,test
2026-01-16,9,-7.4430000000047585,-0.8270000000005288,ZONE_TP5,zone,5,test
2026-01-19,3,-2.3000000000010914,-0.7666666666670304,ZONE_TP5,zone,5,test
2026-01-20,16,11.341999999992368,0.708874999999523,ZONE_TP5,zone,5,test
2026-01-21,10,-4.986000000007152,-0.49860000000071525,ZONE_TP5,zone,5,test
2026-01-22,24,10.045999999988453,0.4185833333328522,ZONE_TP5,zone,5,test
2026-01-23,17,33.79000000000542,1.9876470588238482,ZONE_TP5,zone,5,test
2026-01-26,10,10.544999999995525,1.0544999999995526,ZONE_TP5,zone,5,test
2026-01-27,15,17.403999999997723,1.160266666666515,ZONE_TP5,zone,5,test
2026-01-28,31,95.92550954478732,3.0943712756383004,ZONE_TP5,zone,5,test
2026-01-29,22,102.10699999999997,4.641227272727272,ZONE_TP5,zone,5,test
2026-01-30,29,64.21999999999207,2.214482758620416,ZONE_TP5,zone,5,test
2026-02-02,24,132.3739999999916,5.515583333332984,ZONE_TP5,zone,5,test
2026-02-03,24,70.80799999999363,2.950333333333068,ZONE_TP5,zone,5,test
2026-02-04,20,13.229999999990468,0.6614999999995235,ZONE_TP5,zone,5,test
2026-02-05,26,33.37099999999555,1.2834999999998287,ZONE_TP5,zone,5,test
2026-02-06,23,64.84799999998813,2.819478260869049,ZONE_TP5,zone,5,test
2026-02-09,20,2.0613006247598,0.10306503123799,ZONE_TP5,zone,5,test
2026-02-10,9,-7.447000000002845,-0.8274444444447605,ZONE_TP5,zone,5,test
2026-02-11,16,-11.894000000009328,-0.743375000000583,ZONE_TP5,zone,5,test
2026-02-12,11,38.7979999999925,3.527090909090227,ZONE_TP5,zone,5,test
2026-02-13,20,19.021999999993568,0.9510999999996784,ZONE_TP5,zone,5,test
2026-02-16,6,-0.636000000002241,-0.1060000000003735,ZONE_TP5,zone,5,test
2026-02-17,19,15.14199999999073,0.7969473684205648,ZONE_TP5,zone,5,test
2026-02-18,11,21.656999999991058,1.968818181817369,ZONE_TP5,zone,5,test
2026-02-19,16,17.94800000000032,1.12175000000002,ZONE_TP5,zone,5,test
2026-02-20,16,53.2859999999937,3.330374999999606,ZONE_TP5,zone,5,test
2026-02-23,14,33.4179999999933,2.3869999999995213,ZONE_TP5,zone,5,test
2026-02-24,14,-12.74300000000585,-0.9102142857147035,ZONE_TP5,zone,5,test
2026-02-25,11,9.293999999995322,0.8449090909086656,ZONE_TP5,zone,5,test
2026-02-26,11,20.551999999994223,1.868363636363111,ZONE_TP5,zone,5,test
2026-02-27,14,13.19499999999607,0.9424999999997192,ZONE_TP5,zone,5,test
2026-03-02,10,-9.51100000000406,-0.951100000000406,ZONE_TP5,zone,5,test
2026-03-03,28,-20.922000000006847,-0.7472142857145302,ZONE_TP5,zone,5,test
2026-03-04,11,-5.587000000005901,-0.5079090909096273,ZONE_TP5,zone,5,test
2026-03-05,18,14.044999999992797,0.7802777777773776,ZONE_TP5,zone,5,test
2026-03-06,15,-0.3530000000055221,-0.023533333333701476,ZONE_TP5,zone,5,test
2026-03-09,15,46.29599999999573,3.086399999999715,ZONE_TP5,zone,5,test
2026-03-10,22,11.693800995021169,0.5315364088645986,ZONE_TP5,zone,5,test
2026-03-11,12,3.3799999999973807,0.2816666666664484,ZONE_TP5,zone,5,test
2026-03-12,25,11.49299999998857,0.45971999999954277,ZONE_TP5,zone,5,test
2026-03-13,13,8.372999999989588,0.6440769230761222,ZONE_TP5,zone,5,test
2026-03-16,8,10.182999999996355,1.2728749999995443,ZONE_TP5,zone,5,test
2026-03-17,8,9.043000000002394,1.1303750000002992,ZONE_TP5,zone,5,test
2026-03-18,19,1.2669999999934594,0.06668421052597155,ZONE_TP5,zone,5,test
2026-03-19,25,69.56422480619828,2.7825689922479313,ZONE_TP5,zone,5,test
2026-03-20,18,15.761999999996078,0.8756666666664488,ZONE_TP5,zone,5,test
2026-03-23,21,57.78999999999451,2.7519047619045005,ZONE_TP5,zone,5,test
2026-03-24,17,3.1089999999949227,0.18288235294087782,ZONE_TP5,zone,5,test
2026-03-25,11,32.42899999998917,2.9480909090899248,ZONE_TP5,zone,5,test
2026-03-26,19,-8.998000000005959,-0.4735789473687347,ZONE_TP5,zone,5,test
2026-03-27,17,17.88999999999669,1.0523529411762758,ZONE_TP5,zone,5,test
2026-03-30,20,25.28199999998833,1.2640999999994165,ZONE_TP5,zone,5,test
2026-03-31,26,15.092999999991664,0.5804999999996794,ZONE_TP5,zone,5,test
2026-04-01,18,28.26399999998921,1.5702222222216227,ZONE_TP5,zone,5,test
2026-04-02,15,24.614999999996144,1.6409999999997429,ZONE_TP5,zone,5,test
2026-04-06,9,-5.455000000000837,-0.6061111111112041,ZONE_TP5,zone,5,test
2026-04-07,16,28.724999999994907,1.7953124999996817,ZONE_TP5,zone,5,test
2026-04-08,19,-7.273000000011962,-0.38278947368484006,ZONE_TP5,zone,5,test
2026-04-09,21,32.74399999999514,1.5592380952378637,ZONE_TP5,zone,5,test
2026-04-10,8,4.164999999999964,0.5206249999999955,ZONE_TP5,zone,5,test
2026-04-13,9,2.839999999995598,0.3155555555550664,ZONE_TP5,zone,5,test
2026-04-14,13,-3.0160000000032596,-0.23200000000025073,ZONE_TP5,zone,5,test
2026-04-15,9,5.908999999996013,0.6565555555551126,ZONE_TP5,zone,5,test
2026-04-16,13,8.655999999993583,0.6658461538456601,ZONE_TP5,zone,5,test
2026-04-17,14,9.500999999995658,0.678642857142547,ZONE_TP5,zone,5,test
2026-04-20,19,26.78299999999672,1.4096315789471958,ZONE_TP5,zone,5,test
2026-04-21,20,-1.2100000000136786,-0.06050000000068393,ZONE_TP5,zone,5,test
2026-04-22,14,3.999999999997272,0.28571428571409085,ZONE_TP5,zone,5,test
2026-04-23,7,15.356999999991785,2.1938571428559692,ZONE_TP5,zone,5,test
2026-04-24,9,6.5000000000009095,0.7222222222223232,ZONE_TP5,zone,5,test
2026-04-27,15,0.6869999999980791,0.04579999999987194,ZONE_TP5,zone,5,test
2026-04-28,20,11.859999999990578,0.5929999999995289,ZONE_TP5,zone,5,test
2026-04-29,12,9.743999999998778,0.8119999999998981,ZONE_TP5,zone,5,test
2026-04-30,14,6.3749999999936335,0.4553571428566881,ZONE_TP5,zone,5,test
2026-05-01,14,-6.980000000008658,-0.498571428572047,ZONE_TP5,zone,5,test
2026-05-04,23,-1.1750000000120058,-0.05108695652226112,ZONE_TP5,zone,5,test
2026-05-05,7,-2.8340000000034706,-0.4048571428576387,ZONE_TP5,zone,5,test
2026-05-06,19,19.909999999996217,1.047894736841906,ZONE_TP5,zone,5,test
2026-05-07,16,25.43699999999899,1.5898124999999368,ZONE_TP5,zone,5,test
2026-05-08,11,-3.314666666672262,-0.301333333333842,ZONE_TP5,zone,5,test
2026-05-11,17,13.165000000004511,0.7744117647061477,ZONE_TP5,zone,5,test
2026-05-12,22,14.402748299319683,0.6546703772418038,ZONE_TP5,zone,5,test
2026-05-13,7,2.6599999999980355,0.37999999999971934,ZONE_TP5,zone,5,test
2026-05-14,7,-4.324000000004162,-0.6177142857148803,ZONE_TP5,zone,5,test
2026-05-15,11,0.32299999999486323,0.029363636363169385,ZONE_TP5,zone,5,test
2026-05-18,9,-7.890000000002146,-0.8766666666669052,ZONE_TP5,zone,5,test
2026-05-19,18,6.709999999990941,0.3727777777772745,ZONE_TP5,zone,5,test
2026-05-20,19,12.518999999999323,0.6588947368420697,ZONE_TP5,zone,5,test
2026-05-21,12,17.402000000001863,1.4501666666668218,ZONE_TP5,zone,5,test
2026-05-22,8,6.029999999999745,0.7537499999999682,ZONE_TP5,zone,5,test
2026-05-25,4,-2.5330000000021755,-0.6332500000005439,ZONE_TP5,zone,5,test
2026-05-26,9,6.479999999995016,0.7199999999994462,ZONE_TP5,zone,5,test
2026-05-27,6,4.330000000000838,0.7216666666668062,ZONE_TP5,zone,5,test
2026-05-28,25,13.69999999999527,0.5479999999998109,ZONE_TP5,zone,5,test
2026-05-29,16,25.090000000001055,1.568125000000066,ZONE_TP5,zone,5,test
2026-06-01,13,-6.245000000005348,-0.48038461538502675,ZONE_TP5,zone,5,test
2026-06-02,13,8.864999999988868,0.6819230769222207,ZONE_TP5,zone,5,test
2026-06-03,15,-11.047000000007756,-0.7364666666671837,ZONE_TP5,zone,5,test
2026-06-04,8,5.1599999999943975,0.6449999999992997,ZONE_TP5,zone,5,test
2026-06-05,9,6.0699999999951615,0.6744444444439068,ZONE_TP5,zone,5,test
2026-06-08,10,12.054999999994834,1.2054999999994833,ZONE_TP5,zone,5,test
2026-06-09,17,-1.4070000000047003,-0.08276470588262942,ZONE_TP5,zone,5,test
2026-06-10,27,3.1629999999877336,0.11714814814769384,ZONE_TP5,zone,5,test
2026-06-11,14,31.96600000000126,2.283285714285804,ZONE_TP5,zone,5,test
2026-06-12,5,-0.06500000000232808,-0.013000000000465617,ZONE_TP5,zone,5,test
2026-06-15,14,2.3369999999958964,0.1669285714282783,ZONE_TP5,zone,5,test
2026-06-16,11,1.1019999999953143,0.10018181818139221,ZONE_TP5,zone,5,test
2026-06-17,15,41.4799999999932,2.76533333333288,ZONE_TP5,zone,5,test
2026-06-18,14,18.079999999989923,1.2914285714278517,ZONE_TP5,zone,5,test
2026-06-19,12,12.12999999999738,1.010833333333115,ZONE_TP5,zone,5,test
2026-06-22,10,2.929999999998472,0.2929999999998472,ZONE_TP5,zone,5,test
2026-06-23,14,12.954999999997655,0.9253571428569753,ZONE_TP5,zone,5,test
2026-06-24,17,8.246999999998932,0.4851176470587607,ZONE_TP5,zone,5,test
2026-06-25,4,9.449999999998909,2.362499999999727,ZONE_TP5,zone,5,test
2026-06-26,18,-3.8070000000002437,-0.21150000000001354,ZONE_TP5,zone,5,test
2026-06-29,15,22.991000000005442,1.532733333333696,ZONE_TP5,zone,5,test
2026-06-30,11,-6.372999999999138,-0.579363636363558,ZONE_TP5,zone,5,test
2026-07-01,20,-3.130000000002383,-0.15650000000011915,ZONE_TP5,zone,5,test
2026-07-02,6,-5.9099999999998545,-0.9849999999999758,ZONE_TP5,zone,5,test
2026-07-03,6,0.8899999999966894,0.14833333333278156,ZONE_TP5,zone,5,test
2026-07-06,5,-0.2800000000042928,-0.056000000000858564,ZONE_TP5,zone,5,test
2026-07-07,8,-4.780000000001565,-0.5975000000001957,ZONE_TP5,zone,5,test
2026-07-08,15,7.849999999999454,0.5233333333332969,ZONE_TP5,zone,5,test
2026-07-09,7,-2.7100000000018554,-0.3871428571431222,ZONE_TP5,zone,5,test
2026-07-10,5,0.8999999999987263,0.17999999999974525,ZONE_TP5,zone,5,test
2026-07-13,21,24.089999999999236,1.1471428571428208,ZONE_TP5,zone,5,test
2026-07-14,16,15.629999999995562,0.9768749999997226,ZONE_TP5,zone,5,test
2026-07-15,8,7.40999999999849,0.9262499999998113,ZONE_TP5,zone,5,test
2026-01-02,18,-11.193000000011125,-0.6218333333339514,ZONE_TP6,zone,6,test
2026-01-05,13,16.074999999999818,1.2365384615384476,ZONE_TP6,zone,6,test
2026-01-06,17,-5.6470000000072105,-0.33217647058865946,ZONE_TP6,zone,6,test
2026-01-07,8,4.456999999996697,0.5571249999995871,ZONE_TP6,zone,6,test
2026-01-08,13,10.596999999991567,0.8151538461531975,ZONE_TP6,zone,6,test
2026-01-09,16,14.172000000001388,0.8857500000000867,ZONE_TP6,zone,6,test
2026-01-12,13,5.170000000006439,0.397692307692803,ZONE_TP6,zone,6,test
2026-01-13,10,5.209999999999127,0.5209999999999126,ZONE_TP6,zone,6,test
2026-01-14,11,3.15599999999722,0.2869090909088382,ZONE_TP6,zone,6,test
2026-01-15,7,0.6289999999971776,0.08985714285673965,ZONE_TP6,zone,6,test
2026-01-16,9,-7.4430000000047585,-0.8270000000005288,ZONE_TP6,zone,6,test
2026-01-19,3,-2.3000000000010914,-0.7666666666670304,ZONE_TP6,zone,6,test
2026-01-20,16,5.14499999999407,0.3215624999996294,ZONE_TP6,zone,6,test
2026-01-21,10,-4.046000000007552,-0.40460000000075524,ZONE_TP6,zone,6,test
2026-01-22,24,15.185999999987873,0.6327499999994947,ZONE_TP6,zone,6,test
2026-01-23,17,31.320000000003347,1.8423529411766675,ZONE_TP6,zone,6,test
2026-01-26,10,13.507999999995263,1.3507999999995264,ZONE_TP6,zone,6,test
2026-01-27,15,21.823999999997795,1.4549333333331864,ZONE_TP6,zone,6,test
2026-01-28,31,119.61950954478957,3.8586938562835345,ZONE_TP6,zone,6,test
2026-01-29,22,126.4300000000012,5.746818181818236,ZONE_TP6,zone,6,test
2026-01-30,29,61.15999999998985,2.108965517241029,ZONE_TP6,zone,6,test
2026-02-02,24,166.14399999999114,6.922666666666298,ZONE_TP6,zone,6,test
2026-02-03,24,75.7499999999909,3.156249999999621,ZONE_TP6,zone,6,test
2026-02-04,20,16.009999999992033,0.8004999999996016,ZONE_TP6,zone,6,test
2026-02-05,26,43.500999999996566,1.6731153846152524,ZONE_TP6,zone,6,test
2026-02-06,23,77.11699999998746,3.3529130434777157,ZONE_TP6,zone,6,test
2026-02-09,20,4.37130062475929,0.2185650312379645,ZONE_TP6,zone,6,test
2026-02-10,9,-7.447000000002845,-0.8274444444447605,ZONE_TP6,zone,6,test
2026-02-11,16,-11.014000000010128,-0.688375000000633,ZONE_TP6,zone,6,test
2026-02-12,11,44.98099999999158,4.089181818181053,ZONE_TP6,zone,6,test
2026-02-13,20,24.858999999993102,1.2429499999996552,ZONE_TP6,zone,6,test
2026-02-16,6,0.0639999999975771,0.01066666666626285,ZONE_TP6,zone,6,test
2026-02-17,19,13.864999999992506,0.7297368421048688,ZONE_TP6,zone,6,test
2026-02-18,11,26.296999999989566,2.3906363636354153,ZONE_TP6,zone,6,test
2026-02-19,16,23.3650000000016,1.4603125000001,ZONE_TP6,zone,6,test
2026-02-20,16,65.12299999999323,4.070187499999577,ZONE_TP6,zone,6,test
2026-02-23,14,41.8549999999932,2.989642857142371,ZONE_TP6,zone,6,test
2026-02-24,14,-12.74300000000585,-0.9102142857147035,ZONE_TP6,zone,6,test
2026-02-25,11,9.693999999994048,0.8812727272721862,ZONE_TP6,zone,6,test
2026-02-26,11,24.888999999993757,2.2626363636357962,ZONE_TP6,zone,6,test
2026-02-27,14,17.024999999995998,1.2160714285711427,ZONE_TP6,zone,6,test
2026-03-02,10,-19.119000000002416,-1.9119000000002415,ZONE_TP6,zone,6,test
2026-03-03,28,-28.089000000007218,-1.0031785714288293,ZONE_TP6,zone,6,test
2026-03-04,11,-5.587000000005901,-0.5079090909096273,ZONE_TP6,zone,6,test
2026-03-05,18,18.471999999992477,1.0262222222218043,ZONE_TP6,zone,6,test
2026-03-06,15,1.1669999999940046,0.07779999999960031,ZONE_TP6,zone,6,test
2026-03-09,15,42.41599999999562,2.8277333333330414,ZONE_TP6,zone,6,test
2026-03-10,22,14.973800995021824,0.6806273179555374,ZONE_TP6,zone,6,test
2026-03-11,12,2.8000000000010914,0.2333333333334243,ZONE_TP6,zone,6,test
2026-03-12,25,16.872999999987766,0.6749199999995106,ZONE_TP6,zone,6,test
2026-03-13,13,8.222999999987223,0.6325384615374787,ZONE_TP6,zone,6,test
2026-03-16,8,13.442999999996571,1.6803749999995714,ZONE_TP6,zone,6,test
2026-03-17,8,11.069000000003143,1.383625000000393,ZONE_TP6,zone,6,test
2026-03-18,19,3.916999999993095,0.2061578947364787,ZONE_TP6,zone,6,test
2026-03-19,25,70.6902248062003,2.8276089922480123,ZONE_TP6,zone,6,test
2026-03-20,18,15.968999999994594,0.8871666666663663,ZONE_TP6,zone,6,test
2026-03-23,21,77.26999999999498,3.6795238095235705,ZONE_TP6,zone,6,test
2026-03-24,17,5.875999999994747,0.3456470588232204,ZONE_TP6,zone,6,test
2026-03-25,11,39.61199999998735,3.6010909090897587,ZONE_TP6,zone,6,test
2026-03-26,19,-6.561000000006061,-0.3453157894740032,ZONE_TP6,zone,6,test
2026-03-27,17,24.235999999997148,1.4256470588233616,ZONE_TP6,zone,6,test
2026-03-30,20,30.712999999989734,1.5356499999994866,ZONE_TP6,zone,6,test
2026-03-31,26,11.389999999994872,0.43807692307672585,ZONE_TP6,zone,6,test
2026-04-01,18,31.713999999989937,1.76188888888833,ZONE_TP6,zone,6,test
2026-04-02,15,31.74199999999655,2.1161333333331034,ZONE_TP6,zone,6,test
2026-04-06,9,-4.692000000000917,-0.5213333333334352,ZONE_TP6,zone,6,test
2026-04-07,16,32.74999999999727,2.0468749999998295,ZONE_TP6,zone,6,test
2026-04-08,19,-9.228000000013708,-0.48568421052703725,ZONE_TP6,zone,6,test
2026-04-09,21,21.63099999998849,1.0300476190470709,ZONE_TP6,zone,6,test
2026-04-10,8,5.622000000000298,0.7027500000000373,ZONE_TP6,zone,6,test
2026-04-13,9,4.469999999995707,0.4966666666661897,ZONE_TP6,zone,6,test
2026-04-14,13,-2.246000000002823,-0.17276923076944792,ZONE_TP6,zone,6,test
2026-04-15,9,8.161999999995714,0.9068888888884127,ZONE_TP6,zone,6,test
2026-04-16,13,8.728999999992993,0.6714615384609994,ZONE_TP6,zone,6,test
2026-04-17,14,12.653999999995904,0.9038571428568503,ZONE_TP6,zone,6,test
2026-04-20,19,33.362999999996646,1.7559473684208762,ZONE_TP6,zone,6,test
2026-04-21,20,-0.970000000012988,-0.0485000000006494,ZONE_TP6,zone,6,test
2026-04-22,14,6.19999999999709,0.44285714285693495,ZONE_TP6,zone,6,test
2026-04-23,7,19.346999999990658,2.7638571428558083,ZONE_TP6,zone,6,test
2026-04-24,9,0.23999999999796262,0.02666666666644029,ZONE_TP6,zone,6,test
2026-04-27,15,1.5869999999986248,0.10579999999990833,ZONE_TP6,zone,6,test
2026-04-28,20,16.27999999998974,0.813999999999487,ZONE_TP6,zone,6,test
2026-04-29,12,5.494000000000597,0.45783333333338305,ZONE_TP6,zone,6,test
2026-04-30,14,8.53799999999319,0.6098571428566564,ZONE_TP6,zone,6,test
2026-05-01,14,-6.980000000008658,-0.498571428572047,ZONE_TP6,zone,6,test
2026-05-04,23,1.4859999999871434,0.06460869565161494,ZONE_TP6,zone,6,test
2026-05-05,7,-2.8340000000034706,-0.4048571428576387,ZONE_TP6,zone,6,test
2026-05-06,19,25.87999999999647,1.362105263157709,ZONE_TP6,zone,6,test
2026-05-07,16,32.28299999999945,2.0176874999999654,ZONE_TP6,zone,6,test
2026-05-08,11,-2.7546666666727715,-0.2504242424247974,ZONE_TP6,zone,6,test
2026-05-11,17,14.832000000006701,0.8724705882356883,ZONE_TP6,zone,6,test
2026-05-12,22,19.098748299320505,0.8681249226963866,ZONE_TP6,zone,6,test
2026-05-13,7,4.169999999998254,0.5957142857140363,ZONE_TP6,zone,6,test
2026-05-14,7,-4.324000000004162,-0.6177142857148803,ZONE_TP6,zone,6,test
2026-05-15,11,1.8129999999946447,0.16481818181769498,ZONE_TP6,zone,6,test
2026-05-18,9,-7.890000000002146,-0.8766666666669052,ZONE_TP6,zone,6,test
2026-05-19,18,10.159999999990761,0.5644444444439312,ZONE_TP6,zone,6,test
2026-05-20,19,6.7219999999961155,0.3537894736840061,ZONE_TP6,zone,6,test
2026-05-21,12,21.5450000000028,1.7954166666669,ZONE_TP6,zone,6,test
2026-05-22,8,7.7700000000004374,0.9712500000000547,ZONE_TP6,zone,6,test
2026-05-25,4,-2.5330000000021755,-0.6332500000005439,ZONE_TP6,zone,6,test
2026-05-26,9,8.679999999994836,0.9644444444438707,ZONE_TP6,zone,6,test
2026-05-27,6,5.6800000000012005,0.9466666666668667,ZONE_TP6,zone,6,test
2026-05-28,25,18.393999999995685,0.7357599999998274,ZONE_TP6,zone,6,test
2026-05-29,16,31.140000000002146,1.9462500000001342,ZONE_TP6,zone,6,test
2026-06-01,13,-5.908000000004904,-0.45446153846191567,ZONE_TP6,zone,6,test
2026-06-02,13,4.871999999993022,0.374769230768694,ZONE_TP6,zone,6,test
2026-06-03,15,-10.687000000008084,-0.7124666666672056,ZONE_TP6,zone,6,test
2026-06-04,8,6.839999999993779,0.8549999999992224,ZONE_TP6,zone,6,test
2026-06-05,9,8.039999999994507,0.8933333333327229,ZONE_TP6,zone,6,test
2026-06-08,10,15.201999999994769,1.5201999999994769,ZONE_TP6,zone,6,test
2026-06-09,17,0.2729999999955907,0.016058823529152395,ZONE_TP6,zone,6,test
2026-06-10,27,7.712999999986096,0.2856666666661517,ZONE_TP6,zone,6,test
2026-06-11,14,40.50900000000183,2.893500000000131,ZONE_TP6,zone,6,test
2026-06-12,5,0.2819999999974243,0.05639999999948486,ZONE_TP6,zone,6,test
2026-06-15,14,3.976999999996224,0.28407142857115886,ZONE_TP6,zone,6,test
2026-06-16,11,2.1949999999951615,0.19954545454501468,ZONE_TP6,zone,6,test
2026-06-17,15,13.239999999995234,0.882666666666349,ZONE_TP6,zone,6,test
2026-06-18,14,22.829999999989013,1.6307142857135009,ZONE_TP6,zone,6,test
2026-06-19,12,15.8299999999972,1.3191666666664335,ZONE_TP6,zone,6,test
2026-06-22,10,4.029999999998837,0.4029999999998837,ZONE_TP6,zone,6,test
2026-06-23,14,16.80799999999863,1.2005714285713307,ZONE_TP6,zone,6,test
2026-06-24,17,12.596999999998843,0.7409999999999319,ZONE_TP6,zone,6,test
2026-06-25,4,11.419999999998709,2.854999999999677,ZONE_TP6,zone,6,test
2026-06-26,18,-2.2970000000004793,-0.12761111111113774,ZONE_TP6,zone,6,test
2026-06-29,15,28.95100000000639,1.9300666666670925,ZONE_TP6,zone,6,test
2026-06-30,11,-6.372999999999138,-0.579363636363558,ZONE_TP6,zone,6,test
2026-07-01,20,-1.4800000000027467,-0.07400000000013733,ZONE_TP6,zone,6,test
2026-07-02,6,-5.9099999999998545,-0.9849999999999758,ZONE_TP6,zone,6,test
2026-07-03,6,1.549999999996544,0.2583333333327573,ZONE_TP6,zone,6,test
2026-07-06,5,0.11999999999534339,0.023999999999068676,ZONE_TP6,zone,6,test
2026-07-07,8,-4.150000000001455,-0.5187500000001819,ZONE_TP6,zone,6,test
2026-07-08,15,-2.0400000000008722,-0.13600000000005816,ZONE_TP6,zone,6,test
2026-07-09,7,-2.7100000000018554,-0.3871428571431222,ZONE_TP6,zone,6,test
2026-07-10,5,1.5299999999988358,0.3059999999997672,ZONE_TP6,zone,6,test
2026-07-13,21,30.459999999999127,1.450476190476149,ZONE_TP6,zone,6,test
2026-07-14,16,18.829999999996744,1.1768749999997965,ZONE_TP6,zone,6,test
2026-07-15,8,9.159999999998037,1.1449999999997547,ZONE_TP6,zone,6,test
2026-01-02,18,-11.193000000011125,-0.6218333333339514,ZONE_TP7,zone,7,test
2026-01-05,13,19.668000000000575,1.5129230769231212,ZONE_TP7,zone,7,test
2026-01-06,17,-5.004000000008091,-0.29435294117694655,ZONE_TP7,zone,7,test
2026-01-07,8,5.8769999999967695,0.7346249999995962,ZONE_TP7,zone,7,test
2026-01-08,13,13.776999999990949,1.0597692307685345,ZONE_TP7,zone,7,test
2026-01-09,16,18.12500000000273,1.1328125000001705,ZONE_TP7,zone,7,test
2026-01-12,13,7.290000000008149,0.5607692307698576,ZONE_TP7,zone,7,test
2026-01-13,10,6.809999999999491,0.6809999999999491,ZONE_TP7,zone,7,test
2026-01-14,11,4.795999999997548,0.43599999999977707,ZONE_TP7,zone,7,test
2026-01-15,7,-1.1489999999994325,-0.16414285714277607,ZONE_TP7,zone,7,test
2026-01-16,9,-7.4430000000047585,-0.8270000000005288,ZONE_TP7,zone,7,test
2026-01-19,3,-2.3000000000010914,-0.7666666666670304,ZONE_TP7,zone,7,test
2026-01-20,16,1.457999999991443,0.09112499999946519,ZONE_TP7,zone,7,test
2026-01-21,10,-3.106000000007952,-0.31060000000079524,ZONE_TP7,zone,7,test
2026-01-22,24,20.32599999998729,0.8469166666661371,ZONE_TP7,zone,7,test
2026-01-23,17,37.94000000000506,2.23176470588265,ZONE_TP7,zone,7,test
2026-01-26,10,16.470999999995,1.6470999999995002,ZONE_TP7,zone,7,test
2026-01-27,15,23.823999999997795,1.5882666666665197,ZONE_TP7,zone,7,test
2026-01-28,31,143.3135095447918,4.623016436928768,ZONE_TP7,zone,7,test
2026-01-29,22,150.75300000000243,6.852409090909202,ZONE_TP7,zone,7,test
2026-01-30,29,45.50799999998617,1.5692413793098678,ZONE_TP7,zone,7,test
2026-02-02,24,185.26099999999042,7.719208333332934,ZONE_TP7,zone,7,test
2026-02-03,24,73.83699999999044,3.076541666666268,ZONE_TP7,zone,7,test
2026-02-04,20,12.843999999992775,0.6421999999996387,ZONE_TP7,zone,7,test
2026-02-05,26,53.630999999997584,2.062730769230676,ZONE_TP7,zone,7,test
2026-02-06,23,82.04999999999018,3.567391304347399,ZONE_TP7,zone,7,test
2026-02-09,20,6.681300624758781,0.33406503123793907,ZONE_TP7,zone,7,test
2026-02-10,9,-7.447000000002845,-0.8274444444447605,ZONE_TP7,zone,7,test
2026-02-11,16,-10.134000000010928,-0.633375000000683,ZONE_TP7,zone,7,test
2026-02-12,11,51.163999999990665,4.651272727271879,ZONE_TP7,zone,7,test
2026-02-13,20,21.87599999999111,1.0937999999995554,ZONE_TP7,zone,7,test
2026-02-16,6,-4.8160000000016225,-0.8026666666669371,ZONE_TP7,zone,7,test
2026-02-17,19,18.60799999999199,0.97936842105221,ZONE_TP7,zone,7,test
2026-02-18,11,30.936999999988075,2.8124545454534613,ZONE_TP7,zone,7,test
2026-02-19,16,28.78200000000288,1.79887500000018,ZONE_TP7,zone,7,test
2026-02-20,16,73.41699999999582,4.588562499999739,ZONE_TP7,zone,7,test
2026-02-23,14,50.291999999993095,3.592285714285221,ZONE_TP7,zone,7,test
2026-02-24,14,-12.74300000000585,-0.9102142857147035,ZONE_TP7,zone,7,test
2026-02-25,11,11.923999999993612,1.0839999999994192,ZONE_TP7,zone,7,test
2026-02-26,11,29.225999999993295,2.6569090909084814,ZONE_TP7,zone,7,test
2026-02-27,14,14.81499999999869,1.058214285714192,ZONE_TP7,zone,7,test
2026-03-02,10,-19.119000000002416,-1.9119000000002415,ZONE_TP7,zone,7,test
2026-03-03,28,-27.596000000006825,-0.9855714285716723,ZONE_TP7,zone,7,test
2026-03-04,11,-5.587000000005901,-0.5079090909096273,ZONE_TP7,zone,7,test
2026-03-05,18,15.832999999990536,0.8796111111105853,ZONE_TP7,zone,7,test
2026-03-06,15,2.6869999999935317,0.1791333333329021,ZONE_TP7,zone,7,test
2026-03-09,15,48.34599999999409,3.2230666666662726,ZONE_TP7,zone,7,test
2026-03-10,22,18.253800995022477,0.8297182270464762,ZONE_TP7,zone,7,test
2026-03-11,12,4.100000000002183,0.3416666666668486,ZONE_TP7,zone,7,test
2026-03-12,25,13.802999999985332,0.5521199999994133,ZONE_TP7,zone,7,test
2026-03-13,13,10.62299999998595,0.8171538461527654,ZONE_TP7,zone,7,test
2026-03-16,8,16.70299999999679,2.087874999999599,ZONE_TP7,zone,7,test
2026-03-17,8,13.095000000003894,1.6368750000004868,ZONE_TP7,zone,7,test
2026-03-18,19,6.566999999992732,0.34563157894698593,ZONE_TP7,zone,7,test
2026-03-19,25,84.31322480620081,3.372528992248032,ZONE_TP7,zone,7,test
2026-03-20,18,17.855999999989763,0.9919999999994312,ZONE_TP7,zone,7,test
2026-03-23,21,96.74999999999545,4.607142857142641,ZONE_TP7,zone,7,test
2026-03-24,17,8.642999999994572,0.508411764705563,ZONE_TP7,zone,7,test
2026-03-25,11,42.92499999998836,3.902272727271669,ZONE_TP7,zone,7,test
2026-03-26,19,-4.124000000006164,-0.21705263157927177,ZONE_TP7,zone,7,test
2026-03-27,17,30.581999999997606,1.7989411764704475,ZONE_TP7,zone,7,test
2026-03-30,20,22.027999999991152,1.1013999999995576,ZONE_TP7,zone,7,test
2026-03-31,26,16.37699999999586,0.6298846153844562,ZONE_TP7,zone,7,test
2026-04-01,18,38.77399999998943,2.154111111110524,ZONE_TP7,zone,7,test
2026-04-02,15,38.86899999999696,2.591266666666464,ZONE_TP7,zone,7,test
2026-04-06,9,-3.9290000000009973,-0.4365555555556664,ZONE_TP7,zone,7,test
2026-04-07,16,39.56999999999789,2.473124999999868,ZONE_TP7,zone,7,test
2026-04-08,19,-7.938000000014654,-0.41778947368498176,ZONE_TP7,zone,7,test
2026-04-09,21,24.907999999987624,1.1860952380946488,ZONE_TP7,zone,7,test
2026-04-10,8,3.481999999999971,0.43524999999999636,ZONE_TP7,zone,7,test
2026-04-13,9,6.099999999995816,0.677777777777313,ZONE_TP7,zone,7,test
2026-04-14,13,-1.4760000000023865,-0.11353846153864512,ZONE_TP7,zone,7,test
2026-04-15,9,10.414999999995416,1.157222222221713,ZONE_TP7,zone,7,test
2026-04-16,13,1.4479999999975917,0.11138461538443013,ZONE_TP7,zone,7,test
2026-04-17,14,15.806999999996151,1.1290714285711536,ZONE_TP7,zone,7,test
2026-04-20,19,39.94299999999657,2.1022631578945563,ZONE_TP7,zone,7,test
2026-04-21,20,1.0699999999860665,0.05349999999930333,ZONE_TP7,zone,7,test
2026-04-22,14,4.8399999999946886,0.34571428571390633,ZONE_TP7,zone,7,test
2026-04-23,7,23.33699999998953,3.333857142855647,ZONE_TP7,zone,7,test
2026-04-24,9,1.299999999998362,0.14444444444426244,ZONE_TP7,zone,7,test
2026-04-27,15,2.4869999999991705,0.1657999999999447,ZONE_TP7,zone,7,test
2026-04-28,20,20.699999999988904,1.0349999999994453,ZONE_TP7,zone,7,test
2026-04-29,12,7.5240000000012515,0.6270000000001043,ZONE_TP7,zone,7,test
2026-04-30,14,10.700999999992746,0.7643571428566247,ZONE_TP7,zone,7,test
2026-05-01,14,-6.980000000008658,-0.498571428572047,ZONE_TP7,zone,7,test
2026-05-04,23,4.146999999986292,0.18030434782549096,ZONE_TP7,zone,7,test
2026-05-05,7,-2.8340000000034706,-0.4048571428576387,ZONE_TP7,zone,7,test
2026-05-06,19,31.849999999996726,1.676315789473512,ZONE_TP7,zone,7,test
2026-05-07,16,39.128999999999905,2.445562499999994,ZONE_TP7,zone,7,test
2026-05-08,11,-2.194666666673281,-0.1995151515157528,ZONE_TP7,zone,7,test
2026-05-11,17,18.599000000008346,1.0940588235299027,ZONE_TP7,zone,7,test
2026-05-12,22,19.22474829932071,0.8738521954236685,ZONE_TP7,zone,7,test
2026-05-13,7,5.679999999998472,0.8114285714283531,ZONE_TP7,zone,7,test
2026-05-14,7,-4.324000000004162,-0.6177142857148803,ZONE_TP7,zone,7,test
2026-05-15,11,3.3029999999944266,0.3002727272722206,ZONE_TP7,zone,7,test
2026-05-18,9,-7.890000000002146,-0.8766666666669052,ZONE_TP7,zone,7,test
2026-05-19,18,13.609999999990578,0.7561111111105876,ZONE_TP7,zone,7,test
2026-05-20,19,5.034999999997126,0.26499999999984875,ZONE_TP7,zone,7,test
2026-05-21,12,25.68800000000374,2.1406666666669785,ZONE_TP7,zone,7,test
2026-05-22,8,9.510000000001128,1.188750000000141,ZONE_TP7,zone,7,test
2026-05-25,4,-2.5330000000021755,-0.6332500000005439,ZONE_TP7,zone,7,test
2026-05-26,9,10.879999999994652,1.2088888888882947,ZONE_TP7,zone,7,test
2026-05-27,6,7.030000000001564,1.1716666666669273,ZONE_TP7,zone,7,test
2026-05-28,25,23.0879999999961,0.923519999999844,ZONE_TP7,zone,7,test
2026-05-29,16,37.19000000000324,2.3243750000002024,ZONE_TP7,zone,7,test
2026-06-01,13,-5.57100000000446,-0.42853846153880465,ZONE_TP7,zone,7,test
2026-06-02,13,6.708999999992557,0.5160769230763506,ZONE_TP7,zone,7,test
2026-06-03,15,-10.327000000008411,-0.6884666666672274,ZONE_TP7,zone,7,test
2026-06-04,8,8.51999999999316,1.064999999999145,ZONE_TP7,zone,7,test
2026-06-05,9,-2.140000000003056,-0.23777777777811732,ZONE_TP7,zone,7,test
2026-06-08,10,18.348999999994703,1.8348999999994704,ZONE_TP7,zone,7,test
2026-06-09,17,-0.7140000000090367,-0.04200000000053157,ZONE_TP7,zone,7,test
2026-06-10,27,9.298999999983607,0.34440740740680026,ZONE_TP7,zone,7,test
2026-06-11,14,49.05200000000241,3.503714285714458,ZONE_TP7,zone,7,test
2026-06-12,5,0.6289999999971769,0.1257999999994354,ZONE_TP7,zone,7,test
2026-06-15,14,5.616999999996551,0.4012142857140394,ZONE_TP7,zone,7,test
2026-06-16,11,3.2879999999950087,0.29890909090863715,ZONE_TP7,zone,7,test
2026-06-17,15,18.12999999999556,1.2086666666663708,ZONE_TP7,zone,7,test
2026-06-18,14,27.579999999988104,1.9699999999991502,ZONE_TP7,zone,7,test
2026-06-19,12,19.529999999997017,1.6274999999997515,ZONE_TP7,zone,7,test
2026-06-22,10,5.1299999999992,0.51299999999992,ZONE_TP7,zone,7,test
2026-06-23,14,20.660999999997784,1.475785714285556,ZONE_TP7,zone,7,test
2026-06-24,17,9.866999999999734,0.5804117647058668,ZONE_TP7,zone,7,test
2026-06-25,4,5.260000000000218,1.3150000000000546,ZONE_TP7,zone,7,test
2026-06-26,18,-10.196999999997843,-0.5664999999998801,ZONE_TP7,zone,7,test
2026-06-29,15,34.911000000007334,2.327400000000489,ZONE_TP7,zone,7,test
2026-06-30,11,-6.372999999999138,-0.579363636363558,ZONE_TP7,zone,7,test
2026-07-01,20,0.16999999999688958,0.00849999999984448,ZONE_TP7,zone,7,test
2026-07-02,6,-5.9099999999998545,-0.9849999999999758,ZONE_TP7,zone,7,test
2026-07-03,6,2.2099999999963984,0.36833333333273305,ZONE_TP7,zone,7,test
2026-07-06,5,0.5199999999949796,0.10399999999899592,ZONE_TP7,zone,7,test
2026-07-07,8,-3.520000000001346,-0.44000000000016826,ZONE_TP7,zone,7,test
2026-07-08,15,-0.8300000000008367,-0.05533333333338911,ZONE_TP7,zone,7,test
2026-07-09,7,-2.7100000000018554,-0.3871428571431222,ZONE_TP7,zone,7,test
2026-07-10,5,2.159999999998945,0.431999999999789,ZONE_TP7,zone,7,test
2026-07-13,21,29.369999999996708,1.3985714285712718,ZONE_TP7,zone,7,test
2026-07-14,16,22.779999999996107,1.4237499999997567,ZONE_TP7,zone,7,test
2026-07-15,8,10.90999999999758,1.3637499999996976,ZONE_TP7,zone,7,test
2026-01-02,18,-11.193000000011125,-0.6218333333339514,ZONE_TP8,zone,8,test
2026-01-05,13,23.26100000000133,1.7893076923077946,ZONE_TP8,zone,8,test
2026-01-06,17,-4.361000000008971,-0.2565294117652336,ZONE_TP8,zone,8,test
2026-01-07,8,7.296999999996842,0.9121249999996053,ZONE_TP8,zone,8,test
2026-01-08,13,16.95699999999033,1.3043846153838716,ZONE_TP8,zone,8,test
2026-01-09,16,0.753999999994448,0.047124999999653,ZONE_TP8,zone,8,test
2026-01-12,13,9.410000000009859,0.7238461538469122,ZONE_TP8,zone,8,test
2026-01-13,10,8.409999999999854,0.8409999999999854,ZONE_TP8,zone,8,test
2026-01-14,11,-8.094000000005508,-0.7358181818186825,ZONE_TP8,zone,8,test
2026-01-15,7,-0.5989999999992506,-0.08557142857132151,ZONE_TP8,zone,8,test
2026-01-16,9,-7.4430000000047585,-0.8270000000005288,ZONE_TP8,zone,8,test
2026-01-19,3,-2.3000000000010914,-0.7666666666670304,ZONE_TP8,zone,8,test
2026-01-20,16,3.1209999999909996,0.19506249999943748,ZONE_TP8,zone,8,test
2026-01-21,10,-6.036000000011882,-0.6036000000011882,ZONE_TP8,zone,8,test
2026-01-22,24,25.465999999986707,1.0610833333327794,ZONE_TP8,zone,8,test
2026-01-23,17,44.56000000000677,2.621176470588633,ZONE_TP8,zone,8,test
2026-01-26,10,19.43399999999474,1.943399999999474,ZONE_TP8,zone,8,test
2026-01-27,15,27.91399999999794,1.860933333333196,ZONE_TP8,zone,8,test
2026-01-28,31,167.00750954479403,5.387339017574001,ZONE_TP8,zone,8,test
2026-01-29,22,168.5560000000014,7.661636363636427,ZONE_TP8,zone,8,test
2026-01-30,29,56.57099999998536,1.9507241379305298,ZONE_TP8,zone,8,test
2026-02-02,24,217.53099999998994,9.063791666666248,ZONE_TP8,zone,8,test
2026-02-03,24,83.31699999999,3.47154166666625,ZONE_TP8,zone,8,test
2026-02-04,20,17.19399999999314,0.859699999999657,ZONE_TP8,zone,8,test
2026-02-05,26,63.7609999999986,2.4523461538461,ZONE_TP8,zone,8,test
2026-02-06,23,96.84299999998984,4.2105652173908625,ZONE_TP8,zone,8,test
2026-02-09,20,8.991300624758274,0.4495650312379137,ZONE_TP8,zone,8,test
2026-02-10,9,-7.447000000002845,-0.8274444444447605,ZONE_TP8,zone,8,test
2026-02-11,16,-11.241000000005442,-0.7025625000003402,ZONE_TP8,zone,8,test
2026-02-12,11,20.479999999997744,1.8618181818179769,ZONE_TP8,zone,8,test
2026-02-13,20,26.622999999990498,1.3311499999995249,ZONE_TP8,zone,8,test
2026-02-16,6,-4.8160000000016225,-0.8026666666669371,ZONE_TP8,zone,8,test
2026-02-17,19,23.350999999991473,1.2289999999995511,ZONE_TP8,zone,8,test
2026-02-18,11,35.57699999998658,3.2342727272715077,ZONE_TP8,zone,8,test
2026-02-19,16,34.19900000000416,2.13743750000026,ZONE_TP8,zone,8,test
2026-02-20,16,84.81399999999576,5.300874999999735,ZONE_TP8,zone,8,test
2026-02-23,14,58.72899999999299,4.194928571428071,ZONE_TP8,zone,8,test
2026-02-24,14,-12.74300000000585,-0.9102142857147035,ZONE_TP8,zone,8,test
2026-02-25,11,14.153999999993175,1.2867272727266523,ZONE_TP8,zone,8,test
2026-02-26,11,33.562999999992826,3.051181818181166,ZONE_TP8,zone,8,test
2026-02-27,14,17.87499999999909,1.2767857142856494,ZONE_TP8,zone,8,test
2026-03-02,10,-19.119000000002416,-1.9119000000002415,ZONE_TP8,zone,8,test
2026-03-03,28,-27.103000000006432,-0.9679642857145154,ZONE_TP8,zone,8,test
2026-03-04,11,-5.587000000005901,-0.5079090909096273,ZONE_TP8,zone,8,test
2026-03-05,18,16.29299999999239,0.9051666666662439,ZONE_TP8,zone,8,test
2026-03-06,15,-1.5030000000087966,-0.10020000000058644,ZONE_TP8,zone,8,test
2026-03-09,15,57.135999999994056,3.8090666666662703,ZONE_TP8,zone,8,test
2026-03-10,22,21.533800995023135,0.9788091361374153,ZONE_TP8,zone,8,test
2026-03-11,12,5.400000000003274,0.45000000000027285,ZONE_TP8,zone,8,test
2026-03-12,25,18.13299999998435,0.725319999999374,ZONE_TP8,zone,8,test
2026-03-13,13,13.022999999984677,1.0017692307680521,ZONE_TP8,zone,8,test
2026-03-16,8,19.96299999999701,2.495374999999626,ZONE_TP8,zone,8,test
2026-03-17,8,7.03400000000147,0.8792500000001837,ZONE_TP8,zone,8,test
2026-03-18,19,9.21699999999237,0.48510526315749314,ZONE_TP8,zone,8,test
2026-03-19,25,97.93622480620131,3.9174489922480524,ZONE_TP8,zone,8,test
2026-03-20,18,22.36299999998937,1.2423888888882983,ZONE_TP8,zone,8,test
2026-03-23,21,116.22999999999593,5.5347619047617105,ZONE_TP8,zone,8,test
2026-03-24,17,11.409999999994398,0.6711764705879057,ZONE_TP8,zone,8,test
2026-03-25,11,49.62799999998697,4.511636363635179,ZONE_TP8,zone,8,test
2026-03-26,19,-1.6870000000062655,-0.0887894736845403,ZONE_TP8,zone,8,test
2026-03-27,17,36.927999999998065,2.172235294117533,ZONE_TP8,zone,8,test
2026-03-30,20,27.910999999990963,1.3955499999995482,ZONE_TP8,zone,8,test
2026-03-31,26,21.36399999999685,0.8216923076921865,ZONE_TP8,zone,8,test
2026-04-01,18,45.83399999998892,2.5463333333327176,ZONE_TP8,zone,8,test
2026-04-02,15,14.825999999990017,0.9883999999993345,ZONE_TP8,zone,8,test
2026-04-06,9,-3.1660000000010773,-0.3517777777778975,ZONE_TP8,zone,8,test
2026-04-07,16,46.38999999999851,2.8993749999999068,ZONE_TP8,zone,8,test
2026-04-08,19,-6.6480000000156,-0.3498947368429263,ZONE_TP8,zone,8,test
2026-04-09,21,28.184999999986758,1.3421428571422265,ZONE_TP8,zone,8,test
2026-04-10,8,4.479000000000268,0.5598750000000335,ZONE_TP8,zone,8,test
2026-04-13,9,7.7299999999959255,0.8588888888884362,ZONE_TP8,zone,8,test
2026-04-14,13,-0.70600000000195,-0.054307692307842305,ZONE_TP8,zone,8,test
2026-04-15,9,12.667999999995118,1.407555555555013,ZONE_TP8,zone,8,test
2026-04-16,13,2.4979999999977736,0.1921538461536749,ZONE_TP8,zone,8,test
2026-04-17,14,18.9599999999964,1.354285714285457,ZONE_TP8,zone,8,test
2026-04-20,19,46.5229999999965,2.4485789473682367,ZONE_TP8,zone,8,test
2026-04-21,20,3.1099999999851216,0.15549999999925607,ZONE_TP8,zone,8,test
2026-04-22,14,3.8399999999928696,0.274285714285205,ZONE_TP8,zone,8,test
2026-04-23,7,27.326999999988402,3.903857142855486,ZONE_TP8,zone,8,test
2026-04-24,9,2.359999999998763,0.2622222222220848,ZONE_TP8,zone,8,test
2026-04-27,15,3.3869999999997167,0.2257999999999811,ZONE_TP8,zone,8,test
2026-04-28,20,25.119999999988067,1.2559999999994034,ZONE_TP8,zone,8,test
2026-04-29,12,9.554000000001906,0.7961666666668256,ZONE_TP8,zone,8,test
2026-04-30,14,12.863999999992302,0.918857142856593,ZONE_TP8,zone,8,test
2026-05-01,14,-6.980000000008658,-0.498571428572047,ZONE_TP8,zone,8,test
2026-05-04,23,6.807999999985442,0.29599999999936705,ZONE_TP8,zone,8,test
2026-05-05,7,-2.8340000000034706,-0.4048571428576387,ZONE_TP8,zone,8,test
2026-05-06,19,22.90000000000146,1.2052631578948136,ZONE_TP8,zone,8,test
2026-05-07,16,45.975000000000364,2.8734375000000227,ZONE_TP8,zone,8,test
2026-05-08,11,-1.63466666667379,-0.14860606060670817,ZONE_TP8,zone,8,test
2026-05-11,17,22.36600000000999,1.3156470588241171,ZONE_TP8,zone,8,test
2026-05-12,22,23.42074829932153,1.0645794681509786,ZONE_TP8,zone,8,test
2026-05-13,7,7.18999999999869,1.02714285714267,ZONE_TP8,zone,8,test
2026-05-14,7,-4.324000000004162,-0.6177142857148803,ZONE_TP8,zone,8,test
2026-05-15,11,4.792999999994208,0.4357272727267462,ZONE_TP8,zone,8,test
2026-05-18,9,-7.890000000002146,-0.8766666666669052,ZONE_TP8,zone,8,test
2026-05-19,18,17.059999999990396,0.9477777777772443,ZONE_TP8,zone,8,test
2026-05-20,19,6.777999999997519,0.35673684210513257,ZONE_TP8,zone,8,test
2026-05-21,12,25.39400000000387,2.1161666666669894,ZONE_TP8,zone,8,test
2026-05-22,8,11.250000000001819,1.4062500000002274,ZONE_TP8,zone,8,test
2026-05-25,4,-2.5330000000021755,-0.6332500000005439,ZONE_TP8,zone,8,test
2026-05-26,9,13.07999999999447,1.453333333332719,ZONE_TP8,zone,8,test
2026-05-27,6,8.380000000001928,1.396666666666988,ZONE_TP8,zone,8,test
2026-05-28,25,27.781999999996515,1.1112799999998606,ZONE_TP8,zone,8,test
2026-05-29,16,43.24000000000433,2.7025000000002706,ZONE_TP8,zone,8,test
2026-06-01,13,-5.234000000004016,-0.4026153846156936,ZONE_TP8,zone,8,test
2026-06-02,13,8.545999999992091,0.657384615384007,ZONE_TP8,zone,8,test
2026-06-03,15,-9.967000000008738,-0.6644666666672492,ZONE_TP8,zone,8,test
2026-06-04,8,10.199999999992542,1.2749999999990678,ZONE_TP8,zone,8,test
2026-06-05,9,-1.6900000000032378,-0.18777777777813753,ZONE_TP8,zone,8,test
2026-06-08,10,21.495999999994638,2.149599999999464,ZONE_TP8,zone,8,test
2026-06-09,17,0.6459999999906358,0.03799999999944917,ZONE_TP8,zone,8,test
2026-06-10,27,13.535999999981868,0.5013333333326618,ZONE_TP8,zone,8,test
2026-06-11,14,57.59500000000298,4.113928571428785,ZONE_TP8,zone,8,test
2026-06-12,5,0.9759999999969295,0.19519999999938592,ZONE_TP8,zone,8,test
2026-06-15,14,7.256999999996879,0.5183571428569199,ZONE_TP8,zone,8,test
2026-06-16,11,4.380999999994856,0.39827272727225965,ZONE_TP8,zone,8,test
2026-06-17,15,23.019999999995893,1.5346666666663928,ZONE_TP8,zone,8,test
2026-06-18,14,27.98699999998371,1.9990714285702649,ZONE_TP8,zone,8,test
2026-06-19,12,23.229999999996835,1.9358333333330695,ZONE_TP8,zone,8,test
2026-06-22,10,6.229999999999563,0.6229999999999564,ZONE_TP8,zone,8,test
2026-06-23,14,23.239999999997508,1.659999999999822,ZONE_TP8,zone,8,test
2026-06-24,17,13.326999999999773,0.7839411764705748,ZONE_TP8,zone,8,test
2026-06-25,4,6.220000000000255,1.5550000000000637,ZONE_TP8,zone,8,test
2026-06-26,18,-9.856999999997697,-0.5476111111109832,ZONE_TP8,zone,8,test
2026-06-29,15,40.87100000000828,2.7247333333338855,ZONE_TP8,zone,8,test
2026-06-30,11,-6.372999999999138,-0.579363636363558,ZONE_TP8,zone,8,test
2026-07-01,20,1.8199999999965248,0.09099999999982625,ZONE_TP8,zone,8,test
2026-07-02,6,-5.9099999999998545,-0.9849999999999758,ZONE_TP8,zone,8,test
2026-07-03,6,2.869999999996253,0.47833333333270883,ZONE_TP8,zone,8,test
2026-07-06,5,0.9199999999946162,0.18399999999892325,ZONE_TP8,zone,8,test
2026-07-07,8,-2.890000000001237,-0.3612500000001546,ZONE_TP8,zone,8,test
2026-07-08,15,0.37999999999919964,0.025333333333279976,ZONE_TP8,zone,8,test
2026-07-09,7,-2.7100000000018554,-0.3871428571431222,ZONE_TP8,zone,8,test
2026-07-10,5,2.789999999999054,0.5579999999998109,ZONE_TP8,zone,8,test
2026-07-13,21,24.28999999999587,1.15666666666647,ZONE_TP8,zone,8,test
2026-07-14,16,26.72999999999547,1.670624999999717,ZONE_TP8,zone,8,test
2026-07-15,8,12.659999999997126,1.5824999999996407,ZONE_TP8,zone,8,test
2026-01-02,18,-11.193000000011125,-0.6218333333339514,ZONE_TP9,zone,9,test
2026-01-05,13,26.854000000002088,2.0656923076924683,ZONE_TP9,zone,9,test
2026-01-06,17,-3.7180000000098516,-0.21870588235352068,ZONE_TP9,zone,9,test
2026-01-07,8,8.716999999996915,1.0896249999996144,ZONE_TP9,zone,9,test
2026-01-08,13,20.136999999989712,1.5489999999992086,ZONE_TP9,zone,9,test
2026-01-09,16,2.29099999999471,0.14318749999966937,ZONE_TP9,zone,9,test
2026-01-12,13,11.530000000011569,0.8869230769239669,ZONE_TP9,zone,9,test
2026-01-13,10,10.010000000000218,1.0010000000000219,ZONE_TP9,zone,9,test
2026-01-14,11,-8.094000000005508,-0.7358181818186825,ZONE_TP9,zone,9,test
2026-01-15,7,-0.04899999999906873,-0.006999999999866962,ZONE_TP9,zone,9,test
2026-01-16,9,-7.4430000000047585,-0.8270000000005288,ZONE_TP9,zone,9,test
2026-01-19,3,-2.3000000000010914,-0.7666666666670304,ZONE_TP9,zone,9,test
2026-01-20,16,4.783999999990556,0.29899999999940974,ZONE_TP9,zone,9,test
2026-01-21,10,-5.526000000012573,-0.5526000000012573,ZONE_TP9,zone,9,test
2026-01-22,24,28.765999999991436,1.1985833333329765,ZONE_TP9,zone,9,test
2026-01-23,17,51.18000000000848,3.010588235294616,ZONE_TP9,zone,9,test
2026-01-26,10,22.396999999994478,2.2396999999994476,ZONE_TP9,zone,9,test
2026-01-27,15,32.003999999998086,2.1335999999998725,ZONE_TP9,zone,9,test
2026-01-28,31,190.70150954479627,6.151661598219234,ZONE_TP9,zone,9,test
2026-01-29,22,108.51599999999871,4.932545454545396,ZONE_TP9,zone,9,test
2026-01-30,29,67.63399999998455,2.3322068965511913,ZONE_TP9,zone,9,test
2026-02-02,24,249.80099999998947,10.40837499999956,ZONE_TP9,zone,9,test
2026-02-03,24,92.79699999998957,3.866541666666232,ZONE_TP9,zone,9,test
2026-02-04,20,21.543999999993503,1.077199999999675,ZONE_TP9,zone,9,test
2026-02-05,26,73.89099999999962,2.8419615384615238,ZONE_TP9,zone,9,test
2026-02-06,23,47.86899999999151,2.081260869564848,ZONE_TP9,zone,9,test
2026-02-09,20,11.301300624757763,0.5650650312378882,ZONE_TP9,zone,9,test
2026-02-10,9,-7.447000000002845,-0.8274444444447605,ZONE_TP9,zone,9,test
2026-02-11,16,-11.241000000005442,-0.7025625000003402,ZONE_TP9,zone,9,test
2026-02-12,11,21.68999999999778,1.97181818181798,ZONE_TP9,zone,9,test
2026-02-13,20,31.369999999989886,1.5684999999994944,ZONE_TP9,zone,9,test
2026-02-16,6,-4.8160000000016225,-0.8026666666669371,ZONE_TP9,zone,9,test
2026-02-17,19,28.093999999990956,1.4786315789468925,ZONE_TP9,zone,9,test
2026-02-18,11,40.21699999998509,3.6560909090895537,ZONE_TP9,zone,9,test
2026-02-19,16,39.61600000000544,2.47600000000034,ZONE_TP9,zone,9,test
2026-02-20,16,96.21099999999569,6.013187499999731,ZONE_TP9,zone,9,test
2026-02-23,14,67.16599999999289,4.797571428570921,ZONE_TP9,zone,9,test
2026-02-24,14,-12.74300000000585,-0.9102142857147035,ZONE_TP9,zone,9,test
2026-02-25,11,16.38399999999274,1.4894545454538852,ZONE_TP9,zone,9,test
2026-02-26,11,37.89999999999236,3.4454545454538508,ZONE_TP9,zone,9,test
2026-02-27,14,20.93499999999949,1.4953571428571064,ZONE_TP9,zone,9,test
2026-03-02,10,-19.119000000002416,-1.9119000000002415,ZONE_TP9,zone,9,test
2026-03-03,28,-26.61000000000604,-0.9503571428573585,ZONE_TP9,zone,9,test
2026-03-04,11,-5.587000000005901,-0.5079090909096273,ZONE_TP9,zone,9,test
2026-03-05,18,19.452999999992244,1.0807222222217914,ZONE_TP9,zone,9,test
2026-03-06,15,-0.7030000000095243,-0.046866666667301625,ZONE_TP9,zone,9,test
2026-03-09,15,65.92599999999402,4.395066666666268,ZONE_TP9,zone,9,test
2026-03-10,22,24.813800995023787,1.1279000452283539,ZONE_TP9,zone,9,test
2026-03-11,12,6.7000000000043665,0.5583333333336972,ZONE_TP9,zone,9,test
2026-03-12,25,17.662999999987733,0.7065199999995093,ZONE_TP9,zone,9,test
2026-03-13,13,15.422999999983405,1.1863846153833388,ZONE_TP9,zone,9,test
2026-03-16,8,23.222999999997228,2.9028749999996535,ZONE_TP9,zone,9,test
2026-03-17,8,3.197000000001026,0.39962500000012824,ZONE_TP9,zone,9,test
2026-03-18,19,11.866999999992004,0.6245789473680002,ZONE_TP9,zone,9,test
2026-03-19,25,104.78922480619865,4.191568992247946,ZONE_TP9,zone,9,test
2026-03-20,18,26.869999999988977,1.4927777777771654,ZONE_TP9,zone,9,test
2026-03-23,21,135.7099999999964,6.462380952380781,ZONE_TP9,zone,9,test
2026-03-24,17,14.176999999994223,0.8339411764702485,ZONE_TP9,zone,9,test
2026-03-25,11,56.33099999998558,5.120999999998689,ZONE_TP9,zone,9,test
2026-03-26,19,0.7499999999936326,0.03947368421019119,ZONE_TP9,zone,9,test
2026-03-27,17,20.79399999999805,1.2231764705881205,ZONE_TP9,zone,9,test
2026-03-30,20,33.793999999990774,1.6896999999995388,ZONE_TP9,zone,9,test
2026-03-31,26,26.35099999999784,1.0134999999999168,ZONE_TP9,zone,9,test
2026-04-01,18,52.89399999998841,2.9385555555549114,ZONE_TP9,zone,9,test
2026-04-02,15,17.372999999989588,1.1581999999993058,ZONE_TP9,zone,9,test
2026-04-06,9,-2.4030000000011573,-0.2670000000001286,ZONE_TP9,zone,9,test
2026-04-07,16,53.20999999999913,3.3256249999999454,ZONE_TP9,zone,9,test
2026-04-08,19,-5.3580000000165455,-0.28200000000087083,ZONE_TP9,zone,9,test
2026-04-09,21,31.461999999985892,1.4981904761898044,ZONE_TP9,zone,9,test
2026-04-10,8,5.4760000000005675,0.6845000000000709,ZONE_TP9,zone,9,test
2026-04-13,9,9.359999999996035,1.0399999999995595,ZONE_TP9,zone,9,test
2026-04-14,13,0.06399999999848655,0.004923076922960503,ZONE_TP9,zone,9,test
2026-04-15,9,14.92099999999482,1.6578888888883132,ZONE_TP9,zone,9,test
2026-04-16,13,3.5479999999979555,0.27292307692291967,ZONE_TP9,zone,9,test
2026-04-17,14,22.112999999996646,1.5794999999997603,ZONE_TP9,zone,9,test
2026-04-20,19,53.10299999999643,2.794894736841917,ZONE_TP9,zone,9,test
2026-04-21,20,-0.7600000000156797,-0.03800000000078398,ZONE_TP9,zone,9,test
2026-04-22,14,5.269999999992251,0.37642857142801794,ZONE_TP9,zone,9,test
2026-04-23,7,20.85699999999179,2.9795714285702557,ZONE_TP9,zone,9,test
2026-04-24,9,3.4199999999991633,0.379999999999907,ZONE_TP9,zone,9,test
2026-04-27,15,-0.29300000000057436,-0.019533333333371625,ZONE_TP9,zone,9,test
2026-04-28,20,29.53999999998723,1.4769999999993615,ZONE_TP9,zone,9,test
2026-04-29,12,11.584000000002561,0.9653333333335468,ZONE_TP9,zone,9,test
2026-04-30,14,15.026999999991858,1.0733571428565614,ZONE_TP9,zone,9,test
2026-05-01,14,-6.980000000008658,-0.498571428572047,ZONE_TP9,zone,9,test
2026-05-04,23,9.46899999998459,0.411695652173243,ZONE_TP9,zone,9,test
2026-05-05,7,-2.8340000000034706,-0.4048571428576387,ZONE_TP9,zone,9,test
2026-05-06,19,27.19000000000233,1.43105263157907,ZONE_TP9,zone,9,test
2026-05-07,16,52.82100000000082,3.3013125000000514,ZONE_TP9,zone,9,test
2026-05-08,11,-1.0746666666742992,-0.09769696969766356,ZONE_TP9,zone,9,test
2026-05-11,17,26.133000000011634,1.5372352941183314,ZONE_TP9,zone,9,test
2026-05-12,22,27.616748299322353,1.2553067408782888,ZONE_TP9,zone,9,test
2026-05-13,7,8.699999999998909,1.242857142856987,ZONE_TP9,zone,9,test
2026-05-14,7,-4.324000000004162,-0.6177142857148803,ZONE_TP9,zone,9,test
2026-05-15,11,6.28299999999399,0.5711818181812718,ZONE_TP9,zone,9,test
2026-05-18,9,-7.890000000002146,-0.8766666666669052,ZONE_TP9,zone,9,test
2026-05-19,18,18.45999999999276,1.0255555555551534,ZONE_TP9,zone,9,test
2026-05-20,19,8.520999999997912,0.4484736842104164,ZONE_TP9,zone,9,test
2026-05-21,12,29.077000000004773,2.423083333333731,ZONE_TP9,zone,9,test
2026-05-22,8,12.99000000000251,1.6237500000003138,ZONE_TP9,zone,9,test
2026-05-25,4,-2.5330000000021755,-0.6332500000005439,ZONE_TP9,zone,9,test
2026-05-26,9,15.279999999994288,1.6977777777771432,ZONE_TP9,zone,9,test
2026-05-27,6,9.730000000002292,1.6216666666670487,ZONE_TP9,zone,9,test
2026-05-28,25,22.535999999991873,0.901439999999675,ZONE_TP9,zone,9,test
2026-05-29,16,49.29000000000542,3.080625000000339,ZONE_TP9,zone,9,test
2026-06-01,13,-4.8970000000035725,-0.3766923076925825,ZONE_TP9,zone,9,test
2026-06-02,13,10.382999999991625,0.7986923076916634,ZONE_TP9,zone,9,test
2026-06-03,15,-9.607000000009066,-0.640466666667271,ZONE_TP9,zone,9,test
2026-06-04,8,11.879999999991924,1.4849999999989905,ZONE_TP9,zone,9,test
2026-06-05,9,-1.2400000000034197,-0.13777777777815775,ZONE_TP9,zone,9,test
2026-06-08,10,24.642999999994572,2.464299999999457,ZONE_TP9,zone,9,test
2026-06-09,17,2.0059999999903084,0.11799999999942991,ZONE_TP9,zone,9,test
2026-06-10,27,15.202999999980422,0.563074074073349,ZONE_TP9,zone,9,test
2026-06-11,14,49.938000000001466,3.5670000000001045,ZONE_TP9,zone,9,test
2026-06-12,5,1.3229999999966822,0.2645999999993364,ZONE_TP9,zone,9,test
2026-06-15,14,8.896999999997206,0.6354999999998004,ZONE_TP9,zone,9,test
2026-06-16,11,5.473999999994703,0.4976363636358821,ZONE_TP9,zone,9,test
2026-06-17,15,27.909999999996217,1.8606666666664144,ZONE_TP9,zone,9,test
2026-06-18,14,32.30699999998251,2.307642857141608,ZONE_TP9,zone,9,test
2026-06-19,12,26.929999999996653,2.2441666666663878,ZONE_TP9,zone,9,test
2026-06-22,10,7.329999999999927,0.7329999999999928,ZONE_TP9,zone,9,test
2026-06-23,14,26.489999999997508,1.892142857142679,ZONE_TP9,zone,9,test
2026-06-24,17,16.786999999999807,0.9874705882352828,ZONE_TP9,zone,9,test
2026-06-25,4,7.180000000000291,1.7950000000000728,ZONE_TP9,zone,9,test
2026-06-26,18,-9.516999999997552,-0.5287222222220862,ZONE_TP9,zone,9,test
2026-06-29,15,38.43100000000777,2.5620666666671847,ZONE_TP9,zone,9,test
2026-06-30,11,-6.372999999999138,-0.579363636363558,ZONE_TP9,zone,9,test
2026-07-01,20,3.469999999996162,0.17349999999980809,ZONE_TP9,zone,9,test
2026-07-02,6,-5.9099999999998545,-0.9849999999999758,ZONE_TP9,zone,9,test
2026-07-03,6,3.5299999999961074,0.5883333333326846,ZONE_TP9,zone,9,test
2026-07-06,5,1.319999999994252,0.2639999999988504,ZONE_TP9,zone,9,test
2026-07-07,8,-2.2600000000011278,-0.28250000000014097,ZONE_TP9,zone,9,test
2026-07-08,15,1.589999999999236,0.10599999999994907,ZONE_TP9,zone,9,test
2026-07-09,7,-2.7100000000018554,-0.3871428571431222,ZONE_TP9,zone,9,test
2026-07-10,5,3.4199999999991633,0.6839999999998326,ZONE_TP9,zone,9,test
2026-07-13,21,24.22999999999456,1.1538095238092647,ZONE_TP9,zone,9,test
2026-07-14,16,30.679999999994834,1.9174999999996771,ZONE_TP9,zone,9,test
2026-07-15,8,14.409999999996671,1.801249999999584,ZONE_TP9,zone,9,test
2026-01-02,18,-11.193000000011125,-0.6218333333339514,ZONE_TP10,zone,10,test
2026-01-05,13,26.4770000000035,2.0366923076925767,ZONE_TP10,zone,10,test
2026-01-06,17,-3.0750000000107316,-0.18088235294180774,ZONE_TP10,zone,10,test
2026-01-07,8,10.13699999999699,1.2671249999996237,ZONE_TP10,zone,10,test
2026-01-08,13,23.316999999989097,1.793615384614546,ZONE_TP10,zone,10,test
2026-01-09,16,3.827999999994972,0.23924999999968574,ZONE_TP10,zone,10,test
2026-01-12,13,13.65000000001328,1.0500000000010217,ZONE_TP10,zone,10,test
2026-01-13,10,11.610000000000582,1.1610000000000582,ZONE_TP10,zone,10,test
2026-01-14,11,-8.094000000005508,-0.7358181818186825,ZONE_TP10,zone,10,test
2026-01-15,7,0.5010000000011132,0.0715714285715876,ZONE_TP10,zone,10,test
2026-01-16,9,-7.4430000000047585,-0.8270000000005288,ZONE_TP10,zone,10,test
2026-01-19,3,-2.3000000000010914,-0.7666666666670304,ZONE_TP10,zone,10,test
2026-01-20,16,6.446999999990112,0.402937499999382,ZONE_TP10,zone,10,test
2026-01-21,10,-5.016000000013264,-0.5016000000013264,ZONE_TP10,zone,10,test
2026-01-22,24,33.3059999999914,1.3877499999996417,ZONE_TP10,zone,10,test
2026-01-23,17,57.800000000010186,3.400000000000599,ZONE_TP10,zone,10,test
2026-01-26,10,6.6999999999952715,0.6699999999995272,ZONE_TP10,zone,10,test
2026-01-27,15,36.09399999999823,2.4062666666665486,ZONE_TP10,zone,10,test
2026-01-28,31,214.3955095447985,6.915984178864468,ZONE_TP10,zone,10,test
2026-01-29,22,123.6889999999994,5.622227272727245,ZONE_TP10,zone,10,test
2026-01-30,29,78.69699999998375,2.7136896551718532,ZONE_TP10,zone,10,test
2026-02-02,24,282.070999999989,11.752958333332876,ZONE_TP10,zone,10,test
2026-02-03,24,102.27699999998913,4.261541666666214,ZONE_TP10,zone,10,test
2026-02-04,20,25.893999999993866,1.2946999999996933,ZONE_TP10,zone,10,test
2026-02-05,26,84.02100000000064,3.2315769230769478,ZONE_TP10,zone,10,test
2026-02-06,23,56.158999999991465,2.441695652173542,ZONE_TP10,zone,10,test
2026-02-09,20,8.951300624761037,0.44756503123805186,ZONE_TP10,zone,10,test
2026-02-10,9,-7.447000000002845,-0.8274444444447605,ZONE_TP10,zone,10,test
2026-02-11,16,-11.241000000005442,-0.7025625000003402,ZONE_TP10,zone,10,test
2026-02-12,11,22.359999999996035,2.032727272726912,ZONE_TP10,zone,10,test
2026-02-13,20,36.116999999989275,1.8058499999994637,ZONE_TP10,zone,10,test
2026-02-16,6,-4.8160000000016225,-0.8026666666669371,ZONE_TP10,zone,10,test
2026-02-17,19,32.83699999999044,1.7282631578942336,ZONE_TP10,zone,10,test
2026-02-18,11,44.8569999999836,4.0779090909076,ZONE_TP10,zone,10,test
2026-02-19,16,45.03300000000672,2.81456250000042,ZONE_TP10,zone,10,test
2026-02-20,16,107.60799999999564,6.725499999999728,ZONE_TP10,zone,10,test
2026-02-23,14,75.60299999999279,5.400214285713771,ZONE_TP10,zone,10,test
2026-02-24,14,-12.74300000000585,-0.9102142857147035,ZONE_TP10,zone,10,test
2026-02-25,11,18.613999999992302,1.6921818181811183,ZONE_TP10,zone,10,test
2026-02-26,11,42.236999999991895,3.839727272726536,ZONE_TP10,zone,10,test
2026-02-27,14,23.994999999999887,1.7139285714285635,ZONE_TP10,zone,10,test
2026-03-02,10,-19.119000000002416,-1.9119000000002415,ZONE_TP10,zone,10,test
2026-03-03,28,-26.117000000005646,-0.9327500000002017,ZONE_TP10,zone,10,test
2026-03-04,11,-5.587000000005901,-0.5079090909096273,ZONE_TP10,zone,10,test
2026-03-05,18,22.6129999999921,1.2562777777773388,ZONE_TP10,zone,10,test
2026-03-06,15,0.09699999998974806,0.006466666665983205,ZONE_TP10,zone,10,test
2026-03-09,15,74.71599999999398,4.9810666666662655,ZONE_TP10,zone,10,test
2026-03-10,22,28.093800995024445,1.276990954319293,ZONE_TP10,zone,10,test
2026-03-11,12,8.000000000005457,0.6666666666671214,ZONE_TP10,zone,10,test
2026-03-12,25,19.392999999987296,0.7757199999994918,ZONE_TP10,zone,10,test
2026-03-13,13,17.82299999998213,1.3709999999986253,ZONE_TP10,zone,10,test
2026-03-16,8,26.482999999997446,3.3103749999996808,ZONE_TP10,zone,10,test
2026-03-17,8,3.820000000001528,0.477500000000191,ZONE_TP10,zone,10,test
2026-03-18,19,14.516999999991642,0.7640526315785074,ZONE_TP10,zone,10,test
2026-03-19,25,117.73222480619886,4.709288992247954,ZONE_TP10,zone,10,test
2026-03-20,18,31.376999999988584,1.7431666666660324,ZONE_TP10,zone,10,test
2026-03-23,21,95.52299999999468,4.548714285714032,ZONE_TP10,zone,10,test
2026-03-24,17,16.943999999994052,0.9967058823525913,ZONE_TP10,zone,10,test
2026-03-25,11,42.70399999998699,3.8821818181806353,ZONE_TP10,zone,10,test
2026-03-26,19,3.186999999993531,0.16773684210492268,ZONE_TP10,zone,10,test
2026-03-27,17,11.476999999996222,0.6751176470586013,ZONE_TP10,zone,10,test
2026-03-30,20,39.676999999990585,1.9838499999995292,ZONE_TP10,zone,10,test
2026-03-31,26,31.33799999999883,1.2053076923076473,ZONE_TP10,zone,10,test
2026-04-01,18,28.6439999999875,1.591333333332639,ZONE_TP10,zone,10,test
2026-04-02,15,19.91999999998916,1.3279999999992773,ZONE_TP10,zone,10,test
2026-04-06,9,-1.6400000000012374,-0.1822222222223597,ZONE_TP10,zone,10,test
2026-04-07,16,60.029999999999745,3.751874999999984,ZONE_TP10,zone,10,test
2026-04-08,19,-12.128000000015163,-0.6383157894744823,ZONE_TP10,zone,10,test
2026-04-09,21,34.738999999985026,1.6542380952373823,ZONE_TP10,zone,10,test
2026-04-10,8,6.473000000000866,0.8091250000001082,ZONE_TP10,zone,10,test
2026-04-13,9,10.989999999996144,1.2211111111106827,ZONE_TP10,zone,10,test
2026-04-14,13,0.8339999999989232,0.06415384615376332,ZONE_TP10,zone,10,test
2026-04-15,9,17.17399999999452,1.9082222222216134,ZONE_TP10,zone,10,test
2026-04-16,13,4.597999999998137,0.3536923076921644,ZONE_TP10,zone,10,test
2026-04-17,14,25.265999999996897,1.8047142857140641,ZONE_TP10,zone,10,test
2026-04-20,19,59.682999999996355,3.141210526315598,ZONE_TP10,zone,10,test
2026-04-21,20,0.6999999999834472,0.03499999999917236,ZONE_TP10,zone,10,test
2026-04-22,14,6.6999999999916335,0.47857142857083096,ZONE_TP10,zone,10,test
2026-04-23,7,23.786999999991167,3.3981428571415955,ZONE_TP10,zone,10,test
2026-04-24,9,4.479999999999563,0.49777777777772925,ZONE_TP10,zone,10,test
2026-04-27,15,0.14699999999993452,0.009799999999995635,ZONE_TP10,zone,10,test
2026-04-28,20,33.959999999986394,1.6979999999993196,ZONE_TP10,zone,10,test
2026-04-29,12,13.614000000003216,1.134500000000268,ZONE_TP10,zone,10,test
2026-04-30,14,8.399999999995998,0.5999999999997142,ZONE_TP10,zone,10,test
2026-05-01,14,-6.980000000008658,-0.498571428572047,ZONE_TP10,zone,10,test
2026-05-04,23,12.129999999983738,0.527391304347119,ZONE_TP10,zone,10,test
2026-05-05,7,-2.8340000000034706,-0.4048571428576387,ZONE_TP10,zone,10,test
2026-05-06,19,31.4800000000032,1.6568421052633264,ZONE_TP10,zone,10,test
2026-05-07,16,59.66700000000128,3.72918750000008,ZONE_TP10,zone,10,test
2026-05-08,11,-0.5146666666748086,-0.04678787878861897,ZONE_TP10,zone,10,test
2026-05-11,17,29.90000000001328,1.7588235294125458,ZONE_TP10,zone,10,test
2026-05-12,22,31.812748299323175,1.446034013605599,ZONE_TP10,zone,10,test
2026-05-13,7,10.209999999999127,1.4585714285713038,ZONE_TP10,zone,10,test
2026-05-14,7,-4.324000000004162,-0.6177142857148803,ZONE_TP10,zone,10,test
2026-05-15,11,7.772999999993772,0.7066363636357974,ZONE_TP10,zone,10,test
2026-05-18,9,-7.890000000002146,-0.8766666666669052,ZONE_TP10,zone,10,test
2026-05-19,18,21.049999999992906,1.1694444444440504,ZONE_TP10,zone,10,test
2026-05-20,19,-2.3260000000000223,-0.12242105263158012,ZONE_TP10,zone,10,test
2026-05-21,12,32.760000000005675,2.730000000000473,ZONE_TP10,zone,10,test
2026-05-22,8,14.730000000003201,1.8412500000004002,ZONE_TP10,zone,10,test
2026-05-25,4,-2.5330000000021755,-0.6332500000005439,ZONE_TP10,zone,10,test
2026-05-26,9,17.479999999994106,1.9422222222215675,ZONE_TP10,zone,10,test
2026-05-27,6,11.080000000002658,1.8466666666671097,ZONE_TP10,zone,10,test
2026-05-28,25,26.22299999999177,1.0489199999996708,ZONE_TP10,zone,10,test
2026-05-29,16,53.84700000000612,3.3654375000003824,ZONE_TP10,zone,10,test
2026-06-01,13,-4.560000000003129,-0.3507692307694714,ZONE_TP10,zone,10,test
2026-06-02,13,12.21999999999116,0.9399999999993199,ZONE_TP10,zone,10,test
2026-06-03,15,-9.247000000009393,-0.6164666666672929,ZONE_TP10,zone,10,test
2026-06-04,8,13.559999999991305,1.6949999999989132,ZONE_TP10,zone,10,test
2026-06-05,9,-0.7900000000036016,-0.08777777777817795,ZONE_TP10,zone,10,test
2026-06-08,10,27.789999999994507,2.7789999999994506,ZONE_TP10,zone,10,test
2026-06-09,17,3.365999999989981,0.19799999999941065,ZONE_TP10,zone,10,test
2026-06-10,27,18.39999999997872,0.6814814814806934,ZONE_TP10,zone,10,test
2026-06-11,14,56.241000000001804,4.017214285714415,ZONE_TP10,zone,10,test
2026-06-12,5,1.6699999999964352,0.33399999999928703,ZONE_TP10,zone,10,test
2026-06-15,14,10.536999999997533,0.752642857142681,ZONE_TP10,zone,10,test
2026-06-16,11,6.56699999999455,0.5969999999995046,ZONE_TP10,zone,10,test
2026-06-17,15,32.799999999996544,2.186666666666436,ZONE_TP10,zone,10,test
2026-06-18,14,36.62699999998131,2.6162142857129504,ZONE_TP10,zone,10,test
2026-06-19,12,30.62999999999647,2.552499999999706,ZONE_TP10,zone,10,test
2026-06-22,10,8.430000000000291,0.8430000000000291,ZONE_TP10,zone,10,test
2026-06-23,14,29.73999999999751,2.1242857142855365,ZONE_TP10,zone,10,test
2026-06-24,17,20.24699999999984,1.1909999999999905,ZONE_TP10,zone,10,test
2026-06-25,4,8.140000000000326,2.0350000000000814,ZONE_TP10,zone,10,test
2026-06-26,18,-9.176999999997406,-0.5098333333331893,ZONE_TP10,zone,10,test
2026-06-29,15,43.53100000000859,2.9020666666672392,ZONE_TP10,zone,10,test
2026-06-30,11,-6.372999999999138,-0.579363636363558,ZONE_TP10,zone,10,test
2026-07-01,20,5.119999999995798,0.2559999999997899,ZONE_TP10,zone,10,test
2026-07-02,6,-5.9099999999998545,-0.9849999999999758,ZONE_TP10,zone,10,test
2026-07-03,6,4.189999999995962,0.6983333333326603,ZONE_TP10,zone,10,test
2026-07-06,5,1.7199999999938882,0.3439999999987776,ZONE_TP10,zone,10,test
2026-07-07,8,-1.6300000000010195,-0.20375000000012744,ZONE_TP10,zone,10,test
2026-07-08,15,2.7999999999992724,0.18666666666661816,ZONE_TP10,zone,10,test
2026-07-09,7,-2.7100000000018554,-0.3871428571431222,ZONE_TP10,zone,10,test
2026-07-10,5,-2.7700000000022555,-0.5540000000004511,ZONE_TP10,zone,10,test
2026-07-13,21,28.059999999994034,1.3361904761901922,ZONE_TP10,zone,10,test
2026-07-14,16,34.6299999999942,2.1643749999996373,ZONE_TP10,zone,10,test
2026-07-15,8,16.159999999996217,2.019999999999527,ZONE_TP10,zone,10,test
2026-01-02,18,-11.193000000011125,-0.6218333333339514,ZONE_TP11,zone,11,test
2026-01-05,13,14.3799999999992,1.1061538461537845,ZONE_TP11,zone,11,test
2026-01-06,17,-2.432000000011612,-0.14305882353009483,ZONE_TP11,zone,11,test
2026-01-07,8,11.55699999999706,1.4446249999996326,ZONE_TP11,zone,11,test
2026-01-08,13,26.496999999988475,2.038230769229883,ZONE_TP11,zone,11,test
2026-01-09,16,5.364999999995234,0.33531249999970214,ZONE_TP11,zone,11,test
2026-01-12,13,15.770000000014988,1.213076923078076,ZONE_TP11,zone,11,test
2026-01-13,10,13.210000000000946,1.3210000000000945,ZONE_TP11,zone,11,test
2026-01-14,11,-8.094000000005508,-0.7358181818186825,ZONE_TP11,zone,11,test
2026-01-15,7,1.0510000000012951,0.15014285714304215,ZONE_TP11,zone,11,test
2026-01-16,9,-7.4430000000047585,-0.8270000000005288,ZONE_TP11,zone,11,test
2026-01-19,3,-2.3000000000010914,-0.7666666666670304,ZONE_TP11,zone,11,test
2026-01-20,16,8.109999999989668,0.5068749999993543,ZONE_TP11,zone,11,test
2026-01-21,10,-4.506000000013955,-0.45060000000139555,ZONE_TP11,zone,11,test
2026-01-22,24,23.055999999995947,0.9606666666664978,ZONE_TP11,zone,11,test
2026-01-23,17,64.4200000000119,3.789411764706582,ZONE_TP11,zone,11,test
2026-01-26,10,7.752999999995153,0.7752999999995154,ZONE_TP11,zone,11,test
2026-01-27,15,40.18399999999838,2.6789333333332253,ZONE_TP11,zone,11,test
2026-01-28,31,193.56850954479646,6.244145469186982,ZONE_TP11,zone,11,test
2026-01-29,22,124.02199999999904,5.637363636363593,ZONE_TP11,zone,11,test
2026-01-30,29,89.75999999998294,3.095172413792515,ZONE_TP11,zone,11,test
2026-02-02,24,314.3409999999885,13.097541666666189,ZONE_TP11,zone,11,test
2026-02-03,24,111.7569999999887,4.656541666666196,ZONE_TP11,zone,11,test
2026-02-04,20,30.24399999999423,1.5121999999997116,ZONE_TP11,zone,11,test
2026-02-05,26,94.15100000000166,3.6211923076923713,ZONE_TP11,zone,11,test
2026-02-06,23,64.44899999999143,2.802130434782236,ZONE_TP11,zone,11,test
2026-02-09,20,10.821300624760928,0.5410650312380464,ZONE_TP11,zone,11,test
2026-02-10,9,-7.447000000002845,-0.8274444444447605,ZONE_TP11,zone,11,test
2026-02-11,16,-11.241000000005442,-0.7025625000003402,ZONE_TP11,zone,11,test
2026-02-12,11,22.689999999995962,2.0627272727269057,ZONE_TP11,zone,11,test
2026-02-13,20,40.863999999988664,2.043199999999433,ZONE_TP11,zone,11,test
2026-02-16,6,-4.8160000000016225,-0.8026666666669371,ZONE_TP11,zone,11,test
2026-02-17,19,37.57999999998992,1.977894736841575,ZONE_TP11,zone,11,test
2026-02-18,11,49.49699999998211,4.4997272727256465,ZONE_TP11,zone,11,test
2026-02-19,16,50.450000000008004,3.1531250000005002,ZONE_TP11,zone,11,test
2026-02-20,16,119.00499999999556,7.437812499999723,ZONE_TP11,zone,11,test
2026-02-23,14,84.03999999999269,6.00285714285662,ZONE_TP11,zone,11,test
2026-02-24,14,-12.74300000000585,-0.9102142857147035,ZONE_TP11,zone,11,test
2026-02-25,11,20.843999999991865,1.8949090909083515,ZONE_TP11,zone,11,test
2026-02-26,11,46.57399999999143,4.233999999999221,ZONE_TP11,zone,11,test
2026-02-27,14,27.05500000000029,1.9325000000000208,ZONE_TP11,zone,11,test
2026-03-02,10,-19.119000000002416,-1.9119000000002415,ZONE_TP11,zone,11,test
2026-03-03,28,-25.624000000005253,-0.9151428571430448,ZONE_TP11,zone,11,test
2026-03-04,11,-5.587000000005901,-0.5079090909096273,ZONE_TP11,zone,11,test
2026-03-05,18,25.772999999991956,1.4318333333328865,ZONE_TP11,zone,11,test
2026-03-06,15,0.8969999999890205,0.05979999999926803,ZONE_TP11,zone,11,test
2026-03-09,15,83.50599999999395,5.567066666666263,ZONE_TP11,zone,11,test
2026-03-10,22,31.373800995025096,1.4260818634102317,ZONE_TP11,zone,11,test
2026-03-11,12,9.300000000006548,0.7750000000005457,ZONE_TP11,zone,11,test
2026-03-12,25,21.12299999998686,0.8449199999994744,ZONE_TP11,zone,11,test
2026-03-13,13,20.222999999980857,1.555615384613912,ZONE_TP11,zone,11,test
2026-03-16,8,29.742999999997664,3.717874999999708,ZONE_TP11,zone,11,test
2026-03-17,8,4.44300000000203,0.5553750000002537,ZONE_TP11,zone,11,test
2026-03-18,19,17.166999999991276,0.9035263157890145,ZONE_TP11,zone,11,test
2026-03-19,25,130.67522480619905,5.227008992247963,ZONE_TP11,zone,11,test
2026-03-20,18,27.963999999989028,1.553555555554946,ZONE_TP11,zone,11,test
2026-03-23,21,109.66299999999501,5.222047619047381,ZONE_TP11,zone,11,test
2026-03-24,17,19.710999999993874,1.1594705882349337,ZONE_TP11,zone,11,test
2026-03-25,11,47.54699999998593,4.322454545453266,ZONE_TP11,zone,11,test
2026-03-26,19,5.623999999993429,0.29599999999965415,ZONE_TP11,zone,11,test
2026-03-27,17,14.326999999996588,0.8427647058821522,ZONE_TP11,zone,11,test
2026-03-30,20,45.559999999990396,2.27799999999952,ZONE_TP11,zone,11,test
2026-03-31,26,36.32499999999982,1.3971153846153777,ZONE_TP11,zone,11,test
2026-04-01,18,32.91399999998703,1.8285555555548347,ZONE_TP11,zone,11,test
2026-04-02,15,22.46699999998873,1.4977999999992486,ZONE_TP11,zone,11,test
2026-04-06,9,-0.8770000000013174,-0.09744444444459083,ZONE_TP11,zone,11,test
2026-04-07,16,66.85000000000036,4.178125000000023,ZONE_TP11,zone,11,test
2026-04-08,19,-18.188000000008287,-0.957263157895173,ZONE_TP11,zone,11,test
2026-04-09,21,38.01599999998416,1.81028571428496,ZONE_TP11,zone,11,test
2026-04-10,8,7.470000000001164,0.9337500000001455,ZONE_TP11,zone,11,test
2026-04-13,9,12.619999999996253,1.402222222221806,ZONE_TP11,zone,11,test
2026-04-14,13,1.6039999999993597,0.12338461538456613,ZONE_TP11,zone,11,test
2026-04-15,9,19.426999999994223,2.158555555554914,ZONE_TP11,zone,11,test
2026-04-16,13,5.647999999998318,0.4344615384614091,ZONE_TP11,zone,11,test
2026-04-17,14,13.942999999999302,0.9959285714285215,ZONE_TP11,zone,11,test
2026-04-20,19,66.26299999999628,3.487526315789278,ZONE_TP11,zone,11,test
2026-04-21,20,2.159999999982574,0.10799999999912871,ZONE_TP11,zone,11,test
2026-04-22,14,8.129999999991014,0.5807142857136439,ZONE_TP11,zone,11,test
2026-04-23,7,26.71699999999055,3.8167142857129357,ZONE_TP11,zone,11,test
2026-04-24,9,5.539999999999964,0.6155555555555515,ZONE_TP11,zone,11,test
2026-04-27,15,0.5870000000004438,0.03913333333336292,ZONE_TP11,zone,11,test
2026-04-28,20,30.89999999999327,1.5449999999996635,ZONE_TP11,zone,11,test
2026-04-29,12,15.64400000000387,1.3036666666669892,ZONE_TP11,zone,11,test
2026-04-30,14,3.4729999999926804,0.24807142857090575,ZONE_TP11,zone,11,test
2026-05-01,14,-6.980000000008658,-0.498571428572047,ZONE_TP11,zone,11,test
2026-05-04,23,14.790999999982887,0.6430869565209951,ZONE_TP11,zone,11,test
2026-05-05,7,-2.8340000000034706,-0.4048571428576387,ZONE_TP11,zone,11,test
2026-05-06,19,35.770000000004075,1.882631578947583,ZONE_TP11,zone,11,test
2026-05-07,16,66.51300000000174,4.157062500000109,ZONE_TP11,zone,11,test
2026-05-08,11,0.04533333332468205,0.004121212120425641,ZONE_TP11,zone,11,test
2026-05-11,17,33.66700000001492,1.9804117647067603,ZONE_TP11,zone,11,test
2026-05-12,22,36.008748299324,1.636761286332909,ZONE_TP11,zone,11,test
2026-05-13,7,11.719999999999347,1.674285714285621,ZONE_TP11,zone,11,test
2026-05-14,7,-4.324000000004162,-0.6177142857148803,ZONE_TP11,zone,11,test
2026-05-15,11,9.262999999993554,0.842090909090323,ZONE_TP11,zone,11,test
2026-05-18,9,-7.890000000002146,-0.8766666666669052,ZONE_TP11,zone,11,test
2026-05-19,18,23.63999999999305,1.3133333333329473,ZONE_TP11,zone,11,test
2026-05-20,19,-1.6759999999994766,-0.08821052631576193,ZONE_TP11,zone,11,test
2026-05-21,12,36.44300000000658,3.036916666667215,ZONE_TP11,zone,11,test
2026-05-22,8,16.470000000003893,2.0587500000004866,ZONE_TP11,zone,11,test
2026-05-25,4,-2.5330000000021755,-0.6332500000005439,ZONE_TP11,zone,11,test
2026-05-26,9,19.679999999993925,2.1866666666659915,ZONE_TP11,zone,11,test
2026-05-27,6,12.43000000000302,2.07166666666717,ZONE_TP11,zone,11,test
2026-05-28,25,29.90999999999167,1.1963999999996668,ZONE_TP11,zone,11,test
2026-05-29,16,58.7670000000071,3.672937500000444,ZONE_TP11,zone,11,test
2026-06-01,13,-4.223000000002685,-0.3248461538463604,ZONE_TP11,zone,11,test
2026-06-02,13,14.056999999990694,1.0813076923069764,ZONE_TP11,zone,11,test
2026-06-03,15,-8.88700000000972,-0.5924666666673147,ZONE_TP11,zone,11,test
2026-06-04,8,7.309999999991305,0.9137499999989132,ZONE_TP11,zone,11,test
2026-06-05,9,-0.34000000000378344,-0.03777777777819816,ZONE_TP11,zone,11,test
2026-06-08,10,22.510000000001128,2.2510000000001127,ZONE_TP11,zone,11,test
2026-06-09,17,4.725999999989654,0.2779999999993914,ZONE_TP11,zone,11,test
2026-06-10,27,21.596999999977015,0.7998888888880376,ZONE_TP11,zone,11,test
2026-06-11,14,62.54400000000215,4.467428571428725,ZONE_TP11,zone,11,test
2026-06-12,5,2.0169999999961874,0.4033999999992375,ZONE_TP11,zone,11,test
2026-06-15,14,8.37699999999495,0.5983571428567822,ZONE_TP11,zone,11,test
2026-06-16,11,7.6599999999943975,0.696363636363127,ZONE_TP11,zone,11,test
2026-06-17,15,37.68999999999687,2.512666666666458,ZONE_TP11,zone,11,test
2026-06-18,14,40.94699999998011,2.9247857142842935,ZONE_TP11,zone,11,test
2026-06-19,12,30.18999999999869,2.5158333333332243,ZONE_TP11,zone,11,test
2026-06-22,10,9.530000000000655,0.9530000000000655,ZONE_TP11,zone,11,test
2026-06-23,14,32.98999999999751,2.3564285714283932,ZONE_TP11,zone,11,test
2026-06-24,17,23.70699999999988,1.394529411764699,ZONE_TP11,zone,11,test
2026-06-25,4,5.1500000000010004,1.2875000000002501,ZONE_TP11,zone,11,test
2026-06-26,18,-8.83699999999726,-0.49094444444429225,ZONE_TP11,zone,11,test
2026-06-29,15,48.63100000000941,3.2420666666672937,ZONE_TP11,zone,11,test
2026-06-30,11,-6.372999999999138,-0.579363636363558,ZONE_TP11,zone,11,test
2026-07-01,20,6.769999999995434,0.3384999999997717,ZONE_TP11,zone,11,test
2026-07-02,6,-5.9099999999998545,-0.9849999999999758,ZONE_TP11,zone,11,test
2026-07-03,6,4.849999999995816,0.808333333332636,ZONE_TP11,zone,11,test
2026-07-06,5,2.1199999999935244,0.42399999999870486,ZONE_TP11,zone,11,test
2026-07-07,8,-1.0000000000009095,-0.1250000000001137,ZONE_TP11,zone,11,test
2026-07-08,15,4.009999999999309,0.26733333333328724,ZONE_TP11,zone,11,test
2026-07-09,7,-2.7100000000018554,-0.3871428571431222,ZONE_TP11,zone,11,test
2026-07-10,5,-2.7700000000022555,-0.5540000000004511,ZONE_TP11,zone,11,test
2026-07-13,21,31.889999999993506,1.5185714285711194,ZONE_TP11,zone,11,test
2026-07-14,16,38.57999999999356,2.4112499999995975,ZONE_TP11,zone,11,test
2026-07-15,8,17.90999999999576,2.23874999999947,ZONE_TP11,zone,11,test
2026-01-02,18,-11.193000000011125,-0.6218333333339514,ZONE_TP12,zone,12,test
2026-01-05,13,16.372999999999593,1.259461538461507,ZONE_TP12,zone,12,test
2026-01-06,17,-1.7890000000124928,-0.10523529411838194,ZONE_TP12,zone,12,test
2026-01-07,8,12.976999999997133,1.6221249999996417,ZONE_TP12,zone,12,test
2026-01-08,13,29.676999999987856,2.28284615384522,ZONE_TP12,zone,12,test
2026-01-09,16,6.901999999995494,0.4313749999997184,ZONE_TP12,zone,12,test
2026-01-12,13,17.8900000000167,1.3761538461551306,ZONE_TP12,zone,12,test
2026-01-13,10,14.81000000000131,1.4810000000001309,ZONE_TP12,zone,12,test
2026-01-14,11,-8.094000000005508,-0.7358181818186825,ZONE_TP12,zone,12,test
2026-01-15,7,1.601000000001478,0.22871428571449684,ZONE_TP12,zone,12,test
2026-01-16,9,-7.4430000000047585,-0.8270000000005288,ZONE_TP12,zone,12,test
2026-01-19,3,-2.3000000000010914,-0.7666666666670304,ZONE_TP12,zone,12,test
2026-01-20,16,9.772999999989224,0.6108124999993265,ZONE_TP12,zone,12,test
2026-01-21,10,-3.9960000000146465,-0.3996000000014647,ZONE_TP12,zone,12,test
2026-01-22,24,26.40599999999631,1.1002499999998463,ZONE_TP12,zone,12,test
2026-01-23,17,71.0400000000136,4.178823529412565,ZONE_TP12,zone,12,test
2026-01-26,10,8.805999999995038,0.8805999999995038,ZONE_TP12,zone,12,test
2026-01-27,15,44.27399999999852,2.9515999999999014,ZONE_TP12,zone,12,test
2026-01-28,31,213.48850954479835,6.886726114348334,ZONE_TP12,zone,12,test
2026-01-29,22,138.02499999999964,6.27386363636362,ZONE_TP12,zone,12,test
2026-01-30,29,100.82299999998213,3.476655172413177,ZONE_TP12,zone,12,test
2026-02-02,24,346.61099999998805,14.442124999999502,ZONE_TP12,zone,12,test
2026-02-03,24,104.61699999999018,4.359041666666258,ZONE_TP12,zone,12,test
2026-02-04,20,27.5479999999925,1.377399999999625,ZONE_TP12,zone,12,test
2026-02-05,26,104.28100000000268,4.010807692307795,ZONE_TP12,zone,12,test
2026-02-06,23,72.73899999999139,3.16256521739093,ZONE_TP12,zone,12,test
2026-02-09,20,12.691300624760819,0.634565031238041,ZONE_TP12,zone,12,test
2026-02-10,9,-7.447000000002845,-0.8274444444447605,ZONE_TP12,zone,12,test
2026-02-11,16,-11.241000000005442,-0.7025625000003402,ZONE_TP12,zone,12,test
2026-02-12,11,23.01999999999589,2.092727272726899,ZONE_TP12,zone,12,test
2026-02-13,20,45.61099999998805,2.2805499999994026,ZONE_TP12,zone,12,test
2026-02-16,6,-4.8160000000016225,-0.8026666666669371,ZONE_TP12,zone,12,test
2026-02-17,19,42.322999999989406,2.227526315788916,ZONE_TP12,zone,12,test
2026-02-18,11,54.13699999998062,4.9215454545436925,ZONE_TP12,zone,12,test
2026-02-19,16,55.867000000009284,3.4916875000005803,ZONE_TP12,zone,12,test
2026-02-20,16,130.4019999999955,8.150124999999719,ZONE_TP12,zone,12,test
2026-02-23,14,92.47699999999259,6.605499999999471,ZONE_TP12,zone,12,test
2026-02-24,14,-12.74300000000585,-0.9102142857147035,ZONE_TP12,zone,12,test
2026-02-25,11,23.07399999999143,2.0976363636355844,ZONE_TP12,zone,12,test
2026-02-26,11,36.853999999988446,3.350363636362586,ZONE_TP12,zone,12,test
2026-02-27,14,30.11500000000069,2.151071428571478,ZONE_TP12,zone,12,test
2026-03-02,10,-19.119000000002416,-1.9119000000002415,ZONE_TP12,zone,12,test
2026-03-03,28,-25.13100000000486,-0.8975357142858879,ZONE_TP12,zone,12,test
2026-03-04,11,-5.587000000005901,-0.5079090909096273,ZONE_TP12,zone,12,test
2026-03-05,18,28.932999999991807,1.6073888888884338,ZONE_TP12,zone,12,test
2026-03-06,15,1.696999999988293,0.11313333333255286,ZONE_TP12,zone,12,test
2026-03-09,15,92.29599999999391,6.153066666666261,ZONE_TP12,zone,12,test
2026-03-10,22,34.653800995025755,1.5751727725011706,ZONE_TP12,zone,12,test
2026-03-11,12,10.60000000000764,0.88333333333397,ZONE_TP12,zone,12,test
2026-03-12,25,17.112999999984822,0.684519999999393,ZONE_TP12,zone,12,test
2026-03-13,13,22.622999999979584,1.7402307692291987,ZONE_TP12,zone,12,test
2026-03-16,8,33.00299999999788,4.125374999999735,ZONE_TP12,zone,12,test
2026-03-17,8,5.066000000002533,0.6332500000003166,ZONE_TP12,zone,12,test
2026-03-18,19,19.816999999990912,1.0429999999995216,ZONE_TP12,zone,12,test
2026-03-19,25,143.61822480619927,5.74472899224797,ZONE_TP12,zone,12,test
2026-03-20,18,31.81099999998878,1.7672777777771544,ZONE_TP12,zone,12,test
2026-03-23,21,123.80299999999534,5.89538095238073,ZONE_TP12,zone,12,test
2026-03-24,17,22.4779999999937,1.3222352941172764,ZONE_TP12,zone,12,test
2026-03-25,11,52.389999999984866,4.762727272725897,ZONE_TP12,zone,12,test
2026-03-26,19,8.060999999993328,0.4242631578943857,ZONE_TP12,zone,12,test
2026-03-27,17,17.17699999999695,1.010411764705703,ZONE_TP12,zone,12,test
2026-03-30,20,51.44299999999021,2.5721499999995103,ZONE_TP12,zone,12,test
2026-03-31,26,41.31200000000081,1.588923076923108,ZONE_TP12,zone,12,test
2026-04-01,18,37.183999999986554,2.065777777777031,ZONE_TP12,zone,12,test
2026-04-02,15,25.013999999988304,1.6675999999992202,ZONE_TP12,zone,12,test
2026-04-06,9,-0.11400000000139743,-0.012666666666821936,ZONE_TP12,zone,12,test
2026-04-07,16,73.67000000000098,4.604375000000061,ZONE_TP12,zone,12,test
2026-04-08,19,-18.188000000008287,-0.957263157895173,ZONE_TP12,zone,12,test
2026-04-09,21,41.292999999983294,1.966333333332538,ZONE_TP12,zone,12,test
2026-04-10,8,8.467000000001462,1.0583750000001828,ZONE_TP12,zone,12,test
2026-04-13,9,-6.940000000005966,-0.771111111111774,ZONE_TP12,zone,12,test
2026-04-14,13,2.3739999999997963,0.18261538461536894,ZONE_TP12,zone,12,test
2026-04-15,9,21.679999999993925,2.408888888888214,ZONE_TP12,zone,12,test
2026-04-16,13,6.697999999998501,0.5152307692306539,ZONE_TP12,zone,12,test
2026-04-17,14,15.88299999999981,1.1344999999999865,ZONE_TP12,zone,12,test
2026-04-20,19,67.68299999998635,3.5622631578940185,ZONE_TP12,zone,12,test
2026-04-21,20,3.6199999999817,0.180999999999085,ZONE_TP12,zone,12,test
2026-04-22,14,9.559999999990396,0.6828571428564568,ZONE_TP12,zone,12,test
2026-04-23,7,29.64699999998993,4.2352857142842755,ZONE_TP12,zone,12,test
2026-04-24,9,6.600000000000364,0.7333333333333738,ZONE_TP12,zone,12,test
2026-04-27,15,1.0270000000009532,0.06846666666673021,ZONE_TP12,zone,12,test
2026-04-28,20,32.51999999999316,1.625999999999658,ZONE_TP12,zone,12,test
2026-04-29,12,17.674000000004526,1.4728333333337105,ZONE_TP12,zone,12,test
2026-04-30,14,4.355999999992491,0.3111428571423208,ZONE_TP12,zone,12,test
2026-05-01,14,-6.980000000008658,-0.498571428572047,ZONE_TP12,zone,12,test
2026-05-04,23,17.451999999982036,0.7587826086948711,ZONE_TP12,zone,12,test
2026-05-05,7,-2.8340000000034706,-0.4048571428576387,ZONE_TP12,zone,12,test
2026-05-06,19,39.25999999999658,2.0663157894735042,ZONE_TP12,zone,12,test
2026-05-07,16,73.3590000000022,4.584937500000137,ZONE_TP12,zone,12,test
2026-05-08,11,0.6053333333241727,0.05503030302947025,ZONE_TP12,zone,12,test
2026-05-11,17,37.43400000001657,2.2020000000009747,ZONE_TP12,zone,12,test
2026-05-12,22,40.20474829932482,1.827488559060219,ZONE_TP12,zone,12,test
2026-05-13,7,13.229999999999563,1.8899999999999377,ZONE_TP12,zone,12,test
2026-05-14,7,-4.324000000004162,-0.6177142857148803,ZONE_TP12,zone,12,test
2026-05-15,11,10.752999999993335,0.9775454545448486,ZONE_TP12,zone,12,test
2026-05-18,9,-7.890000000002146,-0.8766666666669052,ZONE_TP12,zone,12,test
2026-05-19,18,26.2299999999932,1.4572222222218445,ZONE_TP12,zone,12,test
2026-05-20,19,-1.02599999999893,-0.05399999999994368,ZONE_TP12,zone,12,test
2026-05-21,12,40.12600000000748,3.3438333333339565,ZONE_TP12,zone,12,test
2026-05-22,8,18.210000000004587,2.2762500000005734,ZONE_TP12,zone,12,test
2026-05-25,4,-2.5330000000021755,-0.6332500000005439,ZONE_TP12,zone,12,test
2026-05-26,9,21.879999999993746,2.4311111111104164,ZONE_TP12,zone,12,test
2026-05-27,6,13.780000000003383,2.2966666666672304,ZONE_TP12,zone,12,test
2026-05-28,25,33.59699999999157,1.3438799999996627,ZONE_TP12,zone,12,test
2026-05-29,16,63.687000000008084,3.9804375000005052,ZONE_TP12,zone,12,test
2026-06-01,13,-3.886000000002241,-0.2989230769232493,ZONE_TP12,zone,12,test
2026-06-02,13,15.893999999990228,1.222615384614633,ZONE_TP12,zone,12,test
2026-06-03,15,-8.527000000010048,-0.5684666666673366,ZONE_TP12,zone,12,test
2026-06-04,8,8.329999999990832,1.041249999998854,ZONE_TP12,zone,12,test
2026-06-05,9,0.10999999999603466,0.012222222221781629,ZONE_TP12,zone,12,test
2026-06-08,10,24.977000000001677,2.497700000000168,ZONE_TP12,zone,12,test
2026-06-09,17,6.085999999989326,0.35799999999937215,ZONE_TP12,zone,12,test
2026-06-10,27,24.793999999975313,0.9182962962953819,ZONE_TP12,zone,12,test
2026-06-11,14,68.84700000000248,4.917642857143035,ZONE_TP12,zone,12,test
2026-06-12,5,2.36399999999594,0.472799999999188,ZONE_TP12,zone,12,test
2026-06-15,14,9.716999999995096,0.6940714285710783,ZONE_TP12,zone,12,test
2026-06-16,11,7.056999999992514,0.641545454544774,ZONE_TP12,zone,12,test
2026-06-17,15,31.63999999999487,2.1093333333329913,ZONE_TP12,zone,12,test
2026-06-18,14,45.26699999997891,3.233357142855636,ZONE_TP12,zone,12,test
2026-06-19,12,32.60999999999876,2.7174999999998968,ZONE_TP12,zone,12,test
2026-06-22,10,10.63000000000102,1.063000000000102,ZONE_TP12,zone,12,test
2026-06-23,14,36.23999999999751,2.5885714285712504,ZONE_TP12,zone,12,test
2026-06-24,17,27.166999999999916,1.5980588235294069,ZONE_TP12,zone,12,test
2026-06-25,4,5.78000000000111,1.4450000000002774,ZONE_TP12,zone,12,test
2026-06-26,18,-13.216999999998734,-0.7342777777777074,ZONE_TP12,zone,12,test
2026-06-29,15,53.731000000010226,3.5820666666673486,ZONE_TP12,zone,12,test
2026-06-30,11,-6.372999999999138,-0.579363636363558,ZONE_TP12,zone,12,test
2026-07-01,20,8.41999999999507,0.4209999999997535,ZONE_TP12,zone,12,test
2026-07-02,6,-5.9099999999998545,-0.9849999999999758,ZONE_TP12,zone,12,test
2026-07-03,6,5.509999999995671,0.9183333333326118,ZONE_TP12,zone,12,test
2026-07-06,5,2.5199999999931606,0.5039999999986321,ZONE_TP12,zone,12,test
2026-07-07,8,-0.37000000000080047,-0.04625000000010006,ZONE_TP12,zone,12,test
2026-07-08,15,5.219999999999347,0.34799999999995646,ZONE_TP12,zone,12,test
2026-07-09,7,-2.7100000000018554,-0.3871428571431222,ZONE_TP12,zone,12,test
2026-07-10,5,-2.7700000000022555,-0.5540000000004511,ZONE_TP12,zone,12,test
2026-07-13,21,35.71999999999298,1.7009523809520466,ZONE_TP12,zone,12,test
2026-07-14,16,31.939999999996417,1.996249999999776,ZONE_TP12,zone,12,test
2026-07-15,8,19.65999999999531,2.457499999999414,ZONE_TP12,zone,12,test
2026-01-02,18,-11.193000000011125,-0.6218333333339514,ZONE_TP13,zone,13,test
2026-01-05,13,18.365999999999985,1.4127692307692297,ZONE_TP13,zone,13,test
2026-01-06,17,-1.1460000000133732,-0.06741176470666901,ZONE_TP13,zone,13,test
2026-01-07,8,14.396999999997206,1.7996249999996508,ZONE_TP13,zone,13,test
2026-01-08,13,32.85699999998724,2.5274615384605568,ZONE_TP13,zone,13,test
2026-01-09,16,8.43899999999576,0.527437499999735,ZONE_TP13,zone,13,test
2026-01-12,13,20.010000000018408,1.5392307692321852,ZONE_TP13,zone,13,test
2026-01-13,10,16.41000000000167,1.641000000000167,ZONE_TP13,zone,13,test
2026-01-14,11,-8.094000000005508,-0.7358181818186825,ZONE_TP13,zone,13,test
2026-01-15,7,2.151000000001658,0.30728571428595114,ZONE_TP13,zone,13,test
2026-01-16,9,-7.4430000000047585,-0.8270000000005288,ZONE_TP13,zone,13,test
2026-01-19,3,-2.3000000000010914,-0.7666666666670304,ZONE_TP13,zone,13,test
2026-01-20,16,11.43599999998878,0.7147499999992988,ZONE_TP13,zone,13,test
2026-01-21,10,-3.4860000000153377,-0.3486000000015338,ZONE_TP13,zone,13,test
2026-01-22,24,29.755999999996675,1.2398333333331948,ZONE_TP13,zone,13,test
2026-01-23,17,77.66000000001532,4.568235294118548,ZONE_TP13,zone,13,test
2026-01-26,10,9.858999999994921,0.9858999999994922,ZONE_TP13,zone,13,test
2026-01-27,15,48.36399999999867,3.224266666666578,ZONE_TP13,zone,13,test
2026-01-28,31,233.40850954480024,7.529306759509685,ZONE_TP13,zone,13,test
2026-01-29,22,152.02800000000025,6.910363636363647,ZONE_TP13,zone,13,test
2026-01-30,29,110.52899999999137,3.811344827585909,ZONE_TP13,zone,13,test
2026-02-02,24,378.8809999999876,15.786708333332816,ZONE_TP13,zone,13,test
2026-02-03,24,112.85699999998997,4.702374999999582,ZONE_TP13,zone,13,test
2026-02-04,20,31.34799999999268,1.567399999999634,ZONE_TP13,zone,13,test
2026-02-05,26,114.4110000000037,4.400423076923219,ZONE_TP13,zone,13,test
2026-02-06,23,81.02899999999136,3.522999999999624,ZONE_TP13,zone,13,test
2026-02-09,20,1.6713006247594726,0.08356503123797362,ZONE_TP13,zone,13,test
2026-02-10,9,-7.447000000002845,-0.8274444444447605,ZONE_TP13,zone,13,test
2026-02-11,16,-11.241000000005442,-0.7025625000003402,ZONE_TP13,zone,13,test
2026-02-12,11,23.349999999995816,2.1227272727268924,ZONE_TP13,zone,13,test
2026-02-13,20,50.35799999998744,2.517899999999372,ZONE_TP13,zone,13,test
2026-02-16,6,-4.8160000000016225,-0.8026666666669371,ZONE_TP13,zone,13,test
2026-02-17,19,47.06599999998889,2.477157894736257,ZONE_TP13,zone,13,test
2026-02-18,11,58.776999999979125,5.3433636363617385,ZONE_TP13,zone,13,test
2026-02-19,16,61.284000000010565,3.8302500000006603,ZONE_TP13,zone,13,test
2026-02-20,16,141.79899999999543,8.862437499999714,ZONE_TP13,zone,13,test
2026-02-23,14,100.91399999999248,7.20814285714232,ZONE_TP13,zone,13,test
2026-02-24,14,-12.74300000000585,-0.9102142857147035,ZONE_TP13,zone,13,test
2026-02-25,11,25.303999999990992,2.3003636363628175,ZONE_TP13,zone,13,test
2026-02-26,11,40.100999999987835,3.6455454545443486,ZONE_TP13,zone,13,test
2026-02-27,14,33.17500000000109,2.369642857142935,ZONE_TP13,zone,13,test
2026-03-02,10,-19.119000000002416,-1.9119000000002415,ZONE_TP13,zone,13,test
2026-03-03,28,-24.638000000004467,-0.8799285714287309,ZONE_TP13,zone,13,test
2026-03-04,11,-5.587000000005901,-0.5079090909096273,ZONE_TP13,zone,13,test
2026-03-05,18,32.09299999999166,1.7829444444439813,ZONE_TP13,zone,13,test
2026-03-06,15,2.4969999999875654,0.1664666666658377,ZONE_TP13,zone,13,test
2026-03-09,15,101.08599999999387,6.739066666666258,ZONE_TP13,zone,13,test
2026-03-10,22,37.93380099502641,1.7242636815921095,ZONE_TP13,zone,13,test
2026-03-11,12,11.900000000008731,0.9916666666673942,ZONE_TP13,zone,13,test
2026-03-12,25,18.38299999998435,0.735319999999374,ZONE_TP13,zone,13,test
2026-03-13,13,25.02299999997831,1.9248461538444854,ZONE_TP13,zone,13,test
2026-03-16,8,36.2629999999981,4.532874999999763,ZONE_TP13,zone,13,test
2026-03-17,8,5.689000000003034,0.7111250000003793,ZONE_TP13,zone,13,test
2026-03-18,19,22.46699999999055,1.182473684210029,ZONE_TP13,zone,13,test
2026-03-19,25,146.98122480619955,5.879248992247982,ZONE_TP13,zone,13,test
2026-03-20,18,35.65799999998853,1.980999999999363,ZONE_TP13,zone,13,test
2026-03-23,21,137.94299999999566,6.568714285714079,ZONE_TP13,zone,13,test
2026-03-24,17,25.244999999993524,1.484999999999619,ZONE_TP13,zone,13,test
2026-03-25,11,57.232999999983804,5.202999999998528,ZONE_TP13,zone,13,test
2026-03-26,19,10.497999999993226,0.5525263157891172,ZONE_TP13,zone,13,test
2026-03-27,17,20.026999999997315,1.1780588235292537,ZONE_TP13,zone,13,test
2026-03-30,20,34.618999999985135,1.7309499999992568,ZONE_TP13,zone,13,test
2026-03-31,26,46.2990000000018,1.7807307692308383,ZONE_TP13,zone,13,test
2026-04-01,18,41.45399999998608,2.3029999999992268,ZONE_TP13,zone,13,test
2026-04-02,15,-7.9170000000067375,-0.5278000000004491,ZONE_TP13,zone,13,test
2026-04-06,9,0.6489999999985225,0.07211111111094695,ZONE_TP13,zone,13,test
2026-04-07,16,80.4900000000016,5.0306250000001,ZONE_TP13,zone,13,test
2026-04-08,19,-18.188000000008287,-0.957263157895173,ZONE_TP13,zone,13,test
2026-04-09,21,44.56999999998243,2.122380952380116,ZONE_TP13,zone,13,test
2026-04-10,8,9.46400000000176,1.18300000000022,ZONE_TP13,zone,13,test
2026-04-13,9,-6.940000000005966,-0.771111111111774,ZONE_TP13,zone,13,test
2026-04-14,13,3.144000000000233,0.24184615384617175,ZONE_TP13,zone,13,test
2026-04-15,9,23.932999999993626,2.659222222221514,ZONE_TP13,zone,13,test
2026-04-16,13,7.747999999998683,0.5959999999998987,ZONE_TP13,zone,13,test
2026-04-17,14,17.82300000000032,1.2730714285714515,ZONE_TP13,zone,13,test
2026-04-20,19,57.342999999987114,3.018052631578269,ZONE_TP13,zone,13,test
2026-04-21,20,5.079999999980828,0.2539999999990414,ZONE_TP13,zone,13,test
2026-04-22,14,10.989999999989777,0.7849999999992698,ZONE_TP13,zone,13,test
2026-04-23,7,32.57699999998931,4.653857142855616,ZONE_TP13,zone,13,test
2026-04-24,9,7.660000000000764,0.851111111111196,ZONE_TP13,zone,13,test
2026-04-27,15,1.4670000000014625,0.0978000000000975,ZONE_TP13,zone,13,test
2026-04-28,20,34.13999999999305,1.7069999999996526,ZONE_TP13,zone,13,test
2026-04-29,12,19.70400000000518,1.6420000000004318,ZONE_TP13,zone,13,test
2026-04-30,14,5.238999999992302,0.3742142857137359,ZONE_TP13,zone,13,test
2026-05-01,14,-6.980000000008658,-0.498571428572047,ZONE_TP13,zone,13,test
2026-05-04,23,15.912999999985914,0.6918695652167789,ZONE_TP13,zone,13,test
2026-05-05,7,-2.8340000000034706,-0.4048571428576387,ZONE_TP13,zone,13,test
2026-05-06,19,23.649999999998727,1.244736842105196,ZONE_TP13,zone,13,test
2026-05-07,16,80.20500000000266,5.012812500000166,ZONE_TP13,zone,13,test
2026-05-08,11,1.1653333333236635,0.10593939393851487,ZONE_TP13,zone,13,test
2026-05-11,17,41.20100000001821,2.4235882352951887,ZONE_TP13,zone,13,test
2026-05-12,22,44.40074829932564,2.018215831787529,ZONE_TP13,zone,13,test
2026-05-13,7,14.739999999999782,2.1057142857142543,ZONE_TP13,zone,13,test
2026-05-14,7,-4.324000000004162,-0.6177142857148803,ZONE_TP13,zone,13,test
2026-05-15,11,12.242999999993117,1.1129999999993743,ZONE_TP13,zone,13,test
2026-05-18,9,-7.890000000002146,-0.8766666666669052,ZONE_TP13,zone,13,test
2026-05-19,18,28.819999999993346,1.6011111111107414,ZONE_TP13,zone,13,test
2026-05-20,19,-0.3759999999983853,-0.019789473684125543,ZONE_TP13,zone,13,test
2026-05-21,12,43.80900000000838,3.6507500000006985,ZONE_TP13,zone,13,test
2026-05-22,8,19.95000000000527,2.493750000000659,ZONE_TP13,zone,13,test
2026-05-25,4,-2.5330000000021755,-0.6332500000005439,ZONE_TP13,zone,13,test
2026-05-26,9,24.079999999993564,2.6755555555548405,ZONE_TP13,zone,13,test
2026-05-27,6,15.130000000003747,2.5216666666672913,ZONE_TP13,zone,13,test
2026-05-28,25,37.283999999991465,1.4913599999996585,ZONE_TP13,zone,13,test
2026-05-29,16,68.60700000000907,4.287937500000567,ZONE_TP13,zone,13,test
2026-06-01,13,-3.549000000001797,-0.27300000000013824,ZONE_TP13,zone,13,test
2026-06-02,13,17.730999999989763,1.3639230769222894,ZONE_TP13,zone,13,test
2026-06-03,15,-13.437000000006265,-0.8958000000004176,ZONE_TP13,zone,13,test
2026-06-04,8,9.34999999999036,1.168749999998795,ZONE_TP13,zone,13,test
2026-06-05,9,-5.960000000002765,-0.6622222222225295,ZONE_TP13,zone,13,test
2026-06-08,10,27.444000000002234,2.7444000000002235,ZONE_TP13,zone,13,test
2026-06-09,17,7.445999999988999,0.43799999999935285,ZONE_TP13,zone,13,test
2026-06-10,27,27.99099999997361,1.0367037037027262,ZONE_TP13,zone,13,test
2026-06-11,14,75.15000000000282,5.3678571428573445,ZONE_TP13,zone,13,test
2026-06-12,5,2.7109999999956926,0.5421999999991385,ZONE_TP13,zone,13,test
2026-06-15,14,11.056999999995242,0.7897857142853744,ZONE_TP13,zone,13,test
2026-06-16,11,7.4169999999921865,0.6742727272720169,ZONE_TP13,zone,13,test
2026-06-17,15,35.229999999995016,2.3486666666663343,ZONE_TP13,zone,13,test
2026-06-18,14,49.58699999997771,3.541928571426979,ZONE_TP13,zone,13,test
2026-06-19,12,29.659999999996217,2.4716666666663514,ZONE_TP13,zone,13,test
2026-06-22,10,11.73000000000138,1.1730000000001382,ZONE_TP13,zone,13,test
2026-06-23,14,39.48999999999751,2.8207142857141076,ZONE_TP13,zone,13,test
2026-06-24,17,30.626999999999953,1.8015882352941148,ZONE_TP13,zone,13,test
2026-06-25,4,6.410000000001219,1.6025000000003047,ZONE_TP13,zone,13,test
2026-06-26,18,-13.216999999998734,-0.7342777777777074,ZONE_TP13,zone,13,test
2026-06-29,15,48.483000000010634,3.232200000000709,ZONE_TP13,zone,13,test
2026-06-30,11,-6.372999999999138,-0.579363636363558,ZONE_TP13,zone,13,test
2026-07-01,20,10.069999999994707,0.5034999999997354,ZONE_TP13,zone,13,test
2026-07-02,6,-5.9099999999998545,-0.9849999999999758,ZONE_TP13,zone,13,test
2026-07-03,6,6.169999999995525,1.0283333333325875,ZONE_TP13,zone,13,test
2026-07-06,5,2.919999999992797,0.5839999999985593,ZONE_TP13,zone,13,test
2026-07-07,8,0.2599999999993087,0.032499999999913584,ZONE_TP13,zone,13,test
2026-07-08,15,6.429999999999383,0.42866666666662556,ZONE_TP13,zone,13,test
2026-07-09,7,-2.7100000000018554,-0.3871428571431222,ZONE_TP13,zone,13,test
2026-07-10,5,-2.7700000000022555,-0.5540000000004511,ZONE_TP13,zone,13,test
2026-07-13,21,39.54999999999245,1.8833333333329738,ZONE_TP13,zone,13,test
2026-07-14,16,34.58999999999605,2.1618749999997533,ZONE_TP13,zone,13,test
2026-07-15,8,21.409999999994852,2.6762499999993565,ZONE_TP13,zone,13,test
2026-01-02,18,-11.193000000011125,-0.6218333333339514,ZONE_TP14,zone,14,test
2026-01-05,13,15.518999999998414,1.1937692307691088,ZONE_TP14,zone,14,test
2026-01-06,17,-0.5030000000142536,-0.029588235294956095,ZONE_TP14,zone,14,test
2026-01-07,8,15.816999999997279,1.9771249999996598,ZONE_TP14,zone,14,test
2026-01-08,13,36.03699999998662,2.7720769230758937,ZONE_TP14,zone,14,test
2026-01-09,16,9.97599999999602,0.6234999999997513,ZONE_TP14,zone,14,test
2026-01-12,13,22.130000000020118,1.70230769230924,ZONE_TP14,zone,14,test
2026-01-13,10,18.010000000002037,1.8010000000002038,ZONE_TP14,zone,14,test
2026-01-14,11,-8.094000000005508,-0.7358181818186825,ZONE_TP14,zone,14,test
2026-01-15,7,2.701000000001841,0.38585714285740585,ZONE_TP14,zone,14,test
2026-01-16,9,-7.4430000000047585,-0.8270000000005288,ZONE_TP14,zone,14,test
2026-01-19,3,-2.3000000000010914,-0.7666666666670304,ZONE_TP14,zone,14,test
2026-01-20,16,13.098999999988337,0.818687499999271,ZONE_TP14,zone,14,test
2026-01-21,10,-2.976000000016028,-0.2976000000016028,ZONE_TP14,zone,14,test
2026-01-22,24,33.10599999999704,1.3794166666665433,ZONE_TP14,zone,14,test
2026-01-23,17,84.28000000001703,4.957647058824531,ZONE_TP14,zone,14,test
2026-01-26,10,10.911999999994805,1.0911999999994806,ZONE_TP14,zone,14,test
2026-01-27,15,52.453999999998814,3.496933333333254,ZONE_TP14,zone,14,test
2026-01-28,31,253.32850954480213,8.171887404671036,ZONE_TP14,zone,14,test
2026-01-29,22,166.03100000000086,7.546863636363676,ZONE_TP14,zone,14,test
2026-01-30,29,117.25199999999133,4.043172413792805,ZONE_TP14,zone,14,test
2026-02-02,24,411.1509999999871,17.13129166666613,ZONE_TP14,zone,14,test
2026-02-03,24,121.09699999998975,5.0457083333329065,ZONE_TP14,zone,14,test
2026-02-04,20,35.14799999999286,1.757399999999643,ZONE_TP14,zone,14,test
2026-02-05,26,124.54100000000471,4.790038461538643,ZONE_TP14,zone,14,test
2026-02-06,23,89.31899999999132,3.8834347826083184,ZONE_TP14,zone,14,test
2026-02-09,20,2.6213006247592907,0.13106503123796454,ZONE_TP14,zone,14,test
2026-02-10,9,-7.447000000002845,-0.8274444444447605,ZONE_TP14,zone,14,test
2026-02-11,16,-11.241000000005442,-0.7025625000003402,ZONE_TP14,zone,14,test
2026-02-12,11,23.679999999995744,2.1527272727268856,ZONE_TP14,zone,14,test
2026-02-13,20,55.10499999998683,2.7552499999993416,ZONE_TP14,zone,14,test
2026-02-16,6,-4.8160000000016225,-0.8026666666669371,ZONE_TP14,zone,14,test
2026-02-17,19,51.80899999998837,2.7267894736835987,ZONE_TP14,zone,14,test
2026-02-18,11,58.64699999998447,5.331545454544043,ZONE_TP14,zone,14,test
2026-02-19,16,66.70100000001185,4.16881250000074,ZONE_TP14,zone,14,test
2026-02-20,16,153.19599999999537,9.57474999999971,ZONE_TP14,zone,14,test
2026-02-23,14,109.35099999999238,7.81078571428517,ZONE_TP14,zone,14,test
2026-02-24,14,-12.74300000000585,-0.9102142857147035,ZONE_TP14,zone,14,test
2026-02-25,11,27.533999999990556,2.5030909090900506,ZONE_TP14,zone,14,test
2026-02-26,11,43.34799999998722,3.9407272727261113,ZONE_TP14,zone,14,test
2026-02-27,14,36.23500000000149,2.5882142857143924,ZONE_TP14,zone,14,test
2026-03-02,10,-19.119000000002416,-1.9119000000002415,ZONE_TP14,zone,14,test
2026-03-03,28,-24.145000000004075,-0.8623214285715741,ZONE_TP14,zone,14,test
2026-03-04,11,-5.587000000005901,-0.5079090909096273,ZONE_TP14,zone,14,test
2026-03-05,18,35.25299999999152,1.9584999999995292,ZONE_TP14,zone,14,test
2026-03-06,15,3.296999999986838,0.21979999999912253,ZONE_TP14,zone,14,test
2026-03-09,15,96.55599999998867,6.4370666666659115,ZONE_TP14,zone,14,test
2026-03-10,22,41.213800995027064,1.8733545906830484,ZONE_TP14,zone,14,test
2026-03-11,12,13.200000000009823,1.1000000000008185,ZONE_TP14,zone,14,test
2026-03-12,25,19.652999999983876,0.7861199999993551,ZONE_TP14,zone,14,test
2026-03-13,13,27.422999999977037,2.109461538459772,ZONE_TP14,zone,14,test
2026-03-16,8,29.212999999991553,3.651624999998944,ZONE_TP14,zone,14,test
2026-03-17,8,6.312000000003536,0.789000000000442,ZONE_TP14,zone,14,test
2026-03-18,19,13.8769999999995,0.7303684210526052,ZONE_TP14,zone,14,test
2026-03-19,25,158.92422480619976,6.356968992247991,ZONE_TP14,zone,14,test
2026-03-20,18,39.504999999988286,2.1947222222215714,ZONE_TP14,zone,14,test
2026-03-23,21,130.54299999999148,6.216333333332928,ZONE_TP14,zone,14,test
2026-03-24,17,28.01199999999335,1.6477647058819618,ZONE_TP14,zone,14,test
2026-03-25,11,62.07599999998274,5.6432727272711585,ZONE_TP14,zone,14,test
2026-03-26,19,12.934999999993124,0.6807894736838487,ZONE_TP14,zone,14,test
2026-03-27,17,22.87699999999768,1.3457058823528047,ZONE_TP14,zone,14,test
2026-03-30,20,37.90199999998458,1.895099999999229,ZONE_TP14,zone,14,test
2026-03-31,26,51.28600000000279,1.9725384615385688,ZONE_TP14,zone,14,test
2026-04-01,18,45.72399999998561,2.5402222222214226,ZONE_TP14,zone,14,test
2026-04-02,15,-7.9170000000067375,-0.5278000000004491,ZONE_TP14,zone,14,test
2026-04-06,9,1.4119999999984425,0.15688888888871583,ZONE_TP14,zone,14,test
2026-04-07,16,73.95500000000266,4.622187500000166,ZONE_TP14,zone,14,test
2026-04-08,19,-18.188000000008287,-0.957263157895173,ZONE_TP14,zone,14,test
2026-04-09,21,47.84699999998156,2.2784285714276935,ZONE_TP14,zone,14,test
2026-04-10,8,10.461000000002059,1.3076250000002574,ZONE_TP14,zone,14,test
2026-04-13,9,-6.940000000005966,-0.771111111111774,ZONE_TP14,zone,14,test
2026-04-14,13,3.9140000000006694,0.3010769230769746,ZONE_TP14,zone,14,test
2026-04-15,9,26.185999999993328,2.9095555555548143,ZONE_TP14,zone,14,test
2026-04-16,13,8.797999999998865,0.6767692307691434,ZONE_TP14,zone,14,test
2026-04-17,14,19.76300000000083,1.4116428571429165,ZONE_TP14,zone,14,test
2026-04-20,19,62.35299999998642,3.2817368421045487,ZONE_TP14,zone,14,test
2026-04-21,20,6.539999999979955,0.32699999999899776,ZONE_TP14,zone,14,test
2026-04-22,14,12.419999999989159,0.8871428571420827,ZONE_TP14,zone,14,test
2026-04-23,7,35.50699999998869,5.072428571426956,ZONE_TP14,zone,14,test
2026-04-24,9,8.720000000001162,0.968888888889018,ZONE_TP14,zone,14,test
2026-04-27,15,1.9070000000019718,0.1271333333334648,ZONE_TP14,zone,14,test
2026-04-28,20,35.75999999999294,1.7879999999996472,ZONE_TP14,zone,14,test
2026-04-29,12,21.734000000005835,1.8111666666671529,ZONE_TP14,zone,14,test
2026-04-30,14,6.121999999992113,0.4372857142851509,ZONE_TP14,zone,14,test
2026-05-01,14,-6.980000000008658,-0.498571428572047,ZONE_TP14,zone,14,test
2026-05-04,23,17.923999999985426,0.7793043478254533,ZONE_TP14,zone,14,test
2026-05-05,7,-2.8340000000034706,-0.4048571428576387,ZONE_TP14,zone,14,test
2026-05-06,19,23.99999999999909,1.2631578947367943,ZONE_TP14,zone,14,test
2026-05-07,16,87.05100000000311,5.440687500000195,ZONE_TP14,zone,14,test
2026-05-08,11,1.7253333333231542,0.15684848484755948,ZONE_TP14,zone,14,test
2026-05-11,17,44.968000000019856,2.645176470589403,ZONE_TP14,zone,14,test
2026-05-12,22,48.596748299326464,2.208943104514839,ZONE_TP14,zone,14,test
2026-05-13,7,16.25,2.3214285714285716,ZONE_TP14,zone,14,test
2026-05-14,7,-4.324000000004162,-0.6177142857148803,ZONE_TP14,zone,14,test
2026-05-15,11,-3.446999999999207,-0.3133636363635643,ZONE_TP14,zone,14,test
2026-05-18,9,-7.890000000002146,-0.8766666666669052,ZONE_TP14,zone,14,test
2026-05-19,18,31.409999999993488,1.7449999999996382,ZONE_TP14,zone,14,test
2026-05-20,19,0.2740000000021604,0.014421052631692653,ZONE_TP14,zone,14,test
2026-05-21,12,47.492000000009284,3.9576666666674405,ZONE_TP14,zone,14,test
2026-05-22,8,21.690000000005966,2.711250000000746,ZONE_TP14,zone,14,test
2026-05-25,4,-2.5330000000021755,-0.6332500000005439,ZONE_TP14,zone,14,test
2026-05-26,9,26.27999999999338,2.9199999999992645,ZONE_TP14,zone,14,test
2026-05-27,6,16.48000000000411,2.746666666667352,ZONE_TP14,zone,14,test
2026-05-28,25,40.97099999999136,1.6388399999996546,ZONE_TP14,zone,14,test
2026-05-29,16,73.52700000001005,4.595437500000628,ZONE_TP14,zone,14,test
2026-06-01,13,-3.2120000000013533,-0.24707692307702717,ZONE_TP14,zone,14,test
2026-06-02,13,19.567999999989297,1.505230769229946,ZONE_TP14,zone,14,test
2026-06-03,15,-13.437000000006265,-0.8958000000004176,ZONE_TP14,zone,14,test
2026-06-04,8,10.369999999989886,1.2962499999987358,ZONE_TP14,zone,14,test
2026-06-05,9,-5.960000000002765,-0.6622222222225295,ZONE_TP14,zone,14,test
2026-06-08,10,29.911000000002787,2.9911000000002788,ZONE_TP14,zone,14,test
2026-06-09,17,8.805999999988671,0.5179999999993337,ZONE_TP14,zone,14,test
2026-06-10,27,31.187999999971908,1.1551111111100707,ZONE_TP14,zone,14,test
2026-06-11,14,81.45300000000316,5.818071428571654,ZONE_TP14,zone,14,test
2026-06-12,5,3.0579999999954453,0.6115999999990891,ZONE_TP14,zone,14,test
2026-06-15,14,12.396999999995387,0.8854999999996706,ZONE_TP14,zone,14,test
2026-06-16,11,7.776999999991859,0.7069999999992599,ZONE_TP14,zone,14,test
2026-06-17,15,38.81999999999516,2.5879999999996772,ZONE_TP14,zone,14,test
2026-06-18,14,53.906999999976506,3.850499999998322,ZONE_TP14,zone,14,test
2026-06-19,12,31.69999999999618,2.641666666666348,ZONE_TP14,zone,14,test
2026-06-22,10,12.830000000001746,1.2830000000001747,ZONE_TP14,zone,14,test
2026-06-23,14,42.73999999999751,3.052857142856965,ZONE_TP14,zone,14,test
2026-06-24,17,34.08699999999999,2.005117647058823,ZONE_TP14,zone,14,test
2026-06-25,4,7.040000000001328,1.760000000000332,ZONE_TP14,zone,14,test
2026-06-26,18,-13.216999999998734,-0.7342777777777074,ZONE_TP14,zone,14,test
2026-06-29,15,52.03600000001143,3.4690666666674286,ZONE_TP14,zone,14,test
2026-06-30,11,-6.372999999999138,-0.579363636363558,ZONE_TP14,zone,14,test
2026-07-01,20,11.719999999994343,0.5859999999997172,ZONE_TP14,zone,14,test
2026-07-02,6,-5.9099999999998545,-0.9849999999999758,ZONE_TP14,zone,14,test
2026-07-03,6,6.82999999999538,1.1383333333325634,ZONE_TP14,zone,14,test
2026-07-06,5,3.319999999992433,0.6639999999984866,ZONE_TP14,zone,14,test
2026-07-07,8,0.8899999999994178,0.11124999999992723,ZONE_TP14,zone,14,test
2026-07-08,15,7.639999999999418,0.5093333333332946,ZONE_TP14,zone,14,test
2026-07-09,7,-2.7100000000018554,-0.3871428571431222,ZONE_TP14,zone,14,test
2026-07-10,5,-2.7700000000022555,-0.5540000000004511,ZONE_TP14,zone,14,test
2026-07-13,21,43.379999999991924,2.0657142857139013,ZONE_TP14,zone,14,test
2026-07-14,16,37.23999999999569,2.3274999999997306,ZONE_TP14,zone,14,test
2026-07-15,8,23.159999999994398,2.8949999999992997,ZONE_TP14,zone,14,test
2026-01-02,18,-11.193000000011125,-0.6218333333339514,ZONE_TP15,zone,15,test
2026-01-05,13,17.17199999999866,1.3209230769229738,ZONE_TP15,zone,15,test
2026-01-06,17,0.139999999984866,0.008235294116756824,ZONE_TP15,zone,15,test
2026-01-07,8,17.23699999999735,2.154624999999669,ZONE_TP15,zone,15,test
2026-01-08,13,39.216999999986,3.0166923076912306,ZONE_TP15,zone,15,test
2026-01-09,16,11.512999999996282,0.7195624999997676,ZONE_TP15,zone,15,test
2026-01-12,13,24.25000000002183,1.8653846153862947,ZONE_TP15,zone,15,test
2026-01-13,10,19.6100000000024,1.96100000000024,ZONE_TP15,zone,15,test
2026-01-14,11,-8.094000000005508,-0.7358181818186825,ZONE_TP15,zone,15,test
2026-01-15,7,3.2510000000020227,0.4644285714288604,ZONE_TP15,zone,15,test
2026-01-16,9,-7.4430000000047585,-0.8270000000005288,ZONE_TP15,zone,15,test
2026-01-19,3,-2.3000000000010914,-0.7666666666670304,ZONE_TP15,zone,15,test
2026-01-20,16,14.761999999987893,0.9226249999992433,ZONE_TP15,zone,15,test
2026-01-21,10,-2.46600000001672,-0.246600000001672,ZONE_TP15,zone,15,test
2026-01-22,24,36.4559999999974,1.5189999999998918,ZONE_TP15,zone,15,test
2026-01-23,17,90.90000000001874,5.347058823530514,ZONE_TP15,zone,15,test
2026-01-26,10,11.964999999994689,1.1964999999994688,ZONE_TP15,zone,15,test
2026-01-27,15,48.80399999999099,3.2535999999993996,ZONE_TP15,zone,15,test
2026-01-28,31,273.248509544804,8.814468049832387,ZONE_TP15,zone,15,test
2026-01-29,22,180.03400000000147,8.183363636363703,ZONE_TP15,zone,15,test
2026-01-30,29,123.97499999999128,4.274999999999699,ZONE_TP15,zone,15,test
2026-02-02,24,443.42099999998663,18.475874999999444,ZONE_TP15,zone,15,test
2026-02-03,24,129.33699999998953,5.38904166666623,ZONE_TP15,zone,15,test
2026-02-04,20,38.947999999993044,1.9473999999996523,ZONE_TP15,zone,15,test
2026-02-05,26,134.67100000000573,5.179653846154067,ZONE_TP15,zone,15,test
2026-02-06,23,97.60899999999128,4.243869565217012,ZONE_TP15,zone,15,test
2026-02-09,20,3.5713006247591106,0.17856503123795553,ZONE_TP15,zone,15,test
2026-02-10,9,-7.447000000002845,-0.8274444444447605,ZONE_TP15,zone,15,test
2026-02-11,16,-11.241000000005442,-0.7025625000003402,ZONE_TP15,zone,15,test
2026-02-12,11,24.00999999999567,2.182727272726879,ZONE_TP15,zone,15,test
2026-02-13,20,59.85199999998622,2.992599999999311,ZONE_TP15,zone,15,test
2026-02-16,6,-4.8160000000016225,-0.8026666666669371,ZONE_TP15,zone,15,test
2026-02-17,19,56.551999999987856,2.97642105263094,ZONE_TP15,zone,15,test
2026-02-18,11,62.97699999998349,5.725181818180317,ZONE_TP15,zone,15,test
2026-02-19,16,72.11800000001313,4.50737500000082,ZONE_TP15,zone,15,test
2026-02-20,16,164.5929999999953,10.287062499999706,ZONE_TP15,zone,15,test
2026-02-23,14,100.94299999998657,7.2102142857133265,ZONE_TP15,zone,15,test
2026-02-24,14,-12.74300000000585,-0.9102142857147035,ZONE_TP15,zone,15,test
2026-02-25,11,29.76399999999012,2.7058181818172837,ZONE_TP15,zone,15,test
2026-02-26,11,27.164999999992688,2.46954545454479,ZONE_TP15,zone,15,test
2026-02-27,14,39.29500000000189,2.806785714285849,ZONE_TP15,zone,15,test
2026-03-02,10,-19.119000000002416,-1.9119000000002415,ZONE_TP15,zone,15,test
2026-03-03,28,-23.65200000000368,-0.8447142857144172,ZONE_TP15,zone,15,test
2026-03-04,11,-5.587000000005901,-0.5079090909096273,ZONE_TP15,zone,15,test
2026-03-05,18,38.41299999999137,2.134055555555076,ZONE_TP15,zone,15,test
2026-03-06,15,-3.4200000000037107,-0.2280000000002474,ZONE_TP15,zone,15,test
2026-03-09,15,104.45599999998831,6.963733333332554,ZONE_TP15,zone,15,test
2026-03-10,22,44.49380099502772,2.0224454997739874,ZONE_TP15,zone,15,test
2026-03-11,12,14.500000000010914,1.2083333333342428,ZONE_TP15,zone,15,test
2026-03-12,25,20.922999999983404,0.8369199999993362,ZONE_TP15,zone,15,test
2026-03-13,13,29.822999999975764,2.2940769230750586,ZONE_TP15,zone,15,test
2026-03-16,8,30.28299999999126,3.7853749999989077,ZONE_TP15,zone,15,test
2026-03-17,8,6.935000000004038,0.8668750000005048,ZONE_TP15,zone,15,test
2026-03-18,19,15.766999999999829,0.8298421052631489,ZONE_TP15,zone,15,test
2026-03-19,25,170.86722480619997,6.834688992247999,ZONE_TP15,zone,15,test
2026-03-20,18,43.35199999998804,2.40844444444378,ZONE_TP15,zone,15,test
2026-03-23,21,-27.437000000009903,-1.306523809524281,ZONE_TP15,zone,15,test
2026-03-24,17,30.778999999993175,1.8105294117643045,ZONE_TP15,zone,15,test
2026-03-25,11,66.91899999998168,6.083545454543789,ZONE_TP15,zone,15,test
2026-03-26,19,15.371999999993022,0.8090526315785801,ZONE_TP15,zone,15,test
2026-03-27,17,25.726999999998043,1.5133529411763555,ZONE_TP15,zone,15,test
2026-03-30,20,41.18499999998403,2.0592499999992016,ZONE_TP15,zone,15,test
2026-03-31,26,56.273000000003776,2.164346153846299,ZONE_TP15,zone,15,test
2026-04-01,18,49.993999999985135,2.777444444443619,ZONE_TP15,zone,15,test
2026-04-02,15,-7.9170000000067375,-0.5278000000004491,ZONE_TP15,zone,15,test
2026-04-06,9,2.1749999999983625,0.24166666666648473,ZONE_TP15,zone,15,test
2026-04-07,16,79.87800000000334,4.992375000000209,ZONE_TP15,zone,15,test
2026-04-08,19,-18.188000000008287,-0.957263157895173,ZONE_TP15,zone,15,test
2026-04-09,21,51.1239999999807,2.434476190475271,ZONE_TP15,zone,15,test
2026-04-10,8,11.458000000002356,1.4322500000002945,ZONE_TP15,zone,15,test
2026-04-13,9,-6.940000000005966,-0.771111111111774,ZONE_TP15,zone,15,test
2026-04-14,13,4.684000000001106,0.36030769230777737,ZONE_TP15,zone,15,test
2026-04-15,9,28.43899999999303,3.1598888888881143,ZONE_TP15,zone,15,test
2026-04-16,13,-2.312000000003536,-0.17784615384642585,ZONE_TP15,zone,15,test
2026-04-17,14,21.70300000000134,1.5502142857143812,ZONE_TP15,zone,15,test
2026-04-20,19,67.36299999998573,3.545421052630828,ZONE_TP15,zone,15,test
2026-04-21,20,7.999999999979082,0.3999999999989541,ZONE_TP15,zone,15,test
2026-04-22,14,13.84999999998854,0.9892857142848958,ZONE_TP15,zone,15,test
2026-04-23,7,38.436999999988075,5.490999999998296,ZONE_TP15,zone,15,test
2026-04-24,9,9.780000000001566,1.0866666666668408,ZONE_TP15,zone,15,test
2026-04-27,15,2.347000000002481,0.15646666666683207,ZONE_TP15,zone,15,test
2026-04-28,20,37.37999999999283,1.8689999999996416,ZONE_TP15,zone,15,test
2026-04-29,12,23.76400000000649,1.9803333333338742,ZONE_TP15,zone,15,test
2026-04-30,14,0.09999999999217912,0.007142857142298509,ZONE_TP15,zone,15,test
2026-05-01,14,-6.980000000008658,-0.498571428572047,ZONE_TP15,zone,15,test
2026-05-04,23,19.93499999998494,0.8667391304341278,ZONE_TP15,zone,15,test
2026-05-05,7,-2.8340000000034706,-0.4048571428576387,ZONE_TP15,zone,15,test
2026-05-06,19,24.349999999999454,1.2815789473683923,ZONE_TP15,zone,15,test
2026-05-07,16,93.89700000000357,5.868562500000223,ZONE_TP15,zone,15,test
2026-05-08,11,2.2853333333226447,0.20775757575660406,ZONE_TP15,zone,15,test
2026-05-11,17,48.7350000000215,2.8667647058836176,ZONE_TP15,zone,15,test
2026-05-12,22,52.792748299327286,2.3996703772421495,ZONE_TP15,zone,15,test
2026-05-13,7,17.76000000000022,2.5371428571428885,ZONE_TP15,zone,15,test
2026-05-14,7,-4.324000000004162,-0.6177142857148803,ZONE_TP15,zone,15,test
2026-05-15,11,-3.096999999998843,-0.28154545454534935,ZONE_TP15,zone,15,test
2026-05-18,9,-7.890000000002146,-0.8766666666669052,ZONE_TP15,zone,15,test
2026-05-19,18,33.99999999999363,1.8888888888885351,ZONE_TP15,zone,15,test
2026-05-20,19,0.9240000000027061,0.04863157894751085,ZONE_TP15,zone,15,test
2026-05-21,12,51.175000000010186,4.2645833333341825,ZONE_TP15,zone,15,test
2026-05-22,8,23.430000000006658,2.928750000000832,ZONE_TP15,zone,15,test
2026-05-25,4,-2.5330000000021755,-0.6332500000005439,ZONE_TP15,zone,15,test
2026-05-26,9,28.479999999993197,3.1644444444436886,ZONE_TP15,zone,15,test
2026-05-27,6,17.830000000004475,2.9716666666674123,ZONE_TP15,zone,15,test
2026-05-28,25,44.65799999999126,1.7863199999996504,ZONE_TP15,zone,15,test
2026-05-29,16,78.44700000001103,4.902937500000689,ZONE_TP15,zone,15,test
2026-06-01,13,-2.8750000000009095,-0.22115384615391612,ZONE_TP15,zone,15,test
2026-06-02,13,21.40499999998883,1.6465384615376024,ZONE_TP15,zone,15,test
2026-06-03,15,-13.437000000006265,-0.8958000000004176,ZONE_TP15,zone,15,test
2026-06-04,8,11.389999999989413,1.4237499999986767,ZONE_TP15,zone,15,test
2026-06-05,9,-5.960000000002765,-0.6622222222225295,ZONE_TP15,zone,15,test
2026-06-08,10,32.37800000000334,3.237800000000334,ZONE_TP15,zone,15,test
2026-06-09,17,10.165999999988344,0.5979999999993143,ZONE_TP15,zone,15,test
2026-06-10,27,34.384999999970205,1.273518518517415,ZONE_TP15,zone,15,test
2026-06-11,14,87.7560000000035,6.268285714285964,ZONE_TP15,zone,15,test
2026-06-12,5,3.404999999995198,0.6809999999990396,ZONE_TP15,zone,15,test
2026-06-15,14,13.73699999999553,0.9812142857139665,ZONE_TP15,zone,15,test
2026-06-16,11,8.13699999999153,0.7397272727265028,ZONE_TP15,zone,15,test
2026-06-17,15,42.40999999999531,2.8273333333330206,ZONE_TP15,zone,15,test
2026-06-18,14,58.226999999975305,4.159071428569665,ZONE_TP15,zone,15,test
2026-06-19,12,33.739999999996144,2.8116666666663455,ZONE_TP15,zone,15,test
2026-06-22,10,13.93000000000211,1.393000000000211,ZONE_TP15,zone,15,test
2026-06-23,14,45.98999999999751,3.284999999999822,ZONE_TP15,zone,15,test
2026-06-24,17,37.547000000000025,2.208647058823531,ZONE_TP15,zone,15,test
2026-06-25,4,7.670000000001437,1.9175000000003593,ZONE_TP15,zone,15,test
2026-06-26,18,-13.216999999998734,-0.7342777777777074,ZONE_TP15,zone,15,test
2026-06-29,15,55.58900000001222,3.705933333334148,ZONE_TP15,zone,15,test
2026-06-30,11,-6.372999999999138,-0.579363636363558,ZONE_TP15,zone,15,test
2026-07-01,20,13.369999999993977,0.6684999999996989,ZONE_TP15,zone,15,test
2026-07-02,6,-5.9099999999998545,-0.9849999999999758,ZONE_TP15,zone,15,test
2026-07-03,6,7.489999999995234,1.248333333332539,ZONE_TP15,zone,15,test
2026-07-06,5,3.719999999992069,0.7439999999984138,ZONE_TP15,zone,15,test
2026-07-07,8,1.519999999999527,0.18999999999994088,ZONE_TP15,zone,15,test
2026-07-08,15,8.849999999999454,0.5899999999999637,ZONE_TP15,zone,15,test
2026-07-09,7,-2.7100000000018554,-0.3871428571431222,ZONE_TP15,zone,15,test
2026-07-10,5,-2.7700000000022555,-0.5540000000004511,ZONE_TP15,zone,15,test
2026-07-13,21,47.2099999999914,2.248095238094829,ZONE_TP15,zone,15,test
2026-07-14,16,39.889999999995325,2.493124999999708,ZONE_TP15,zone,15,test
2026-07-15,8,24.909999999993943,3.113749999999243,ZONE_TP15,zone,15,test
2026-01-02,18,-11.193000000011125,-0.6218333333339514,ZONE_TP16,zone,16,test
2026-01-05,13,18.82499999999891,1.448076923076839,ZONE_TP16,zone,16,test
2026-01-06,17,0.7829999999839856,0.04605882352846974,ZONE_TP16,zone,16,test
2026-01-07,8,18.656999999997424,2.332124999999678,ZONE_TP16,zone,16,test
2026-01-08,13,42.39699999998538,3.261307692306568,ZONE_TP16,zone,16,test
2026-01-09,16,13.049999999996544,0.815624999999784,ZONE_TP16,zone,16,test
2026-01-12,13,26.370000000023538,2.028461538463349,ZONE_TP16,zone,16,test
2026-01-13,10,21.210000000002765,2.1210000000002767,ZONE_TP16,zone,16,test
2026-01-14,11,-8.094000000005508,-0.7358181818186825,ZONE_TP16,zone,16,test
2026-01-15,7,3.8010000000022046,0.5430000000003149,ZONE_TP16,zone,16,test
2026-01-16,9,-7.4430000000047585,-0.8270000000005288,ZONE_TP16,zone,16,test
2026-01-19,3,-2.3000000000010914,-0.7666666666670304,ZONE_TP16,zone,16,test
2026-01-20,16,16.42499999998745,1.0265624999992156,ZONE_TP16,zone,16,test
2026-01-21,10,-1.9560000000174114,-0.19560000000174113,ZONE_TP16,zone,16,test
2026-01-22,24,39.805999999997766,1.6585833333332403,ZONE_TP16,zone,16,test
2026-01-23,17,97.52000000002045,5.736470588236497,ZONE_TP16,zone,16,test
2026-01-26,10,13.017999999994572,1.3017999999994572,ZONE_TP16,zone,16,test
2026-01-27,15,52.413999999990665,3.4942666666660442,ZONE_TP16,zone,16,test
2026-01-28,31,293.1685095448059,9.457048694993738,ZONE_TP16,zone,16,test
2026-01-29,22,194.03700000000208,8.819863636363731,ZONE_TP16,zone,16,test
2026-01-30,29,130.69799999999123,4.506827586206594,ZONE_TP16,zone,16,test
2026-02-02,24,475.69099999998616,19.820458333332756,ZONE_TP16,zone,16,test
2026-02-03,24,137.5769999999893,5.732374999999554,ZONE_TP16,zone,16,test
2026-02-04,20,42.747999999993226,2.137399999999661,ZONE_TP16,zone,16,test
2026-02-05,26,144.80100000000675,5.569269230769491,ZONE_TP16,zone,16,test
2026-02-06,23,105.89899999999125,4.604304347825706,ZONE_TP16,zone,16,test
2026-02-09,20,4.521300624758928,0.2260650312379464,ZONE_TP16,zone,16,test
2026-02-10,9,-7.447000000002845,-0.8274444444447605,ZONE_TP16,zone,16,test
2026-02-11,16,-11.241000000005442,-0.7025625000003402,ZONE_TP16,zone,16,test
2026-02-12,11,24.339999999995598,2.2127272727268728,ZONE_TP16,zone,16,test
2026-02-13,20,64.59899999998561,3.2299499999992802,ZONE_TP16,zone,16,test
2026-02-16,6,-4.8160000000016225,-0.8026666666669371,ZONE_TP16,zone,16,test
2026-02-17,19,61.29499999998734,3.226052631578281,ZONE_TP16,zone,16,test
2026-02-18,11,67.30699999998251,6.118818181816592,ZONE_TP16,zone,16,test
2026-02-19,16,77.5350000000144,4.8459375000009,ZONE_TP16,zone,16,test
2026-02-20,16,168.81400000000122,10.550875000000076,ZONE_TP16,zone,16,test
2026-02-23,14,105.7129999999861,7.550928571427578,ZONE_TP16,zone,16,test
2026-02-24,14,-12.74300000000585,-0.9102142857147035,ZONE_TP16,zone,16,test
2026-02-25,11,31.993999999989683,2.9085454545445164,ZONE_TP16,zone,16,test
2026-02-26,11,29.221999999992477,2.6565454545447706,ZONE_TP16,zone,16,test
2026-02-27,14,42.35500000000229,3.0253571428573065,ZONE_TP16,zone,16,test
2026-03-02,10,-19.119000000002416,-1.9119000000002415,ZONE_TP16,zone,16,test
2026-03-03,28,-23.15900000000329,-0.8271071428572603,ZONE_TP16,zone,16,test
2026-03-04,11,-5.587000000005901,-0.5079090909096273,ZONE_TP16,zone,16,test
2026-03-05,18,41.572999999991225,2.3096111111106237,ZONE_TP16,zone,16,test
2026-03-06,15,-3.0900000000037835,-0.20600000000025223,ZONE_TP16,zone,16,test
2026-03-09,15,112.35599999998794,7.490399999999196,ZONE_TP16,zone,16,test
2026-03-10,22,47.773800995028374,2.171536408864926,ZONE_TP16,zone,16,test
2026-03-11,12,15.800000000012005,1.3166666666676672,ZONE_TP16,zone,16,test
2026-03-12,25,22.19299999998293,0.8877199999993173,ZONE_TP16,zone,16,test
2026-03-13,13,32.22299999997449,2.4786923076903453,ZONE_TP16,zone,16,test
2026-03-16,8,31.35299999999097,3.9191249999988713,ZONE_TP16,zone,16,test
2026-03-17,8,7.55800000000454,0.9447500000005675,ZONE_TP16,zone,16,test
2026-03-18,19,17.657000000000156,0.9293157894736924,ZONE_TP16,zone,16,test
2026-03-19,25,182.81022480620018,7.312408992248007,ZONE_TP16,zone,16,test
2026-03-20,18,47.19899999998779,2.622166666665988,ZONE_TP16,zone,16,test
2026-03-23,21,-25.39700000000994,-1.2093809523814256,ZONE_TP16,zone,16,test
2026-03-24,17,33.545999999993,1.9732941176466472,ZONE_TP16,zone,16,test
2026-03-25,11,71.76199999998062,6.52381818181642,ZONE_TP16,zone,16,test
2026-03-26,19,17.80899999999292,0.9373157894733116,ZONE_TP16,zone,16,test
2026-03-27,17,28.576999999998407,1.6809999999999063,ZONE_TP16,zone,16,test
2026-03-30,20,44.467999999983476,2.223399999999174,ZONE_TP16,zone,16,test
2026-03-31,26,61.260000000004766,2.3561538461540295,ZONE_TP16,zone,16,test
2026-04-01,18,54.26399999998466,3.0146666666658146,ZONE_TP16,zone,16,test
2026-04-02,15,-7.9170000000067375,-0.5278000000004491,ZONE_TP16,zone,16,test
2026-04-06,9,2.9379999999982824,0.3264444444442536,ZONE_TP16,zone,16,test
2026-04-07,16,85.80100000000402,5.3625625000002515,ZONE_TP16,zone,16,test
2026-04-08,19,-18.188000000008287,-0.957263157895173,ZONE_TP16,zone,16,test
2026-04-09,21,54.40099999997983,2.590523809522849,ZONE_TP16,zone,16,test
2026-04-10,8,12.455000000002654,1.5568750000003317,ZONE_TP16,zone,16,test
2026-04-13,9,-6.940000000005966,-0.771111111111774,ZONE_TP16,zone,16,test
2026-04-14,13,5.4540000000015425,0.4195384615385802,ZONE_TP16,zone,16,test
2026-04-15,9,30.69199999999273,3.4102222222214147,ZONE_TP16,zone,16,test
2026-04-16,13,-2.312000000003536,-0.17784615384642585,ZONE_TP16,zone,16,test
2026-04-17,14,23.643000000001848,1.6887857142858462,ZONE_TP16,zone,16,test
2026-04-20,19,69.94599999999355,3.681368421052292,ZONE_TP16,zone,16,test
2026-04-21,20,9.45999999997821,0.4729999999989105,ZONE_TP16,zone,16,test
2026-04-22,14,15.279999999987922,1.0914285714277088,ZONE_TP16,zone,16,test
2026-04-23,7,41.366999999987456,5.909571428569636,ZONE_TP16,zone,16,test
2026-04-24,9,10.840000000001965,1.2044444444446627,ZONE_TP16,zone,16,test
2026-04-27,15,2.7870000000029904,0.18580000000019936,ZONE_TP16,zone,16,test
2026-04-28,20,31.239999999991596,1.5619999999995797,ZONE_TP16,zone,16,test
2026-04-29,12,25.794000000007145,2.1495000000005953,ZONE_TP16,zone,16,test
2026-04-30,14,0.5499999999919963,0.039285714285142596,ZONE_TP16,zone,16,test
2026-05-01,14,-6.980000000008658,-0.498571428572047,ZONE_TP16,zone,16,test
2026-05-04,23,21.94599999998445,0.9541739130428022,ZONE_TP16,zone,16,test
2026-05-05,7,-2.8340000000034706,-0.4048571428576387,ZONE_TP16,zone,16,test
2026-05-06,19,24.699999999999818,1.2999999999999905,ZONE_TP16,zone,16,test
2026-05-07,16,70.8530000000028,4.428312500000175,ZONE_TP16,zone,16,test
2026-05-08,11,2.8453333333221353,0.2586666666656487,ZONE_TP16,zone,16,test
2026-05-11,17,52.502000000023145,3.088352941177832,ZONE_TP16,zone,16,test
2026-05-12,22,56.98874829932811,2.5903976499694594,ZONE_TP16,zone,16,test
2026-05-13,7,19.270000000000437,2.7528571428572053,ZONE_TP16,zone,16,test
2026-05-14,7,-4.324000000004162,-0.6177142857148803,ZONE_TP16,zone,16,test
2026-05-15,11,-2.7469999999984793,-0.2497272727271345,ZONE_TP16,zone,16,test
2026-05-18,9,-7.890000000002146,-0.8766666666669052,ZONE_TP16,zone,16,test
2026-05-19,18,36.58999999999378,2.032777777777432,ZONE_TP16,zone,16,test
2026-05-20,19,1.574000000003252,0.08284210526332905,ZONE_TP16,zone,16,test
2026-05-21,12,45.28800000000683,3.7740000000005693,ZONE_TP16,zone,16,test
2026-05-22,8,25.17000000000735,3.1462500000009186,ZONE_TP16,zone,16,test
2026-05-25,4,-2.5330000000021755,-0.6332500000005439,ZONE_TP16,zone,16,test
2026-05-26,9,30.679999999993015,3.4088888888881126,ZONE_TP16,zone,16,test
2026-05-27,6,19.18000000000484,3.1966666666674732,ZONE_TP16,zone,16,test
2026-05-28,25,48.34499999999116,1.9337999999996465,ZONE_TP16,zone,16,test
2026-05-29,16,83.36700000001201,5.210437500000751,ZONE_TP16,zone,16,test
2026-06-01,13,-2.5380000000004657,-0.19523076923080504,ZONE_TP16,zone,16,test
2026-06-02,13,23.241999999988366,1.7878461538452588,ZONE_TP16,zone,16,test
2026-06-03,15,-13.437000000006265,-0.8958000000004176,ZONE_TP16,zone,16,test
2026-06-04,8,12.40999999998894,1.5512499999986176,ZONE_TP16,zone,16,test
2026-06-05,9,-5.960000000002765,-0.6622222222225295,ZONE_TP16,zone,16,test
2026-06-08,10,34.84500000000389,3.484500000000389,ZONE_TP16,zone,16,test
2026-06-09,17,11.525999999988016,0.677999999999295,ZONE_TP16,zone,16,test
2026-06-10,27,37.5819999999685,1.3919259259247594,ZONE_TP16,zone,16,test
2026-06-11,14,94.05900000000383,6.718500000000274,ZONE_TP16,zone,16,test
2026-06-12,5,3.7519999999949505,0.7503999999989901,ZONE_TP16,zone,16,test
2026-06-15,14,15.076999999995678,1.0769285714282628,ZONE_TP16,zone,16,test
2026-06-16,11,8.496999999991203,0.7724545454537458,ZONE_TP16,zone,16,test
2026-06-17,15,45.99999999999546,3.066666666666364,ZONE_TP16,zone,16,test
2026-06-18,14,62.546999999974105,4.467642857141008,ZONE_TP16,zone,16,test
2026-06-19,12,35.77999999999611,2.9816666666663423,ZONE_TP16,zone,16,test
2026-06-22,10,15.030000000002474,1.5030000000002475,ZONE_TP16,zone,16,test
2026-06-23,14,49.23999999999751,3.5171428571426793,ZONE_TP16,zone,16,test
2026-06-24,17,41.00700000000006,2.412176470588239,ZONE_TP16,zone,16,test
2026-06-25,4,8.300000000001546,2.0750000000003865,ZONE_TP16,zone,16,test
2026-06-26,18,-13.216999999998734,-0.7342777777777074,ZONE_TP16,zone,16,test
2026-06-29,15,47.75200000001223,3.1834666666674822,ZONE_TP16,zone,16,test
2026-06-30,11,-6.372999999999138,-0.579363636363558,ZONE_TP16,zone,16,test
2026-07-01,20,15.019999999993614,0.7509999999996807,ZONE_TP16,zone,16,test
2026-07-02,6,-5.9099999999998545,-0.9849999999999758,ZONE_TP16,zone,16,test
2026-07-03,6,8.149999999995089,1.3583333333325147,ZONE_TP16,zone,16,test
2026-07-06,5,4.119999999991706,0.8239999999983413,ZONE_TP16,zone,16,test
2026-07-07,8,2.149999999999636,0.2687499999999545,ZONE_TP16,zone,16,test
2026-07-08,15,10.05999999999949,0.6706666666666327,ZONE_TP16,zone,16,test
2026-07-09,7,-2.7100000000018554,-0.3871428571431222,ZONE_TP16,zone,16,test
2026-07-10,5,-2.7700000000022555,-0.5540000000004511,ZONE_TP16,zone,16,test
2026-07-13,21,51.03999999999087,2.4304761904757557,ZONE_TP16,zone,16,test
2026-07-14,16,32.299999999996544,2.018749999999784,ZONE_TP16,zone,16,test
2026-07-15,8,26.659999999993488,3.332499999999186,ZONE_TP16,zone,16,test
2026-01-02,18,-11.193000000011125,-0.6218333333339514,ZONE_TP17,zone,17,test
2026-01-05,13,20.477999999999156,1.5752307692307044,ZONE_TP17,zone,17,test
2026-01-06,17,1.4259999999831052,0.08388235294018266,ZONE_TP17,zone,17,test
2026-01-07,8,20.076999999997497,2.509624999999687,ZONE_TP17,zone,17,test
2026-01-08,13,45.576999999984764,3.505923076921905,ZONE_TP17,zone,17,test
2026-01-09,16,14.586999999996806,0.9116874999998004,ZONE_TP17,zone,17,test
2026-01-12,13,28.490000000025248,2.1915384615404037,ZONE_TP17,zone,17,test
2026-01-13,10,22.81000000000313,2.2810000000003128,ZONE_TP17,zone,17,test
2026-01-14,11,-8.094000000005508,-0.7358181818186825,ZONE_TP17,zone,17,test
2026-01-15,7,4.3510000000023865,0.6215714285717695,ZONE_TP17,zone,17,test
2026-01-16,9,-7.4430000000047585,-0.8270000000005288,ZONE_TP17,zone,17,test
2026-01-19,3,-2.3000000000010914,-0.7666666666670304,ZONE_TP17,zone,17,test
2026-01-20,16,18.087999999987005,1.1304999999991878,ZONE_TP17,zone,17,test
2026-01-21,10,-1.4460000000181026,-0.14460000000181025,ZONE_TP17,zone,17,test
2026-01-22,24,43.15599999999813,1.7981666666665888,ZONE_TP17,zone,17,test
2026-01-23,17,104.14000000002216,6.1258823529424795,ZONE_TP17,zone,17,test
2026-01-26,10,14.070999999994456,1.4070999999994456,ZONE_TP17,zone,17,test
2026-01-27,15,56.02399999999034,3.7349333333326893,ZONE_TP17,zone,17,test
2026-01-28,31,313.0885095448078,10.09962934015509,ZONE_TP17,zone,17,test
2026-01-29,22,208.0400000000027,9.45636363636376,ZONE_TP17,zone,17,test
2026-01-30,29,137.42099999999118,4.738655172413489,ZONE_TP17,zone,17,test
2026-02-02,24,469.87799999999515,19.578249999999798,ZONE_TP17,zone,17,test
2026-02-03,24,145.8169999999891,6.075708333332879,ZONE_TP17,zone,17,test
2026-02-04,20,46.54799999999341,2.3273999999996704,ZONE_TP17,zone,17,test
2026-02-05,26,154.93100000000777,5.958884615384914,ZONE_TP17,zone,17,test
2026-02-06,23,91.99899999998979,3.9999565217386865,ZONE_TP17,zone,17,test
2026-02-09,20,5.471300624758745,0.27356503123793724,ZONE_TP17,zone,17,test
2026-02-10,9,-7.447000000002845,-0.8274444444447605,ZONE_TP17,zone,17,test
2026-02-11,16,-11.241000000005442,-0.7025625000003402,ZONE_TP17,zone,17,test
2026-02-12,11,24.669999999995525,2.242727272726866,ZONE_TP17,zone,17,test
2026-02-13,20,59.27599999999347,2.9637999999996736,ZONE_TP17,zone,17,test
2026-02-16,6,-4.8160000000016225,-0.8026666666669371,ZONE_TP17,zone,17,test
2026-02-17,19,66.03799999998682,3.4756842105256225,ZONE_TP17,zone,17,test
2026-02-18,11,71.63699999998153,6.512454545452866,ZONE_TP17,zone,17,test
2026-02-19,16,82.95200000001569,5.18450000000098,ZONE_TP17,zone,17,test
2026-02-20,16,174.0610000000015,10.878812500000095,ZONE_TP17,zone,17,test
2026-02-23,14,110.48299999998562,7.8916428571418304,ZONE_TP17,zone,17,test
2026-02-24,14,-12.74300000000585,-0.9102142857147035,ZONE_TP17,zone,17,test
2026-02-25,11,34.223999999989246,3.1112727272717495,ZONE_TP17,zone,17,test
2026-02-26,11,31.278999999992266,2.8435454545447514,ZONE_TP17,zone,17,test
2026-02-27,14,45.41500000000269,3.243928571428764,ZONE_TP17,zone,17,test
2026-03-02,10,-19.119000000002416,-1.9119000000002415,ZONE_TP17,zone,17,test
2026-03-03,28,-22.666000000002896,-0.8095000000001035,ZONE_TP17,zone,17,test
2026-03-04,11,-5.587000000005901,-0.5079090909096273,ZONE_TP17,zone,17,test
2026-03-05,18,44.73299999999108,2.485166666666171,ZONE_TP17,zone,17,test
2026-03-06,15,-2.7600000000038563,-0.1840000000002571,ZONE_TP17,zone,17,test
2026-03-09,15,120.2559999999876,8.017066666665839,ZONE_TP17,zone,17,test
2026-03-10,22,51.05380099502903,2.3206273179558647,ZONE_TP17,zone,17,test
2026-03-11,12,17.100000000013097,1.4250000000010914,ZONE_TP17,zone,17,test
2026-03-12,25,23.462999999982458,0.9385199999992984,ZONE_TP17,zone,17,test
2026-03-13,13,34.62299999997322,2.663307692305632,ZONE_TP17,zone,17,test
2026-03-16,8,32.42299999999068,4.052874999998835,ZONE_TP17,zone,17,test
2026-03-17,8,8.181000000005042,1.0226250000006303,ZONE_TP17,zone,17,test
2026-03-18,19,19.54700000000048,1.0287894736842358,ZONE_TP17,zone,17,test
2026-03-19,25,194.75322480620042,7.790128992248017,ZONE_TP17,zone,17,test
2026-03-20,18,51.045999999987544,2.835888888888197,ZONE_TP17,zone,17,test
2026-03-23,21,-23.357000000009975,-1.1122380952385702,ZONE_TP17,zone,17,test
2026-03-24,17,36.312999999992826,2.1360588235289897,ZONE_TP17,zone,17,test
2026-03-25,11,66.4949999999917,6.044999999999246,ZONE_TP17,zone,17,test
2026-03-26,19,20.24599999999282,1.065578947368043,ZONE_TP17,zone,17,test
2026-03-27,17,31.42699999999877,1.8486470588234571,ZONE_TP17,zone,17,test
2026-03-30,20,21.13099999998576,1.056549999999288,ZONE_TP17,zone,17,test
2026-03-31,26,66.24700000000576,2.54796153846176,ZONE_TP17,zone,17,test
2026-04-01,18,58.53399999998419,3.2518888888880104,ZONE_TP17,zone,17,test
2026-04-02,15,-7.9170000000067375,-0.5278000000004491,ZONE_TP17,zone,17,test
2026-04-06,9,3.7009999999982024,0.4112222222220225,ZONE_TP17,zone,17,test
2026-04-07,16,91.72400000000471,5.732750000000294,ZONE_TP17,zone,17,test
2026-04-08,19,-18.188000000008287,-0.957263157895173,ZONE_TP17,zone,17,test
2026-04-09,21,57.677999999978965,2.746571428570427,ZONE_TP17,zone,17,test
2026-04-10,8,13.452000000002954,1.6815000000003693,ZONE_TP17,zone,17,test
2026-04-13,9,-6.940000000005966,-0.771111111111774,ZONE_TP17,zone,17,test
2026-04-14,13,6.224000000001979,0.478769230769383,ZONE_TP17,zone,17,test
2026-04-15,9,32.94499999999243,3.6605555555547147,ZONE_TP17,zone,17,test
2026-04-16,13,-2.312000000003536,-0.17784615384642585,ZONE_TP17,zone,17,test
2026-04-17,14,25.583000000002357,1.8273571428573112,ZONE_TP17,zone,17,test
2026-04-20,19,74.39599999999336,3.915578947368072,ZONE_TP17,zone,17,test
2026-04-21,20,10.919999999977335,0.5459999999988667,ZONE_TP17,zone,17,test
2026-04-22,14,16.709999999987303,1.1935714285705217,ZONE_TP17,zone,17,test
2026-04-23,7,44.29699999998684,6.328142857140977,ZONE_TP17,zone,17,test
2026-04-24,9,11.900000000002365,1.3222222222224849,ZONE_TP17,zone,17,test
2026-04-27,15,3.2270000000035006,0.2151333333335667,ZONE_TP17,zone,17,test
2026-04-28,20,32.39999999999145,1.6199999999995724,ZONE_TP17,zone,17,test
2026-04-29,12,27.8240000000078,2.318666666667317,ZONE_TP17,zone,17,test
2026-04-30,14,0.9999999999918144,0.07142857142798674,ZONE_TP17,zone,17,test
2026-05-01,14,-6.980000000008658,-0.498571428572047,ZONE_TP17,zone,17,test
2026-05-04,23,23.956999999983964,1.0416086956514767,ZONE_TP17,zone,17,test
2026-05-05,7,-2.8340000000034706,-0.4048571428576387,ZONE_TP17,zone,17,test
2026-05-06,19,25.050000000000182,1.3184210526315885,ZONE_TP17,zone,17,test
2026-05-07,16,75.02900000000318,4.689312500000199,ZONE_TP17,zone,17,test
2026-05-08,11,3.405333333321626,0.3095757575746933,ZONE_TP17,zone,17,test
2026-05-11,17,56.26900000002479,3.3099411764720466,ZONE_TP17,zone,17,test
2026-05-12,22,61.18474829932893,2.7811249226967694,ZONE_TP17,zone,17,test
2026-05-13,7,20.780000000000655,2.968571428571522,ZONE_TP17,zone,17,test
2026-05-14,7,-4.324000000004162,-0.6177142857148803,ZONE_TP17,zone,17,test
2026-05-15,11,-2.3969999999981155,-0.2179090909089196,ZONE_TP17,zone,17,test
2026-05-18,9,-7.890000000002146,-0.8766666666669052,ZONE_TP17,zone,17,test
2026-05-19,18,39.179999999993925,2.1766666666663292,ZONE_TP17,zone,17,test
2026-05-20,19,2.2240000000037976,0.11705263157914725,ZONE_TP17,zone,17,test
2026-05-21,12,47.25100000000748,3.9375833333339565,ZONE_TP17,zone,17,test
2026-05-22,8,26.91000000000804,3.363750000001005,ZONE_TP17,zone,17,test
2026-05-25,4,-2.5330000000021755,-0.6332500000005439,ZONE_TP17,zone,17,test
2026-05-26,9,32.87999999999283,3.653333333332537,ZONE_TP17,zone,17,test
2026-05-27,6,20.530000000005202,3.4216666666675337,ZONE_TP17,zone,17,test
2026-05-28,25,52.03199999999106,2.0812799999996425,ZONE_TP17,zone,17,test
2026-05-29,16,88.287000000013,5.517937500000812,ZONE_TP17,zone,17,test
2026-06-01,13,-2.201000000000022,-0.169307692307694,ZONE_TP17,zone,17,test
2026-06-02,13,25.0789999999879,1.9291538461529154,ZONE_TP17,zone,17,test
2026-06-03,15,-13.437000000006265,-0.8958000000004176,ZONE_TP17,zone,17,test
2026-06-04,8,13.429999999988468,1.6787499999985585,ZONE_TP17,zone,17,test
2026-06-05,9,-5.960000000002765,-0.6622222222225295,ZONE_TP17,zone,17,test
2026-06-08,10,37.312000000004446,3.7312000000004444,ZONE_TP17,zone,17,test
2026-06-09,17,12.885999999987689,0.7579999999992758,ZONE_TP17,zone,17,test
2026-06-10,27,40.7789999999668,1.5103333333321036,ZONE_TP17,zone,17,test
2026-06-11,14,100.36200000000417,7.168714285714584,ZONE_TP17,zone,17,test
2026-06-12,5,4.098999999994703,0.8197999999989406,ZONE_TP17,zone,17,test
2026-06-15,14,16.416999999995824,1.172642857142559,ZONE_TP17,zone,17,test
2026-06-16,11,8.856999999990876,0.8051818181809888,ZONE_TP17,zone,17,test
2026-06-17,15,49.5899999999956,3.3059999999997065,ZONE_TP17,zone,17,test
2026-06-18,14,66.8669999999729,4.77621428571235,ZONE_TP17,zone,17,test
2026-06-19,12,37.81999999999607,3.151666666666339,ZONE_TP17,zone,17,test
2026-06-22,10,16.130000000002838,1.6130000000002838,ZONE_TP17,zone,17,test
2026-06-23,14,52.48999999999751,3.7492857142855365,ZONE_TP17,zone,17,test
2026-06-24,17,44.4670000000001,2.615705882352947,ZONE_TP17,zone,17,test
2026-06-25,4,8.930000000001655,2.232500000000414,ZONE_TP17,zone,17,test
2026-06-26,18,-13.216999999998734,-0.7342777777777074,ZONE_TP17,zone,17,test
2026-06-29,15,50.63500000001295,3.37566666666753,ZONE_TP17,zone,17,test
2026-06-30,11,-6.372999999999138,-0.579363636363558,ZONE_TP17,zone,17,test
2026-07-01,20,16.669999999993255,0.8334999999996627,ZONE_TP17,zone,17,test
2026-07-02,6,-5.9099999999998545,-0.9849999999999758,ZONE_TP17,zone,17,test
2026-07-03,6,8.809999999994943,1.4683333333324906,ZONE_TP17,zone,17,test
2026-07-06,5,4.519999999991342,0.9039999999982683,ZONE_TP17,zone,17,test
2026-07-07,8,2.7799999999997453,0.34749999999996817,ZONE_TP17,zone,17,test
2026-07-08,15,11.269999999999527,0.7513333333333018,ZONE_TP17,zone,17,test
2026-07-09,7,-2.7100000000018554,-0.3871428571431222,ZONE_TP17,zone,17,test
2026-07-10,5,-2.7700000000022555,-0.5540000000004511,ZONE_TP17,zone,17,test
2026-07-13,21,54.86999999999034,2.612857142856683,ZONE_TP17,zone,17,test
2026-07-14,16,34.34999999999627,2.146874999999767,ZONE_TP17,zone,17,test
2026-07-15,8,28.409999999993033,3.551249999999129,ZONE_TP17,zone,17,test
2026-01-02,18,-11.193000000011125,-0.6218333333339514,ZONE_TP18,zone,18,test
2026-01-05,13,22.130999999999403,1.7023846153845694,ZONE_TP18,zone,18,test
2026-01-06,17,2.068999999982225,0.12170588235189558,ZONE_TP18,zone,18,test
2026-01-07,8,21.49699999999757,2.6871249999996962,ZONE_TP18,zone,18,test
2026-01-08,13,48.756999999984146,3.750538461537242,ZONE_TP18,zone,18,test
2026-01-09,16,16.123999999997068,1.0077499999998167,ZONE_TP18,zone,18,test
2026-01-12,13,30.610000000026957,2.3546153846174582,ZONE_TP18,zone,18,test
2026-01-13,10,24.410000000003492,2.4410000000003493,ZONE_TP18,zone,18,test
2026-01-14,11,-8.094000000005508,-0.7358181818186825,ZONE_TP18,zone,18,test
2026-01-15,7,-5.539000000001579,-0.7912857142859399,ZONE_TP18,zone,18,test
2026-01-16,9,-7.4430000000047585,-0.8270000000005288,ZONE_TP18,zone,18,test
2026-01-19,3,-2.3000000000010914,-0.7666666666670304,ZONE_TP18,zone,18,test
2026-01-20,16,19.75099999998656,1.23443749999916,ZONE_TP18,zone,18,test
2026-01-21,10,-0.9360000000187938,-0.09360000000187937,ZONE_TP18,zone,18,test
2026-01-22,24,46.505999999998494,1.9377499999999372,ZONE_TP18,zone,18,test
2026-01-23,17,110.76000000002387,6.5152941176484624,ZONE_TP18,zone,18,test
2026-01-26,10,15.123999999994338,1.5123999999994338,ZONE_TP18,zone,18,test
2026-01-27,15,59.63399999999001,3.975599999999334,ZONE_TP18,zone,18,test
2026-01-28,31,333.00850954480967,10.74220998531644,ZONE_TP18,zone,18,test
2026-01-29,22,222.0430000000033,10.092863636363786,ZONE_TP18,zone,18,test
2026-01-30,29,144.14399999999114,4.970482758620384,ZONE_TP18,zone,18,test
2026-02-02,24,500.00799999999526,20.83366666666647,ZONE_TP18,zone,18,test
2026-02-03,24,154.05699999998888,6.419041666666203,ZONE_TP18,zone,18,test
2026-02-04,20,50.34799999999359,2.5173999999996797,ZONE_TP18,zone,18,test
2026-02-05,26,165.0610000000088,6.348500000000338,ZONE_TP18,zone,18,test
2026-02-06,23,99.07899999998973,4.307782608695206,ZONE_TP18,zone,18,test
2026-02-09,20,6.421300624758563,0.3210650312379281,ZONE_TP18,zone,18,test
2026-02-10,9,-7.447000000002845,-0.8274444444447605,ZONE_TP18,zone,18,test
2026-02-11,16,-11.241000000005442,-0.7025625000003402,ZONE_TP18,zone,18,test
2026-02-12,11,24.999999999995453,2.2727272727268595,ZONE_TP18,zone,18,test
2026-02-13,20,63.46299999999337,3.1731499999996684,ZONE_TP18,zone,18,test
2026-02-16,6,-4.8160000000016225,-0.8026666666669371,ZONE_TP18,zone,18,test
2026-02-17,19,70.7809999999863,3.7253157894729636,ZONE_TP18,zone,18,test
2026-02-18,11,75.96699999998054,6.906090909089141,ZONE_TP18,zone,18,test
2026-02-19,16,88.36900000001697,5.5230625000010605,ZONE_TP18,zone,18,test
2026-02-20,16,179.3080000000018,11.206750000000113,ZONE_TP18,zone,18,test
2026-02-23,14,115.25299999998515,8.232357142856083,ZONE_TP18,zone,18,test
2026-02-24,14,-12.74300000000585,-0.9102142857147035,ZONE_TP18,zone,18,test
2026-02-25,11,36.45399999998881,3.3139999999989826,ZONE_TP18,zone,18,test
2026-02-26,11,33.335999999992055,3.030545454544732,ZONE_TP18,zone,18,test
2026-02-27,14,48.47500000000309,3.462500000000221,ZONE_TP18,zone,18,test
2026-03-02,10,-19.119000000002416,-1.9119000000002415,ZONE_TP18,zone,18,test
2026-03-03,28,-22.173000000002503,-0.7918928571429465,ZONE_TP18,zone,18,test
2026-03-04,11,-5.587000000005901,-0.5079090909096273,ZONE_TP18,zone,18,test
2026-03-05,18,47.892999999990934,2.6607222222217186,ZONE_TP18,zone,18,test
2026-03-06,15,-2.430000000003929,-0.16200000000026193,ZONE_TP18,zone,18,test
2026-03-09,15,128.15599999998722,8.543733333332481,ZONE_TP18,zone,18,test
2026-03-10,22,54.333800995029684,2.469718227046804,ZONE_TP18,zone,18,test
2026-03-11,12,18.400000000014188,1.5333333333345156,ZONE_TP18,zone,18,test
2026-03-12,25,24.732999999981985,0.9893199999992794,ZONE_TP18,zone,18,test
2026-03-13,13,37.022999999971944,2.8479230769209187,ZONE_TP18,zone,18,test
2026-03-16,8,13.3429999999953,1.6678749999994125,ZONE_TP18,zone,18,test
2026-03-17,8,8.804000000005544,1.100500000000693,ZONE_TP18,zone,18,test
2026-03-18,19,21.437000000000808,1.1282631578947793,ZONE_TP18,zone,18,test
2026-03-19,25,206.6962248062006,8.267848992248025,ZONE_TP18,zone,18,test
2026-03-20,18,54.892999999987296,3.0496111111104054,ZONE_TP18,zone,18,test
2026-03-23,21,-21.31700000001001,-1.0150952380957148,ZONE_TP18,zone,18,test
2026-03-24,17,39.07999999999265,2.2988235294113326,ZONE_TP18,zone,18,test
2026-03-25,11,69.32799999999133,6.302545454544667,ZONE_TP18,zone,18,test
2026-03-26,19,22.682999999992717,1.1938421052627746,ZONE_TP18,zone,18,test
2026-03-27,17,34.276999999999134,2.016294117647008,ZONE_TP18,zone,18,test
2026-03-30,20,22.923999999985426,1.1461999999992714,ZONE_TP18,zone,18,test
2026-03-31,26,71.23400000000674,2.73976923076949,ZONE_TP18,zone,18,test
2026-04-01,18,62.80399999998372,3.4891111111102067,ZONE_TP18,zone,18,test
2026-04-02,15,-7.9170000000067375,-0.5278000000004491,ZONE_TP18,zone,18,test
2026-04-06,9,4.463999999998123,0.49599999999979144,ZONE_TP18,zone,18,test
2026-04-07,16,97.64700000000539,6.102937500000337,ZONE_TP18,zone,18,test
2026-04-08,19,-18.188000000008287,-0.957263157895173,ZONE_TP18,zone,18,test
2026-04-09,21,41.85499999998137,1.9930952380943512,ZONE_TP18,zone,18,test
2026-04-10,8,14.449000000003252,1.8061250000004065,ZONE_TP18,zone,18,test
2026-04-13,9,-6.940000000005966,-0.771111111111774,ZONE_TP18,zone,18,test
2026-04-14,13,6.994000000002416,0.5380000000001858,ZONE_TP18,zone,18,test
2026-04-15,9,35.197999999992135,3.910888888888015,ZONE_TP18,zone,18,test
2026-04-16,13,-2.312000000003536,-0.17784615384642585,ZONE_TP18,zone,18,test
2026-04-17,14,27.523000000002863,1.965928571428776,ZONE_TP18,zone,18,test
2026-04-20,19,78.84599999999318,4.149789473683851,ZONE_TP18,zone,18,test
2026-04-21,20,12.379999999976462,0.6189999999988232,ZONE_TP18,zone,18,test
2026-04-22,14,18.139999999986685,1.2957142857133346,ZONE_TP18,zone,18,test
2026-04-23,7,47.226999999986226,6.746714285712318,ZONE_TP18,zone,18,test
2026-04-24,9,12.960000000002765,1.4400000000003073,ZONE_TP18,zone,18,test
2026-04-27,15,3.66700000000401,0.244466666666934,ZONE_TP18,zone,18,test
2026-04-28,20,33.559999999991305,1.6779999999995652,ZONE_TP18,zone,18,test
2026-04-29,12,29.854000000008455,2.487833333334038,ZONE_TP18,zone,18,test
2026-04-30,14,1.4499999999916326,0.1035714285708309,ZONE_TP18,zone,18,test
2026-05-01,14,-6.980000000008658,-0.498571428572047,ZONE_TP18,zone,18,test
2026-05-04,23,25.967999999983476,1.129043478260151,ZONE_TP18,zone,18,test
2026-05-05,7,-2.8340000000034706,-0.4048571428576387,ZONE_TP18,zone,18,test
2026-05-06,19,25.400000000000546,1.3368421052631867,ZONE_TP18,zone,18,test
2026-05-07,16,79.20500000000357,4.950312500000223,ZONE_TP18,zone,18,test
2026-05-08,11,3.9653333333211167,0.3604848484837379,ZONE_TP18,zone,18,test
2026-05-11,17,60.036000000026434,3.531529411766261,ZONE_TP18,zone,18,test
2026-05-12,22,65.38074829932975,2.9718521954240797,ZONE_TP18,zone,18,test
2026-05-13,7,22.290000000000873,3.184285714285839,ZONE_TP18,zone,18,test
2026-05-14,7,-4.324000000004162,-0.6177142857148803,ZONE_TP18,zone,18,test
2026-05-15,11,-2.046999999997751,-0.1860909090907046,ZONE_TP18,zone,18,test
2026-05-18,9,-7.890000000002146,-0.8766666666669052,ZONE_TP18,zone,18,test
2026-05-19,18,41.76999999999407,2.320555555555226,ZONE_TP18,zone,18,test
2026-05-20,19,2.146999999994477,0.11299999999970932,ZONE_TP18,zone,18,test
2026-05-21,12,49.21400000000813,4.101166666667344,ZONE_TP18,zone,18,test
2026-05-22,8,28.65000000000873,3.5812500000010914,ZONE_TP18,zone,18,test
2026-05-25,4,-2.5330000000021755,-0.6332500000005439,ZONE_TP18,zone,18,test
2026-05-26,9,35.07999999999265,3.897777777776961,ZONE_TP18,zone,18,test
2026-05-27,6,21.880000000005566,3.646666666667594,ZONE_TP18,zone,18,test
2026-05-28,25,55.718999999990956,2.2287599999996384,ZONE_TP18,zone,18,test
2026-05-29,16,93.20700000001398,5.825437500000874,ZONE_TP18,zone,18,test
2026-06-01,13,-1.863999999999578,-0.14338461538458291,ZONE_TP18,zone,18,test
2026-06-02,13,26.915999999987434,2.070461538460572,ZONE_TP18,zone,18,test
2026-06-03,15,-13.437000000006265,-0.8958000000004176,ZONE_TP18,zone,18,test
2026-06-04,8,14.449999999987995,1.8062499999984993,ZONE_TP18,zone,18,test
2026-06-05,9,-5.960000000002765,-0.6622222222225295,ZONE_TP18,zone,18,test
2026-06-08,10,39.779000000005,3.9779000000005,ZONE_TP18,zone,18,test
2026-06-09,17,14.245999999987362,0.8379999999992566,ZONE_TP18,zone,18,test
2026-06-10,27,43.9759999999651,1.628740740739448,ZONE_TP18,zone,18,test
2026-06-11,14,106.66500000000451,7.618928571428894,ZONE_TP18,zone,18,test
2026-06-12,5,4.445999999994456,0.8891999999988911,ZONE_TP18,zone,18,test
2026-06-15,14,17.75699999999597,1.268357142856855,ZONE_TP18,zone,18,test
2026-06-16,11,9.21699999999055,0.8379090909082318,ZONE_TP18,zone,18,test
2026-06-17,15,53.179999999995744,3.5453333333330495,ZONE_TP18,zone,18,test
2026-06-18,14,71.1869999999717,5.084785714283693,ZONE_TP18,zone,18,test
2026-06-19,12,30.51999999999498,2.543333333332915,ZONE_TP18,zone,18,test
2026-06-22,10,17.2300000000032,1.72300000000032,ZONE_TP18,zone,18,test
2026-06-23,14,55.73999999999751,3.9814285714283932,ZONE_TP18,zone,18,test
2026-06-24,17,47.927000000000135,2.819235294117655,ZONE_TP18,zone,18,test
2026-06-25,4,9.560000000001764,2.390000000000441,ZONE_TP18,zone,18,test
2026-06-26,18,-13.216999999998734,-0.7342777777777074,ZONE_TP18,zone,18,test
2026-06-29,15,53.51800000001367,3.567866666667578,ZONE_TP18,zone,18,test
2026-06-30,11,-6.372999999999138,-0.579363636363558,ZONE_TP18,zone,18,test
2026-07-01,20,18.319999999992888,0.9159999999996444,ZONE_TP18,zone,18,test
2026-07-02,6,-5.9099999999998545,-0.9849999999999758,ZONE_TP18,zone,18,test
2026-07-03,6,9.469999999994798,1.5783333333324663,ZONE_TP18,zone,18,test
2026-07-06,5,4.919999999990978,0.9839999999981955,ZONE_TP18,zone,18,test
2026-07-07,8,3.4099999999998545,0.4262499999999818,ZONE_TP18,zone,18,test
2026-07-08,15,12.479999999999563,0.8319999999999709,ZONE_TP18,zone,18,test
2026-07-09,7,-2.7100000000018554,-0.3871428571431222,ZONE_TP18,zone,18,test
2026-07-10,5,-2.7700000000022555,-0.5540000000004511,ZONE_TP18,zone,18,test
2026-07-13,21,58.699999999989814,2.79523809523761,ZONE_TP18,zone,18,test
2026-07-14,16,26.749999999995907,1.6718749999997442,ZONE_TP18,zone,18,test
2026-07-15,8,30.15999999999258,3.7699999999990723,ZONE_TP18,zone,18,test
2026-01-02,18,-11.193000000011125,-0.6218333333339514,ZONE_TP19,zone,19,test
2026-01-05,13,23.78399999999965,1.8295384615384347,ZONE_TP19,zone,19,test
2026-01-06,17,2.7119999999813444,0.1595294117636085,ZONE_TP19,zone,19,test
2026-01-07,8,22.916999999997643,2.8646249999997053,ZONE_TP19,zone,19,test
2026-01-08,13,51.93699999998353,3.995153846152579,ZONE_TP19,zone,19,test
2026-01-09,16,17.66099999999733,1.103812499999833,ZONE_TP19,zone,19,test
2026-01-12,13,32.73000000002867,2.517692307694513,ZONE_TP19,zone,19,test
2026-01-13,10,26.010000000003856,2.6010000000003854,ZONE_TP19,zone,19,test
2026-01-14,11,-8.094000000005508,-0.7358181818186825,ZONE_TP19,zone,19,test
2026-01-15,7,-5.539000000001579,-0.7912857142859399,ZONE_TP19,zone,19,test
2026-01-16,9,-7.4430000000047585,-0.8270000000005288,ZONE_TP19,zone,19,test
2026-01-19,3,-2.3000000000010914,-0.7666666666670304,ZONE_TP19,zone,19,test
2026-01-20,16,21.413999999986117,1.3383749999991323,ZONE_TP19,zone,19,test
2026-01-21,10,-0.426000000019485,-0.0426000000019485,ZONE_TP19,zone,19,test
2026-01-22,24,49.85599999999886,2.0773333333332857,ZONE_TP19,zone,19,test
2026-01-23,17,117.38000000002557,6.904705882354445,ZONE_TP19,zone,19,test
2026-01-26,10,16.176999999994223,1.6176999999994224,ZONE_TP19,zone,19,test
2026-01-27,15,63.24399999998968,4.2162666666659785,ZONE_TP19,zone,19,test
2026-01-28,31,352.92850954481156,11.384790630477791,ZONE_TP19,zone,19,test
2026-01-29,22,236.04600000000391,10.729363636363814,ZONE_TP19,zone,19,test
2026-01-30,29,150.8669999999911,5.202310344827279,ZONE_TP19,zone,19,test
2026-02-02,24,530.1379999999954,22.08908333333314,ZONE_TP19,zone,19,test
2026-02-03,24,162.29699999998866,6.762374999999527,ZONE_TP19,zone,19,test
2026-02-04,20,54.14799999999377,2.7073999999996885,ZONE_TP19,zone,19,test
2026-02-05,26,175.1910000000098,6.738115384615762,ZONE_TP19,zone,19,test
2026-02-06,23,106.15899999998965,4.615608695651724,ZONE_TP19,zone,19,test
2026-02-09,20,7.371300624758381,0.36856503123791906,ZONE_TP19,zone,19,test
2026-02-10,9,-7.447000000002845,-0.8274444444447605,ZONE_TP19,zone,19,test
2026-02-11,16,-11.241000000005442,-0.7025625000003402,ZONE_TP19,zone,19,test
2026-02-12,11,25.329999999995383,2.302727272726853,ZONE_TP19,zone,19,test
2026-02-13,20,67.64999999999327,3.3824999999996637,ZONE_TP19,zone,19,test
2026-02-16,6,-4.8160000000016225,-0.8026666666669371,ZONE_TP19,zone,19,test
2026-02-17,19,75.52399999998579,3.9749473684203047,ZONE_TP19,zone,19,test
2026-02-18,11,80.29699999997956,7.2997272727254146,ZONE_TP19,zone,19,test
2026-02-19,16,57.546000000021195,3.5966250000013247,ZONE_TP19,zone,19,test
2026-02-20,16,184.5550000000021,11.534687500000132,ZONE_TP19,zone,19,test
2026-02-23,14,120.02299999998468,8.573071428570334,ZONE_TP19,zone,19,test
2026-02-24,14,-12.74300000000585,-0.9102142857147035,ZONE_TP19,zone,19,test
2026-02-25,11,38.68399999998837,3.5167272727262158,ZONE_TP19,zone,19,test
2026-02-26,11,35.392999999991844,3.217545454544713,ZONE_TP19,zone,19,test
2026-02-27,14,51.53500000000349,3.681071428571678,ZONE_TP19,zone,19,test
2026-03-02,10,-19.119000000002416,-1.9119000000002415,ZONE_TP19,zone,19,test
2026-03-03,28,-21.68000000000211,-0.7742857142857896,ZONE_TP19,zone,19,test
2026-03-04,11,-5.587000000005901,-0.5079090909096273,ZONE_TP19,zone,19,test
2026-03-05,18,51.05299999999079,2.836277777777266,ZONE_TP19,zone,19,test
2026-03-06,15,-2.100000000004001,-0.14000000000026672,ZONE_TP19,zone,19,test
2026-03-09,15,136.05599999998685,9.070399999999124,ZONE_TP19,zone,19,test
2026-03-10,22,57.61380099503034,2.6188091361377426,ZONE_TP19,zone,19,test
2026-03-11,12,19.70000000001528,1.64166666666794,ZONE_TP19,zone,19,test
2026-03-12,25,26.002999999981512,1.0401199999992605,ZONE_TP19,zone,19,test
2026-03-13,13,39.42299999997067,3.0325384615362054,ZONE_TP19,zone,19,test
2026-03-16,8,13.3429999999953,1.6678749999994125,ZONE_TP19,zone,19,test
2026-03-17,8,9.427000000006046,1.1783750000007558,ZONE_TP19,zone,19,test
2026-03-18,19,23.327000000001135,1.227736842105323,ZONE_TP19,zone,19,test
2026-03-19,25,218.63922480620082,8.745568992248032,ZONE_TP19,zone,19,test
2026-03-20,18,58.73999999998705,3.2633333333326138,ZONE_TP19,zone,19,test
2026-03-23,21,-19.277000000010048,-0.9179523809528595,ZONE_TP19,zone,19,test
2026-03-24,17,41.84699999999248,2.461588235293675,ZONE_TP19,zone,19,test
2026-03-25,11,72.16099999999096,6.560090909090087,ZONE_TP19,zone,19,test
2026-03-26,19,25.119999999992615,1.322105263157506,ZONE_TP19,zone,19,test
2026-03-27,17,37.1269999999995,2.1839411764705585,ZONE_TP19,zone,19,test
2026-03-30,20,24.71699999998509,1.2358499999992545,ZONE_TP19,zone,19,test
2026-03-31,26,76.22100000000773,2.9315769230772206,ZONE_TP19,zone,19,test
2026-04-01,18,47.79699999998411,2.655388888888006,ZONE_TP19,zone,19,test
2026-04-02,15,-7.9170000000067375,-0.5278000000004491,ZONE_TP19,zone,19,test
2026-04-06,9,5.2269999999980445,0.5807777777775605,ZONE_TP19,zone,19,test
2026-04-07,16,103.57000000000608,6.47312500000038,ZONE_TP19,zone,19,test
2026-04-08,19,-18.188000000008287,-0.957263157895173,ZONE_TP19,zone,19,test
2026-04-09,21,44.141999999980726,2.1019999999990824,ZONE_TP19,zone,19,test
2026-04-10,8,15.44600000000355,1.9307500000004438,ZONE_TP19,zone,19,test
2026-04-13,9,-6.940000000005966,-0.771111111111774,ZONE_TP19,zone,19,test
2026-04-14,13,7.764000000002852,0.5972307692309886,ZONE_TP19,zone,19,test
2026-04-15,9,37.450999999991836,4.1612222222213155,ZONE_TP19,zone,19,test
2026-04-16,13,-2.312000000003536,-0.17784615384642585,ZONE_TP19,zone,19,test
2026-04-17,14,29.463000000003376,2.104500000000241,ZONE_TP19,zone,19,test
2026-04-20,19,83.295999999993,4.383999999999632,ZONE_TP19,zone,19,test
2026-04-21,20,13.83999999997559,0.6919999999987795,ZONE_TP19,zone,19,test
2026-04-22,14,19.569999999986067,1.3978571428561477,ZONE_TP19,zone,19,test
2026-04-23,7,50.1569999999856,7.165285714283657,ZONE_TP19,zone,19,test
2026-04-24,9,14.020000000003165,1.5577777777781294,ZONE_TP19,zone,19,test
2026-04-27,15,-4.6030000000055225,-0.3068666666670348,ZONE_TP19,zone,19,test
2026-04-28,20,34.71999999999116,1.735999999999558,ZONE_TP19,zone,19,test
2026-04-29,12,31.88400000000911,2.657000000000759,ZONE_TP19,zone,19,test
2026-04-30,14,1.8999999999914507,0.13571428571367505,ZONE_TP19,zone,19,test
2026-05-01,14,-6.980000000008658,-0.498571428572047,ZONE_TP19,zone,19,test
2026-05-04,23,27.97899999998299,1.2164782608688256,ZONE_TP19,zone,19,test
2026-05-05,7,-2.8340000000034706,-0.4048571428576387,ZONE_TP19,zone,19,test
2026-05-06,19,25.75000000000091,1.3552631578947847,ZONE_TP19,zone,19,test
2026-05-07,16,83.38100000000395,5.211312500000247,ZONE_TP19,zone,19,test
2026-05-08,11,4.525333333320607,0.4113939393927825,ZONE_TP19,zone,19,test
2026-05-11,17,63.80300000002808,3.753117647060475,ZONE_TP19,zone,19,test
2026-05-12,22,69.57674829933057,3.1625794681513897,ZONE_TP19,zone,19,test
2026-05-13,7,23.80000000000109,3.400000000000156,ZONE_TP19,zone,19,test
2026-05-14,7,-4.324000000004162,-0.6177142857148803,ZONE_TP19,zone,19,test
2026-05-15,11,-1.6969999999973873,-0.15427272727248975,ZONE_TP19,zone,19,test
2026-05-18,9,-7.890000000002146,-0.8766666666669052,ZONE_TP19,zone,19,test
2026-05-19,18,37.34999999998672,2.074999999999262,ZONE_TP19,zone,19,test
2026-05-20,19,2.146999999994477,0.11299999999970932,ZONE_TP19,zone,19,test
2026-05-21,12,51.177000000008775,4.264750000000731,ZONE_TP19,zone,19,test
2026-05-22,8,30.390000000009422,3.798750000001178,ZONE_TP19,zone,19,test
2026-05-25,4,-2.5330000000021755,-0.6332500000005439,ZONE_TP19,zone,19,test
2026-05-26,9,37.27999999999247,4.142222222221386,ZONE_TP19,zone,19,test
2026-05-27,6,23.23000000000593,3.871666666667655,ZONE_TP19,zone,19,test
2026-05-28,25,52.9329999999818,2.117319999999272,ZONE_TP19,zone,19,test
2026-05-29,16,98.12700000001496,6.132937500000935,ZONE_TP19,zone,19,test
2026-06-01,13,-1.5269999999991342,-0.11746153846147186,ZONE_TP19,zone,19,test
2026-06-02,13,28.75299999998697,2.2117692307682284,ZONE_TP19,zone,19,test
2026-06-03,15,-13.437000000006265,-0.8958000000004176,ZONE_TP19,zone,19,test
2026-06-04,8,15.469999999987522,1.9337499999984402,ZONE_TP19,zone,19,test
2026-06-05,9,-5.960000000002765,-0.6622222222225295,ZONE_TP19,zone,19,test
2026-06-08,10,42.24600000000555,4.224600000000555,ZONE_TP19,zone,19,test
2026-06-09,17,15.605999999987034,0.9179999999992373,ZONE_TP19,zone,19,test
2026-06-10,27,47.172999999963395,1.7471481481467923,ZONE_TP19,zone,19,test
2026-06-11,14,112.96800000000485,8.069142857143204,ZONE_TP19,zone,19,test
2026-06-12,5,4.792999999994208,0.9585999999988417,ZONE_TP19,zone,19,test
2026-06-15,14,19.096999999996115,1.364071428571151,ZONE_TP19,zone,19,test
2026-06-16,11,2.326999999995679,0.2115454545450617,ZONE_TP19,zone,19,test
2026-06-17,15,56.76999999999589,3.7846666666663924,ZONE_TP19,zone,19,test
2026-06-18,14,75.5069999999705,5.393357142855036,ZONE_TP19,zone,19,test
2026-06-19,12,32.05999999999494,2.6716666666662454,ZONE_TP19,zone,19,test
2026-06-22,10,18.330000000003565,1.8330000000003566,ZONE_TP19,zone,19,test
2026-06-23,14,58.98999999999751,4.21357142857125,ZONE_TP19,zone,19,test
2026-06-24,17,51.38700000000017,3.022764705882363,ZONE_TP19,zone,19,test
2026-06-25,4,10.190000000001874,2.5475000000004684,ZONE_TP19,zone,19,test
2026-06-26,18,-13.216999999998734,-0.7342777777777074,ZONE_TP19,zone,19,test
2026-06-29,15,56.40100000001439,3.760066666667626,ZONE_TP19,zone,19,test
2026-06-30,11,-6.372999999999138,-0.579363636363558,ZONE_TP19,zone,19,test
2026-07-01,20,19.969999999992524,0.9984999999996262,ZONE_TP19,zone,19,test
2026-07-02,6,-5.9099999999998545,-0.9849999999999758,ZONE_TP19,zone,19,test
2026-07-03,6,10.129999999994654,1.6883333333324424,ZONE_TP19,zone,19,test
2026-07-06,5,5.319999999990615,1.063999999998123,ZONE_TP19,zone,19,test
2026-07-07,8,4.039999999999964,0.5049999999999955,ZONE_TP19,zone,19,test
2026-07-08,15,13.6899999999996,0.91266666666664,ZONE_TP19,zone,19,test
2026-07-09,7,-2.7100000000018554,-0.3871428571431222,ZONE_TP19,zone,19,test
2026-07-10,5,-2.7700000000022555,-0.5540000000004511,ZONE_TP19,zone,19,test
2026-07-13,21,62.529999999989286,2.9776190476185374,ZONE_TP19,zone,19,test
2026-07-14,16,28.299999999995634,1.7687499999997272,ZONE_TP19,zone,19,test
2026-07-15,8,31.909999999992124,3.9887499999990155,ZONE_TP19,zone,19,test
2026-01-02,18,-11.193000000011125,-0.6218333333339514,ZONE_TP20,zone,20,test
2026-01-05,13,25.436999999999898,1.9566923076923,ZONE_TP20,zone,20,test
2026-01-06,17,3.354999999980465,0.19735294117532146,ZONE_TP20,zone,20,test
2026-01-07,8,24.33699999999772,3.042124999999715,ZONE_TP20,zone,20,test
2026-01-08,13,55.116999999982916,4.239769230767917,ZONE_TP20,zone,20,test
2026-01-09,16,19.19799999999759,1.1998749999998495,ZONE_TP20,zone,20,test
2026-01-12,13,34.85000000003038,2.6807692307715674,ZONE_TP20,zone,20,test
2026-01-13,10,27.61000000000422,2.761000000000422,ZONE_TP20,zone,20,test
2026-01-14,11,-8.094000000005508,-0.7358181818186825,ZONE_TP20,zone,20,test
2026-01-15,7,-5.539000000001579,-0.7912857142859399,ZONE_TP20,zone,20,test
2026-01-16,9,-7.4430000000047585,-0.8270000000005288,ZONE_TP20,zone,20,test
2026-01-19,3,-2.3000000000010914,-0.7666666666670304,ZONE_TP20,zone,20,test
2026-01-20,16,23.076999999985674,1.4423124999991046,ZONE_TP20,zone,20,test
2026-01-21,10,0.08399999997982377,0.008399999997982377,ZONE_TP20,zone,20,test
2026-01-22,24,45.346000000005006,1.8894166666668752,ZONE_TP20,zone,20,test
2026-01-23,17,124.00000000002728,7.294117647060428,ZONE_TP20,zone,20,test
2026-01-26,10,17.22999999999411,1.722999999999411,ZONE_TP20,zone,20,test
2026-01-27,15,66.85399999998936,4.456933333332624,ZONE_TP20,zone,20,test
2026-01-28,31,372.84850954481345,12.027371275639144,ZONE_TP20,zone,20,test
2026-01-29,22,250.04900000000453,11.365863636363843,ZONE_TP20,zone,20,test
2026-01-30,29,157.58999999999105,5.434137931034174,ZONE_TP20,zone,20,test
2026-02-02,24,560.2679999999955,23.34449999999981,ZONE_TP20,zone,20,test
2026-02-03,24,170.53699999998844,7.105708333332852,ZONE_TP20,zone,20,test
2026-02-04,20,57.947999999993954,2.8973999999996978,ZONE_TP20,zone,20,test
2026-02-05,26,185.32100000001083,7.127730769231186,ZONE_TP20,zone,20,test
2026-02-06,23,113.23899999998957,4.9234347826082425,ZONE_TP20,zone,20,test
2026-02-09,20,8.3213006247582,0.41606503123791,ZONE_TP20,zone,20,test
2026-02-10,9,-7.447000000002845,-0.8274444444447605,ZONE_TP20,zone,20,test
2026-02-11,16,-11.241000000005442,-0.7025625000003402,ZONE_TP20,zone,20,test
2026-02-12,11,25.659999999995307,2.332727272726846,ZONE_TP20,zone,20,test
2026-02-13,20,71.83699999999317,3.5918499999996585,ZONE_TP20,zone,20,test
2026-02-16,6,-4.8160000000016225,-0.8026666666669371,ZONE_TP20,zone,20,test
2026-02-17,19,80.26699999998527,4.224578947367646,ZONE_TP20,zone,20,test
2026-02-18,11,84.62699999997858,7.693363636361689,ZONE_TP20,zone,20,test
2026-02-19,16,32.70300000000134,2.0439375000000837,ZONE_TP20,zone,20,test
2026-02-20,16,189.8020000000024,11.86262500000015,ZONE_TP20,zone,20,test
2026-02-23,14,124.7929999999842,8.913785714284586,ZONE_TP20,zone,20,test
2026-02-24,14,-12.74300000000585,-0.9102142857147035,ZONE_TP20,zone,20,test
2026-02-25,11,28.323999999998705,2.574909090908973,ZONE_TP20,zone,20,test
2026-02-26,11,37.44999999999163,3.404545454544694,ZONE_TP20,zone,20,test
2026-02-27,14,28.07499999999891,2.005357142857065,ZONE_TP20,zone,20,test
2026-03-02,10,-19.119000000002416,-1.9119000000002415,ZONE_TP20,zone,20,test
2026-03-03,28,-21.187000000001717,-0.7566785714286327,ZONE_TP20,zone,20,test
2026-03-04,11,-5.587000000005901,-0.5079090909096273,ZONE_TP20,zone,20,test
2026-03-05,18,54.21299999999064,3.0118333333328136,ZONE_TP20,zone,20,test
2026-03-06,15,-1.7700000000040745,-0.11800000000027164,ZONE_TP20,zone,20,test
2026-03-09,15,143.9559999999865,9.597066666665766,ZONE_TP20,zone,20,test
2026-03-10,22,60.89380099503099,2.7679000452286817,ZONE_TP20,zone,20,test
2026-03-11,12,21.00000000001637,1.7500000000013642,ZONE_TP20,zone,20,test
2026-03-12,25,27.27299999998104,1.0909199999992416,ZONE_TP20,zone,20,test
2026-03-13,13,41.8229999999694,3.217153846151492,ZONE_TP20,zone,20,test
2026-03-16,8,13.3429999999953,1.6678749999994125,ZONE_TP20,zone,20,test
2026-03-17,8,10.050000000006548,1.2562500000008185,ZONE_TP20,zone,20,test
2026-03-18,19,25.217000000001462,1.3272105263158664,ZONE_TP20,zone,20,test
2026-03-19,25,230.58222480620105,9.223288992248042,ZONE_TP20,zone,20,test
2026-03-20,18,62.5869999999868,3.477055555554822,ZONE_TP20,zone,20,test
2026-03-23,21,-17.237000000010084,-0.820809523810004,ZONE_TP20,zone,20,test
2026-03-24,17,44.61399999999231,2.624352941176018,ZONE_TP20,zone,20,test
2026-03-25,11,74.99399999999059,6.817636363635509,ZONE_TP20,zone,20,test
2026-03-26,19,27.556999999992513,1.4503684210522376,ZONE_TP20,zone,20,test
2026-03-27,17,39.97699999999986,2.3515882352941095,ZONE_TP20,zone,20,test
2026-03-30,20,26.509999999984753,1.3254999999992376,ZONE_TP20,zone,20,test
2026-03-31,26,81.20800000000872,3.1233846153849507,ZONE_TP20,zone,20,test
2026-04-01,18,48.77699999998367,2.7098333333324263,ZONE_TP20,zone,20,test
2026-04-02,15,-7.9170000000067375,-0.5278000000004491,ZONE_TP20,zone,20,test
2026-04-06,9,5.989999999997963,0.6655555555553292,ZONE_TP20,zone,20,test
2026-04-07,16,109.49300000000676,6.8433125000004225,ZONE_TP20,zone,20,test
2026-04-08,19,-18.188000000008287,-0.957263157895173,ZONE_TP20,zone,20,test
2026-04-09,21,46.42899999998008,2.210904761903813,ZONE_TP20,zone,20,test
2026-04-10,8,16.44300000000385,2.055375000000481,ZONE_TP20,zone,20,test
2026-04-13,9,-6.940000000005966,-0.771111111111774,ZONE_TP20,zone,20,test
2026-04-14,13,8.534000000003289,0.6564615384617914,ZONE_TP20,zone,20,test
2026-04-15,9,39.70399999999154,4.4115555555546155,ZONE_TP20,zone,20,test
2026-04-16,13,-2.312000000003536,-0.17784615384642585,ZONE_TP20,zone,20,test
2026-04-17,14,31.40300000000389,2.243071428571706,ZONE_TP20,zone,20,test
2026-04-20,19,77.05599999998321,4.055578947367538,ZONE_TP20,zone,20,test
2026-04-21,20,15.299999999974716,0.7649999999987358,ZONE_TP20,zone,20,test
2026-04-22,14,20.999999999985448,1.4999999999989606,ZONE_TP20,zone,20,test
2026-04-23,7,53.08699999998498,7.583857142854997,ZONE_TP20,zone,20,test
2026-04-24,9,15.080000000003565,1.6755555555559516,ZONE_TP20,zone,20,test
2026-04-27,15,-4.6030000000055225,-0.3068666666670348,ZONE_TP20,zone,20,test
2026-04-28,20,35.879999999991014,1.7939999999995506,ZONE_TP20,zone,20,test
2026-04-29,12,33.914000000009764,2.8261666666674805,ZONE_TP20,zone,20,test
2026-04-30,14,2.349999999991269,0.1678571428565192,ZONE_TP20,zone,20,test
2026-05-01,14,-6.980000000008658,-0.498571428572047,ZONE_TP20,zone,20,test
2026-05-04,23,29.9899999999825,1.3039130434775001,ZONE_TP20,zone,20,test
2026-05-05,7,-2.8340000000034706,-0.4048571428576387,ZONE_TP20,zone,20,test
2026-05-06,19,26.100000000001273,1.373684210526383,ZONE_TP20,zone,20,test
2026-05-07,16,87.55700000000434,5.472312500000271,ZONE_TP20,zone,20,test
2026-05-08,11,5.085333333320098,0.4623030303018271,ZONE_TP20,zone,20,test
2026-05-11,17,67.57000000002972,3.9747058823546895,ZONE_TP20,zone,20,test
2026-05-12,22,73.7727482993314,3.3533067408787,ZONE_TP20,zone,20,test
2026-05-13,7,25.31000000000131,3.6157142857144726,ZONE_TP20,zone,20,test
2026-05-14,7,-4.324000000004162,-0.6177142857148803,ZONE_TP20,zone,20,test
2026-05-15,11,-1.3469999999970235,-0.12245454545427487,ZONE_TP20,zone,20,test
2026-05-18,9,-7.890000000002146,-0.8766666666669052,ZONE_TP20,zone,20,test
2026-05-19,18,39.5899999999865,2.1994444444436945,ZONE_TP20,zone,20,test
2026-05-20,19,2.146999999994477,0.11299999999970932,ZONE_TP20,zone,20,test
2026-05-21,12,53.14000000000942,4.428333333334119,ZONE_TP20,zone,20,test
2026-05-22,8,32.130000000010114,4.016250000001264,ZONE_TP20,zone,20,test
2026-05-25,4,-2.5330000000021755,-0.6332500000005439,ZONE_TP20,zone,20,test
2026-05-26,9,39.47999999999229,4.38666666666581,ZONE_TP20,zone,20,test
2026-05-27,6,24.580000000006297,4.0966666666677165,ZONE_TP20,zone,20,test
2026-05-28,25,56.112999999981184,2.2445199999992473,ZONE_TP20,zone,20,test
2026-05-29,16,103.04700000001594,6.440437500000996,ZONE_TP20,zone,20,test
2026-06-01,13,-1.1899999999986903,-0.09153846153836079,ZONE_TP20,zone,20,test
2026-06-02,13,30.589999999986503,2.353076923075885,ZONE_TP20,zone,20,test
2026-06-03,15,-13.437000000006265,-0.8958000000004176,ZONE_TP20,zone,20,test
2026-06-04,8,14.789999999996326,1.8487499999995407,ZONE_TP20,zone,20,test
2026-06-05,9,-5.960000000002765,-0.6622222222225295,ZONE_TP20,zone,20,test
2026-06-08,10,44.713000000006105,4.4713000000006105,ZONE_TP20,zone,20,test
2026-06-09,17,16.965999999986707,0.9979999999992181,ZONE_TP20,zone,20,test
2026-06-10,27,50.3699999999617,1.865555555554137,ZONE_TP20,zone,20,test
2026-06-11,14,119.27100000000519,8.519357142857514,ZONE_TP20,zone,20,test
2026-06-12,5,5.139999999993962,1.0279999999987923,ZONE_TP20,zone,20,test
2026-06-15,14,20.43699999999626,1.4597857142854471,ZONE_TP20,zone,20,test
2026-06-16,11,2.326999999995679,0.2115454545450617,ZONE_TP20,zone,20,test
2026-06-17,15,60.359999999996035,4.023999999999735,ZONE_TP20,zone,20,test
2026-06-18,14,79.8269999999693,5.701928571426379,ZONE_TP20,zone,20,test
2026-06-19,12,33.59999999999491,2.7999999999995757,ZONE_TP20,zone,20,test
2026-06-22,10,11.679999999996655,1.1679999999996655,ZONE_TP20,zone,20,test
2026-06-23,14,62.239999999997515,4.445714285714108,ZONE_TP20,zone,20,test
2026-06-24,17,54.8470000000002,3.2262941176470705,ZONE_TP20,zone,20,test
2026-06-25,4,10.820000000001981,2.7050000000004952,ZONE_TP20,zone,20,test
2026-06-26,18,-13.216999999998734,-0.7342777777777074,ZONE_TP20,zone,20,test
2026-06-29,15,59.28400000001511,3.9522666666676742,ZONE_TP20,zone,20,test
2026-06-30,11,-6.372999999999138,-0.579363636363558,ZONE_TP20,zone,20,test
2026-07-01,20,21.61999999999216,1.080999999999608,ZONE_TP20,zone,20,test
2026-07-02,6,-5.9099999999998545,-0.9849999999999758,ZONE_TP20,zone,20,test
2026-07-03,6,10.789999999994507,1.7983333333324178,ZONE_TP20,zone,20,test
2026-07-06,5,5.289999999997235,1.057999999999447,ZONE_TP20,zone,20,test
2026-07-07,8,4.670000000000071,0.5837500000000089,ZONE_TP20,zone,20,test
2026-07-08,15,14.899999999999636,0.9933333333333091,ZONE_TP20,zone,20,test
2026-07-09,7,-2.7100000000018554,-0.3871428571431222,ZONE_TP20,zone,20,test
2026-07-10,5,-2.7700000000022555,-0.5540000000004511,ZONE_TP20,zone,20,test
2026-07-13,21,66.35999999998876,3.1599999999994646,ZONE_TP20,zone,20,test
2026-07-14,16,29.84999999999536,1.86562499999971,ZONE_TP20,zone,20,test
2026-07-15,8,33.65999999999167,4.207499999998959,ZONE_TP20,zone,20,test
2026-01-02,18,-11.193000000011125,-0.6218333333339514,ZONE_TP21,zone,21,test
2026-01-05,13,4.627000000001319,0.35592307692317837,ZONE_TP21,zone,21,test
2026-01-06,17,3.9979999999795837,0.23517647058703434,ZONE_TP21,zone,21,test
2026-01-07,8,25.756999999997788,3.2196249999997235,ZONE_TP21,zone,21,test
2026-01-08,13,58.29699999998229,4.484384615383253,ZONE_TP21,zone,21,test
2026-01-09,16,20.734999999997854,1.2959374999998658,ZONE_TP21,zone,21,test
2026-01-12,13,36.97000000003209,2.843846153848622,ZONE_TP21,zone,21,test
2026-01-13,10,29.210000000004584,2.9210000000004586,ZONE_TP21,zone,21,test
2026-01-14,11,-8.094000000005508,-0.7358181818186825,ZONE_TP21,zone,21,test
2026-01-15,7,-5.539000000001579,-0.7912857142859399,ZONE_TP21,zone,21,test
2026-01-16,9,-7.4430000000047585,-0.8270000000005288,ZONE_TP21,zone,21,test
2026-01-19,3,-2.3000000000010914,-0.7666666666670304,ZONE_TP21,zone,21,test
2026-01-20,16,24.73999999998523,1.5462499999990769,ZONE_TP21,zone,21,test
2026-01-21,10,0.5939999999791326,0.059399999997913254,ZONE_TP21,zone,21,test
2026-01-22,24,48.3360000000057,2.0140000000002374,ZONE_TP21,zone,21,test
2026-01-23,17,130.620000000029,7.683529411766411,ZONE_TP21,zone,21,test
2026-01-26,10,18.28299999999399,1.828299999999399,ZONE_TP21,zone,21,test
2026-01-27,15,70.46399999998903,4.697599999999269,ZONE_TP21,zone,21,test
2026-01-28,31,392.76850954481534,12.669951920800495,ZONE_TP21,zone,21,test
2026-01-29,22,264.05200000000514,12.002363636363869,ZONE_TP21,zone,21,test
2026-01-30,29,73.05699999999617,2.5192068965515917,ZONE_TP21,zone,21,test
2026-02-02,24,405.7110000000057,16.904625000000237,ZONE_TP21,zone,21,test
2026-02-03,24,178.77699999998822,7.449041666666176,ZONE_TP21,zone,21,test
2026-02-04,20,61.747999999994136,3.0873999999997066,ZONE_TP21,zone,21,test
2026-02-05,26,195.45100000001185,7.517346153846609,ZONE_TP21,zone,21,test
2026-02-06,23,120.31899999998952,5.231260869564761,ZONE_TP21,zone,21,test
2026-02-09,20,9.271300624758018,0.4635650312379009,ZONE_TP21,zone,21,test
2026-02-10,9,-7.447000000002845,-0.8274444444447605,ZONE_TP21,zone,21,test
2026-02-11,16,-11.241000000005442,-0.7025625000003402,ZONE_TP21,zone,21,test
2026-02-12,11,25.989999999995234,2.3627272727268394,ZONE_TP21,zone,21,test
2026-02-13,20,76.02399999999307,3.8011999999996533,ZONE_TP21,zone,21,test
2026-02-16,6,-4.8160000000016225,-0.8026666666669371,ZONE_TP21,zone,21,test
2026-02-17,19,85.00999999998476,4.474210526314987,ZONE_TP21,zone,21,test
2026-02-18,11,88.9569999999776,8.086999999997964,ZONE_TP21,zone,21,test
2026-02-19,16,33.93300000000181,2.1208125000001132,ZONE_TP21,zone,21,test
2026-02-20,16,195.0490000000027,12.19056250000017,ZONE_TP21,zone,21,test
2026-02-23,14,129.56299999998373,9.254499999998838,ZONE_TP21,zone,21,test
2026-02-24,14,-12.74300000000585,-0.9102142857147035,ZONE_TP21,zone,21,test
2026-02-25,11,29.953999999998814,2.7230909090908013,ZONE_TP21,zone,21,test
2026-02-26,11,39.50699999999142,3.5915454545446748,ZONE_TP21,zone,21,test
2026-02-27,14,29.87499999999909,2.1339285714285063,ZONE_TP21,zone,21,test
2026-03-02,10,-19.119000000002416,-1.9119000000002415,ZONE_TP21,zone,21,test
2026-03-03,28,-20.694000000001324,-0.7390714285714759,ZONE_TP21,zone,21,test
2026-03-04,11,-5.587000000005901,-0.5079090909096273,ZONE_TP21,zone,21,test
2026-03-05,18,57.3729999999905,3.187388888888361,ZONE_TP21,zone,21,test
2026-03-06,15,-1.4400000000041473,-0.09600000000027649,ZONE_TP21,zone,21,test
2026-03-09,15,151.85599999998612,10.123733333332408,ZONE_TP21,zone,21,test
2026-03-10,22,52.943800995032085,2.4065364088650947,ZONE_TP21,zone,21,test
2026-03-11,12,22.300000000017462,1.8583333333347885,ZONE_TP21,zone,21,test
2026-03-12,25,28.542999999980566,1.1417199999992227,ZONE_TP21,zone,21,test
2026-03-13,13,44.222999999968124,3.401769230766779,ZONE_TP21,zone,21,test
2026-03-16,8,13.3429999999953,1.6678749999994125,ZONE_TP21,zone,21,test
2026-03-17,8,10.673000000007049,1.334125000000881,ZONE_TP21,zone,21,test
2026-03-18,19,27.10700000000179,1.42668421052641,ZONE_TP21,zone,21,test
2026-03-19,25,242.52522480620124,9.701008992248049,ZONE_TP21,zone,21,test
2026-03-20,18,66.43399999998655,3.690777777777031,ZONE_TP21,zone,21,test
2026-03-23,21,-15.19700000001012,-0.7236666666671486,ZONE_TP21,zone,21,test
2026-03-24,17,47.38099999999213,2.7871176470583605,ZONE_TP21,zone,21,test
2026-03-25,11,77.82699999999022,7.075181818180929,ZONE_TP21,zone,21,test
2026-03-26,19,29.99399999999241,1.578631578946969,ZONE_TP21,zone,21,test
2026-03-27,17,42.827000000000226,2.51923529411766,ZONE_TP21,zone,21,test
2026-03-30,20,28.302999999984422,1.4151499999992212,ZONE_TP21,zone,21,test
2026-03-31,26,86.19500000000971,3.3151923076926813,ZONE_TP21,zone,21,test
2026-04-01,18,49.756999999983236,2.7642777777768464,ZONE_TP21,zone,21,test
2026-04-02,15,-7.9170000000067375,-0.5278000000004491,ZONE_TP21,zone,21,test
2026-04-06,9,6.752999999997883,0.750333333333098,ZONE_TP21,zone,21,test
2026-04-07,16,110.61900000000333,6.913687500000208,ZONE_TP21,zone,21,test
2026-04-08,19,-18.188000000008287,-0.957263157895173,ZONE_TP21,zone,21,test
2026-04-09,21,48.71599999997943,2.3198095238085443,ZONE_TP21,zone,21,test
2026-04-10,8,17.440000000004147,2.1800000000005184,ZONE_TP21,zone,21,test
2026-04-13,9,-6.940000000005966,-0.771111111111774,ZONE_TP21,zone,21,test
2026-04-14,13,9.304000000003725,0.7156923076925943,ZONE_TP21,zone,21,test
2026-04-15,9,41.95699999999124,4.6618888888879155,ZONE_TP21,zone,21,test
2026-04-16,13,-2.312000000003536,-0.17784615384642585,ZONE_TP21,zone,21,test
2026-04-17,14,33.343000000004395,2.381642857143171,ZONE_TP21,zone,21,test
2026-04-20,19,80.9859999999826,4.262421052630663,ZONE_TP21,zone,21,test
2026-04-21,20,16.759999999973843,0.8379999999986921,ZONE_TP21,zone,21,test
2026-04-22,14,22.42999999998483,1.6021428571417735,ZONE_TP21,zone,21,test
2026-04-23,7,56.01699999998437,8.00242857142634,ZONE_TP21,zone,21,test
2026-04-24,9,16.140000000003965,1.793333333333774,ZONE_TP21,zone,21,test
2026-04-27,15,-4.6030000000055225,-0.3068666666670348,ZONE_TP21,zone,21,test
2026-04-28,20,37.03999999999087,1.8519999999995433,ZONE_TP21,zone,21,test
2026-04-29,12,35.94400000001042,2.9953333333342016,ZONE_TP21,zone,21,test
2026-04-30,14,2.799999999991087,0.19999999999936335,ZONE_TP21,zone,21,test
2026-05-01,14,-6.980000000008658,-0.498571428572047,ZONE_TP21,zone,21,test
2026-05-04,23,32.000999999982014,1.3913478260861745,ZONE_TP21,zone,21,test
2026-05-05,7,-2.8340000000034706,-0.4048571428576387,ZONE_TP21,zone,21,test
2026-05-06,19,26.450000000001637,1.3921052631579809,ZONE_TP21,zone,21,test
2026-05-07,16,91.73300000000472,5.733312500000295,ZONE_TP21,zone,21,test
2026-05-08,11,5.645333333319589,0.5132121212108717,ZONE_TP21,zone,21,test
2026-05-11,17,71.33700000003137,4.196294117648904,ZONE_TP21,zone,21,test
2026-05-12,22,77.96874829933222,3.54403401360601,ZONE_TP21,zone,21,test
2026-05-13,7,26.820000000001528,3.83142857142879,ZONE_TP21,zone,21,test
2026-05-14,7,-4.324000000004162,-0.6177142857148803,ZONE_TP21,zone,21,test
2026-05-15,11,-0.9969999999966606,-0.09063636363606005,ZONE_TP21,zone,21,test
2026-05-18,9,-7.890000000002146,-0.8766666666669052,ZONE_TP21,zone,21,test
2026-05-19,18,41.829999999986285,2.323888888888127,ZONE_TP21,zone,21,test
2026-05-20,19,2.146999999994477,0.11299999999970932,ZONE_TP21,zone,21,test
2026-05-21,12,55.10300000001007,4.5919166666675055,ZONE_TP21,zone,21,test
2026-05-22,8,33.870000000010805,4.233750000001351,ZONE_TP21,zone,21,test
2026-05-25,4,-2.5330000000021755,-0.6332500000005439,ZONE_TP21,zone,21,test
2026-05-26,9,41.679999999992106,4.631111111110234,ZONE_TP21,zone,21,test
2026-05-27,6,25.930000000006658,4.3216666666677765,ZONE_TP21,zone,21,test
2026-05-28,25,59.292999999980566,2.3717199999992227,ZONE_TP21,zone,21,test
2026-05-29,16,107.96700000001692,6.747937500001058,ZONE_TP21,zone,21,test
2026-06-01,13,-0.8529999999982466,-0.06561538461524974,ZONE_TP21,zone,21,test
2026-06-02,13,32.42699999998604,2.494384615383541,ZONE_TP21,zone,21,test
2026-06-03,15,-13.437000000006265,-0.8958000000004176,ZONE_TP21,zone,21,test
2026-06-04,8,14.789999999996326,1.8487499999995407,ZONE_TP21,zone,21,test
2026-06-05,9,-5.960000000002765,-0.6622222222225295,ZONE_TP21,zone,21,test
2026-06-08,10,47.18000000000666,4.718000000000666,ZONE_TP21,zone,21,test
2026-06-09,17,18.32599999998638,1.0779999999991987,ZONE_TP21,zone,21,test
2026-06-10,27,43.84699999996792,1.623962962961775,ZONE_TP21,zone,21,test
2026-06-11,14,125.57400000000553,8.969571428571824,ZONE_TP21,zone,21,test
2026-06-12,5,5.486999999993714,1.0973999999987427,ZONE_TP21,zone,21,test
2026-06-15,14,21.776999999996406,1.5554999999997432,ZONE_TP21,zone,21,test
2026-06-16,11,2.326999999995679,0.2115454545450617,ZONE_TP21,zone,21,test
2026-06-17,15,2.5799999999935626,0.17199999999957083,ZONE_TP21,zone,21,test
2026-06-18,14,84.1469999999681,6.010499999997721,ZONE_TP21,zone,21,test
2026-06-19,12,35.13999999999487,2.928333333332906,ZONE_TP21,zone,21,test
2026-06-22,10,11.679999999996655,1.1679999999996655,ZONE_TP21,zone,21,test
2026-06-23,14,65.48999999999751,4.677857142856965,ZONE_TP21,zone,21,test
2026-06-24,17,58.307000000000244,3.429823529411779,ZONE_TP21,zone,21,test
2026-06-25,4,11.450000000002092,2.862500000000523,ZONE_TP21,zone,21,test
2026-06-26,18,-13.216999999998734,-0.7342777777777074,ZONE_TP21,zone,21,test
2026-06-29,15,62.16700000001583,4.144466666667722,ZONE_TP21,zone,21,test
2026-06-30,11,-6.372999999999138,-0.579363636363558,ZONE_TP21,zone,21,test
2026-07-01,20,23.269999999991796,1.1634999999995899,ZONE_TP21,zone,21,test
2026-07-02,6,-5.9099999999998545,-0.9849999999999758,ZONE_TP21,zone,21,test
2026-07-03,6,11.449999999994361,1.9083333333323935,ZONE_TP21,zone,21,test
2026-07-06,5,5.289999999997235,1.057999999999447,ZONE_TP21,zone,21,test
2026-07-07,8,5.300000000000182,0.6625000000000227,ZONE_TP21,zone,21,test
2026-07-08,15,16.109999999999673,1.073999999999978,ZONE_TP21,zone,21,test
2026-07-09,7,-2.7100000000018554,-0.3871428571431222,ZONE_TP21,zone,21,test
2026-07-10,5,-2.7700000000022555,-0.5540000000004511,ZONE_TP21,zone,21,test
2026-07-13,21,70.18999999998823,3.342380952380392,ZONE_TP21,zone,21,test
2026-07-14,16,31.39999999999509,1.962499999999693,ZONE_TP21,zone,21,test
2026-07-15,8,35.409999999991214,4.426249999998902,ZONE_TP21,zone,21,test
2026-01-02,18,-11.193000000011125,-0.6218333333339514,ZONE_TP22,zone,22,test
2026-01-05,13,5.267000000001644,0.40515384615397265,ZONE_TP22,zone,22,test
2026-01-06,17,4.640999999978704,0.2729999999987473,ZONE_TP22,zone,22,test
2026-01-07,8,27.17699999999786,3.3971249999997326,ZONE_TP22,zone,22,test
2026-01-08,13,52.66699999998491,4.051307692306532,ZONE_TP22,zone,22,test
2026-01-09,16,22.271999999998116,1.3919999999998822,ZONE_TP22,zone,22,test
2026-01-12,13,18.31000000001586,1.4084615384627586,ZONE_TP22,zone,22,test
2026-01-13,10,30.810000000004948,3.0810000000004947,ZONE_TP22,zone,22,test
2026-01-14,11,-8.094000000005508,-0.7358181818186825,ZONE_TP22,zone,22,test
2026-01-15,7,-5.539000000001579,-0.7912857142859399,ZONE_TP22,zone,22,test
2026-01-16,9,-7.4430000000047585,-0.8270000000005288,ZONE_TP22,zone,22,test
2026-01-19,3,-2.3000000000010914,-0.7666666666670304,ZONE_TP22,zone,22,test
2026-01-20,16,26.402999999984786,1.6501874999990491,ZONE_TP22,zone,22,test
2026-01-21,10,1.1039999999784413,0.11039999999784414,ZONE_TP22,zone,22,test
2026-01-22,24,51.32600000000639,2.1385833333335995,ZONE_TP22,zone,22,test
2026-01-23,17,137.2400000000307,8.072941176472394,ZONE_TP22,zone,22,test
2026-01-26,10,19.01000000000749,1.901000000000749,ZONE_TP22,zone,22,test
2026-01-27,15,74.0739999999887,4.938266666665913,ZONE_TP22,zone,22,test
2026-01-28,31,412.68850954481724,13.312532565961847,ZONE_TP22,zone,22,test
2026-01-29,22,278.05500000000575,12.638863636363897,ZONE_TP22,zone,22,test
2026-01-30,29,75.06699999999638,2.5885172413791855,ZONE_TP22,zone,22,test
2026-02-02,24,426.2810000000063,17.761708333333598,ZONE_TP22,zone,22,test
2026-02-03,24,187.016999999988,7.7923749999995,ZONE_TP22,zone,22,test
2026-02-04,20,65.54799999999432,3.277399999999716,ZONE_TP22,zone,22,test
2026-02-05,26,205.58100000001286,7.906961538462033,ZONE_TP22,zone,22,test
2026-02-06,23,127.39899999998943,5.539086956521279,ZONE_TP22,zone,22,test
2026-02-09,20,10.221300624757836,0.5110650312378918,ZONE_TP22,zone,22,test
2026-02-10,9,-7.447000000002845,-0.8274444444447605,ZONE_TP22,zone,22,test
2026-02-11,16,-11.241000000005442,-0.7025625000003402,ZONE_TP22,zone,22,test
2026-02-12,11,26.31999999999516,2.392727272726833,ZONE_TP22,zone,22,test
2026-02-13,20,80.21099999999296,4.010549999999649,ZONE_TP22,zone,22,test
2026-02-16,6,-4.8160000000016225,-0.8026666666669371,ZONE_TP22,zone,22,test
2026-02-17,19,89.75299999998424,4.723842105262328,ZONE_TP22,zone,22,test
2026-02-18,11,93.28699999997662,8.480636363634238,ZONE_TP22,zone,22,test
2026-02-19,16,25.3429999999953,1.5839374999997062,ZONE_TP22,zone,22,test
2026-02-20,16,200.296000000003,12.518500000000188,ZONE_TP22,zone,22,test
2026-02-23,14,134.33299999998326,9.595214285713089,ZONE_TP22,zone,22,test
2026-02-24,14,-12.74300000000585,-0.9102142857147035,ZONE_TP22,zone,22,test
2026-02-25,11,31.583999999998923,2.8712727272726295,ZONE_TP22,zone,22,test
2026-02-26,11,41.56399999999121,3.7785454545446555,ZONE_TP22,zone,22,test
2026-02-27,14,31.674999999999272,2.262499999999948,ZONE_TP22,zone,22,test
2026-03-02,10,-19.119000000002416,-1.9119000000002415,ZONE_TP22,zone,22,test
2026-03-03,28,-20.20100000000093,-0.721464285714319,ZONE_TP22,zone,22,test
2026-03-04,11,-5.587000000005901,-0.5079090909096273,ZONE_TP22,zone,22,test
2026-03-05,18,60.53299999999036,3.362944444443909,ZONE_TP22,zone,22,test
2026-03-06,15,-1.11000000000422,-0.07400000000028134,ZONE_TP22,zone,22,test
2026-03-09,15,159.75599999998576,10.65039999999905,ZONE_TP22,zone,22,test
2026-03-10,22,54.47380099503274,2.4760818634105792,ZONE_TP22,zone,22,test
2026-03-11,12,23.600000000018554,1.9666666666682129,ZONE_TP22,zone,22,test
2026-03-12,25,29.812999999980093,1.1925199999992038,ZONE_TP22,zone,22,test
2026-03-13,13,46.62299999996685,3.5863846153820655,ZONE_TP22,zone,22,test
2026-03-16,8,13.3429999999953,1.6678749999994125,ZONE_TP22,zone,22,test
2026-03-17,8,11.296000000007552,1.412000000000944,ZONE_TP22,zone,22,test
2026-03-18,19,28.997000000002117,1.5261578947369536,ZONE_TP22,zone,22,test
2026-03-19,25,254.46822480620145,10.178728992248057,ZONE_TP22,zone,22,test
2026-03-20,18,70.2809999999863,3.9044999999992394,ZONE_TP22,zone,22,test
2026-03-23,21,-13.157000000010157,-0.6265238095242932,ZONE_TP22,zone,22,test
2026-03-24,17,50.14799999999195,2.949882352940703,ZONE_TP22,zone,22,test
2026-03-25,11,80.65999999998985,7.33272727272635,ZONE_TP22,zone,22,test
2026-03-26,19,32.43099999999231,1.7068947368417005,ZONE_TP22,zone,22,test
2026-03-27,17,45.67700000000059,2.686882352941211,ZONE_TP22,zone,22,test
2026-03-30,20,30.095999999984087,1.5047999999992043,ZONE_TP22,zone,22,test
2026-03-31,26,91.1820000000107,3.507000000000412,ZONE_TP22,zone,22,test
2026-04-01,18,50.7369999999828,2.8187222222212664,ZONE_TP22,zone,22,test
2026-04-02,15,-7.9170000000067375,-0.5278000000004491,ZONE_TP22,zone,22,test
2026-04-06,9,7.515999999997803,0.835111111110867,ZONE_TP22,zone,22,test
2026-04-07,16,113.24200000000383,7.077625000000239,ZONE_TP22,zone,22,test
2026-04-08,19,-18.188000000008287,-0.957263157895173,ZONE_TP22,zone,22,test
2026-04-09,21,36.679999999975735,1.746666666665511,ZONE_TP22,zone,22,test
2026-04-10,8,18.437000000004446,2.3046250000005557,ZONE_TP22,zone,22,test
2026-04-13,9,-6.940000000005966,-0.771111111111774,ZONE_TP22,zone,22,test
2026-04-14,13,10.074000000004162,0.774923076923397,ZONE_TP22,zone,22,test
2026-04-15,9,44.20999999999094,4.9122222222212155,ZONE_TP22,zone,22,test
2026-04-16,13,-2.312000000003536,-0.17784615384642585,ZONE_TP22,zone,22,test
2026-04-17,14,35.283000000004904,2.520214285714636,ZONE_TP22,zone,22,test
2026-04-20,19,84.91599999998198,4.4692631578937885,ZONE_TP22,zone,22,test
2026-04-21,20,18.21999999997297,0.9109999999986484,ZONE_TP22,zone,22,test
2026-04-22,14,23.85999999998421,1.7042857142845864,ZONE_TP22,zone,22,test
2026-04-23,7,58.946999999983746,8.420999999997678,ZONE_TP22,zone,22,test
2026-04-24,9,17.200000000004366,1.9111111111115962,ZONE_TP22,zone,22,test
2026-04-27,15,-4.6030000000055225,-0.3068666666670348,ZONE_TP22,zone,22,test
2026-04-28,20,38.19999999999072,1.909999999999536,ZONE_TP22,zone,22,test
2026-04-29,12,37.974000000011074,3.1645000000009227,ZONE_TP22,zone,22,test
2026-04-30,14,3.249999999990905,0.2321428571422075,ZONE_TP22,zone,22,test
2026-05-01,14,-6.980000000008658,-0.498571428572047,ZONE_TP22,zone,22,test
2026-05-04,23,34.011999999981526,1.478782608694849,ZONE_TP22,zone,22,test
2026-05-05,7,-2.8340000000034706,-0.4048571428576387,ZONE_TP22,zone,22,test
2026-05-06,19,26.800000000002,1.410526315789579,ZONE_TP22,zone,22,test
2026-05-07,16,95.90900000000511,5.994312500000319,ZONE_TP22,zone,22,test
2026-05-08,11,6.205333333319079,0.5641212121199163,ZONE_TP22,zone,22,test
2026-05-11,17,75.10400000003301,4.417882352943118,ZONE_TP22,zone,22,test
2026-05-12,22,82.16474829933304,3.73476128633332,ZONE_TP22,zone,22,test
2026-05-13,7,28.33000000000175,4.047142857143107,ZONE_TP22,zone,22,test
2026-05-14,7,-4.324000000004162,-0.6177142857148803,ZONE_TP22,zone,22,test
2026-05-15,11,-0.6469999999962968,-0.05881818181784516,ZONE_TP22,zone,22,test
2026-05-18,9,-7.890000000002146,-0.8766666666669052,ZONE_TP22,zone,22,test
2026-05-19,18,44.06999999998607,2.448333333332559,ZONE_TP22,zone,22,test
2026-05-20,19,2.146999999994477,0.11299999999970932,ZONE_TP22,zone,22,test
2026-05-21,12,57.06600000001072,4.755500000000893,ZONE_TP22,zone,22,test
2026-05-22,8,35.610000000011496,4.451250000001437,ZONE_TP22,zone,22,test
2026-05-25,4,-2.5330000000021755,-0.6332500000005439,ZONE_TP22,zone,22,test
2026-05-26,9,43.879999999991924,4.875555555554659,ZONE_TP22,zone,22,test
2026-05-27,6,8.6899999999996,1.4483333333332666,ZONE_TP22,zone,22,test
2026-05-28,25,62.47299999997995,2.498919999999198,ZONE_TP22,zone,22,test
2026-05-29,16,112.8870000000179,7.055437500001119,ZONE_TP22,zone,22,test
2026-06-01,13,-0.5159999999978028,-0.039692307692138676,ZONE_TP22,zone,22,test
2026-06-02,13,34.26399999998557,2.635692307691198,ZONE_TP22,zone,22,test
2026-06-03,15,-13.437000000006265,-0.8958000000004176,ZONE_TP22,zone,22,test
2026-06-04,8,14.789999999996326,1.8487499999995407,ZONE_TP22,zone,22,test
2026-06-05,9,-5.960000000002765,-0.6622222222225295,ZONE_TP22,zone,22,test
2026-06-08,10,49.64700000000721,4.964700000000721,ZONE_TP22,zone,22,test
2026-06-09,17,19.685999999986052,1.1579999999991795,ZONE_TP22,zone,22,test
2026-06-10,27,46.60399999996662,1.7260740740728377,ZONE_TP22,zone,22,test
2026-06-11,14,131.87700000000586,9.419785714286133,ZONE_TP22,zone,22,test
2026-06-12,5,5.833999999993466,1.1667999999986933,ZONE_TP22,zone,22,test
2026-06-15,14,23.11699999999655,1.6512142857140393,ZONE_TP22,zone,22,test
2026-06-16,11,2.326999999995679,0.2115454545450617,ZONE_TP22,zone,22,test
2026-06-17,15,2.5799999999935626,0.17199999999957083,ZONE_TP22,zone,22,test
2026-06-18,14,88.4669999999669,6.319071428569065,ZONE_TP22,zone,22,test
2026-06-19,12,36.679999999994834,3.0566666666662363,ZONE_TP22,zone,22,test
2026-06-22,10,11.679999999996655,1.1679999999996655,ZONE_TP22,zone,22,test
2026-06-23,14,68.73999999999751,4.909999999999822,ZONE_TP22,zone,22,test
2026-06-24,17,61.76700000000028,3.633352941176487,ZONE_TP22,zone,22,test
2026-06-25,4,-2.2800000000002,-0.57000000000005,ZONE_TP22,zone,22,test
2026-06-26,18,-13.216999999998734,-0.7342777777777074,ZONE_TP22,zone,22,test
2026-06-29,15,50.034000000009655,3.335600000000644,ZONE_TP22,zone,22,test
2026-06-30,11,-6.372999999999138,-0.579363636363558,ZONE_TP22,zone,22,test
2026-07-01,20,24.919999999991433,1.2459999999995717,ZONE_TP22,zone,22,test
2026-07-02,6,-5.9099999999998545,-0.9849999999999758,ZONE_TP22,zone,22,test
2026-07-03,6,12.109999999994216,2.0183333333323694,ZONE_TP22,zone,22,test
2026-07-06,5,5.289999999997235,1.057999999999447,ZONE_TP22,zone,22,test
2026-07-07,8,5.930000000000291,0.7412500000000364,ZONE_TP22,zone,22,test
2026-07-08,15,17.31999999999971,1.1546666666666472,ZONE_TP22,zone,22,test
2026-07-09,7,-2.7100000000018554,-0.3871428571431222,ZONE_TP22,zone,22,test
2026-07-10,5,-2.7700000000022555,-0.5540000000004511,ZONE_TP22,zone,22,test
2026-07-13,21,74.0199999999877,3.524761904761319,ZONE_TP22,zone,22,test
2026-07-14,16,32.949999999994816,2.059374999999676,ZONE_TP22,zone,22,test
2026-07-15,8,37.15999999999076,4.644999999998845,ZONE_TP22,zone,22,test
2026-01-02,18,-11.193000000011125,-0.6218333333339514,ZONE_TP24,zone,24,test
2026-01-05,13,6.547000000002301,0.5036153846155617,ZONE_TP24,zone,24,test
2026-01-06,17,5.9269999999769425,0.34864705882217306,ZONE_TP24,zone,24,test
2026-01-07,8,30.016999999998006,3.752124999999751,ZONE_TP24,zone,24,test
2026-01-08,13,53.706999999983964,4.131307692306459,ZONE_TP24,zone,24,test
2026-01-09,16,25.345999999998636,1.5841249999999147,ZONE_TP24,zone,24,test
2026-01-12,13,20.730000000017753,1.5946153846167503,ZONE_TP24,zone,24,test
2026-01-13,10,34.010000000005675,3.4010000000005673,ZONE_TP24,zone,24,test
2026-01-14,11,-8.094000000005508,-0.7358181818186825,ZONE_TP24,zone,24,test
2026-01-15,7,-5.539000000001579,-0.7912857142859399,ZONE_TP24,zone,24,test
2026-01-16,9,-7.4430000000047585,-0.8270000000005288,ZONE_TP24,zone,24,test
2026-01-19,3,-2.3000000000010914,-0.7666666666670304,ZONE_TP24,zone,24,test
2026-01-20,16,29.7289999999839,1.8580624999989936,ZONE_TP24,zone,24,test
2026-01-21,10,2.123999999977059,0.2123999999977059,ZONE_TP24,zone,24,test
2026-01-22,24,57.30600000000777,2.387750000000324,ZONE_TP24,zone,24,test
2026-01-23,17,150.48000000003412,8.85176470588436,ZONE_TP24,zone,24,test
2026-01-26,10,20.390000000008513,2.0390000000008515,ZONE_TP24,zone,24,test
2026-01-27,15,81.29399999998805,5.419599999999203,ZONE_TP24,zone,24,test
2026-01-28,31,364.21850954481977,11.748984178865154,ZONE_TP24,zone,24,test
2026-01-29,22,306.06100000000697,13.911863636363954,ZONE_TP24,zone,24,test
2026-01-30,29,79.08699999999682,2.727137931034373,ZONE_TP24,zone,24,test
2026-02-02,24,467.42100000000755,19.475875000000315,ZONE_TP24,zone,24,test
2026-02-03,24,203.49699999998757,8.479041666666149,ZONE_TP24,zone,24,test
2026-02-04,20,54.22799999999097,2.7113999999995486,ZONE_TP24,zone,24,test
2026-02-05,26,225.8410000000149,8.686192307692881,ZONE_TP24,zone,24,test
2026-02-06,23,141.55899999998928,6.154739130434317,ZONE_TP24,zone,24,test
2026-02-09,20,12.121300624757472,0.6060650312378736,ZONE_TP24,zone,24,test
2026-02-10,9,-7.447000000002845,-0.8274444444447605,ZONE_TP24,zone,24,test
2026-02-11,16,-11.241000000005442,-0.7025625000003402,ZONE_TP24,zone,24,test
2026-02-12,11,26.979999999995016,2.4527272727268197,ZONE_TP24,zone,24,test
2026-02-13,20,88.58499999999276,4.429249999999638,ZONE_TP24,zone,24,test
2026-02-16,6,-4.8160000000016225,-0.8026666666669371,ZONE_TP24,zone,24,test
2026-02-17,19,99.2389999999832,5.223105263157011,ZONE_TP24,zone,24,test
2026-02-18,11,101.94699999997465,9.267909090906786,ZONE_TP24,zone,24,test
2026-02-19,16,26.942999999995664,1.683937499999729,ZONE_TP24,zone,24,test
2026-02-20,16,208.84400000001733,13.052750000001083,ZONE_TP24,zone,24,test
2026-02-23,14,143.8729999999823,10.276642857141594,ZONE_TP24,zone,24,test
2026-02-24,14,-12.74300000000585,-0.9102142857147035,ZONE_TP24,zone,24,test
2026-02-25,11,34.84399999999914,3.1676363636362854,ZONE_TP24,zone,24,test
2026-02-26,11,45.67799999999079,4.152545454544617,ZONE_TP24,zone,24,test
2026-02-27,14,16.244999999994434,1.1603571428567452,ZONE_TP24,zone,24,test
2026-03-02,10,-19.119000000002416,-1.9119000000002415,ZONE_TP24,zone,24,test
2026-03-03,28,-19.215000000000146,-0.6862500000000052,ZONE_TP24,zone,24,test
2026-03-04,11,-5.587000000005901,-0.5079090909096273,ZONE_TP24,zone,24,test
2026-03-05,18,66.85299999999006,3.7140555555550034,ZONE_TP24,zone,24,test
2026-03-06,15,-0.4500000000043657,-0.030000000000291047,ZONE_TP24,zone,24,test
2026-03-09,15,175.55599999998503,11.703733333332336,ZONE_TP24,zone,24,test
2026-03-10,22,57.53380099503405,2.615172772501548,ZONE_TP24,zone,24,test
2026-03-11,12,26.200000000020736,2.1833333333350615,ZONE_TP24,zone,24,test
2026-03-12,25,32.35299999997915,1.294119999999166,ZONE_TP24,zone,24,test
2026-03-13,13,51.422999999964304,3.955615384612639,ZONE_TP24,zone,24,test
2026-03-16,8,13.3429999999953,1.6678749999994125,ZONE_TP24,zone,24,test
2026-03-17,8,12.542000000008558,1.5677500000010698,ZONE_TP24,zone,24,test
2026-03-18,19,32.77700000000277,1.7251052631580406,ZONE_TP24,zone,24,test
2026-03-19,25,278.3542248062019,11.134168992248076,ZONE_TP24,zone,24,test
2026-03-20,18,77.97499999998581,4.331944444443656,ZONE_TP24,zone,24,test
2026-03-23,21,-9.07700000001023,-0.43223809523858236,ZONE_TP24,zone,24,test
2026-03-24,17,55.6819999999916,3.2754117647053884,ZONE_TP24,zone,24,test
2026-03-25,11,86.32599999998911,7.847818181817192,ZONE_TP24,zone,24,test
2026-03-26,19,37.304999999992106,1.9634210526311635,ZONE_TP24,zone,24,test
2026-03-27,17,51.37700000000132,3.0221764705883127,ZONE_TP24,zone,24,test
2026-03-30,20,33.68199999998342,1.6840999999991708,ZONE_TP24,zone,24,test
2026-03-31,26,101.15600000001268,3.8906153846158724,ZONE_TP24,zone,24,test
2026-04-01,18,52.69699999998193,2.927611111110107,ZONE_TP24,zone,24,test
2026-04-02,15,-7.9170000000067375,-0.5278000000004491,ZONE_TP24,zone,24,test
2026-04-06,9,9.041999999997643,1.0046666666664048,ZONE_TP24,zone,24,test
2026-04-07,16,118.48800000000483,7.405500000000302,ZONE_TP24,zone,24,test
2026-04-08,19,-18.188000000008287,-0.957263157895173,ZONE_TP24,zone,24,test
2026-04-09,21,40.07399999997415,1.9082857142844833,ZONE_TP24,zone,24,test
2026-04-10,8,20.431000000005042,2.5538750000006303,ZONE_TP24,zone,24,test
2026-04-13,9,-6.940000000005966,-0.771111111111774,ZONE_TP24,zone,24,test
2026-04-14,13,11.614000000005035,0.8933846153850027,ZONE_TP24,zone,24,test
2026-04-15,9,48.715999999990345,5.412888888887816,ZONE_TP24,zone,24,test
2026-04-16,13,-2.312000000003536,-0.17784615384642585,ZONE_TP24,zone,24,test
2026-04-17,14,39.16300000000592,2.797357142857566,ZONE_TP24,zone,24,test
2026-04-20,19,92.77599999998074,4.882947368420039,ZONE_TP24,zone,24,test
2026-04-21,20,21.13999999997122,1.056999999998561,ZONE_TP24,zone,24,test
2026-04-22,14,26.719999999982974,1.9085714285702124,ZONE_TP24,zone,24,test
2026-04-23,7,64.80699999998251,9.258142857140358,ZONE_TP24,zone,24,test
2026-04-24,9,19.320000000005166,2.1466666666672407,ZONE_TP24,zone,24,test
2026-04-27,15,-4.6030000000055225,-0.3068666666670348,ZONE_TP24,zone,24,test
2026-04-28,20,40.51999999999043,2.0259999999995215,ZONE_TP24,zone,24,test
2026-04-29,12,42.034000000012384,3.5028333333343653,ZONE_TP24,zone,24,test
2026-04-30,14,4.149999999990541,0.2964285714278958,ZONE_TP24,zone,24,test
2026-05-01,14,-6.980000000008658,-0.498571428572047,ZONE_TP24,zone,24,test
2026-05-04,23,38.03399999998055,1.6536521739121979,ZONE_TP24,zone,24,test
2026-05-05,7,-2.8340000000034706,-0.4048571428576387,ZONE_TP24,zone,24,test
2026-05-06,19,27.50000000000273,1.447368421052775,ZONE_TP24,zone,24,test
2026-05-07,16,104.26100000000588,6.516312500000367,ZONE_TP24,zone,24,test
2026-05-08,11,7.325333333318061,0.6659393939380055,ZONE_TP24,zone,24,test
2026-05-11,17,47.56800000001476,2.798117647059692,ZONE_TP24,zone,24,test
2026-05-12,22,90.55674829933469,4.11621583178794,ZONE_TP24,zone,24,test
2026-05-13,7,31.350000000002183,4.47857142857174,ZONE_TP24,zone,24,test
2026-05-14,7,-4.324000000004162,-0.6177142857148803,ZONE_TP24,zone,24,test
2026-05-15,11,0.05300000000443089,0.004818181818584627,ZONE_TP24,zone,24,test
2026-05-18,9,-7.890000000002146,-0.8766666666669052,ZONE_TP24,zone,24,test
2026-05-19,18,48.54999999998564,2.6972222222214244,ZONE_TP24,zone,24,test
2026-05-20,19,2.146999999994477,0.11299999999970932,ZONE_TP24,zone,24,test
2026-05-21,12,60.99200000001201,5.082666666667667,ZONE_TP24,zone,24,test
2026-05-22,8,39.090000000012886,4.886250000001611,ZONE_TP24,zone,24,test
2026-05-25,4,-2.5330000000021755,-0.6332500000005439,ZONE_TP24,zone,24,test
2026-05-26,9,48.27999999999157,5.3644444444435075,ZONE_TP24,zone,24,test
2026-05-27,6,8.6899999999996,1.4483333333332666,ZONE_TP24,zone,24,test
2026-05-28,25,68.83299999997871,2.7533199999991482,ZONE_TP24,zone,24,test
2026-05-29,16,119.3909999999969,7.461937499999806,ZONE_TP24,zone,24,test
2026-06-01,13,0.1580000000030849,0.012153846154083454,ZONE_TP24,zone,24,test
2026-06-02,13,25.08299999999963,1.92946153846151,ZONE_TP24,zone,24,test
2026-06-03,15,-13.437000000006265,-0.8958000000004176,ZONE_TP24,zone,24,test
2026-06-04,8,14.789999999996326,1.8487499999995407,ZONE_TP24,zone,24,test
2026-06-05,9,-5.960000000002765,-0.6622222222225295,ZONE_TP24,zone,24,test
2026-06-08,10,54.58100000000831,5.458100000000831,ZONE_TP24,zone,24,test
2026-06-09,17,22.405999999985397,1.317999999999141,ZONE_TP24,zone,24,test
2026-06-10,27,52.11799999996401,1.9302962962949635,ZONE_TP24,zone,24,test
2026-06-11,14,144.48300000000654,10.320214285714753,ZONE_TP24,zone,24,test
2026-06-12,5,6.527999999992971,1.3055999999985943,ZONE_TP24,zone,24,test
2026-06-15,14,25.796999999996842,1.8426428571426317,ZONE_TP24,zone,24,test
2026-06-16,11,2.326999999995679,0.2115454545450617,ZONE_TP24,zone,24,test
2026-06-17,15,2.5799999999935626,0.17199999999957083,ZONE_TP24,zone,24,test
2026-06-18,14,97.1069999999645,6.93621428571175,ZONE_TP24,zone,24,test
2026-06-19,12,39.75999999999476,3.313333333332897,ZONE_TP24,zone,24,test
2026-06-22,10,11.679999999996655,1.1679999999996655,ZONE_TP24,zone,24,test
2026-06-23,14,75.23999999999751,5.374285714285536,ZONE_TP24,zone,24,test
2026-06-24,17,68.68700000000035,4.040411764705903,ZONE_TP24,zone,24,test
2026-06-25,4,-2.2800000000002,-0.57000000000005,ZONE_TP24,zone,24,test
2026-06-26,18,-13.216999999998734,-0.7342777777777074,ZONE_TP24,zone,24,test
2026-06-29,15,52.154000000010456,3.4769333333340304,ZONE_TP24,zone,24,test
2026-06-30,11,-6.372999999999138,-0.579363636363558,ZONE_TP24,zone,24,test
2026-07-01,20,28.219999999990705,1.4109999999995353,ZONE_TP24,zone,24,test
2026-07-02,6,-5.9099999999998545,-0.9849999999999758,ZONE_TP24,zone,24,test
2026-07-03,6,13.429999999993925,2.2383333333323208,ZONE_TP24,zone,24,test
2026-07-06,5,5.289999999997235,1.057999999999447,ZONE_TP24,zone,24,test
2026-07-07,8,7.190000000000509,0.8987500000000637,ZONE_TP24,zone,24,test
2026-07-08,15,19.739999999999785,1.3159999999999856,ZONE_TP24,zone,24,test
2026-07-09,7,-2.7100000000018554,-0.3871428571431222,ZONE_TP24,zone,24,test
2026-07-10,5,-2.7700000000022555,-0.5540000000004511,ZONE_TP24,zone,24,test
2026-07-13,21,73.59999999999354,3.5047619047615974,ZONE_TP24,zone,24,test
2026-07-14,16,36.04999999999427,2.253124999999642,ZONE_TP24,zone,24,test
2026-07-15,8,40.65999999998986,5.082499999998732,ZONE_TP24,zone,24,test
2026-01-02,18,-11.193000000011125,-0.6218333333339514,ZONE_TP26,zone,26,test
2026-01-05,13,7.827000000002954,0.6020769230771503,ZONE_TP26,zone,26,test
2026-01-06,17,7.212999999975182,0.42429411764559893,ZONE_TP26,zone,26,test
2026-01-07,8,32.85699999999815,4.107124999999769,ZONE_TP26,zone,26,test
2026-01-08,13,54.74699999998302,4.211307692306386,ZONE_TP26,zone,26,test
2026-01-09,16,14.346000000006828,0.8966250000004268,ZONE_TP26,zone,26,test
2026-01-12,13,23.150000000019645,1.780769230770742,ZONE_TP26,zone,26,test
2026-01-13,10,37.210000000006396,3.7210000000006396,ZONE_TP26,zone,26,test
2026-01-14,11,-8.094000000005508,-0.7358181818186825,ZONE_TP26,zone,26,test
2026-01-15,7,-5.539000000001579,-0.7912857142859399,ZONE_TP26,zone,26,test
2026-01-16,9,-7.4430000000047585,-0.8270000000005288,ZONE_TP26,zone,26,test
2026-01-19,3,-2.3000000000010914,-0.7666666666670304,ZONE_TP26,zone,26,test
2026-01-20,16,33.05499999998301,2.065937499998938,ZONE_TP26,zone,26,test
2026-01-21,10,3.1439999999756765,0.3143999999975676,ZONE_TP26,zone,26,test
2026-01-22,24,63.28600000000915,2.636916666667048,ZONE_TP26,zone,26,test
2026-01-23,17,163.72000000003754,9.630588235296326,ZONE_TP26,zone,26,test
2026-01-26,10,21.77000000000953,2.177000000000953,ZONE_TP26,zone,26,test
2026-01-27,15,88.51399999998739,5.9009333333324925,ZONE_TP26,zone,26,test
2026-01-28,31,394.2185095448234,12.716726114349141,ZONE_TP26,zone,26,test
2026-01-29,22,334.0670000000082,15.184863636364009,ZONE_TP26,zone,26,test
2026-01-30,29,83.10699999999726,2.8657586206895607,ZONE_TP26,zone,26,test
2026-02-02,24,508.5610000000088,21.19004166666703,ZONE_TP26,zone,26,test
2026-02-03,24,202.70699999998396,8.446124999999332,ZONE_TP26,zone,26,test
2026-02-04,20,54.22799999999097,2.7113999999995486,ZONE_TP26,zone,26,test
2026-02-05,26,246.10100000001694,9.465423076923729,ZONE_TP26,zone,26,test
2026-02-06,23,155.71899999998914,6.770391304347354,ZONE_TP26,zone,26,test
2026-02-09,20,14.021300624757108,0.7010650312378555,ZONE_TP26,zone,26,test
2026-02-10,9,-7.447000000002845,-0.8274444444447605,ZONE_TP26,zone,26,test
2026-02-11,16,-11.241000000005442,-0.7025625000003402,ZONE_TP26,zone,26,test
2026-02-12,11,27.63999999999487,2.5127272727268064,ZONE_TP26,zone,26,test
2026-02-13,20,96.95899999999256,4.847949999999628,ZONE_TP26,zone,26,test
2026-02-16,6,-4.8160000000016225,-0.8026666666669371,ZONE_TP26,zone,26,test
2026-02-17,19,108.72499999998217,5.722368421051693,ZONE_TP26,zone,26,test
2026-02-18,11,110.60699999997269,10.055181818179335,ZONE_TP26,zone,26,test
2026-02-19,16,28.542999999996027,1.7839374999997517,ZONE_TP26,zone,26,test
2026-02-20,16,215.5580000000191,13.472375000001193,ZONE_TP26,zone,26,test
2026-02-23,14,117.26299999999446,8.375928571428176,ZONE_TP26,zone,26,test
2026-02-24,14,-12.74300000000585,-0.9102142857147035,ZONE_TP26,zone,26,test
2026-02-25,11,20.073999999996886,1.8249090909088077,ZONE_TP26,zone,26,test
2026-02-26,11,49.79199999999037,4.5265454545445785,ZONE_TP26,zone,26,test
2026-02-27,14,18.32499999999436,1.3089285714281687,ZONE_TP26,zone,26,test
2026-03-02,10,-19.119000000002416,-1.9119000000002415,ZONE_TP26,zone,26,test
2026-03-03,28,-18.22899999999936,-0.6510357142856914,ZONE_TP26,zone,26,test
2026-03-04,11,-5.587000000005901,-0.5079090909096273,ZONE_TP26,zone,26,test
2026-03-05,18,73.17299999998977,4.065166666666098,ZONE_TP26,zone,26,test
2026-03-06,15,0.2099999999954888,0.013999999999699253,ZONE_TP26,zone,26,test
2026-03-09,15,170.11599999999726,11.341066666666483,ZONE_TP26,zone,26,test
2026-03-10,22,60.59380099503536,2.754263681592516,ZONE_TP26,zone,26,test
2026-03-11,12,28.80000000002292,2.40000000000191,ZONE_TP26,zone,26,test
2026-03-12,25,34.8929999999782,1.395719999999128,ZONE_TP26,zone,26,test
2026-03-13,13,56.22299999996176,4.324846153843212,ZONE_TP26,zone,26,test
2026-03-16,8,13.3429999999953,1.6678749999994125,ZONE_TP26,zone,26,test
2026-03-17,8,13.78800000000956,1.723500000001195,ZONE_TP26,zone,26,test
2026-03-18,19,36.55700000000343,1.9240526315791278,ZONE_TP26,zone,26,test
2026-03-19,25,302.24022480620226,12.08960899224809,ZONE_TP26,zone,26,test
2026-03-20,18,85.66899999998532,4.759388888888073,ZONE_TP26,zone,26,test
2026-03-23,21,-4.997000000010303,-0.23795238095287155,ZONE_TP26,zone,26,test
2026-03-24,17,61.215999999991254,3.600941176470074,ZONE_TP26,zone,26,test
2026-03-25,11,91.99199999998837,8.362909090908033,ZONE_TP26,zone,26,test
2026-03-26,19,42.1789999999919,2.2199473684206263,ZONE_TP26,zone,26,test
2026-03-27,17,57.077000000002045,3.3574705882354143,ZONE_TP26,zone,26,test
2026-03-30,20,37.26799999998275,1.8633999999991375,ZONE_TP26,zone,26,test
2026-03-31,26,111.13000000001466,4.274230769231333,ZONE_TP26,zone,26,test
2026-04-01,18,54.65699999998105,3.0364999999989473,ZONE_TP26,zone,26,test
2026-04-02,15,-7.9170000000067375,-0.5278000000004491,ZONE_TP26,zone,26,test
2026-04-06,9,10.567999999997483,1.1742222222219425,ZONE_TP26,zone,26,test
2026-04-07,16,96.90400000001046,6.0565000000006535,ZONE_TP26,zone,26,test
2026-04-08,19,-18.188000000008287,-0.957263157895173,ZONE_TP26,zone,26,test
2026-04-09,21,43.46799999997256,2.069904761903455,ZONE_TP26,zone,26,test
2026-04-10,8,22.42500000000564,2.803125000000705,ZONE_TP26,zone,26,test
2026-04-13,9,-6.940000000005966,-0.771111111111774,ZONE_TP26,zone,26,test
2026-04-14,13,13.154000000005908,1.0118461538466084,ZONE_TP26,zone,26,test
2026-04-15,9,49.99200000000292,5.554666666666991,ZONE_TP26,zone,26,test
2026-04-16,13,-2.312000000003536,-0.17784615384642585,ZONE_TP26,zone,26,test
2026-04-17,14,43.04300000000694,3.0745000000004956,ZONE_TP26,zone,26,test
2026-04-20,19,89.25599999997758,4.697684210525136,ZONE_TP26,zone,26,test
2026-04-21,20,24.059999999969477,1.202999999998474,ZONE_TP26,zone,26,test
2026-04-22,14,19.60999999998421,1.400714285713158,ZONE_TP26,zone,26,test
2026-04-23,7,39.22699999999804,5.603857142856863,ZONE_TP26,zone,26,test
2026-04-24,9,21.440000000005966,2.382222222222885,ZONE_TP26,zone,26,test
2026-04-27,15,-4.6030000000055225,-0.3068666666670348,ZONE_TP26,zone,26,test
2026-04-28,20,42.83999999999014,2.141999999999507,ZONE_TP26,zone,26,test
2026-04-29,12,46.09400000001369,3.841166666667808,ZONE_TP26,zone,26,test
2026-04-30,14,5.0499999999901775,0.3607142857135841,ZONE_TP26,zone,26,test
2026-05-01,14,-6.980000000008658,-0.498571428572047,ZONE_TP26,zone,26,test
2026-05-04,23,42.055999999979576,1.8285217391295467,ZONE_TP26,zone,26,test
2026-05-05,7,-2.8340000000034706,-0.4048571428576387,ZONE_TP26,zone,26,test
2026-05-06,19,28.200000000003456,1.4842105263159713,ZONE_TP26,zone,26,test
2026-05-07,16,112.61300000000665,7.038312500000416,ZONE_TP26,zone,26,test
2026-05-08,11,8.445333333317043,0.7677575757560948,ZONE_TP26,zone,26,test
2026-05-11,17,49.942000000016385,2.9377647058833167,ZONE_TP26,zone,26,test
2026-05-12,22,86.29074829933688,3.922306740878949,ZONE_TP26,zone,26,test
2026-05-13,7,15.239999999995234,2.1771428571421763,ZONE_TP26,zone,26,test
2026-05-14,7,-4.324000000004162,-0.6177142857148803,ZONE_TP26,zone,26,test
2026-05-15,11,0.7530000000051584,0.0684545454550144,ZONE_TP26,zone,26,test
2026-05-18,9,-7.890000000002146,-0.8766666666669052,ZONE_TP26,zone,26,test
2026-05-19,18,53.0299999999852,2.946111111110289,ZONE_TP26,zone,26,test
2026-05-20,19,2.146999999994477,0.11299999999970932,ZONE_TP26,zone,26,test
2026-05-21,12,64.91800000001331,5.409833333334443,ZONE_TP26,zone,26,test
2026-05-22,8,42.570000000014254,5.321250000001782,ZONE_TP26,zone,26,test
2026-05-25,4,-2.5330000000021755,-0.6332500000005439,ZONE_TP26,zone,26,test
2026-05-26,9,52.6799999999912,5.853333333332356,ZONE_TP26,zone,26,test
2026-05-27,6,8.6899999999996,1.4483333333332666,ZONE_TP26,zone,26,test
2026-05-28,25,75.19299999997747,3.007719999999099,ZONE_TP26,zone,26,test
2026-05-29,16,122.8909999999969,7.680687499999806,ZONE_TP26,zone,26,test
2026-06-01,13,0.8320000000039726,0.06400000000030558,ZONE_TP26,zone,26,test
2026-06-02,13,26.76299999999992,2.0586923076923016,ZONE_TP26,zone,26,test
2026-06-03,15,-13.437000000006265,-0.8958000000004176,ZONE_TP26,zone,26,test
2026-06-04,8,14.789999999996326,1.8487499999995407,ZONE_TP26,zone,26,test
2026-06-05,9,-5.960000000002765,-0.6622222222225295,ZONE_TP26,zone,26,test
2026-06-08,10,59.51500000000942,5.951500000000943,ZONE_TP26,zone,26,test
2026-06-09,17,25.125999999984742,1.4779999999991025,ZONE_TP26,zone,26,test
2026-06-10,27,57.63199999996141,2.134518518517089,ZONE_TP26,zone,26,test
2026-06-11,14,157.08900000000722,11.220642857143373,ZONE_TP26,zone,26,test
2026-06-12,5,7.221999999992477,1.4443999999984953,ZONE_TP26,zone,26,test
2026-06-15,14,28.476999999997133,2.034071428571224,ZONE_TP26,zone,26,test
2026-06-16,11,2.326999999995679,0.2115454545450617,ZONE_TP26,zone,26,test
2026-06-17,15,2.5799999999935626,0.17199999999957083,ZONE_TP26,zone,26,test
2026-06-18,14,105.7469999999621,7.553357142854436,ZONE_TP26,zone,26,test
2026-06-19,12,42.83999999999469,3.5699999999995575,ZONE_TP26,zone,26,test
2026-06-22,10,11.679999999996655,1.1679999999996655,ZONE_TP26,zone,26,test
2026-06-23,14,81.73999999999751,5.83857142857125,ZONE_TP26,zone,26,test
2026-06-24,17,75.60700000000043,4.447470588235319,ZONE_TP26,zone,26,test
2026-06-25,4,-2.2800000000002,-0.57000000000005,ZONE_TP26,zone,26,test
2026-06-26,18,-13.216999999998734,-0.7342777777777074,ZONE_TP26,zone,26,test
2026-06-29,15,54.274000000011256,3.618266666667417,ZONE_TP26,zone,26,test
2026-06-30,11,-6.372999999999138,-0.579363636363558,ZONE_TP26,zone,26,test
2026-07-01,20,31.519999999989977,1.575999999999499,ZONE_TP26,zone,26,test
2026-07-02,6,-5.9099999999998545,-0.9849999999999758,ZONE_TP26,zone,26,test
2026-07-03,6,14.749999999993634,2.458333333332272,ZONE_TP26,zone,26,test
2026-07-06,5,5.289999999997235,1.057999999999447,ZONE_TP26,zone,26,test
2026-07-07,8,8.450000000000728,1.056250000000091,ZONE_TP26,zone,26,test
2026-07-08,15,22.159999999999858,1.4773333333333238,ZONE_TP26,zone,26,test
2026-07-09,7,-2.7100000000018554,-0.3871428571431222,ZONE_TP26,zone,26,test
2026-07-10,5,-2.7700000000022555,-0.5540000000004511,ZONE_TP26,zone,26,test
2026-07-13,21,80.61999999999307,3.839047619047289,ZONE_TP26,zone,26,test
2026-07-14,16,39.149999999993724,2.446874999999608,ZONE_TP26,zone,26,test
2026-07-15,8,27.139999999998057,3.392499999999757,ZONE_TP26,zone,26,test
2026-01-02,18,-11.193000000011125,-0.6218333333339514,ZONE_TP28,zone,28,test
2026-01-05,13,9.107000000003609,0.7005384615387391,ZONE_TP28,zone,28,test
2026-01-06,17,8.498999999973421,0.49994117646902475,ZONE_TP28,zone,28,test
2026-01-07,8,35.6969999999983,4.462124999999787,ZONE_TP28,zone,28,test
2026-01-08,13,55.78699999998207,4.291307692306313,ZONE_TP28,zone,28,test
2026-01-09,16,-11.63900000000831,-0.7274375000005193,ZONE_TP28,zone,28,test
2026-01-12,13,25.570000000021537,1.9669230769247337,ZONE_TP28,zone,28,test
2026-01-13,10,40.41000000000713,4.041000000000713,ZONE_TP28,zone,28,test
2026-01-14,11,-8.094000000005508,-0.7358181818186825,ZONE_TP28,zone,28,test
2026-01-15,7,-5.539000000001579,-0.7912857142859399,ZONE_TP28,zone,28,test
2026-01-16,9,-7.4430000000047585,-0.8270000000005288,ZONE_TP28,zone,28,test
2026-01-19,3,-2.3000000000010914,-0.7666666666670304,ZONE_TP28,zone,28,test
2026-01-20,16,36.38099999998212,2.2738124999988827,ZONE_TP28,zone,28,test
2026-01-21,10,4.163999999974296,0.4163999999974296,ZONE_TP28,zone,28,test
2026-01-22,24,69.26600000001054,2.8860833333337723,ZONE_TP28,zone,28,test
2026-01-23,17,176.96000000004096,10.409411764708292,ZONE_TP28,zone,28,test
2026-01-26,10,23.15000000001055,2.315000000001055,ZONE_TP28,zone,28,test
2026-01-27,15,95.73399999998674,6.382266666665783,ZONE_TP28,zone,28,test
2026-01-28,31,424.218509544827,13.684468049833129,ZONE_TP28,zone,28,test
2026-01-29,22,362.0730000000094,16.457863636364063,ZONE_TP28,zone,28,test
2026-01-30,29,87.1269999999977,3.0043793103447483,ZONE_TP28,zone,28,test
2026-02-02,24,549.70100000001,22.904208333333752,ZONE_TP28,zone,28,test
2026-02-03,24,217.9269999999833,9.080291666665971,ZONE_TP28,zone,28,test
2026-02-04,20,54.22799999999097,2.7113999999995486,ZONE_TP28,zone,28,test
2026-02-05,26,266.361000000019,10.244653846154575,ZONE_TP28,zone,28,test
2026-02-06,23,169.878999999989,7.386043478260391,ZONE_TP28,zone,28,test
2026-02-09,20,15.921300624756745,0.7960650312378372,ZONE_TP28,zone,28,test
2026-02-10,9,-7.447000000002845,-0.8274444444447605,ZONE_TP28,zone,28,test
2026-02-11,16,-11.241000000005442,-0.7025625000003402,ZONE_TP28,zone,28,test
2026-02-12,11,28.299999999994725,2.572727272726793,ZONE_TP28,zone,28,test
2026-02-13,20,94.26699999999528,4.713349999999764,ZONE_TP28,zone,28,test
2026-02-16,6,-4.8160000000016225,-0.8026666666669371,ZONE_TP28,zone,28,test
2026-02-17,19,118.21099999998114,6.221631578946376,ZONE_TP28,zone,28,test
2026-02-18,11,119.26699999997072,10.842454545451885,ZONE_TP28,zone,28,test
2026-02-19,16,30.14299999999639,1.8839374999997744,ZONE_TP28,zone,28,test
2026-02-20,16,222.27200000002085,13.892000000001303,ZONE_TP28,zone,28,test
2026-02-23,14,117.26299999999446,8.375928571428176,ZONE_TP28,zone,28,test
2026-02-24,14,-12.74300000000585,-0.9102142857147035,ZONE_TP28,zone,28,test
2026-02-25,11,20.073999999996886,1.8249090909088077,ZONE_TP28,zone,28,test
2026-02-26,11,53.90599999998995,4.900545454544541,ZONE_TP28,zone,28,test
2026-02-27,14,20.40499999999429,1.4574999999995921,ZONE_TP28,zone,28,test
2026-03-02,10,-19.119000000002416,-1.9119000000002415,ZONE_TP28,zone,28,test
2026-03-03,28,-17.242999999998574,-0.6158214285713777,ZONE_TP28,zone,28,test
2026-03-04,11,-5.587000000005901,-0.5079090909096273,ZONE_TP28,zone,28,test
2026-03-05,18,79.4929999999895,4.416277777777194,ZONE_TP28,zone,28,test
2026-03-06,15,0.8699999999953433,0.05799999999968955,ZONE_TP28,zone,28,test
2026-03-09,15,160.56599999998707,10.704399999999138,ZONE_TP28,zone,28,test
2026-03-10,22,63.65380099503667,2.8933545906834848,ZONE_TP28,zone,28,test
2026-03-11,12,31.400000000025102,2.6166666666687584,ZONE_TP28,zone,28,test
2026-03-12,25,37.432999999977255,1.4973199999990903,ZONE_TP28,zone,28,test
2026-03-13,13,61.02299999995921,4.694076923073785,ZONE_TP28,zone,28,test
2026-03-16,8,13.3429999999953,1.6678749999994125,ZONE_TP28,zone,28,test
2026-03-17,8,15.034000000010565,1.8792500000013206,ZONE_TP28,zone,28,test
2026-03-18,19,40.33700000000408,2.1230000000002147,ZONE_TP28,zone,28,test
2026-03-19,25,326.12622480620274,13.045048992248109,ZONE_TP28,zone,28,test
2026-03-20,18,93.36299999998482,5.1868333333324905,ZONE_TP28,zone,28,test
2026-03-23,21,-0.9170000000103757,-0.04366666666716075,ZONE_TP28,zone,28,test
2026-03-24,17,66.7499999999909,3.9264705882347593,ZONE_TP28,zone,28,test
2026-03-25,11,97.65799999998762,8.877999999998876,ZONE_TP28,zone,28,test
2026-03-26,19,47.0529999999917,2.4764736842100894,ZONE_TP28,zone,28,test
2026-03-27,17,62.77700000000277,3.692764705882516,ZONE_TP28,zone,28,test
2026-03-30,20,40.85399999998208,2.042699999999104,ZONE_TP28,zone,28,test
2026-03-31,26,121.10400000001664,4.657846153846794,ZONE_TP28,zone,28,test
2026-04-01,18,56.61699999998018,3.145388888887788,ZONE_TP28,zone,28,test
2026-04-02,15,-7.9170000000067375,-0.5278000000004491,ZONE_TP28,zone,28,test
2026-04-06,9,12.093999999997322,1.3437777777774802,ZONE_TP28,zone,28,test
2026-04-07,16,100.25000000001182,6.265625000000739,ZONE_TP28,zone,28,test
2026-04-08,19,-18.188000000008287,-0.957263157895173,ZONE_TP28,zone,28,test
2026-04-09,21,39.86499999998068,1.8983333333324135,ZONE_TP28,zone,28,test
2026-04-10,8,24.419000000006235,3.0523750000007794,ZONE_TP28,zone,28,test
2026-04-13,9,-6.940000000005966,-0.771111111111774,ZONE_TP28,zone,28,test
2026-04-14,13,14.694000000006781,1.130307692308214,ZONE_TP28,zone,28,test
2026-04-15,9,51.87800000000334,5.764222222222593,ZONE_TP28,zone,28,test
2026-04-16,13,-2.312000000003536,-0.17784615384642585,ZONE_TP28,zone,28,test
2026-04-17,14,46.92300000000796,3.3516428571434256,ZONE_TP28,zone,28,test
2026-04-20,19,91.1289999999799,4.796263157893679,ZONE_TP28,zone,28,test
2026-04-21,20,26.97999999996773,1.3489999999983866,ZONE_TP28,zone,28,test
2026-04-22,14,21.729999999983193,1.5521428571416567,ZONE_TP28,zone,28,test
2026-04-23,7,39.22699999999804,5.603857142856863,ZONE_TP28,zone,28,test
2026-04-24,9,23.560000000006763,2.6177777777785294,ZONE_TP28,zone,28,test
2026-04-27,15,-4.6030000000055225,-0.3068666666670348,ZONE_TP28,zone,28,test
2026-04-28,20,45.15999999998985,2.2579999999994924,ZONE_TP28,zone,28,test
2026-04-29,12,50.154000000015,4.1795000000012505,ZONE_TP28,zone,28,test
2026-04-30,14,5.949999999989814,0.4249999999992724,ZONE_TP28,zone,28,test
2026-05-01,14,-6.980000000008658,-0.498571428572047,ZONE_TP28,zone,28,test
2026-05-04,23,46.0779999999786,2.003391304346896,ZONE_TP28,zone,28,test
2026-05-05,7,-2.8340000000034706,-0.4048571428576387,ZONE_TP28,zone,28,test
2026-05-06,19,28.900000000004184,1.5210526315791675,ZONE_TP28,zone,28,test
2026-05-07,16,120.96500000000742,7.560312500000464,ZONE_TP28,zone,28,test
2026-05-08,11,9.565333333316024,0.869575757574184,ZONE_TP28,zone,28,test
2026-05-11,17,52.31600000001799,3.077411764706941,ZONE_TP28,zone,28,test
2026-05-12,22,93.73674829933861,4.260761286333573,ZONE_TP28,zone,28,test
2026-05-13,7,15.899999999995089,2.2714285714278697,ZONE_TP28,zone,28,test
2026-05-14,7,-4.324000000004162,-0.6177142857148803,ZONE_TP28,zone,28,test
2026-05-15,11,1.453000000005886,0.1320909090914442,ZONE_TP28,zone,28,test
2026-05-18,9,-7.890000000002146,-0.8766666666669052,ZONE_TP28,zone,28,test
2026-05-19,18,57.50999999998476,3.194999999999153,ZONE_TP28,zone,28,test
2026-05-20,19,2.146999999994477,0.11299999999970932,ZONE_TP28,zone,28,test
2026-05-21,12,68.8440000000146,5.737000000001217,ZONE_TP28,zone,28,test
2026-05-22,8,27.680000000005748,3.4600000000007185,ZONE_TP28,zone,28,test
2026-05-25,4,-2.5330000000021755,-0.6332500000005439,ZONE_TP28,zone,28,test
2026-05-26,9,57.07999999999083,6.342222222221204,ZONE_TP28,zone,28,test
2026-05-27,6,8.6899999999996,1.4483333333332666,ZONE_TP28,zone,28,test
2026-05-28,25,81.55299999997624,3.2621199999990496,ZONE_TP28,zone,28,test
2026-05-29,16,126.3909999999969,7.899437499999806,ZONE_TP28,zone,28,test
2026-06-01,13,1.5060000000048603,0.11584615384652772,ZONE_TP28,zone,28,test
2026-06-02,13,28.44300000000021,2.1879230769230933,ZONE_TP28,zone,28,test
2026-06-03,15,-13.437000000006265,-0.8958000000004176,ZONE_TP28,zone,28,test
2026-06-04,8,14.789999999996326,1.8487499999995407,ZONE_TP28,zone,28,test
2026-06-05,9,-5.960000000002765,-0.6622222222225295,ZONE_TP28,zone,28,test
2026-06-08,10,64.44900000001053,6.444900000001053,ZONE_TP28,zone,28,test
2026-06-09,17,27.845999999984087,1.637999999999064,ZONE_TP28,zone,28,test
2026-06-10,27,63.1459999999588,2.338740740739215,ZONE_TP28,zone,28,test
2026-06-11,14,169.6950000000079,12.121071428571993,ZONE_TP28,zone,28,test
2026-06-12,5,7.915999999991982,1.5831999999983963,ZONE_TP28,zone,28,test
2026-06-15,14,31.156999999997424,2.225499999999816,ZONE_TP28,zone,28,test
2026-06-16,11,2.326999999995679,0.2115454545450617,ZONE_TP28,zone,28,test
2026-06-17,15,2.5799999999935626,0.17199999999957083,ZONE_TP28,zone,28,test
2026-06-18,14,114.3869999999597,8.170499999997121,ZONE_TP28,zone,28,test
2026-06-19,12,45.919999999994616,3.826666666666218,ZONE_TP28,zone,28,test
2026-06-22,10,11.679999999996655,1.1679999999996655,ZONE_TP28,zone,28,test
2026-06-23,14,88.23999999999751,6.302857142856965,ZONE_TP28,zone,28,test
2026-06-24,17,82.5270000000005,4.8545294117647355,ZONE_TP28,zone,28,test
2026-06-25,4,-2.2800000000002,-0.57000000000005,ZONE_TP28,zone,28,test
2026-06-26,18,-13.216999999998734,-0.7342777777777074,ZONE_TP28,zone,28,test
2026-06-29,15,56.394000000012056,3.7596000000008036,ZONE_TP28,zone,28,test
2026-06-30,11,-6.372999999999138,-0.579363636363558,ZONE_TP28,zone,28,test
2026-07-01,20,34.81999999998925,1.7409999999994625,ZONE_TP28,zone,28,test
2026-07-02,6,-5.9099999999998545,-0.9849999999999758,ZONE_TP28,zone,28,test
2026-07-03,6,16.069999999993342,2.678333333332224,ZONE_TP28,zone,28,test
2026-07-06,5,5.289999999997235,1.057999999999447,ZONE_TP28,zone,28,test
2026-07-07,8,9.710000000000946,1.2137500000001182,ZONE_TP28,zone,28,test
2026-07-08,15,24.579999999999927,1.6386666666666618,ZONE_TP28,zone,28,test
2026-07-09,7,-2.7100000000018554,-0.3871428571431222,ZONE_TP28,zone,28,test
2026-07-10,5,-2.7700000000022555,-0.5540000000004511,ZONE_TP28,zone,28,test
2026-07-13,21,87.6399999999926,4.173333333332981,ZONE_TP28,zone,28,test
2026-07-14,16,42.24999999999318,2.6406249999995737,ZONE_TP28,zone,28,test
2026-07-15,8,29.379999999997835,3.6724999999997294,ZONE_TP28,zone,28,test
2026-01-02,18,-11.193000000011125,-0.6218333333339514,ZONE_TP30,zone,30,test
2026-01-05,13,10.387000000004264,0.799000000000328,ZONE_TP30,zone,30,test
2026-01-06,17,9.78499999997166,0.5755882352924506,ZONE_TP30,zone,30,test
2026-01-07,8,38.53699999999844,4.817124999999805,ZONE_TP30,zone,30,test
2026-01-08,13,56.826999999981126,4.371307692306241,ZONE_TP30,zone,30,test
2026-01-09,16,-11.63900000000831,-0.7274375000005193,ZONE_TP30,zone,30,test
2026-01-12,13,27.990000000023432,2.1530769230787254,ZONE_TP30,zone,30,test
2026-01-13,10,43.61000000000786,4.361000000000786,ZONE_TP30,zone,30,test
2026-01-14,11,-8.094000000005508,-0.7358181818186825,ZONE_TP30,zone,30,test
2026-01-15,7,-5.539000000001579,-0.7912857142859399,ZONE_TP30,zone,30,test
2026-01-16,9,-7.4430000000047585,-0.8270000000005288,ZONE_TP30,zone,30,test
2026-01-19,3,-2.3000000000010914,-0.7666666666670304,ZONE_TP30,zone,30,test
2026-01-20,16,39.706999999981235,2.481687499998827,ZONE_TP30,zone,30,test
2026-01-21,10,5.183999999972912,0.5183999999972911,ZONE_TP30,zone,30,test
2026-01-22,24,75.24600000001192,3.1352500000004966,ZONE_TP30,zone,30,test
2026-01-23,17,183.25000000004002,10.779411764708236,ZONE_TP30,zone,30,test
2026-01-26,10,24.53000000001157,2.4530000000011567,ZONE_TP30,zone,30,test
2026-01-27,15,64.52399999998488,4.3015999999989925,ZONE_TP30,zone,30,test
2026-01-28,31,454.2185095448306,14.652209985317118,ZONE_TP30,zone,30,test
2026-01-29,22,390.07900000001064,17.73086363636412,ZONE_TP30,zone,30,test
2026-01-30,29,91.14699999999813,3.1429999999999354,ZONE_TP30,zone,30,test
2026-02-02,24,582.6910000000107,24.278791666667114,ZONE_TP30,zone,30,test
2026-02-03,24,146.84999999998945,6.118749999999561,ZONE_TP30,zone,30,test
2026-02-04,20,54.22799999999097,2.7113999999995486,ZONE_TP30,zone,30,test
2026-02-05,26,286.621000000021,11.023884615385423,ZONE_TP30,zone,30,test
2026-02-06,23,184.03899999998885,8.001695652173428,ZONE_TP30,zone,30,test
2026-02-09,20,17.821300624756383,0.8910650312378191,ZONE_TP30,zone,30,test
2026-02-10,9,-7.447000000002845,-0.8274444444447605,ZONE_TP30,zone,30,test
2026-02-11,16,-11.241000000005442,-0.7025625000003402,ZONE_TP30,zone,30,test
2026-02-12,11,18.65999999999622,1.6963636363632928,ZONE_TP30,zone,30,test
2026-02-13,20,96.26699999999528,4.8133499999997635,ZONE_TP30,zone,30,test
2026-02-16,6,-4.8160000000016225,-0.8026666666669371,ZONE_TP30,zone,30,test
2026-02-17,19,127.69699999998011,6.720894736841058,ZONE_TP30,zone,30,test
2026-02-18,11,127.92699999996876,11.629727272724432,ZONE_TP30,zone,30,test
2026-02-19,16,31.74299999999676,1.9839374999997974,ZONE_TP30,zone,30,test
2026-02-20,16,228.9860000000226,14.311625000001413,ZONE_TP30,zone,30,test
2026-02-23,14,117.26299999999446,8.375928571428176,ZONE_TP30,zone,30,test
2026-02-24,14,-12.74300000000585,-0.9102142857147035,ZONE_TP30,zone,30,test
2026-02-25,11,20.073999999996886,1.8249090909088077,ZONE_TP30,zone,30,test
2026-02-26,11,58.01999999998952,5.274545454544502,ZONE_TP30,zone,30,test
2026-02-27,14,22.484999999994216,1.6060714285710154,ZONE_TP30,zone,30,test
2026-03-02,10,-19.119000000002416,-1.9119000000002415,ZONE_TP30,zone,30,test
2026-03-03,28,-16.256999999997785,-0.5806071428570637,ZONE_TP30,zone,30,test
2026-03-04,11,-5.587000000005901,-0.5079090909096273,ZONE_TP30,zone,30,test
2026-03-05,18,85.81299999998919,4.767388888888288,ZONE_TP30,zone,30,test
2026-03-06,15,1.5299999999951979,0.10199999999967986,ZONE_TP30,zone,30,test
2026-03-09,15,164.2059999999865,10.947066666665766,ZONE_TP30,zone,30,test
2026-03-10,22,66.71380099503797,3.0324454997744534,ZONE_TP30,zone,30,test
2026-03-11,12,34.000000000027285,2.833333333335607,ZONE_TP30,zone,30,test
2026-03-12,25,39.97299999997631,1.5989199999990524,ZONE_TP30,zone,30,test
2026-03-13,13,65.82299999995666,5.063307692304359,ZONE_TP30,zone,30,test
2026-03-16,8,13.3429999999953,1.6678749999994125,ZONE_TP30,zone,30,test
2026-03-17,8,16.28000000001157,2.035000000001446,ZONE_TP30,zone,30,test
2026-03-18,19,44.117000000004744,2.321947368421302,ZONE_TP30,zone,30,test
2026-03-19,25,350.01222480620316,14.000488992248126,ZONE_TP30,zone,30,test
2026-03-20,18,101.05699999998433,5.614277777776907,ZONE_TP30,zone,30,test
2026-03-23,21,3.1629999999895517,0.15061904761855008,ZONE_TP30,zone,30,test
2026-03-24,17,72.28399999999056,4.251999999999445,ZONE_TP30,zone,30,test
2026-03-25,11,103.32399999998688,9.393090909089716,ZONE_TP30,zone,30,test
2026-03-26,19,51.926999999991494,2.7329999999995525,ZONE_TP30,zone,30,test
2026-03-27,17,68.4770000000035,4.0280588235296175,ZONE_TP30,zone,30,test
2026-03-30,20,35.60999999998239,1.7804999999991196,ZONE_TP30,zone,30,test
2026-03-31,26,131.07800000001862,5.041461538462254,ZONE_TP30,zone,30,test
2026-04-01,18,58.57699999997931,3.254277777776628,ZONE_TP30,zone,30,test
2026-04-02,15,-7.9170000000067375,-0.5278000000004491,ZONE_TP30,zone,30,test
2026-04-06,9,-0.3800000000010191,-0.04222222222233545,ZONE_TP30,zone,30,test
2026-04-07,16,103.59600000001319,6.4747500000008245,ZONE_TP30,zone,30,test
2026-04-08,19,-18.188000000008287,-0.957263157895173,ZONE_TP30,zone,30,test
2026-04-09,21,40.958999999979824,1.9504285714276106,ZONE_TP30,zone,30,test
2026-04-10,8,26.41300000000683,3.3016250000008536,ZONE_TP30,zone,30,test
2026-04-13,9,-6.940000000005966,-0.771111111111774,ZONE_TP30,zone,30,test
2026-04-14,13,16.234000000007654,1.2487692307698195,ZONE_TP30,zone,30,test
2026-04-15,9,53.76400000000377,5.973777777778197,ZONE_TP30,zone,30,test
2026-04-16,13,-2.312000000003536,-0.17784615384642585,ZONE_TP30,zone,30,test
2026-04-17,14,50.80300000000898,3.6287857142863555,ZONE_TP30,zone,30,test
2026-04-20,19,94.40899999997873,4.968894736840986,ZONE_TP30,zone,30,test
2026-04-21,20,29.899999999965985,1.4949999999982992,ZONE_TP30,zone,30,test
2026-04-22,14,23.849999999982174,1.7035714285701553,ZONE_TP30,zone,30,test
2026-04-23,7,39.22699999999804,5.603857142856863,ZONE_TP30,zone,30,test
2026-04-24,9,25.68000000000757,2.8533333333341746,ZONE_TP30,zone,30,test
2026-04-27,15,-4.6030000000055225,-0.3068666666670348,ZONE_TP30,zone,30,test
2026-04-28,20,47.47999999998956,2.373999999999478,ZONE_TP30,zone,30,test
2026-04-29,12,54.21400000001631,4.517833333334693,ZONE_TP30,zone,30,test
2026-04-30,14,6.849999999989452,0.4892857142849608,ZONE_TP30,zone,30,test
2026-05-01,14,-6.980000000008658,-0.498571428572047,ZONE_TP30,zone,30,test
2026-05-04,23,50.099999999977626,2.1782608695642445,ZONE_TP30,zone,30,test
2026-05-05,7,-2.8340000000034706,-0.4048571428576387,ZONE_TP30,zone,30,test
2026-05-06,19,29.60000000000491,1.5578947368423637,ZONE_TP30,zone,30,test
2026-05-07,16,129.3170000000082,8.082312500000512,ZONE_TP30,zone,30,test
2026-05-08,11,10.685333333315006,0.9713939393922733,ZONE_TP30,zone,30,test
2026-05-11,17,54.69000000001961,3.2170588235305653,ZONE_TP30,zone,30,test
2026-05-12,22,101.18274829934035,4.5992158317881975,ZONE_TP30,zone,30,test
2026-05-13,7,16.559999999994943,2.365714285713563,ZONE_TP30,zone,30,test
2026-05-14,7,-4.324000000004162,-0.6177142857148803,ZONE_TP30,zone,30,test
2026-05-15,11,2.153000000006614,0.195727272727874,ZONE_TP30,zone,30,test
2026-05-18,9,-7.890000000002146,-0.8766666666669052,ZONE_TP30,zone,30,test
2026-05-19,18,61.98999999998432,3.4438888888880177,ZONE_TP30,zone,30,test
2026-05-20,19,2.146999999994477,0.11299999999970932,ZONE_TP30,zone,30,test
2026-05-21,12,72.7700000000159,6.064166666667991,ZONE_TP30,zone,30,test
2026-05-22,8,29.880000000006476,3.7350000000008095,ZONE_TP30,zone,30,test
2026-05-25,4,-2.5330000000021755,-0.6332500000005439,ZONE_TP30,zone,30,test
2026-05-26,9,61.47999999999047,6.831111111110052,ZONE_TP30,zone,30,test
2026-05-27,6,8.6899999999996,1.4483333333332666,ZONE_TP30,zone,30,test
2026-05-28,25,87.912999999975,3.516519999999,ZONE_TP30,zone,30,test
2026-05-29,16,129.8909999999969,8.118187499999806,ZONE_TP30,zone,30,test
2026-06-01,13,2.180000000005748,0.16769230769274984,ZONE_TP30,zone,30,test
2026-06-02,13,30.1230000000005,2.3171538461538845,ZONE_TP30,zone,30,test
2026-06-03,15,-13.437000000006265,-0.8958000000004176,ZONE_TP30,zone,30,test
2026-06-04,8,14.789999999996326,1.8487499999995407,ZONE_TP30,zone,30,test
2026-06-05,9,-5.960000000002765,-0.6622222222225295,ZONE_TP30,zone,30,test
2026-06-08,10,69.38300000001163,6.938300000001163,ZONE_TP30,zone,30,test
2026-06-09,17,30.565999999983433,1.7979999999990255,ZONE_TP30,zone,30,test
2026-06-10,27,68.6599999999562,2.5429629629613406,ZONE_TP30,zone,30,test
2026-06-11,14,182.30100000000857,13.021500000000612,ZONE_TP30,zone,30,test
2026-06-12,5,8.609999999991487,1.7219999999982973,ZONE_TP30,zone,30,test
2026-06-15,14,33.83699999999771,2.4169285714284077,ZONE_TP30,zone,30,test
2026-06-16,11,2.326999999995679,0.2115454545450617,ZONE_TP30,zone,30,test
2026-06-17,15,2.5799999999935626,0.17199999999957083,ZONE_TP30,zone,30,test
2026-06-18,14,123.0269999999573,8.787642857139806,ZONE_TP30,zone,30,test
2026-06-19,12,48.99999999999454,4.083333333332878,ZONE_TP30,zone,30,test
2026-06-22,10,11.679999999996655,1.1679999999996655,ZONE_TP30,zone,30,test
2026-06-23,14,94.73999999999751,6.767142857142679,ZONE_TP30,zone,30,test
2026-06-24,17,89.44700000000057,5.261588235294151,ZONE_TP30,zone,30,test
2026-06-25,4,-2.2800000000002,-0.57000000000005,ZONE_TP30,zone,30,test
2026-06-26,18,-13.216999999998734,-0.7342777777777074,ZONE_TP30,zone,30,test
2026-06-29,15,58.51400000001286,3.9009333333341902,ZONE_TP30,zone,30,test
2026-06-30,11,-6.372999999999138,-0.579363636363558,ZONE_TP30,zone,30,test
2026-07-01,20,30.989999999996595,1.5494999999998298,ZONE_TP30,zone,30,test
2026-07-02,6,-5.9099999999998545,-0.9849999999999758,ZONE_TP30,zone,30,test
2026-07-03,6,17.38999999999305,2.8983333333321752,ZONE_TP30,zone,30,test
2026-07-06,5,5.289999999997235,1.057999999999447,ZONE_TP30,zone,30,test
2026-07-07,8,10.970000000001164,1.3712500000001455,ZONE_TP30,zone,30,test
2026-07-08,15,11.49999999999909,0.766666666666606,ZONE_TP30,zone,30,test
2026-07-09,7,-2.7100000000018554,-0.3871428571431222,ZONE_TP30,zone,30,test
2026-07-10,5,-2.7700000000022555,-0.5540000000004511,ZONE_TP30,zone,30,test
2026-07-13,21,94.65999999999214,4.5076190476186735,ZONE_TP30,zone,30,test
2026-07-14,16,45.349999999992626,2.834374999999539,ZONE_TP30,zone,30,test
2026-07-15,8,31.619999999997617,3.952499999999702,ZONE_TP30,zone,30,test
2026-01-02,18,-11.193000000011125,-0.6218333333339514,ATR_TP50,atr,50,test
2026-01-05,13,32.68858333332628,2.5145064102558674,ATR_TP50,atr,50,test
2026-01-06,17,-4.5523333333349,-0.26778431372558237,ATR_TP50,atr,50,test
2026-01-07,8,3.8515416666623423,0.4814427083327928,ATR_TP50,atr,50,test
2026-01-08,13,12.390416666663441,0.9531089743587262,ATR_TP50,atr,50,test
2026-01-09,16,23.038874999994732,1.4399296874996708,ATR_TP50,atr,50,test
2026-01-12,13,14.38487499999701,1.106528846153616,ATR_TP50,atr,50,test
2026-01-13,10,10.626374999995278,1.0626374999995278,ATR_TP50,atr,50,test
2026-01-14,11,-0.3315833333381309,-0.030143939394375537,ATR_TP50,atr,50,test
2026-01-15,7,1.9392499999985375,0.2770357142855054,ATR_TP50,atr,50,test
2026-01-16,9,-7.4430000000047585,-0.8270000000005288,ATR_TP50,atr,50,test
2026-01-19,3,-2.3000000000010914,-0.7666666666670304,ATR_TP50,atr,50,test
2026-01-20,16,14.951249999994616,0.9344531249996635,ATR_TP50,atr,50,test
2026-01-21,10,-2.5362639019849667,-0.25362639019849664,ATR_TP50,atr,50,test
2026-01-22,24,25.17891666665946,1.0491215277774775,ATR_TP50,atr,50,test
2026-01-23,17,60.755124999991494,3.573830882352441,ATR_TP50,atr,50,test
2026-01-26,10,29.858374999998887,2.9858374999998887,ATR_TP50,atr,50,test
2026-01-27,15,27.745041666661564,1.8496694444441042,ATR_TP50,atr,50,test
2026-01-28,31,171.52842621144222,5.533175039078781,ATR_TP50,atr,50,test
2026-01-29,22,127.86133333332873,5.8118787878785785,ATR_TP50,atr,50,test
2026-01-30,29,97.0094583333148,3.345153735631545,ATR_TP50,atr,50,test
2026-02-02,24,261.3647499999888,10.890197916666201,ATR_TP50,atr,50,test
2026-02-03,24,91.27529166666136,3.803137152777557,ATR_TP50,atr,50,test
2026-02-04,20,-1.4237500000072032,-0.07118750000036016,ATR_TP50,atr,50,test
2026-02-05,26,89.47833333332073,3.4414743589738745,ATR_TP50,atr,50,test
2026-02-06,23,106.68358333332799,4.638416666666434,ATR_TP50,atr,50,test
2026-02-09,20,20.425467291426077,1.021273364571304,ATR_TP50,atr,50,test
2026-02-10,9,-7.447000000002845,-0.8274444444447605,ATR_TP50,atr,50,test
2026-02-11,16,-11.241000000005442,-0.7025625000003402,ATR_TP50,atr,50,test
2026-02-12,11,37.88724999999886,3.4442954545453506,ATR_TP50,atr,50,test
2026-02-13,20,15.639374999994288,0.7819687499997144,ATR_TP50,atr,50,test
2026-02-16,6,-4.8160000000016225,-0.8026666666669371,ATR_TP50,atr,50,test
2026-02-17,19,24.63637499999095,1.2966513157889974,ATR_TP50,atr,50,test
2026-02-18,11,23.568916666664336,2.142628787878576,ATR_TP50,atr,50,test
2026-02-19,16,37.025999999989835,2.3141249999993647,ATR_TP50,atr,50,test
2026-02-20,16,124.35599999999886,7.772249999999929,ATR_TP50,atr,50,test
2026-02-23,14,33.580083333326,2.398577380951857,ATR_TP50,atr,50,test
2026-02-24,14,-12.74300000000585,-0.9102142857147035,ATR_TP50,atr,50,test
2026-02-25,11,19.368166666663456,1.7607424242421323,ATR_TP50,atr,50,test
2026-02-26,11,30.454666666665617,2.7686060606059653,ATR_TP50,atr,50,test
2026-02-27,14,48.110249999996995,3.4364464285712137,ATR_TP50,atr,50,test
2026-03-02,10,-19.119000000002416,-1.9119000000002415,ATR_TP50,atr,50,test
2026-03-03,28,-11.067916666674137,-0.3952827380955049,ATR_TP50,atr,50,test
2026-03-04,11,-5.587000000005901,-0.5079090909096273,ATR_TP50,atr,50,test
2026-03-05,18,16.085916666660527,0.8936620370366959,ATR_TP50,atr,50,test
2026-03-06,15,1.5998333333318442,0.10665555555545628,ATR_TP50,atr,50,test
2026-03-09,15,63.397624999987784,4.226508333332519,ATR_TP50,atr,50,test
2026-03-10,22,31.159509328353426,1.4163413331069739,ATR_TP50,atr,50,test
2026-03-11,12,11.546624999993583,0.9622187499994652,ATR_TP50,atr,50,test
2026-03-12,25,21.941166666660138,0.8776466666664056,ATR_TP50,atr,50,test
2026-03-13,13,24.15541666666195,1.8581089743586114,ATR_TP50,atr,50,test
2026-03-16,8,16.68087499999274,2.0851093749990923,ATR_TP50,atr,50,test
2026-03-17,8,6.054624999995212,0.7568281249994016,ATR_TP50,atr,50,test
2026-03-18,19,18.658083333327344,0.982004385964597,ATR_TP50,atr,50,test
2026-03-19,25,122.16284980619336,4.8865139922477345,ATR_TP50,atr,50,test
2026-03-20,18,61.86945833333084,3.437192129629491,ATR_TP50,atr,50,test
2026-03-23,21,79.87904166665703,3.80376388888843,ATR_TP50,atr,50,test
2026-03-24,17,58.25833333332139,3.4269607843130228,ATR_TP50,atr,50,test
2026-03-25,11,63.59854166666628,5.781685606060571,ATR_TP50,atr,50,test
2026-03-26,19,4.815999999994347,0.25347368421022876,ATR_TP50,atr,50,test
2026-03-27,17,28.275124999997388,1.6632426470586699,ATR_TP50,atr,50,test
2026-03-30,20,44.757874999990236,2.237893749999512,ATR_TP50,atr,50,test
2026-03-31,26,71.07320833332051,2.7335849358969426,ATR_TP50,atr,50,test
2026-04-01,18,60.44149999999445,3.3578611111108025,ATR_TP50,atr,50,test
2026-04-02,15,22.322291666659112,1.488152777777274,ATR_TP50,atr,50,test
2026-04-06,9,0.4582916666668093,0.050921296296312146,ATR_TP50,atr,50,test
2026-04-07,16,86.13604166666119,5.383502604166324,ATR_TP50,atr,50,test
2026-04-08,19,-18.188000000008287,-0.957263157895173,ATR_TP50,atr,50,test
2026-04-09,21,50.039416666659235,2.382829365079011,ATR_TP50,atr,50,test
2026-04-10,8,10.911749999996573,1.3639687499995716,ATR_TP50,atr,50,test
2026-04-13,9,6.7726666666640085,0.7525185185182232,ATR_TP50,atr,50,test
2026-04-14,13,4.518291666661753,0.34756089743551943,ATR_TP50,atr,50,test
2026-04-15,9,13.918083333331197,1.5464537037034662,ATR_TP50,atr,50,test
2026-04-16,13,-2.312000000003536,-0.17784615384642585,ATR_TP50,atr,50,test
2026-04-17,14,14.181499999991502,1.0129642857136787,ATR_TP50,atr,50,test
2026-04-20,19,33.88191666666353,1.7832587719296593,ATR_TP50,atr,50,test
2026-04-21,20,18.609166666658894,0.9304583333329447,ATR_TP50,atr,50,test
2026-04-22,14,12.447583333332659,0.889113095238047,ATR_TP50,atr,50,test
2026-04-23,7,17.239666666661833,2.4628095238088332,ATR_TP50,atr,50,test
2026-04-24,9,7.497499999997672,0.8330555555552969,ATR_TP50,atr,50,test
2026-04-27,15,1.7791666666607853,0.11861111111071902,ATR_TP50,atr,50,test
2026-04-28,20,22.58979166666177,1.1294895833330885,ATR_TP50,atr,50,test
2026-04-29,12,7.8089583333312484,0.650746527777604,ATR_TP50,atr,50,test
2026-04-30,14,11.464208333327406,0.8188720238091004,ATR_TP50,atr,50,test
2026-05-01,14,-6.980000000008658,-0.498571428572047,ATR_TP50,atr,50,test
2026-05-04,23,37.27508333332662,1.6206557971011575,ATR_TP50,atr,50,test
2026-05-05,7,-2.8340000000034706,-0.4048571428576387,ATR_TP50,atr,50,test
2026-05-06,19,24.180291666660196,1.272646929824221,ATR_TP50,atr,50,test
2026-05-07,16,51.32570833333284,3.2078567708333026,ATR_TP50,atr,50,test
2026-05-08,11,3.0433749999968613,0.2766704545451692,ATR_TP50,atr,50,test
2026-05-11,17,23.260916666665253,1.3682892156861914,ATR_TP50,atr,50,test
2026-05-12,22,32.70324829931997,1.4865112863327257,ATR_TP50,atr,50,test
2026-05-13,7,7.341041666663841,1.0487202380948344,ATR_TP50,atr,50,test
2026-05-14,7,-4.324000000004162,-0.6177142857148803,ATR_TP50,atr,50,test
2026-05-15,11,4.557124999996631,0.41428409090878465,ATR_TP50,atr,50,test
2026-05-18,9,-7.890000000002146,-0.8766666666669052,ATR_TP50,atr,50,test
2026-05-19,18,8.85287499999413,0.4918263888885628,ATR_TP50,atr,50,test
2026-05-20,19,-3.4206666666723327,-0.18003508771959645,ATR_TP50,atr,50,test
2026-05-21,12,30.893666666664103,2.5744722222220084,ATR_TP50,atr,50,test
2026-05-22,8,17.179666666662346,2.1474583333327932,ATR_TP50,atr,50,test
2026-05-25,4,-2.5330000000021755,-0.6332500000005439,ATR_TP50,atr,50,test
2026-05-26,9,5.75716666666176,0.63968518518464,ATR_TP50,atr,50,test
2026-05-27,6,6.59349999999813,1.098916666666355,ATR_TP50,atr,50,test
2026-05-28,25,33.87079166666081,1.3548316666664322,ATR_TP50,atr,50,test
2026-05-29,16,47.01966666666249,2.9387291666664055,ATR_TP50,atr,50,test
2026-06-01,13,0.3340416666596865,0.025695512819975883,ATR_TP50,atr,50,test
2026-06-02,13,13.974833333327297,1.0749871794867152,ATR_TP50,atr,50,test
2026-06-03,15,-13.437000000006265,-0.8958000000004176,ATR_TP50,atr,50,test
2026-06-04,8,2.588416666663761,0.32355208333297014,ATR_TP50,atr,50,test
2026-06-05,9,-5.960000000002765,-0.6622222222225295,ATR_TP50,atr,50,test
2026-06-08,10,20.005333333328053,2.0005333333328053,ATR_TP50,atr,50,test
2026-06-09,17,10.356416666659243,0.6092009803917202,ATR_TP50,atr,50,test
2026-06-10,27,41.85620833332814,1.5502299382714126,ATR_TP50,atr,50,test
2026-06-11,14,93.06212499999174,6.6472946428565525,ATR_TP50,atr,50,test
2026-06-12,5,15.634708333333037,3.1269416666666077,ATR_TP50,atr,50,test
2026-06-15,14,11.299499999990985,0.807107142856499,ATR_TP50,atr,50,test
2026-06-16,11,1.1779583333291157,0.10708712121173779,ATR_TP50,atr,50,test
2026-06-17,15,37.680458333328716,2.512030555555248,ATR_TP50,atr,50,test
2026-06-18,14,19.965333333332637,1.4260952380951883,ATR_TP50,atr,50,test
2026-06-19,12,19.896874999995816,1.658072916666318,ATR_TP50,atr,50,test
2026-06-22,10,8.986208333330978,0.8986208333330978,ATR_TP50,atr,50,test
2026-06-23,14,27.95445833333042,1.996747023809316,ATR_TP50,atr,50,test
2026-06-24,17,15.666291666666893,0.9215465686274643,ATR_TP50,atr,50,test
2026-06-25,4,7.9391666666683705,1.9847916666670926,ATR_TP50,atr,50,test
2026-06-26,18,-13.216999999998734,-0.7342777777777074,ATR_TP50,atr,50,test
2026-06-29,15,41.11908333333986,2.741272222222657,ATR_TP50,atr,50,test
2026-06-30,11,-6.372999999999138,-0.579363636363558,ATR_TP50,atr,50,test
2026-07-01,20,11.327083333333576,0.5663541666666788,ATR_TP50,atr,50,test
2026-07-02,6,-5.9099999999998545,-0.9849999999999758,ATR_TP50,atr,50,test
2026-07-03,6,4.44499999999789,0.7408333333329816,ATR_TP50,atr,50,test
2026-07-06,5,2.6204166666648234,0.5240833333329646,ATR_TP50,atr,50,test
2026-07-07,8,3.0908333333318296,0.3863541666664787,ATR_TP50,atr,50,test
2026-07-08,15,5.342499999999292,0.3561666666666195,ATR_TP50,atr,50,test
2026-07-09,7,-2.7100000000018554,-0.3871428571431222,ATR_TP50,atr,50,test
2026-07-10,5,-2.7700000000022555,-0.5540000000004511,ATR_TP50,atr,50,test
2026-07-13,21,19.124583333334158,0.9106944444444837,ATR_TP50,atr,50,test
2026-07-14,16,25.96208333333516,1.6226302083334474,ATR_TP50,atr,50,test
2026-07-15,8,18.09541666666837,2.2619270833335463,ATR_TP50,atr,50,test
2026-01-02,18,-11.193000000011125,-0.6218333333339514,ATR_TP60,atr,60,test
2026-01-05,13,0.7749499999936234,0.05961153846104795,ATR_TP60,atr,60,test
2026-01-06,17,-3.501800000001822,-0.20598823529422483,ATR_TP60,atr,60,test
2026-01-07,8,5.4344499999961045,0.6793062499995131,ATR_TP60,atr,60,test
2026-01-08,13,16.565099999997074,1.2742384615382365,ATR_TP60,atr,60,test
2026-01-09,16,5.449799999991228,0.34061249999945176,ATR_TP60,atr,60,test
2026-01-12,13,18.771849999997357,1.4439884615382583,ATR_TP60,atr,60,test
2026-01-13,10,13.629649999995308,1.3629649999995308,ATR_TP60,atr,60,test
2026-01-14,11,0.9388999999955565,0.0853545454541415,ATR_TP60,atr,60,test
2026-01-15,7,3.3268999999982043,0.47527142857117205,ATR_TP60,atr,60,test
2026-01-16,9,-7.4430000000047585,-0.8270000000005288,ATR_TP60,atr,60,test
2026-01-19,3,-2.3000000000010914,-0.7666666666670304,ATR_TP60,atr,60,test
2026-01-20,16,19.97809999999481,1.2486312499996757,ATR_TP60,atr,60,test
2026-01-21,10,-1.0203166823812353,-0.10203166823812353,ATR_TP60,atr,60,test
2026-01-22,24,15.983149999991838,0.6659645833329932,ATR_TP60,atr,60,test
2026-01-23,17,74.586149999991,4.3874205882347646,ATR_TP60,atr,60,test
2026-01-26,10,35.1520500000006,3.51520500000006,ATR_TP60,atr,60,test
2026-01-27,15,34.36324999999488,2.290883333332992,ATR_TP60,atr,60,test
2026-01-28,31,210.94440954477554,6.804658372412114,ATR_TP60,atr,60,test
2026-01-29,22,159.43579999999656,7.247081818181662,ATR_TP60,atr,60,test
2026-01-30,29,122.36839999997757,4.219599999999226,ATR_TP60,atr,60,test
2026-02-02,24,322.1040999999859,13.42100416666608,ATR_TP60,atr,60,test
2026-02-03,24,108.56094999999641,4.523372916666517,ATR_TP60,atr,60,test
2026-02-04,20,1.901899999993475,0.09509499999967375,ATR_TP60,atr,60,test
2026-02-05,26,110.82979999998679,4.262684615384107,ATR_TP60,atr,60,test
2026-02-06,23,66.74709999999504,2.902047826086741,ATR_TP60,atr,60,test
2026-02-09,20,26.646300624758926,1.3323150312379464,ATR_TP60,atr,60,test
2026-02-10,9,-7.447000000002845,-0.8274444444447605,ATR_TP60,atr,60,test
2026-02-11,16,-11.241000000005442,-0.7025625000003402,ATR_TP60,atr,60,test
2026-02-12,11,17.401399999995192,1.5819454545450176,ATR_TP60,atr,60,test
2026-02-13,20,21.147849999994833,1.0573924999997417,ATR_TP60,atr,60,test
2026-02-16,6,-4.8160000000016225,-0.8026666666669371,ATR_TP60,atr,60,test
2026-02-17,19,32.48224999999002,1.7095921052626324,ATR_TP60,atr,60,test
2026-02-18,11,28.677299999998468,2.6070272727271333,ATR_TP60,atr,60,test
2026-02-19,16,46.400599999989936,2.900037499999371,ATR_TP60,atr,60,test
2026-02-20,16,150.4996000000001,9.406225000000006,ATR_TP60,atr,60,test
2026-02-23,14,42.049499999991895,3.0035357142851353,ATR_TP60,atr,60,test
2026-02-24,14,-12.74300000000585,-0.9102142857147035,ATR_TP60,atr,60,test
2026-02-25,11,23.97899999999572,2.1799090909087018,ATR_TP60,atr,60,test
2026-02-26,11,36.77219999999852,3.342927272727138,ATR_TP60,atr,60,test
2026-02-27,14,38.81829999999718,2.772735714285513,ATR_TP60,atr,60,test
2026-03-02,10,-19.119000000002416,-1.9119000000002415,ATR_TP60,atr,60,test
2026-03-03,28,-7.072100000007594,-0.2525750000002712,ATR_TP60,atr,60,test
2026-03-04,11,-5.587000000005901,-0.5079090909096273,ATR_TP60,atr,60,test
2026-03-05,18,21.1004999999941,1.1722499999996723,ATR_TP60,atr,60,test
2026-03-06,15,3.593799999998737,0.23958666666658246,ATR_TP60,atr,60,test
2026-03-09,15,78.88594999998622,5.259063333332415,ATR_TP60,atr,60,test
2026-03-10,22,38.332650995021446,1.7423932270464293,ATR_TP60,atr,60,test
2026-03-11,12,14.855949999993754,1.237995833332813,ATR_TP60,atr,60,test
2026-03-12,25,29.67479999999341,1.1869919999997365,ATR_TP60,atr,60,test
2026-03-13,13,30.221899999995003,2.324761538461154,ATR_TP60,atr,60,test
2026-03-16,8,21.24044999999296,2.65505624999912,ATR_TP60,atr,60,test
2026-03-17,8,7.747549999995499,0.9684437499994374,ATR_TP60,atr,60,test
2026-03-18,19,24.90629999999419,1.3108578947365364,ATR_TP60,atr,60,test
2026-03-19,25,138.1765248061935,5.52706099224774,ATR_TP60,atr,60,test
2026-03-20,18,50.208199999995486,2.7893444444441937,ATR_TP60,atr,60,test
2026-03-23,21,105.33424999999079,5.015916666666228,ATR_TP60,atr,60,test
2026-03-24,17,72.05519999998614,4.238541176469774,ATR_TP60,atr,60,test
2026-03-25,11,77.11744999999883,7.010677272727166,ATR_TP60,atr,60,test
2026-03-26,19,10.01579999999558,0.52714736842082,ATR_TP60,atr,60,test
2026-03-27,17,36.888749999998254,2.1699264705881327,ATR_TP60,atr,60,test
2026-03-30,20,57.540049999989606,2.87700249999948,ATR_TP60,atr,60,test
2026-03-31,26,68.82454999998481,2.6470980769224925,ATR_TP60,atr,60,test
2026-04-01,18,74.6589999999942,4.1477222222218995,ATR_TP60,atr,60,test
2026-04-02,15,-6.838800000008632,-0.4559200000005755,ATR_TP60,atr,60,test
2026-04-06,9,2.4039500000008043,0.2671055555556449,ATR_TP60,atr,60,test
2026-04-07,16,105.15664999999444,6.572290624999653,ATR_TP60,atr,60,test
2026-04-08,19,-18.188000000008287,-0.957263157895173,ATR_TP60,atr,60,test
2026-04-09,21,41.574949999991084,1.9797595238090993,ATR_TP60,atr,60,test
2026-04-10,8,13.793499999997039,1.7241874999996298,ATR_TP60,atr,60,test
2026-04-13,9,9.189199999997982,1.021022222221998,ATR_TP60,atr,60,test
2026-04-14,13,6.795149999994466,0.5227038461534205,ATR_TP60,atr,60,test
2026-04-15,9,17.772899999998117,1.9747666666664574,ATR_TP60,atr,60,test
2026-04-16,13,-2.312000000003536,-0.17784615384642585,ATR_TP60,atr,60,test
2026-04-17,14,18.497199999991608,1.321228571427972,ATR_TP60,atr,60,test
2026-04-20,19,39.18554999999742,2.0623973684209167,ATR_TP60,atr,60,test
2026-04-21,20,25.11099999999169,1.2555499999995845,ATR_TP60,atr,60,test
2026-04-22,14,16.457099999999627,1.1755071428571162,ATR_TP60,atr,60,test
2026-04-23,7,21.606199999995624,3.086599999999375,ATR_TP60,atr,60,test
2026-04-24,9,0.4078499999959603,0.04531666666621781,ATR_TP60,atr,60,test
2026-04-27,15,2.985599999993611,0.19903999999957409,ATR_TP60,atr,60,test
2026-04-28,20,21.35309999999481,1.0676549999997405,ATR_TP60,atr,60,test
2026-04-29,12,10.707949999997254,0.8923291666664378,ATR_TP60,atr,60,test
2026-04-30,14,5.258799999994153,0.3756285714281538,ATR_TP60,atr,60,test
2026-05-01,14,-6.980000000008658,-0.498571428572047,ATR_TP60,atr,60,test
2026-05-04,23,47.62609999999313,2.070699999999701,ATR_TP60,atr,60,test
2026-05-05,7,-2.8340000000034706,-0.4048571428576387,ATR_TP60,atr,60,test
2026-05-06,19,29.64959999999246,1.5605052631574978,ATR_TP60,atr,60,test
2026-05-07,16,63.349449999999706,3.9593406249999816,ATR_TP60,atr,60,test
2026-05-08,11,4.874983333329813,0.443180303029983,ATR_TP60,atr,60,test
2026-05-11,17,29.467099999998027,1.7333588235292956,ATR_TP60,atr,60,test
2026-05-12,22,41.2733482993217,1.8760612863328043,ATR_TP60,atr,60,test
2026-05-13,7,9.787249999997584,1.3981785714282264,ATR_TP60,atr,60,test
2026-05-14,7,-4.324000000004162,-0.6177142857148803,ATR_TP60,atr,60,test
2026-05-15,11,7.137949999996636,0.6489045454542396,ATR_TP60,atr,60,test
2026-05-18,9,-7.890000000002146,-0.8766666666669052,ATR_TP60,atr,60,test
2026-05-19,18,4.263299999992341,0.2368499999995745,ATR_TP60,atr,60,test
2026-05-20,19,-2.3396000000057033,-0.12313684210556333,ATR_TP60,atr,60,test
2026-05-21,12,37.8863999999985,3.157199999999875,ATR_TP60,atr,60,test
2026-05-22,8,21.1495999999961,2.6436999999995123,ATR_TP60,atr,60,test
2026-05-25,4,-2.5330000000021755,-0.6332500000005439,ATR_TP60,atr,60,test
2026-05-26,9,7.812599999994745,0.8680666666660828,ATR_TP60,atr,60,test
2026-05-27,6,8.396199999998316,1.399366666666386,ATR_TP60,atr,60,test
2026-05-28,25,42.77434999999423,1.710973999999769,ATR_TP60,atr,60,test
2026-05-29,16,57.45559999999569,3.5909749999997307,ATR_TP60,atr,60,test
2026-06-01,13,1.986849999993865,0.15283461538414345,ATR_TP60,atr,60,test
2026-06-02,13,17.99979999999414,1.384599999999549,ATR_TP60,atr,60,test
2026-06-03,15,-13.437000000006265,-0.8958000000004176,ATR_TP60,atr,60,test
2026-06-04,8,3.8880999999973938,0.4860124999996742,ATR_TP60,atr,60,test
2026-06-05,9,-5.960000000002765,-0.6622222222225295,ATR_TP60,atr,60,test
2026-06-08,10,16.65429999999469,1.665429999999469,ATR_TP60,atr,60,test
2026-06-09,17,14.474499999992076,0.8514411764701222,ATR_TP60,atr,60,test
2026-06-10,27,53.037449999994806,1.9643499999998075,ATR_TP60,atr,60,test
2026-06-11,14,113.03234999999086,8.073739285713632,ATR_TP60,atr,60,test
2026-06-12,5,19.121650000000045,3.824330000000009,ATR_TP60,atr,60,test
2026-06-15,14,14.83199999999124,1.0594285714279457,ATR_TP60,atr,60,test
2026-06-16,11,2.368149999995695,0.21528636363597228,ATR_TP60,atr,60,test
2026-06-17,15,48.43654999999581,3.2291033333330543,ATR_TP60,atr,60,test
2026-06-18,14,25.27300000000014,1.8052142857142957,ATR_TP60,atr,60,test
2026-06-19,12,14.881549999995514,1.2401291666662928,ATR_TP60,atr,60,test
2026-06-22,10,11.297449999997298,1.1297449999997298,ATR_TP60,atr,60,test
2026-06-23,14,34.09734999999728,2.4355249999998057,ATR_TP60,atr,60,test
2026-06-24,17,21.670149999999925,1.2747147058823485,ATR_TP60,atr,60,test
2026-06-25,4,9.883000000002085,2.470750000000521,ATR_TP60,atr,60,test
2026-06-26,18,-13.216999999998734,-0.7342777777777074,ATR_TP60,atr,60,test
2026-06-29,15,50.83670000000802,3.389113333333868,ATR_TP60,atr,60,test
2026-06-30,11,-6.372999999999138,-0.579363636363558,ATR_TP60,atr,60,test
2026-07-01,20,15.86850000000004,0.793425000000002,ATR_TP60,atr,60,test
2026-07-02,6,-5.9099999999998545,-0.9849999999999758,ATR_TP60,atr,60,test
2026-07-03,6,5.815999999997985,0.9693333333329974,ATR_TP60,atr,60,test
2026-07-06,5,3.600499999997737,0.7200999999995474,ATR_TP60,atr,60,test
2026-07-07,8,5.294999999999165,0.6618749999998956,ATR_TP60,atr,60,test
2026-07-08,15,8.270999999999276,0.5513999999999517,ATR_TP60,atr,60,test
2026-07-09,7,-2.7100000000018554,-0.3871428571431222,ATR_TP60,atr,60,test
2026-07-10,5,-2.7700000000022555,-0.5540000000004511,ATR_TP60,atr,60,test
2026-07-13,21,24.997500000000855,1.1903571428571835,ATR_TP60,atr,60,test
2026-07-14,16,21.98100000000113,1.3738125000000707,ATR_TP60,atr,60,test
2026-07-15,8,21.98250000000189,2.7478125000002365,ATR_TP60,atr,60,test
2026-01-02,18,-11.193000000011125,-0.6218333333339514,ATR_TP70,atr,70,test
2026-01-05,13,2.3729416666601537,0.18253397435847335,ATR_TP70,atr,70,test
2026-01-06,17,-2.4512666666678333,-0.14419215686281373,ATR_TP70,atr,70,test
2026-01-07,8,7.017358333328957,0.8771697916661196,ATR_TP70,atr,70,test
2026-01-08,13,20.739783333330706,1.5953679487177466,ATR_TP70,atr,70,test
2026-01-09,16,8.312433333324407,0.5195270833327754,ATR_TP70,atr,70,test
2026-01-12,13,23.158824999997705,1.7814480769229004,ATR_TP70,atr,70,test
2026-01-13,10,16.63292499999534,1.663292499999534,ATR_TP70,atr,70,test
2026-01-14,11,2.209383333329242,0.20085303030265836,ATR_TP70,atr,70,test
2026-01-15,7,4.7145499999987805,0.6735071428569687,ATR_TP70,atr,70,test
2026-01-16,9,-7.4430000000047585,-0.8270000000005288,ATR_TP70,atr,70,test
2026-01-19,3,-2.3000000000010914,-0.7666666666670304,ATR_TP70,atr,70,test
2026-01-20,16,25.004949999995006,1.5628093749996879,ATR_TP70,atr,70,test
2026-01-21,10,0.49563053722340555,0.04956305372234056,ATR_TP70,atr,70,test
2026-01-22,24,21.056008333325735,0.877333680555239,ATR_TP70,atr,70,test
2026-01-23,17,88.4171749999905,5.201010294117088,ATR_TP70,atr,70,test
2026-01-26,10,40.44572500000049,4.044572500000049,ATR_TP70,atr,70,test
2026-01-27,15,40.98145833332728,2.7320972222218187,ATR_TP70,atr,70,test
2026-01-28,31,250.36039287810976,8.076141705745476,ATR_TP70,atr,70,test
2026-01-29,22,191.01026666666348,8.682284848484704,ATR_TP70,atr,70,test
2026-01-30,29,138.9081333333079,4.78993563218303,ATR_TP70,atr,70,test
2026-02-02,24,382.84344999998484,15.951810416666035,ATR_TP70,atr,70,test
2026-02-03,24,125.84660833332964,5.243608680555401,ATR_TP70,atr,70,test
2026-02-04,20,5.227549999994153,0.26137749999970766,ATR_TP70,atr,70,test
2026-02-05,26,132.18126666665285,5.083894871794341,ATR_TP70,atr,70,test
2026-02-06,23,82.32844999999635,3.579497826086798,ATR_TP70,atr,70,test
2026-02-09,20,32.86713395809178,1.6433566979045888,ATR_TP70,atr,70,test
2026-02-10,9,-7.447000000002845,-0.8274444444447605,ATR_TP70,atr,70,test
2026-02-11,16,-11.241000000005442,-0.7025625000003402,ATR_TP70,atr,70,test
2026-02-12,11,19.766633333328173,1.7969666666661974,ATR_TP70,atr,70,test
2026-02-13,20,26.656324999994467,1.3328162499997234,ATR_TP70,atr,70,test
2026-02-16,6,-4.8160000000016225,-0.8026666666669371,ATR_TP70,atr,70,test
2026-02-17,19,40.328124999989996,2.1225328947363153,ATR_TP70,atr,70,test
2026-02-18,11,33.78568333333169,3.071425757575608,ATR_TP70,atr,70,test
2026-02-19,16,45.24816666665538,2.828010416665961,ATR_TP70,atr,70,test
2026-02-20,16,176.64320000000134,11.040200000000084,ATR_TP70,atr,70,test
2026-02-23,14,50.51891666665961,3.608494047618543,ATR_TP70,atr,70,test
2026-02-24,14,-12.74300000000585,-0.9102142857147035,ATR_TP70,atr,70,test
2026-02-25,11,28.589833333329807,2.599075757575437,ATR_TP70,atr,70,test
2026-02-26,11,7.170208333329356,0.6518371212117596,ATR_TP70,atr,70,test
2026-02-27,14,46.52051666666466,3.3228940476189046,ATR_TP70,atr,70,test
2026-03-02,10,-19.119000000002416,-1.9119000000002415,ATR_TP70,atr,70,test
2026-03-03,28,-3.0762833333401423,-0.10986726190500508,ATR_TP70,atr,70,test
2026-03-04,11,-5.587000000005901,-0.5079090909096273,ATR_TP70,atr,70,test
2026-03-05,18,26.115083333327675,1.4508379629626487,ATR_TP70,atr,70,test
2026-03-06,15,5.587766666665631,0.3725177777777088,ATR_TP70,atr,70,test
2026-03-09,15,94.37427499998648,6.2916183333324325,ATR_TP70,atr,70,test
2026-03-10,22,45.50579266168855,2.068445120985843,ATR_TP70,atr,70,test
2026-03-11,12,18.165274999993017,1.5137729166660847,ATR_TP70,atr,70,test
2026-03-12,25,37.408433333326684,1.4963373333330674,ATR_TP70,atr,70,test
2026-03-13,13,36.288383333328966,2.7914141025637664,ATR_TP70,atr,70,test
2026-03-16,8,4.504558333327623,0.5630697916659528,ATR_TP70,atr,70,test
2026-03-17,8,9.440474999994876,1.1800593749993595,ATR_TP70,atr,70,test
2026-03-18,19,31.154516666661948,1.6397114035085236,ATR_TP70,atr,70,test
2026-03-19,25,162.58557480619373,6.503422992247749,ATR_TP70,atr,70,test
2026-03-20,18,61.07289999999648,3.3929388888886933,ATR_TP70,atr,70,test
2026-03-23,21,130.78945833332273,6.228069444443939,ATR_TP70,atr,70,test
2026-03-24,17,85.8520666666509,5.0501215686265235,ATR_TP70,atr,70,test
2026-03-25,11,68.37226666666538,6.2156606060604895,ATR_TP70,atr,70,test
2026-03-26,19,15.215599999994993,0.8008210526313154,ATR_TP70,atr,70,test
2026-03-27,17,45.50237499999912,2.6766102941175953,ATR_TP70,atr,70,test
2026-03-30,20,70.32222499998988,3.5161112499994944,ATR_TP70,atr,70,test
2026-03-31,26,83.57564166664997,3.2144477564096143,ATR_TP70,atr,70,test
2026-04-01,18,88.87649999999485,4.937583333333047,ATR_TP70,atr,70,test
2026-04-02,15,-7.9170000000067375,-0.5278000000004491,ATR_TP70,atr,70,test
2026-04-06,9,4.34960833333389,0.4832898148148767,ATR_TP70,atr,70,test
2026-04-07,16,97.57152499999302,6.0982203124995635,ATR_TP70,atr,70,test
2026-04-08,19,-18.188000000008287,-0.957263157895173,ATR_TP70,atr,70,test
2026-04-09,21,49.917608333325006,2.3770289682535717,ATR_TP70,atr,70,test
2026-04-10,8,16.675249999996595,2.0844062499995744,ATR_TP70,atr,70,test
2026-04-13,9,11.605733333331045,1.2895259259256717,ATR_TP70,atr,70,test
2026-04-14,13,9.072008333328085,0.6978467948713912,ATR_TP70,atr,70,test
2026-04-15,9,21.627716666665037,2.4030796296294485,ATR_TP70,atr,70,test
2026-04-16,13,-2.312000000003536,-0.17784615384642585,ATR_TP70,atr,70,test
2026-04-17,14,22.812899999991714,1.6294928571422653,ATR_TP70,atr,70,test
2026-04-20,19,43.00325833333136,2.2633293859648083,ATR_TP70,atr,70,test
2026-04-21,20,31.612833333324488,1.5806416666662244,ATR_TP70,atr,70,test
2026-04-22,14,10.25262500000008,0.7323303571428629,ATR_TP70,atr,70,test
2026-04-23,7,14.967016666662857,2.138145238094694,ATR_TP70,atr,70,test
2026-04-24,9,1.49582499999633,0.16620277777737,ATR_TP70,atr,70,test
2026-04-27,15,-4.6030000000055225,-0.3068666666670348,ATR_TP70,atr,70,test
2026-04-28,20,26.68528333332779,1.3342641666663895,ATR_TP70,atr,70,test
2026-04-29,12,13.60694166666417,1.1339118055553474,ATR_TP70,atr,70,test
2026-04-30,14,7.243599999994331,0.5173999999995951,ATR_TP70,atr,70,test
2026-05-01,14,-6.980000000008658,-0.498571428572047,ATR_TP70,atr,70,test
2026-05-04,23,20.40378333332501,0.8871210144923917,ATR_TP70,atr,70,test
2026-05-05,7,-2.8340000000034706,-0.4048571428576387,ATR_TP70,atr,70,test
2026-05-06,19,35.56786666665903,1.8719929824557384,ATR_TP70,atr,70,test
2026-05-07,16,75.37319166666566,4.710824479166604,ATR_TP70,atr,70,test
2026-05-08,11,6.7065916666627645,0.6096901515147968,ATR_TP70,atr,70,test
2026-05-11,17,35.6732833333308,2.0984284313724,ATR_TP70,atr,70,test
2026-05-12,22,49.84344829932252,2.2656112863328417,ATR_TP70,atr,70,test
2026-05-13,7,12.233458333330418,1.7476369047614884,ATR_TP70,atr,70,test
2026-05-14,7,-4.324000000004162,-0.6177142857148803,ATR_TP70,atr,70,test
2026-05-15,11,9.71877499999664,0.8835249999996946,ATR_TP70,atr,70,test
2026-05-18,9,-7.890000000002146,-0.8766666666669052,ATR_TP70,atr,70,test
2026-05-19,18,5.84218333332592,0.3245657407403289,ATR_TP70,atr,70,test
2026-05-20,19,-1.2585333333390731,-0.06623859649153016,ATR_TP70,atr,70,test
2026-05-21,12,44.87913333333199,3.739927777777666,ATR_TP70,atr,70,test
2026-05-22,8,6.741308333329471,0.8426635416661838,ATR_TP70,atr,70,test
2026-05-25,4,-2.5330000000021755,-0.6332500000005439,ATR_TP70,atr,70,test
2026-05-26,9,9.86803333332864,1.0964481481476267,ATR_TP70,atr,70,test
2026-05-27,6,10.198899999998504,1.6998166666664174,ATR_TP70,atr,70,test
2026-05-28,25,51.67790833332856,2.0671163333331424,ATR_TP70,atr,70,test
2026-05-29,16,67.14778333333106,4.196736458333191,ATR_TP70,atr,70,test
2026-06-01,13,3.6396583333271337,0.27997371794824105,ATR_TP70,atr,70,test
2026-06-02,13,22.02476666666007,1.694212820512313,ATR_TP70,atr,70,test
2026-06-03,15,-13.437000000006265,-0.8958000000004176,ATR_TP70,atr,70,test
2026-06-04,8,5.187783333331026,0.6484729166663783,ATR_TP70,atr,70,test
2026-06-05,9,-5.960000000002765,-0.6622222222225295,ATR_TP70,atr,70,test
2026-06-08,10,20.201183333328117,2.0201183333328117,ATR_TP70,atr,70,test
2026-06-09,17,18.592583333325823,1.093681372548578,ATR_TP70,atr,70,test
2026-06-10,27,64.21869166666238,2.3784700617282364,ATR_TP70,atr,70,test
2026-06-11,14,133.00257499998952,9.50018392857068,ATR_TP70,atr,70,test
2026-06-12,5,22.608591666667053,4.5217183333334106,ATR_TP70,atr,70,test
2026-06-15,14,18.364499999990585,1.3117499999993274,ATR_TP70,atr,70,test
2026-06-16,11,3.5583416666622725,0.3234856060602066,ATR_TP70,atr,70,test
2026-06-17,15,59.1926416666638,3.9461761111109204,ATR_TP70,atr,70,test
2026-06-18,14,30.58066666666764,2.1843333333334027,ATR_TP70,atr,70,test
2026-06-19,12,18.551808333327244,1.5459840277772703,ATR_TP70,atr,70,test
2026-06-22,10,13.608691666664527,1.3608691666664527,ATR_TP70,atr,70,test
2026-06-23,14,40.24024166666368,2.8743029761902625,ATR_TP70,atr,70,test
2026-06-24,17,27.674008333333404,1.6278828431372592,ATR_TP70,atr,70,test
2026-06-25,4,11.826833333335799,2.9567083333339497,ATR_TP70,atr,70,test
2026-06-26,18,-13.216999999998734,-0.7342777777777074,ATR_TP70,atr,70,test
2026-06-29,15,49.727025000008325,3.315135000000555,ATR_TP70,atr,70,test
2026-06-30,11,-6.372999999999138,-0.579363636363558,ATR_TP70,atr,70,test
2026-07-01,20,20.40991666666696,1.020495833333348,ATR_TP70,atr,70,test
2026-07-02,6,-5.9099999999998545,-0.9849999999999758,ATR_TP70,atr,70,test
2026-07-03,6,7.186999999998079,1.1978333333330131,ATR_TP70,atr,70,test
2026-07-06,5,4.58058333333156,0.9161166666663121,ATR_TP70,atr,70,test
2026-07-07,8,7.499166666665589,0.9373958333331986,ATR_TP70,atr,70,test
2026-07-08,15,11.199499999999261,0.7466333333332841,ATR_TP70,atr,70,test
2026-07-09,7,-2.7100000000018554,-0.3871428571431222,ATR_TP70,atr,70,test
2026-07-10,5,-2.7700000000022555,-0.5540000000004511,ATR_TP70,atr,70,test
2026-07-13,21,30.870416666668007,1.470019841269905,ATR_TP70,atr,70,test
2026-07-14,16,26.671166666667432,1.6669479166667145,ATR_TP70,atr,70,test
2026-07-15,8,25.869583333335413,3.2336979166669266,ATR_TP70,atr,70,test
2026-01-02,18,-11.193000000011125,-0.6218333333339514,ATR_TP80,atr,80,test
2026-01-05,13,3.970933333326684,0.30545641025589876,ATR_TP80,atr,80,test
2026-01-06,17,-1.400733333334756,-0.08239607843145624,ATR_TP80,atr,80,test
2026-01-07,8,8.60026666666272,1.07503333333284,ATR_TP80,atr,80,test
2026-01-08,13,24.91446666666434,1.9164974358972569,ATR_TP80,atr,80,test
2026-01-09,16,-0.5256000000090357,-0.03285000000056473,ATR_TP80,atr,80,test
2026-01-12,13,27.545799999997143,2.118907692307473,ATR_TP80,atr,80,test
2026-01-13,10,19.63619999999446,1.963619999999446,ATR_TP80,atr,80,test
2026-01-14,11,3.479866666662019,0.3163515151510926,ATR_TP80,atr,80,test
2026-01-15,7,-5.539000000001579,-0.7912857142859399,ATR_TP80,atr,80,test
2026-01-16,9,-7.4430000000047585,-0.8270000000005288,ATR_TP80,atr,80,test
2026-01-19,3,-2.3000000000010914,-0.7666666666670304,ATR_TP80,atr,80,test
2026-01-20,16,30.03179999999429,1.8769874999996432,ATR_TP80,atr,80,test
2026-01-21,10,2.011577756827137,0.2011577756827137,ATR_TP80,atr,80,test
2026-01-22,24,26.128866666659633,1.0887027777774847,ATR_TP80,atr,80,test
2026-01-23,17,102.2481999999909,6.014599999999465,ATR_TP80,atr,80,test
2026-01-26,10,27.372466666665787,2.7372466666665787,ATR_TP80,atr,80,test
2026-01-27,15,47.5996666666606,3.173311111110707,ATR_TP80,atr,80,test
2026-01-28,31,289.77637621144487,9.347625039078867,ATR_TP80,atr,80,test
2026-01-29,22,159.06879999999637,7.230399999999835,ATR_TP80,atr,80,test
2026-01-30,29,155.44786666664004,5.360271264366898,ATR_TP80,atr,80,test
2026-02-02,24,443.58279999998376,18.48261666666599,ATR_TP80,atr,80,test
2026-02-03,24,143.13226666666378,5.963844444444324,ATR_TP80,atr,80,test
2026-02-04,20,8.553199999994831,0.4276599999997416,ATR_TP80,atr,80,test
2026-02-05,26,153.53273333331708,5.905105128204503,ATR_TP80,atr,80,test
2026-02-06,23,74.06159999999363,3.2200695652171145,ATR_TP80,atr,80,test
2026-02-09,20,24.571300624761836,1.2285650312380918,ATR_TP80,atr,80,test
2026-02-10,9,-7.447000000002845,-0.8274444444447605,ATR_TP80,atr,80,test
2026-02-11,16,-11.241000000005442,-0.7025625000003402,ATR_TP80,atr,80,test
2026-02-12,11,22.131866666661153,2.0119878787873775,ATR_TP80,atr,80,test
2026-02-13,20,32.16479999999501,1.6082399999997505,ATR_TP80,atr,80,test
2026-02-16,6,-4.8160000000016225,-0.8026666666669371,ATR_TP80,atr,80,test
2026-02-17,19,48.173999999987245,2.535473684209855,ATR_TP80,atr,80,test
2026-02-18,11,38.894066666664,3.5358242424240003,ATR_TP80,atr,80,test
2026-02-19,16,53.17033333332165,3.323145833332603,ATR_TP80,atr,80,test
2026-02-20,16,200.92599999999766,12.557874999999854,ATR_TP80,atr,80,test
2026-02-23,14,58.9883333333255,4.213452380951821,ATR_TP80,atr,80,test
2026-02-24,14,-12.74300000000585,-0.9102142857147035,ATR_TP80,atr,80,test
2026-02-25,11,19.774466666662192,1.797678787878381,ATR_TP80,atr,80,test
2026-02-26,11,8.721666666662713,0.7928787878784285,ATR_TP80,atr,80,test
2026-02-27,14,25.605733333330136,1.828980952380724,ATR_TP80,atr,80,test
2026-03-02,10,-19.119000000002416,-1.9119000000002415,ATR_TP80,atr,80,test
2026-03-03,28,0.9195333333263997,0.03284047619022856,ATR_TP80,atr,80,test
2026-03-04,11,-5.587000000005901,-0.5079090909096273,ATR_TP80,atr,80,test
2026-03-05,18,31.12966666666034,1.7294259259255744,ATR_TP80,atr,80,test
2026-03-06,15,7.581733333332522,0.5054488888888348,ATR_TP80,atr,80,test
2026-03-09,15,109.86259999998401,7.324173333332268,ATR_TP80,atr,80,test
2026-03-10,22,41.2122009950211,1.8732818634100499,ATR_TP80,atr,80,test
2026-03-11,12,21.47459999999319,1.7895499999994324,ATR_TP80,atr,80,test
2026-03-12,25,45.14206666665996,1.8056826666663983,ATR_TP80,atr,80,test
2026-03-13,13,42.35486666666202,3.258066666666309,ATR_TP80,atr,80,test
2026-03-16,8,6.149066666661383,0.7686333333326729,ATR_TP80,atr,80,test
2026-03-17,8,11.133399999995165,1.3916749999993956,ATR_TP80,atr,80,test
2026-03-18,19,37.40273333332789,1.9685649122804152,ATR_TP80,atr,80,test
2026-03-19,25,186.9946248061939,7.479784992247756,ATR_TP80,atr,80,test
2026-03-20,18,71.93759999999747,3.996533333333193,ATR_TP80,atr,80,test
2026-03-23,21,156.24466666665649,7.440222222221737,ATR_TP80,atr,80,test
2026-03-24,17,99.64893333331656,5.861701960783328,ATR_TP80,atr,80,test
2026-03-25,11,78.95773333333182,7.17797575757562,ATR_TP80,atr,80,test
2026-03-26,19,20.415399999995312,1.0744947368418585,ATR_TP80,atr,80,test
2026-03-27,17,32.739933333329645,1.925878431372332,ATR_TP80,atr,80,test
2026-03-30,20,73.059666666657,3.6529833333328496,ATR_TP80,atr,80,test
2026-03-31,26,76.35193333331699,2.936612820512192,ATR_TP80,atr,80,test
2026-04-01,18,103.0939999999946,5.727444444444144,ATR_TP80,atr,80,test
2026-04-02,15,-7.9170000000067375,-0.5278000000004491,ATR_TP80,atr,80,test
2026-04-06,9,6.295266666667887,0.6994740740742097,ATR_TP80,atr,80,test
2026-04-07,16,100.44946666665965,6.278091666666228,ATR_TP80,atr,80,test
2026-04-08,19,-18.188000000008287,-0.957263157895173,ATR_TP80,atr,80,test
2026-04-09,21,49.47539999998935,2.3559714285709212,ATR_TP80,atr,80,test
2026-04-10,8,19.55699999999615,2.444624999999519,ATR_TP80,atr,80,test
2026-04-13,9,-6.940000000005966,-0.771111111111774,ATR_TP80,atr,80,test
2026-04-14,13,11.348866666661706,0.872989743589362,ATR_TP80,atr,80,test
2026-04-15,9,25.482533333331958,2.8313925925924397,ATR_TP80,atr,80,test
2026-04-16,13,-2.312000000003536,-0.17784615384642585,ATR_TP80,atr,80,test
2026-04-17,14,27.12859999999091,1.9377571428564937,ATR_TP80,atr,80,test
2026-04-20,19,48.19386666666469,2.53651929824551,ATR_TP80,atr,80,test
2026-04-21,20,38.114666666658195,1.9057333333329098,ATR_TP80,atr,80,test
2026-04-22,14,12.853000000000065,0.9180714285714332,ATR_TP80,atr,80,test
2026-04-23,7,17.89273333332949,2.5561047619042125,ATR_TP80,atr,80,test
2026-04-24,9,2.5837999999966996,0.2870888888885222,ATR_TP80,atr,80,test
2026-04-27,15,-4.6030000000055225,-0.3068666666670348,ATR_TP80,atr,80,test
2026-04-28,20,32.017466666660766,1.6008733333330383,ATR_TP80,atr,80,test
2026-04-29,12,16.505933333331086,1.3754944444442572,ATR_TP80,atr,80,test
2026-04-30,14,9.228399999993597,0.6591714285709712,ATR_TP80,atr,80,test
2026-05-01,14,-6.980000000008658,-0.498571428572047,ATR_TP80,atr,80,test
2026-05-04,23,24.91146666665918,1.0831072463764861,ATR_TP80,atr,80,test
2026-05-05,7,-2.8340000000034706,-0.4048571428576387,ATR_TP80,atr,80,test
2026-05-06,19,41.48613333332469,2.183480701753931,ATR_TP80,atr,80,test
2026-05-07,16,87.39693333333435,5.462308333333397,ATR_TP80,atr,80,test
2026-05-08,11,8.538199999995717,0.7761999999996106,ATR_TP80,atr,80,test
2026-05-11,17,41.879466666665394,2.4634980392156116,ATR_TP80,atr,80,test
2026-05-12,22,58.41354829932424,2.65516128633292,ATR_TP80,atr,80,test
2026-05-13,7,14.679666666664161,2.09709523809488,ATR_TP80,atr,80,test
2026-05-14,7,-4.324000000004162,-0.6177142857148803,ATR_TP80,atr,80,test
2026-05-15,11,12.299599999996644,1.1181454545451495,ATR_TP80,atr,80,test
2026-05-18,9,-7.890000000002146,-0.8766666666669052,ATR_TP80,atr,80,test
2026-05-19,18,7.421066666659499,0.4122814814810833,ATR_TP80,atr,80,test
2026-05-20,19,-0.17746666667244482,-0.009340350877497095,ATR_TP80,atr,80,test
2026-05-21,12,51.87186666666548,4.322655555555457,ATR_TP80,atr,80,test
2026-05-22,8,8.150066666663406,1.0187583333329258,ATR_TP80,atr,80,test
2026-05-25,4,-2.5330000000021755,-0.6332500000005439,ATR_TP80,atr,80,test
2026-05-26,9,11.923466666661625,1.3248296296290694,ATR_TP80,atr,80,test
2026-05-27,6,12.001599999997781,2.0002666666662967,ATR_TP80,atr,80,test
2026-05-28,25,54.411999999994805,2.1764799999997924,ATR_TP80,atr,80,test
2026-05-29,16,76.0764666666646,4.7547791666665375,ATR_TP80,atr,80,test
2026-06-01,13,5.2924666666604026,0.40711282051233866,ATR_TP80,atr,80,test
2026-06-02,13,26.049733333326003,2.003825641025077,ATR_TP80,atr,80,test
2026-06-03,15,-13.437000000006265,-0.8958000000004176,ATR_TP80,atr,80,test
2026-06-04,8,6.487466666664659,0.8109333333330824,ATR_TP80,atr,80,test
2026-06-05,9,-5.960000000002765,-0.6622222222225295,ATR_TP80,atr,80,test
2026-06-08,10,23.748066666661543,2.3748066666661543,ATR_TP80,atr,80,test
2026-06-09,17,22.710666666658653,1.3359215686269796,ATR_TP80,atr,80,test
2026-06-10,27,75.39993333332768,2.7925901234565806,ATR_TP80,atr,80,test
2026-06-11,14,152.97279999998773,10.926628571427695,ATR_TP80,atr,80,test
2026-06-12,5,26.09553333333315,5.21910666666663,ATR_TP80,atr,80,test
2026-06-15,14,21.89699999998993,1.5640714285707094,ATR_TP80,atr,80,test
2026-06-16,11,2.326999999995679,0.2115454545450617,ATR_TP80,atr,80,test
2026-06-17,15,69.94873333332998,4.663248888888665,ATR_TP80,atr,80,test
2026-06-18,14,35.88833333333605,2.563452380952575,ATR_TP80,atr,80,test
2026-06-19,12,18.81733333332977,1.5681111111108141,ATR_TP80,atr,80,test
2026-06-22,10,15.919933333330846,1.5919933333330847,ATR_TP80,atr,80,test
2026-06-23,14,46.38313333333099,3.3130809523807847,ATR_TP80,atr,80,test
2026-06-24,17,33.67786666666689,1.9810509803921699,ATR_TP80,atr,80,test
2026-06-25,4,-2.2800000000002,-0.57000000000005,ATR_TP80,atr,80,test
2026-06-26,18,-13.216999999998734,-0.7342777777777074,ATR_TP80,atr,80,test
2026-06-29,15,57.99360000000888,3.8662400000005923,ATR_TP80,atr,80,test
2026-06-30,11,-6.372999999999138,-0.579363636363558,ATR_TP80,atr,80,test
2026-07-01,20,24.951333333333423,1.2475666666666712,ATR_TP80,atr,80,test
2026-07-02,6,-5.9099999999998545,-0.9849999999999758,ATR_TP80,atr,80,test
2026-07-03,6,8.557999999998174,1.426333333333029,ATR_TP80,atr,80,test
2026-07-06,5,5.560666666664474,1.1121333333328949,ATR_TP80,atr,80,test
2026-07-07,8,9.703333333332921,1.2129166666666151,ATR_TP80,atr,80,test
2026-07-08,15,14.127999999999247,0.9418666666666164,ATR_TP80,atr,80,test
2026-07-09,7,-2.7100000000018554,-0.3871428571431222,ATR_TP80,atr,80,test
2026-07-10,5,-2.7700000000022555,-0.5540000000004511,ATR_TP80,atr,80,test
2026-07-13,21,27.809333333332233,1.3242539682539158,ATR_TP80,atr,80,test
2026-07-14,16,31.361333333334187,1.9600833333333867,ATR_TP80,atr,80,test
2026-07-15,8,29.756666666668934,3.719583333333617,ATR_TP80,atr,80,test
2026-01-02,18,-11.193000000011125,-0.6218333333339514,ATR_TP100,atr,100,test
2026-01-05,13,7.166916666660654,0.5513012820508195,ATR_TP100,atr,100,test
2026-01-06,17,0.7003333333323098,0.041196078431312344,ATR_TP100,atr,100,test
2026-01-07,8,11.766083333329334,1.4707604166661667,ATR_TP100,atr,100,test
2026-01-08,13,33.263833333331604,2.558756410256277,ATR_TP100,atr,100,test
2026-01-09,16,2.5359999999900533,0.15849999999937833,ATR_TP100,atr,100,test
2026-01-12,13,36.31974999999693,2.793826923076687,ATR_TP100,atr,100,test
2026-01-13,10,25.64274999999452,2.5642749999994523,ATR_TP100,atr,100,test
2026-01-14,11,-8.094000000005508,-0.7358181818186825,ATR_TP100,atr,100,test
2026-01-15,7,-5.539000000001579,-0.7912857142859399,ATR_TP100,atr,100,test
2026-01-16,9,-7.4430000000047585,-0.8270000000005288,ATR_TP100,atr,100,test
2026-01-19,3,-2.3000000000010914,-0.7666666666670304,ATR_TP100,atr,100,test
2026-01-20,16,40.08549999999468,2.5053437499996676,ATR_TP100,atr,100,test
2026-01-21,10,5.043472196035511,0.5043472196035511,ATR_TP100,atr,100,test
2026-01-22,24,36.27458333332561,1.5114409722219004,ATR_TP100,atr,100,test
2026-01-23,17,129.9102499999899,7.641779411764112,ATR_TP100,atr,100,test
2026-01-26,10,33.25808333333316,3.325808333333316,ATR_TP100,atr,100,test
2026-01-27,15,60.836083333327224,4.055738888888482,ATR_TP100,atr,100,test
2026-01-28,31,368.6083428781115,11.890591705745532,ATR_TP100,atr,100,test
2026-01-29,22,206.51374999999825,9.386988636363556,ATR_TP100,atr,100,test
2026-01-30,29,89.90483333331123,3.1001666666659045,ATR_TP100,atr,100,test
2026-02-02,24,407.51508333331185,16.979795138887994,ATR_TP100,atr,100,test
2026-02-03,24,177.70358333333024,7.4043159722220935,ATR_TP100,atr,100,test
2026-02-04,20,15.204499999996187,0.7602249999998094,ATR_TP100,atr,100,test
2026-02-05,26,196.2356666666492,7.547525641024969,ATR_TP100,atr,100,test
2026-02-06,23,99.66724999999406,4.333358695651915,ATR_TP100,atr,100,test
2026-02-09,20,24.571300624761836,1.2285650312380918,ATR_TP100,atr,100,test
2026-02-10,9,-7.447000000002845,-0.8274444444447605,ATR_TP100,atr,100,test
2026-02-11,16,-11.241000000005442,-0.7025625000003402,ATR_TP100,atr,100,test
2026-02-12,11,26.862333333327115,2.4420303030297377,ATR_TP100,atr,100,test
2026-02-13,20,43.18174999999519,2.1590874999997594,ATR_TP100,atr,100,test
2026-02-16,6,-4.8160000000016225,-0.8026666666669371,ATR_TP100,atr,100,test
2026-02-17,19,63.86574999998538,3.3613552631571255,ATR_TP100,atr,100,test
2026-02-18,11,49.11083333333136,4.464621212121032,ATR_TP100,atr,100,test
2026-02-19,16,69.0146666666551,4.313416666665944,ATR_TP100,atr,100,test
2026-02-20,16,249.54699999999957,15.596687499999973,ATR_TP100,atr,100,test
2026-02-23,14,75.9271666666582,5.423369047618443,ATR_TP100,atr,100,test
2026-02-24,14,-12.74300000000585,-0.9102142857147035,ATR_TP100,atr,100,test
2026-02-25,11,25.78708333332816,2.3442803030298327,ATR_TP100,atr,100,test
2026-02-26,11,11.824583333329429,1.0749621212117662,ATR_TP100,atr,100,test
2026-02-27,14,34.185916666663616,2.4418511904759725,ATR_TP100,atr,100,test
2026-03-02,10,-19.119000000002416,-1.9119000000002415,ATR_TP100,atr,100,test
2026-03-03,28,8.911166666660392,0.3182559523807283,ATR_TP100,atr,100,test
2026-03-04,11,-5.587000000005901,-0.5079090909096273,ATR_TP100,atr,100,test
2026-03-05,18,41.1588333333275,2.2866018518515276,ATR_TP100,atr,100,test
2026-03-06,15,11.569666666665398,0.7713111111110266,ATR_TP100,atr,100,test
2026-03-09,15,140.8392499999818,9.38928333333212,ATR_TP100,atr,100,test
2026-03-10,22,46.311800995021564,2.105081863410071,ATR_TP100,atr,100,test
2026-03-11,12,28.093249999992622,2.3411041666660517,ATR_TP100,atr,100,test
2026-03-12,25,52.92183333332741,2.1168733333330967,ATR_TP100,atr,100,test
2026-03-13,13,54.487833333328126,4.191371794871395,ATR_TP100,atr,100,test
2026-03-16,8,9.438083333327995,1.1797604166659994,ATR_TP100,atr,100,test
2026-03-17,8,14.519249999994827,1.8149062499993533,ATR_TP100,atr,100,test
2026-03-18,19,49.89916666666159,2.6262719298242945,ATR_TP100,atr,100,test
2026-03-19,25,235.8127248061925,9.4325089922477,ATR_TP100,atr,100,test
2026-03-20,18,93.66699999999855,5.203722222222142,ATR_TP100,atr,100,test
2026-03-23,21,207.1550833333231,9.86452777777729,ATR_TP100,atr,100,test
2026-03-24,17,127.24266666664607,7.4848627450968275,ATR_TP100,atr,100,test
2026-03-25,11,85.46558333332996,7.769598484848178,ATR_TP100,atr,100,test
2026-03-26,19,30.814999999995052,1.6218421052628975,ATR_TP100,atr,100,test
2026-03-27,17,45.180666666664365,2.6576862745096683,ATR_TP100,atr,100,test
2026-03-30,20,94.27033333332383,4.713516666666192,ATR_TP100,atr,100,test
2026-03-31,26,100.61791666664794,3.869919871794152,ATR_TP100,atr,100,test
2026-04-01,18,96.98566666665738,5.388092592592077,ATR_TP100,atr,100,test
2026-04-02,15,-7.9170000000067375,-0.5278000000004491,ATR_TP100,atr,100,test
2026-04-06,9,10.186583333334966,1.131842592592774,ATR_TP100,atr,100,test
2026-04-07,16,112.21033333332616,7.013145833332885,ATR_TP100,atr,100,test
2026-04-08,19,-18.188000000008287,-0.957263157895173,ATR_TP100,atr,100,test
2026-04-09,21,45.023333333323535,2.1439682539677873,ATR_TP100,atr,100,test
2026-04-10,8,17.083416666661833,2.135427083332729,ATR_TP100,atr,100,test
2026-04-13,9,-6.940000000005966,-0.771111111111774,ATR_TP100,atr,100,test
2026-04-14,13,15.902583333328039,1.2232756410252337,ATR_TP100,atr,100,test
2026-04-15,9,33.19216666666489,3.688018518518321,ATR_TP100,atr,100,test
2026-04-16,13,-2.312000000003536,-0.17784615384642585,ATR_TP100,atr,100,test
2026-04-17,14,35.75999999999112,2.55428571428508,ATR_TP100,atr,100,test
2026-04-20,19,58.57508333333226,3.082899122806961,ATR_TP100,atr,100,test
2026-04-21,20,51.11833333332379,2.5559166666661897,ATR_TP100,atr,100,test
2026-04-22,14,18.053750000000036,1.289553571428574,ATR_TP100,atr,100,test
2026-04-23,7,23.744166666662746,3.3920238095232493,ATR_TP100,atr,100,test
2026-04-24,9,4.759749999996529,0.5288611111107255,ATR_TP100,atr,100,test
2026-04-27,15,-4.6030000000055225,-0.3068666666670348,ATR_TP100,atr,100,test
2026-04-28,20,42.68183333332764,2.134091666666382,ATR_TP100,atr,100,test
2026-04-29,12,22.30391666666401,1.8586597222220007,ATR_TP100,atr,100,test
2026-04-30,14,13.197999999993954,0.9427142857138539,ATR_TP100,atr,100,test
2026-05-01,14,-6.980000000008658,-0.498571428572047,ATR_TP100,atr,100,test
2026-05-04,23,33.9268333333257,1.4750797101445958,ATR_TP100,atr,100,test
2026-05-05,7,-2.8340000000034706,-0.4048571428576387,ATR_TP100,atr,100,test
2026-05-06,19,53.322666666657824,2.8064561403504116,ATR_TP100,atr,100,test
2026-05-07,16,111.44441666666808,6.965276041666755,ATR_TP100,atr,100,test
2026-05-08,11,12.20141666666253,1.1092196969693209,ATR_TP100,atr,100,test
2026-05-11,17,20.654083333331073,1.2149460784312396,ATR_TP100,atr,100,test
2026-05-12,22,75.5537482993268,3.434261286333036,ATR_TP100,atr,100,test
2026-05-13,7,19.57208333333074,2.796011904761534,ATR_TP100,atr,100,test
2026-05-14,7,-4.324000000004162,-0.6177142857148803,ATR_TP100,atr,100,test
2026-05-15,11,17.461249999997563,1.587386363636142,ATR_TP100,atr,100,test
2026-05-18,9,-7.890000000002146,-0.8766666666669052,ATR_TP100,atr,100,test
2026-05-19,18,10.578833333326658,0.5877129629625921,ATR_TP100,atr,100,test
2026-05-20,19,1.984666666660814,0.10445614035056916,ATR_TP100,atr,100,test
2026-05-21,12,65.85733333333246,5.4881111111110386,ATR_TP100,atr,100,test
2026-05-22,8,10.967583333330367,1.370947916666296,ATR_TP100,atr,100,test
2026-05-25,4,-2.5330000000021755,-0.6332500000005439,ATR_TP100,atr,100,test
2026-05-26,9,16.034333333327595,1.781592592591955,ATR_TP100,atr,100,test
2026-05-27,6,15.606999999998152,2.6011666666663587,ATR_TP100,atr,100,test
2026-05-28,25,57.388749999996435,2.2955499999998574,ATR_TP100,atr,100,test
2026-05-29,16,93.93383333332986,5.870864583333116,ATR_TP100,atr,100,test
2026-06-01,13,8.59808333332785,0.6613910256406038,ATR_TP100,atr,100,test
2026-06-02,13,34.09966666665878,2.623051282050675,ATR_TP100,atr,100,test
2026-06-03,15,-13.437000000006265,-0.8958000000004176,ATR_TP100,atr,100,test
2026-06-04,8,9.086833333331924,1.1358541666664905,ATR_TP100,atr,100,test
2026-06-05,9,-5.960000000002765,-0.6622222222225295,ATR_TP100,atr,100,test
2026-06-08,10,30.841833333327486,3.0841833333327484,ATR_TP100,atr,100,test
2026-06-09,17,30.94683333332523,1.820401960783837,ATR_TP100,atr,100,test
2026-06-10,27,97.76241666666147,3.6208302469133877,ATR_TP100,atr,100,test
2026-06-11,14,192.91324999998506,13.779517857141789,ATR_TP100,atr,100,test
2026-06-12,5,33.069416666667166,6.613883333333433,ATR_TP100,atr,100,test
2026-06-15,14,28.96199999998953,2.0687142857135377,ATR_TP100,atr,100,test
2026-06-16,11,2.326999999995679,0.2115454545450617,ATR_TP100,atr,100,test
2026-06-17,15,2.5799999999935626,0.17199999999957083,ATR_TP100,atr,100,test
2026-06-18,14,46.50366666667105,3.3216904761907893,ATR_TP100,atr,100,test
2026-06-19,12,22.821666666663077,1.9018055555552564,ATR_TP100,atr,100,test
2026-06-22,10,11.679999999996655,1.1679999999996655,ATR_TP100,atr,100,test
2026-06-23,14,58.668916666664245,4.190636904761732,ATR_TP100,atr,100,test
2026-06-24,17,45.68558333333431,2.687387254902018,ATR_TP100,atr,100,test
2026-06-25,4,-2.2800000000002,-0.57000000000005,ATR_TP100,atr,100,test
2026-06-26,18,-13.216999999998734,-0.7342777777777074,ATR_TP100,atr,100,test
2026-06-29,15,74.52675000001045,4.968450000000697,ATR_TP100,atr,100,test
2026-06-30,11,-6.372999999999138,-0.579363636363558,ATR_TP100,atr,100,test
2026-07-01,20,34.03416666666726,1.7017083333333631,ATR_TP100,atr,100,test
2026-07-02,6,-5.9099999999998545,-0.9849999999999758,ATR_TP100,atr,100,test
2026-07-03,6,11.299999999998363,1.8833333333330604,ATR_TP100,atr,100,test
2026-07-06,5,5.289999999997235,1.057999999999447,ATR_TP100,atr,100,test
2026-07-07,8,14.111666666666679,1.7639583333333348,ATR_TP100,atr,100,test
2026-07-08,15,19.984999999999676,1.3323333333333118,ATR_TP100,atr,100,test
2026-07-09,7,-2.7100000000018554,-0.3871428571431222,ATR_TP100,atr,100,test
2026-07-10,5,-2.7700000000022555,-0.5540000000004511,ATR_TP100,atr,100,test
2026-07-13,21,37.421666666665715,1.7819841269840817,ATR_TP100,atr,100,test
2026-07-14,16,40.74166666666724,2.5463541666667027,ATR_TP100,atr,100,test
2026-07-15,8,37.53083333333598,4.691354166666997,ATR_TP100,atr,100,test
2024-01-02,2,1.2500000000004547,0.6250000000002274,ZONE_TP30,zone,30,train
2024-01-03,1,9.299999999998363,9.299999999998363,ZONE_TP30,zone,30,train
2024-01-04,5,13.769999999989295,2.753999999997859,ZONE_TP30,zone,30,train
2024-01-05,5,-1.4499999999995907,-0.28999999999991816,ZONE_TP30,zone,30,train
2024-01-08,0,0.0,0.0,ZONE_TP30,zone,30,train
2024-01-09,1,-0.2699999999999818,-0.2699999999999818,ZONE_TP30,zone,30,train
2024-01-10,1,-0.2799999999999727,-0.2799999999999727,ZONE_TP30,zone,30,train
2024-01-11,2,-0.9800000000000182,-0.4900000000000091,ZONE_TP30,zone,30,train
2024-01-12,6,24.03999999999928,4.006666666666547,ZONE_TP30,zone,30,train
2024-01-15,0,0.0,0.0,ZONE_TP30,zone,30,train
2024-01-16,2,-0.5199999999995271,-0.25999999999976353,ZONE_TP30,zone,30,train
2024-01-17,4,20.279999999996335,5.069999999999084,ZONE_TP30,zone,30,train
2024-01-18,3,10.537000000000035,3.512333333333345,ZONE_TP30,zone,30,train
2024-01-19,2,-0.9100000000000819,-0.4550000000000409,ZONE_TP30,zone,30,train
2024-01-22,0,0.0,0.0,ZONE_TP30,zone,30,train
2024-01-23,0,0.0,0.0,ZONE_TP30,zone,30,train
2024-01-24,2,-0.6070000000001983,-0.30350000000009913,ZONE_TP30,zone,30,train
2024-01-25,3,-1.3230000000000928,-0.4410000000000309,ZONE_TP30,zone,30,train
2024-01-26,1,6.829999999999928,6.829999999999928,ZONE_TP30,zone,30,train
2024-01-29,2,-0.7100000000000364,-0.3550000000000182,ZONE_TP30,zone,30,train
2024-01-30,5,-2.395999999999731,-0.47919999999994617,ZONE_TP30,zone,30,train
2024-01-31,7,9.930000000000064,1.4185714285714377,ZONE_TP30,zone,30,train
2024-02-01,3,11.31699999999978,3.77233333333326,ZONE_TP30,zone,30,train
2024-02-02,1,9.7800000000002,9.7800000000002,ZONE_TP30,zone,30,train
2024-02-05,1,6.180000000000064,6.180000000000064,ZONE_TP30,zone,30,train
2024-02-06,5,3.3199999999999363,0.6639999999999873,ZONE_TP30,zone,30,train
2024-02-07,2,2.400000000000091,1.2000000000000455,ZONE_TP30,zone,30,train
2024-02-08,1,-0.5499999999999545,-0.5499999999999545,ZONE_TP30,zone,30,train
2024-02-09,2,2.0499999999999545,1.0249999999999773,ZONE_TP30,zone,30,train
2024-02-12,1,-0.4130000000000109,-0.4130000000000109,ZONE_TP30,zone,30,train
2024-02-13,4,14.110000000001264,3.527500000000316,ZONE_TP30,zone,30,train
2024-02-14,3,-0.459999999999809,-0.15333333333326968,ZONE_TP30,zone,30,train
2024-02-15,2,5.510000000000218,2.755000000000109,ZONE_TP30,zone,30,train
2024-02-16,2,-0.7799999999999727,-0.38999999999998636,ZONE_TP30,zone,30,train
2024-02-20,2,-0.6769999999999072,-0.3384999999999536,ZONE_TP30,zone,30,train
2024-02-21,1,0.1670000000001437,0.1670000000001437,ZONE_TP30,zone,30,train
2024-02-22,3,7.953000000000202,2.6510000000000673,ZONE_TP30,zone,30,train
2024-02-23,2,0.7190000000000509,0.35950000000002547,ZONE_TP30,zone,30,train
2024-02-26,1,-0.08000000000015461,-0.08000000000015461,ZONE_TP30,zone,30,train
2024-02-27,2,7.900000000000091,3.9500000000000455,ZONE_TP30,zone,30,train
2024-02-28,0,0.0,0.0,ZONE_TP30,zone,30,train
2024-02-29,0,0.0,0.0,ZONE_TP30,zone,30,train
2024-03-01,5,16.6170000000036,3.32340000000072,ZONE_TP30,zone,30,train
2024-03-04,3,16.61599999999771,5.538666666665904,ZONE_TP30,zone,30,train
2024-03-05,5,7.166000000000622,1.4332000000001244,ZONE_TP30,zone,30,train
2024-03-06,11,-6.420999999999822,-0.5837272727272566,ZONE_TP30,zone,30,train
2024-03-07,1,-0.41000000000030923,-0.41000000000030923,ZONE_TP30,zone,30,train
2024-03-08,4,-2.2100000000000364,-0.5525000000000091,ZONE_TP30,zone,30,train
2024-03-11,2,-1.2199999999998,-0.6099999999999,ZONE_TP30,zone,30,train
2024-03-12,7,-4.300000000000182,-0.6142857142857403,ZONE_TP30,zone,30,train
2024-03-13,2,9.23699999999144,4.61849999999572,ZONE_TP30,zone,30,train
2024-03-14,2,6.710000000000036,3.355000000000018,ZONE_TP30,zone,30,train
2024-03-15,1,-0.46000000000003644,-0.46000000000003644,ZONE_TP30,zone,30,train
2024-03-18,1,-0.543999999999869,-0.543999999999869,ZONE_TP30,zone,30,train
2024-03-19,2,-0.6599999999998545,-0.32999999999992724,ZONE_TP30,zone,30,train
2024-03-20,5,-1.819999999999709,-0.3639999999999418,ZONE_TP30,zone,30,train
2024-03-21,7,9.528999999998177,1.361285714285454,ZONE_TP30,zone,30,train
2024-03-22,6,25.58000000001266,4.263333333335443,ZONE_TP30,zone,30,train
2024-03-25,3,1.9830000000001746,0.6610000000000582,ZONE_TP30,zone,30,train
2024-03-26,7,23.75600000000486,3.3937142857149802,ZONE_TP30,zone,30,train
2024-03-27,1,-0.44000000000005457,-0.44000000000005457,ZONE_TP30,zone,30,train
2024-03-28,4,9.232999999997446,2.3082499999993615,ZONE_TP30,zone,30,train
2024-04-01,8,60.63000000000511,7.578750000000639,ZONE_TP30,zone,30,train
2024-04-02,1,14.099999999993997,14.099999999993997,ZONE_TP30,zone,30,train
2024-04-03,8,12.60700000000088,1.57587500000011,ZONE_TP30,zone,30,train
2024-04-04,3,7.880000000000109,2.626666666666703,ZONE_TP30,zone,30,train
2024-04-05,4,53.90900000000147,13.477250000000367,ZONE_TP30,zone,30,train
2024-04-08,8,-4.660000000000309,-0.5825000000000387,ZONE_TP30,zone,30,train
2024-04-09,6,-2.3900000000003274,-0.3983333333333879,ZONE_TP30,zone,30,train
2024-04-10,3,13.800000000001091,4.600000000000364,ZONE_TP30,zone,30,train
2024-04-11,9,12.243000000012216,1.3603333333346908,ZONE_TP30,zone,30,train
2024-04-12,11,22.750999999993383,2.0682727272721255,ZONE_TP30,zone,30,train
2024-04-15,2,26.5609999999956,13.2804999999978,ZONE_TP30,zone,30,train
2024-04-16,4,-1.8669999999997344,-0.4667499999999336,ZONE_TP30,zone,30,train
2024-04-17,6,-2.3229999999998654,-0.38716666666664423,ZONE_TP30,zone,30,train
2024-04-18,5,2.6689999999994143,0.5337999999998828,ZONE_TP30,zone,30,train
2024-04-19,11,24.867000000000644,2.260636363636422,ZONE_TP30,zone,30,train
2024-04-22,5,3.6970000000001164,0.7394000000000233,ZONE_TP30,zone,30,train
2024-04-23,5,-2.3530000000005202,-0.47060000000010405,ZONE_TP30,zone,30,train
2024-04-24,1,-0.5,-0.5,ZONE_TP30,zone,30,train
2024-04-25,6,3.582999999999629,0.5971666666666048,ZONE_TP30,zone,30,train
2024-04-26,4,-2.0299999999997453,-0.5074999999999363,ZONE_TP30,zone,30,train
2024-04-29,6,13.25700000000461,2.209500000000768,ZONE_TP30,zone,30,train
2024-04-30,9,20.548999999992247,2.2832222222213607,ZONE_TP30,zone,30,train
2024-05-01,15,65.08900000002677,4.339266666668451,ZONE_TP30,zone,30,train
2024-05-02,6,2.593000000000302,0.432166666666717,ZONE_TP30,zone,30,train
2024-05-03,7,47.54299999999648,6.7918571428566406,ZONE_TP30,zone,30,train
2024-05-06,5,-2.687000000000353,-0.5374000000000706,ZONE_TP30,zone,30,train
2024-05-07,8,0.6170000000006439,0.07712500000008049,ZONE_TP30,zone,30,train
2024-05-08,1,-0.2699999999999818,-0.2699999999999818,ZONE_TP30,zone,30,train
2024-05-09,3,9.965999999997166,3.3219999999990555,ZONE_TP30,zone,30,train
2024-05-10,7,9.216999999996005,1.316714285713715,ZONE_TP30,zone,30,train
2024-05-13,4,13.373000000004597,3.343250000001149,ZONE_TP30,zone,30,train
2024-05-14,8,-2.7840000000001055,-0.3480000000000132,ZONE_TP30,zone,30,train
2024-05-15,6,4.84900000000016,0.8081666666666933,ZONE_TP30,zone,30,train
2024-05-16,4,-1.9500000000002728,-0.4875000000000682,ZONE_TP30,zone,30,train
2024-05-17,8,41.86099999999897,5.232624999999871,ZONE_TP30,zone,30,train
2024-05-20,9,30.290000000006785,3.3655555555563095,ZONE_TP30,zone,30,train
2024-05-21,6,11.468000000000302,1.9113333333333837,ZONE_TP30,zone,30,train
2024-05-22,5,35.44999999998754,7.089999999997508,ZONE_TP30,zone,30,train
2024-05-23,12,26.562999999994645,2.213583333332887,ZONE_TP30,zone,30,train
2024-05-24,2,-0.5,-0.25,ZONE_TP30,zone,30,train
2024-05-27,5,-1.654000000000451,-0.33080000000009024,ZONE_TP30,zone,30,train
2024-05-28,6,9.629999999999654,1.6049999999999425,ZONE_TP30,zone,30,train
2024-05-29,3,0.2899999999999636,0.09666666666665454,ZONE_TP30,zone,30,train
2024-05-30,7,-2.4189999999994143,-0.3455714285713449,ZONE_TP30,zone,30,train
2024-05-31,10,31.14700000000903,3.114700000000903,ZONE_TP30,zone,30,train
2024-06-03,7,9.396000000003824,1.3422857142862605,ZONE_TP30,zone,30,train
2024-06-04,3,-1.0099999999997635,-0.33666666666658784,ZONE_TP30,zone,30,train
2024-06-05,11,43.36600000000408,3.942363636364007,ZONE_TP30,zone,30,train
2024-06-06,7,-2.4719999999997526,-0.3531428571428218,ZONE_TP30,zone,30,train
2024-06-07,8,13.487000000011903,1.685875000001488,ZONE_TP30,zone,30,train
2024-06-10,6,9.356000000003405,1.5593333333339008,ZONE_TP30,zone,30,train
2024-06-11,3,12.440000000001875,4.146666666667292,ZONE_TP30,zone,30,train
2024-06-12,4,16.91400000000158,4.228500000000395,ZONE_TP30,zone,30,train
2024-06-13,6,-2.244000000000142,-0.37400000000002365,ZONE_TP30,zone,30,train
2024-06-14,2,14.386999999999716,7.193499999999858,ZONE_TP30,zone,30,train
2024-06-17,1,-0.25,-0.25,ZONE_TP30,zone,30,train
2024-06-18,4,-1.0400000000004184,-0.2600000000001046,ZONE_TP30,zone,30,train
2024-06-19,0,0.0,0.0,ZONE_TP30,zone,30,train
2024-06-20,5,4.843000000000301,0.9686000000000602,ZONE_TP30,zone,30,train
2024-06-21,10,78.99599999999691,7.899599999999691,ZONE_TP30,zone,30,train
2024-06-24,5,7.682999999999993,1.5365999999999986,ZONE_TP30,zone,30,train
2024-06-25,3,-1.2100000000004911,-0.403333333333497,ZONE_TP30,zone,30,train
2024-06-26,4,-2.269999999999527,-0.5674999999998818,ZONE_TP30,zone,30,train
2024-06-27,6,3.3130000000005566,0.5521666666667594,ZONE_TP30,zone,30,train
2024-06-28,1,-0.49699999999984357,-0.49699999999984357,ZONE_TP30,zone,30,train
2024-07-01,1,-0.27300000000013824,-0.27300000000013824,ZONE_TP30,zone,30,train
2024-07-02,2,9.132999999991625,4.566499999995813,ZONE_TP30,zone,30,train
2024-07-03,8,24.3270000000075,3.0408750000009377,ZONE_TP30,zone,30,train
2024-07-04,2,-0.8499999999994543,-0.42499999999972715,ZONE_TP30,zone,30,train
2024-07-05,12,16.79526356588667,1.3996052971572226,ZONE_TP30,zone,30,train
2024-07-08,4,17.009999999995216,4.252499999998804,ZONE_TP30,zone,30,train
2024-07-09,5,-0.41599999999925785,-0.08319999999985157,ZONE_TP30,zone,30,train
2024-07-10,3,-1.2840000000001055,-0.4280000000000352,ZONE_TP30,zone,30,train
2024-07-11,4,3.79300000000012,0.94825000000003,ZONE_TP30,zone,30,train
2024-07-12,9,3.6539999999999964,0.4059999999999996,ZONE_TP30,zone,30,train
2024-07-15,6,6.900000000000091,1.1500000000000152,ZONE_TP30,zone,30,train
2024-07-16,6,-2.411999999999807,-0.4019999999999679,ZONE_TP30,zone,30,train
2024-07-17,8,-1.0509999999994761,-0.13137499999993452,ZONE_TP30,zone,30,train
2024-07-18,3,15.767000000000735,5.255666666666912,ZONE_TP30,zone,30,train
2024-07-19,9,41.76700000000619,4.640777777778466,ZONE_TP30,zone,30,train
2024-07-22,2,-0.819999999999709,-0.4099999999998545,ZONE_TP30,zone,30,train
2024-07-23,4,11.574000000002343,2.8935000000005857,ZONE_TP30,zone,30,train
2024-07-24,3,10.100000000003547,3.366666666667849,ZONE_TP30,zone,30,train
2024-07-25,6,-2.4029999999997926,-0.40049999999996544,ZONE_TP30,zone,30,train
2024-07-26,5,-0.18399999999974176,-0.03679999999994835,ZONE_TP30,zone,30,train
2024-07-29,6,6.905999999999494,1.1509999999999156,ZONE_TP30,zone,30,train
2024-07-30,2,-0.6700000000000728,-0.3350000000000364,ZONE_TP30,zone,30,train
2024-07-31,7,8.44599999999673,1.2065714285709614,ZONE_TP30,zone,30,train
2024-08-01,4,-1.7630000000003747,-0.4407500000000937,ZONE_TP30,zone,30,train
2024-08-02,5,-3.4099999999998545,-0.6819999999999709,ZONE_TP30,zone,30,train
2024-08-05,14,17.43299999998999,1.2452142857135706,ZONE_TP30,zone,30,train
2024-08-06,9,-5.236000000000331,-0.5817777777778146,ZONE_TP30,zone,30,train
2024-08-07,6,24.880000000011933,4.146666666668655,ZONE_TP30,zone,30,train
2024-08-08,8,27.326000000001386,3.4157500000001733,ZONE_TP30,zone,30,train
2024-08-09,7,-2.2140000000003965,-0.31628571428577096,ZONE_TP30,zone,30,train
2024-08-12,6,41.02999999997974,6.838333333329956,ZONE_TP30,zone,30,train
2024-08-13,5,18.297000000005937,3.6594000000011873,ZONE_TP30,zone,30,train
2024-08-14,7,14.630000000000564,2.0900000000000807,ZONE_TP30,zone,30,train
2024-08-15,3,3.184000000000197,1.061333333333399,ZONE_TP30,zone,30,train
2024-08-16,7,28.49299999998084,4.070428571425834,ZONE_TP30,zone,30,train
2024-08-19,3,-1.2199999999998,-0.40666666666659995,ZONE_TP30,zone,30,train
2024-08-20,7,1.9960000000000946,0.28514285714287063,ZONE_TP30,zone,30,train
2024-08-21,7,-3.443000000000211,-0.491857142857173,ZONE_TP30,zone,30,train
2024-08-22,4,16.80300000000625,4.2007500000015625,ZONE_TP30,zone,30,train
2024-08-23,6,36.83299999999235,6.138833333332059,ZONE_TP30,zone,30,train
2024-08-26,4,2.9710000000004584,0.7427500000001146,ZONE_TP30,zone,30,train
2024-08-27,2,8.66399999999976,4.33199999999988,ZONE_TP30,zone,30,train
2024-08-28,3,-1.0729999999998654,-0.3576666666666218,ZONE_TP30,zone,30,train
2024-08-29,3,9.730000000004111,3.2433333333347036,ZONE_TP30,zone,30,train
2024-08-30,7,12.714000000005399,1.8162857142864854,ZONE_TP30,zone,30,train
2024-09-02,2,-0.8769999999999527,-0.43849999999997635,ZONE_TP30,zone,30,train
2024-09-03,4,32.293000000019674,8.073250000004919,ZONE_TP30,zone,30,train
2024-09-04,3,-1.3390000000003965,-0.44633333333346553,ZONE_TP30,zone,30,train
2024-09-05,5,10.70300000000043,2.1406000000000858,ZONE_TP30,zone,30,train
2024-09-06,6,29.11299999999983,4.852166666666638,ZONE_TP30,zone,30,train
2024-09-09,3,-1.6700000000005275,-0.5566666666668425,ZONE_TP30,zone,30,train
2024-09-10,6,4.232000000000426,0.7053333333334043,ZONE_TP30,zone,30,train
2024-09-11,5,-2.42699999999968,-0.485399999999936,ZONE_TP30,zone,30,train
2024-09-12,10,6.983000000001539,0.6983000000001539,ZONE_TP30,zone,30,train
2024-09-13,5,25.65999999998985,5.13199999999797,ZONE_TP30,zone,30,train
2024-09-16,1,-0.3400000000001455,-0.3400000000001455,ZONE_TP30,zone,30,train
2024-09-17,4,7.503999999999905,1.8759999999999764,ZONE_TP30,zone,30,train
2024-09-18,4,-3.0299999999997453,-0.7574999999999363,ZONE_TP30,zone,30,train
2024-09-19,6,22.396999999994478,3.732833333332413,ZONE_TP30,zone,30,train
2024-09-20,8,6.9370000000049,0.8671250000006125,ZONE_TP30,zone,30,train
2024-09-23,3,10.841999999990549,3.6139999999968495,ZONE_TP30,zone,30,train
2024-09-24,4,-2.4430000000006658,-0.6107500000001664,ZONE_TP30,zone,30,train
2024-09-25,3,-1.050000000000182,-0.35000000000006065,ZONE_TP30,zone,30,train
2024-09-26,6,0.9810000000006767,0.16350000000011278,ZONE_TP30,zone,30,train
2024-09-27,6,23.900000000008276,3.9833333333347127,ZONE_TP30,zone,30,train
2024-09-30,4,1.383999999999105,0.34599999999977626,ZONE_TP30,zone,30,train
2024-10-01,5,32.53099999998949,6.506199999997898,ZONE_TP30,zone,30,train
2024-10-02,1,14.400000000000091,14.400000000000091,ZONE_TP30,zone,30,train
2024-10-03,2,-1.3429999999998472,-0.6714999999999236,ZONE_TP30,zone,30,train
2024-10-04,6,12.901000000003478,2.1501666666672463,ZONE_TP30,zone,30,train
2024-10-07,2,-0.9999999999995453,-0.4999999999997726,ZONE_TP30,zone,30,train
2024-10-08,8,-2.3429999999989377,-0.2928749999998672,ZONE_TP30,zone,30,train
2024-10-09,3,-1.0970000000002074,-0.3656666666667358,ZONE_TP30,zone,30,train
2024-10-10,3,0.03999999999996362,0.013333333333321207,ZONE_TP30,zone,30,train
2024-10-11,7,54.49300000000085,7.784714285714407,ZONE_TP30,zone,30,train
2024-10-14,3,-1.3600000000001273,-0.4533333333333758,ZONE_TP30,zone,30,train
2024-10-15,8,6.780000000007931,0.8475000000009913,ZONE_TP30,zone,30,train
2024-10-16,6,22.98700000000781,3.8311666666679685,ZONE_TP30,zone,30,train
2024-10-17,2,1.8070000000002437,0.9035000000001219,ZONE_TP30,zone,30,train
2024-10-18,9,-3.8400000000001455,-0.42666666666668285,ZONE_TP30,zone,30,train
2024-10-21,8,-1.8190000000004147,-0.22737500000005184,ZONE_TP30,zone,30,train
2024-10-22,4,12.175999999999023,3.043999999999756,ZONE_TP30,zone,30,train
2024-10-23,8,31.841999999996915,3.9802499999996144,ZONE_TP30,zone,30,train
2024-10-24,2,-1.1169999999992797,-0.5584999999996398,ZONE_TP30,zone,30,train
2024-10-25,5,16.368000000001302,3.2736000000002603,ZONE_TP30,zone,30,train
2024-10-28,3,-1.2469999999998436,-0.4156666666666145,ZONE_TP30,zone,30,train
2024-10-29,9,26.075000000010277,2.8972222222233643,ZONE_TP30,zone,30,train
2024-10-30,2,-0.5799999999999272,-0.2899999999999636,ZONE_TP30,zone,30,train
2024-10-31,8,8.958333333336062,1.1197916666670078,ZONE_TP30,zone,30,train
2024-11-01,3,12.440000000000056,4.146666666666685,ZONE_TP30,zone,30,train
2024-11-04,3,-1.0869999999995343,-0.36233333333317813,ZONE_TP30,zone,30,train
2024-11-05,2,2.51299999999992,1.25649999999996,ZONE_TP30,zone,30,train
2024-11-06,9,29.539000000001124,3.282111111111236,ZONE_TP30,zone,30,train
2024-11-07,9,12.966999999991913,1.440777777776879,ZONE_TP30,zone,30,train
2024-11-08,5,22.997999999991862,4.5995999999983725,ZONE_TP30,zone,30,train
2024-11-11,9,69.54999999998836,7.727777777776485,ZONE_TP30,zone,30,train
2024-11-12,4,7.8400000000056025,1.9600000000014006,ZONE_TP30,zone,30,train
2024-11-13,6,-1.5569999999993342,-0.25949999999988904,ZONE_TP30,zone,30,train
2024-11-14,4,36.8100000000004,9.2025000000001,ZONE_TP30,zone,30,train
2024-11-15,2,0.33999999999969077,0.16999999999984539,ZONE_TP30,zone,30,train
2024-11-18,6,22.297000000004118,3.716166666667353,ZONE_TP30,zone,30,train
2024-11-19,6,25.902999999999793,4.317166666666632,ZONE_TP30,zone,30,train
2024-11-20,7,43.37300000000869,6.196142857144098,ZONE_TP30,zone,30,train
2024-11-21,4,6.1529999999997935,1.5382499999999484,ZONE_TP30,zone,30,train
2024-11-22,8,25.938000000016473,3.242250000002059,ZONE_TP30,zone,30,train
2024-11-25,12,20.12600000000566,1.6771666666671383,ZONE_TP30,zone,30,train
2024-11-26,5,6.09900000000016,1.219800000000032,ZONE_TP30,zone,30,train
2024-11-27,4,8.25400000000036,2.06350000000009,ZONE_TP30,zone,30,train
2024-11-28,7,24.229000000008,3.461285714286857,ZONE_TP30,zone,30,train
2024-11-29,4,8.710000000005039,2.1775000000012597,ZONE_TP30,zone,30,train
2024-12-02,4,-1.5399999999999636,-0.3849999999999909,ZONE_TP30,zone,30,train
2024-12-03,6,13.797000000005482,2.2995000000009136,ZONE_TP30,zone,30,train
2024-12-04,9,-3.692000000000462,-0.41022222222227356,ZONE_TP30,zone,30,train
2024-12-05,6,7.90099999999893,1.316833333333155,ZONE_TP30,zone,30,train
2024-12-06,11,-1.4300000000007458,-0.1300000000000678,ZONE_TP30,zone,30,train
2024-12-09,6,5.3039999999996335,0.883999999999939,ZONE_TP30,zone,30,train
2024-12-10,8,12.151999999999134,1.5189999999998918,ZONE_TP30,zone,30,train
2024-12-11,7,24.389000000001037,3.4841428571430053,ZONE_TP30,zone,30,train
2024-12-12,6,54.478999999991174,9.079833333331862,ZONE_TP30,zone,30,train
2024-12-13,8,28.33199999999306,3.5414999999991323,ZONE_TP30,zone,30,train
2024-12-16,4,-1.830000000000382,-0.4575000000000955,ZONE_TP30,zone,30,train
2024-12-17,5,11.46999999999389,2.293999999998778,ZONE_TP30,zone,30,train
2024-12-18,7,7.683000000003631,1.0975714285719473,ZONE_TP30,zone,30,train
2024-12-19,9,3.278604211533851,0.36428935683709457,ZONE_TP30,zone,30,train
2024-12-20,5,3.7190000000009604,0.7438000000001921,ZONE_TP30,zone,30,train
2024-12-23,9,5.973000000000866,0.6636666666667629,ZONE_TP30,zone,30,train
2024-12-24,2,2.6770000000001346,1.3385000000000673,ZONE_TP30,zone,30,train
2024-12-26,6,7.639000000005581,1.2731666666675967,ZONE_TP30,zone,30,train
2024-12-27,4,23.626999999997224,5.906749999999306,ZONE_TP30,zone,30,train
2024-12-30,7,4.820000000000164,0.6885714285714519,ZONE_TP30,zone,30,train
2024-12-31,4,13.184000000000196,3.296000000000049,ZONE_TP30,zone,30,train
2025-01-02,4,25.58800000000429,6.397000000001072,ZONE_TP30,zone,30,train
2025-01-03,5,7.970000000005257,1.5940000000010515,ZONE_TP30,zone,30,train
2025-01-06,5,-2.7289999999993597,-0.5457999999998719,ZONE_TP30,zone,30,train
2025-01-07,8,9.467999999999845,1.1834999999999807,ZONE_TP30,zone,30,train
2025-01-08,5,8.453000000002248,1.6906000000004497,ZONE_TP30,zone,30,train
2025-01-09,1,-0.33999999999969077,-0.33999999999969077,ZONE_TP30,zone,30,train
2025-01-10,7,-1.9675141242940604,-0.2810734463277229,ZONE_TP30,zone,30,train
2025-01-13,9,5.432000000001153,0.6035555555556837,ZONE_TP30,zone,30,train
2025-01-14,2,-0.6969999999996617,-0.34849999999983083,ZONE_TP30,zone,30,train
2025-01-15,10,47.46340765578558,4.746340765578558,ZONE_TP30,zone,30,train
2025-01-16,7,-2.8969999999994798,-0.41385714285706854,ZONE_TP30,zone,30,train
2025-01-17,3,10.989999999996144,3.663333333332048,ZONE_TP30,zone,30,train
2025-01-20,6,-0.14399999999977814,-0.023999999999963023,ZONE_TP30,zone,30,train
2025-01-21,13,47.7129999999961,3.670230769230469,ZONE_TP30,zone,30,train
2025-01-22,5,2.41399999999976,0.482799999999952,ZONE_TP30,zone,30,train
2025-01-23,4,-1.7210000000000036,-0.4302500000000009,ZONE_TP30,zone,30,train
2025-01-24,4,-1.989999999999327,-0.49749999999983174,ZONE_TP30,zone,30,train
2025-01-27,3,18.85700000000361,6.285666666667869,ZONE_TP30,zone,30,train
2025-01-28,7,10.240000000000236,1.4628571428571766,ZONE_TP30,zone,30,train
2025-01-29,4,3.0200000000004366,0.7550000000001091,ZONE_TP30,zone,30,train
2025-01-30,11,-4.389999999999873,-0.3990909090908975,ZONE_TP30,zone,30,train
2025-01-31,4,11.813000000001468,2.953250000000367,ZONE_TP30,zone,30,train
2025-02-03,10,1.1870000000003538,0.11870000000003537,ZONE_TP30,zone,30,train
2025-02-04,7,17.347000000008848,2.478142857144121,ZONE_TP30,zone,30,train
2025-02-05,6,1.1099999999996726,0.18499999999994543,ZONE_TP30,zone,30,train
2025-02-06,11,-4.382999999999811,-0.39845454545452824,ZONE_TP30,zone,30,train
2025-02-07,4,-1.9470000000001164,-0.4867500000000291,ZONE_TP30,zone,30,train
2025-02-10,8,24.319999999999254,3.0399999999999068,ZONE_TP30,zone,30,train
2025-02-11,10,34.11999999999125,3.411999999999125,ZONE_TP30,zone,30,train
2025-02-12,8,10.705999999999676,1.3382499999999595,ZONE_TP30,zone,30,train
2025-02-13,4,-1.8229999999994106,-0.45574999999985266,ZONE_TP30,zone,30,train
2025-02-14,14,-6.89600000000064,-0.4925714285714743,ZONE_TP30,zone,30,train
2025-02-17,2,2.850000000000364,1.425000000000182,ZONE_TP30,zone,30,train
2025-02-18,5,6.013999999999214,1.2027999999998429,ZONE_TP30,zone,30,train
2025-02-19,6,14.03916666666646,2.3398611111110768,ZONE_TP30,zone,30,train
2025-02-20,8,35.650000000002365,4.456250000000296,ZONE_TP30,zone,30,train
2025-02-21,2,-0.8700000000003456,-0.4350000000001728,ZONE_TP30,zone,30,train
2025-02-24,8,13.343000000000302,1.6678750000000377,ZONE_TP30,zone,30,train
2025-02-25,12,15.405000000000655,1.2837500000000546,ZONE_TP30,zone,30,train
2025-02-26,8,-4.23299999999972,-0.529124999999965,ZONE_TP30,zone,30,train
2025-02-27,7,14.232999999996991,2.0332857142852845,ZONE_TP30,zone,30,train
2025-02-28,6,-3.1200000000003456,-0.5200000000000576,ZONE_TP30,zone,30,train
2025-03-03,11,29.29300000000694,2.663000000000631,ZONE_TP30,zone,30,train
2025-03-04,9,36.39999999999691,4.044444444444101,ZONE_TP30,zone,30,train
2025-03-05,9,4.220999999999549,0.4689999999999499,ZONE_TP30,zone,30,train
2025-03-06,8,32.210000000000036,4.0262500000000045,ZONE_TP30,zone,30,train
2025-03-07,3,-5.20299999999952,-1.7343333333331732,ZONE_TP30,zone,30,train
2025-03-10,5,19.787000000001626,3.9574000000003253,ZONE_TP30,zone,30,train
2025-03-11,5,11.177000000001044,2.235400000000209,ZONE_TP30,zone,30,train
2025-03-12,2,-0.6199999999998909,-0.30999999999994543,ZONE_TP30,zone,30,train
2025-03-13,7,-1.3219999999996617,-0.1888571428570945,ZONE_TP30,zone,30,train
2025-03-14,3,29.61299999999983,9.870999999999944,ZONE_TP30,zone,30,train
2025-03-17,2,-1.6530000000002474,-0.8265000000001237,ZONE_TP30,zone,30,train
2025-03-18,7,34.92699999999968,4.989571428571383,ZONE_TP30,zone,30,train
2025-03-19,5,1.1330000000007203,0.22660000000014408,ZONE_TP30,zone,30,train
2025-03-20,2,-1.1300000000001091,-0.5650000000000546,ZONE_TP30,zone,30,train
2025-03-21,2,-0.7399999999997817,-0.36999999999989086,ZONE_TP30,zone,30,train
2025-03-24,3,1.1030000000005202,0.36766666666684006,ZONE_TP30,zone,30,train
2025-03-25,6,17.95000000000573,2.9916666666676215,ZONE_TP30,zone,30,train
2025-03-26,1,-0.18999999999959982,-0.18999999999959982,ZONE_TP30,zone,30,train
2025-03-27,9,-4.029999999999291,-0.44777777777769895,ZONE_TP30,zone,30,train
2025-03-28,10,27.712999999999283,2.771299999999928,ZONE_TP30,zone,30,train
2025-03-31,7,-3.604000000000269,-0.5148571428571813,ZONE_TP30,zone,30,train
2025-04-01,11,72.42000000000417,6.583636363636742,ZONE_TP30,zone,30,train
2025-04-02,9,-7.15099999999984,-0.7945555555555378,ZONE_TP30,zone,30,train
2025-04-03,16,68.39599999999609,4.274749999999756,ZONE_TP30,zone,30,train
2025-04-04,16,40.01300000000993,2.5008125000006207,ZONE_TP30,zone,30,train
2025-04-07,16,47.53399999999966,2.9708749999999786,ZONE_TP30,zone,30,train
2025-04-08,10,20.629999999993743,2.0629999999993744,ZONE_TP30,zone,30,train
2025-04-09,17,157.14499999999998,9.243823529411763,ZONE_TP30,zone,30,train
2025-04-10,14,65.3820000000128,4.670142857143771,ZONE_TP30,zone,30,train
2025-04-11,12,75.6559999999954,6.304666666666283,ZONE_TP30,zone,30,train
2025-04-14,4,-2.7100000000000364,-0.6775000000000091,ZONE_TP30,zone,30,train
2025-04-15,4,24.13000000000102,6.032500000000255,ZONE_TP30,zone,30,train
2025-04-16,17,95.63999999999442,5.625882352940848,ZONE_TP30,zone,30,train
2025-04-17,15,65.68985507247392,4.379323671498261,ZONE_TP30,zone,30,train
2025-04-21,17,32.01999999999725,1.8835294117645442,ZONE_TP30,zone,30,train
2025-04-22,19,-12.860000000000582,-0.6768421052631886,ZONE_TP30,zone,30,train
2025-04-23,20,97.05000000000837,4.852500000000418,ZONE_TP30,zone,30,train
2025-04-24,8,65.26999999999225,8.158749999999031,ZONE_TP30,zone,30,train
2025-04-25,13,-4.700000000000273,-0.3615384615384825,ZONE_TP30,zone,30,train
2025-04-28,14,69.77000000000089,4.9835714285714925,ZONE_TP30,zone,30,train
2025-04-29,11,-0.8900000000003274,-0.08090909090912067,ZONE_TP30,zone,30,train
2025-04-30,12,41.6600000000044,3.4716666666670335,ZONE_TP30,zone,30,train
2025-05-01,10,-7.520000000000437,-0.7520000000000436,ZONE_TP30,zone,30,train
2025-05-02,4,-1.7299999999995634,-0.43249999999989086,ZONE_TP30,zone,30,train
2025-05-05,17,99.77399999999443,5.869058823529084,ZONE_TP30,zone,30,train
2025-05-06,15,51.10000000000218,3.4066666666668124,ZONE_TP30,zone,30,train
2025-05-07,6,-1.4800000000000182,-0.2466666666666697,ZONE_TP30,zone,30,train
2025-05-08,23,14.940000000009608,0.6495652173917221,ZONE_TP30,zone,30,train
2025-05-09,9,-4.759999999998854,-0.5288888888887615,ZONE_TP30,zone,30,train
2025-05-12,11,24.92999999999256,2.2663636363629602,ZONE_TP30,zone,30,train
2025-05-13,13,27.86999999999898,2.1438461538460754,ZONE_TP30,zone,30,train
2025-05-14,15,2.5839999999980137,0.17226666666653426,ZONE_TP30,zone,30,train
2025-05-15,17,67.5560000000005,3.9738823529412057,ZONE_TP30,zone,30,train
2025-05-16,10,-5.550000000000182,-0.5550000000000181,ZONE_TP30,zone,30,train
2025-05-19,8,8.560000000002674,1.0700000000003342,ZONE_TP30,zone,30,train
2025-05-20,12,48.909999999999854,4.075833333333321,ZONE_TP30,zone,30,train
2025-05-21,12,27.3299999999972,2.2774999999997667,ZONE_TP30,zone,30,train
2025-05-22,15,54.375000000001826,3.6250000000001217,ZONE_TP30,zone,30,train
2025-05-23,16,9.08199999999897,0.5676249999999357,ZONE_TP30,zone,30,train
2025-05-26,5,20.614000000000487,4.1228000000000975,ZONE_TP30,zone,30,train
2025-05-27,11,1.5700000000006193,0.14272727272732902,ZONE_TP30,zone,30,train
2025-05-28,16,35.54999999999609,2.2218749999997556,ZONE_TP30,zone,30,train
2025-05-29,11,44.53899999999521,4.048999999999565,ZONE_TP30,zone,30,train
2025-05-30,11,50.733000000008815,4.612090909091711,ZONE_TP30,zone,30,train
2025-06-02,8,-2.913000000000011,-0.36412500000000136,ZONE_TP30,zone,30,train
2025-06-03,10,6.417000000000371,0.6417000000000371,ZONE_TP30,zone,30,train
2025-06-04,6,-4.949999999999818,-0.8249999999999696,ZONE_TP30,zone,30,train
2025-06-05,9,-4.826999999999771,-0.5363333333333079,ZONE_TP30,zone,30,train
2025-06-06,13,85.41599999999835,6.570461538461411,ZONE_TP30,zone,30,train
2025-06-09,12,18.054000000002816,1.5045000000002346,ZONE_TP30,zone,30,train
2025-06-10,12,28.979999999997744,2.414999999999812,ZONE_TP30,zone,30,train
2025-06-11,7,-2.093999999999596,-0.2991428571427995,ZONE_TP30,zone,30,train
2025-06-12,9,35.48699999999735,3.9429999999997056,ZONE_TP30,zone,30,train
2025-06-13,16,113.31700000000728,7.082312500000455,ZONE_TP30,zone,30,train
2025-06-16,14,-5.334999999999582,-0.3810714285713987,ZONE_TP30,zone,30,train
2025-06-17,5,-4.289999999999964,-0.8579999999999928,ZONE_TP30,zone,30,train
2025-06-18,10,30.527000000002772,3.0527000000002773,ZONE_TP30,zone,30,train
2025-06-19,2,-0.6300000000001091,-0.31500000000005457,ZONE_TP30,zone,30,train
2025-06-20,7,29.635999999991782,4.233714285713112,ZONE_TP30,zone,30,train
2025-06-23,8,19.996000000003278,2.4995000000004097,ZONE_TP30,zone,30,train
2025-06-24,13,14.048333333330598,1.0806410256408152,ZONE_TP30,zone,30,train
2025-06-25,8,19.813000000000557,2.4766250000000696,ZONE_TP30,zone,30,train
2025-06-26,7,-2.755000000000109,-0.39357142857144417,ZONE_TP30,zone,30,train
2025-06-27,9,38.29699999999775,4.255222222221972,ZONE_TP30,zone,30,train
2025-06-30,7,-5.083000000000084,-0.7261428571428691,ZONE_TP30,zone,30,train
2025-07-01,6,20.49700000000803,3.416166666668005,ZONE_TP30,zone,30,train
2025-07-02,4,13.44700000001103,3.3617500000027576,ZONE_TP30,zone,30,train
2025-07-03,9,-4.167000000000371,-0.4630000000000412,ZONE_TP30,zone,30,train
2025-07-04,4,5.349999999999909,1.3374999999999773,ZONE_TP30,zone,30,train
2025-07-07,7,30.379999999996926,4.339999999999561,ZONE_TP30,zone,30,train
2025-07-08,11,7.436000000003332,0.6760000000003029,ZONE_TP30,zone,30,train
2025-07-09,9,5.083999999999833,0.5648888888888703,ZONE_TP30,zone,30,train
2025-07-10,3,-2.019999999999527,-0.6733333333331757,ZONE_TP30,zone,30,train
2025-07-11,4,-1.6860000000001492,-0.4215000000000373,ZONE_TP30,zone,30,train
2025-07-14,11,33.032000000004246,3.0029090909094767,ZONE_TP30,zone,30,train
2025-07-15,13,10.329999999992653,0.7946153846148195,ZONE_TP30,zone,30,train
2025-07-16,4,-4.632999999999811,-1.1582499999999527,ZONE_TP30,zone,30,train
2025-07-17,8,47.97500000000309,5.9968750000003865,ZONE_TP30,zone,30,train
2025-07-18,4,-0.7529999999997017,-0.18824999999992542,ZONE_TP30,zone,30,train
2025-07-21,12,42.77700000000141,3.5647500000001173,ZONE_TP30,zone,30,train
2025-07-22,13,6.240225672877689,0.4800173594521299,ZONE_TP30,zone,30,train
2025-07-23,7,12.736999999998718,1.8195714285712454,ZONE_TP30,zone,30,train
2025-07-24,13,-6.870999999999186,-0.5285384615383989,ZONE_TP30,zone,30,train
2025-07-25,10,4.786000000000513,0.4786000000000513,ZONE_TP30,zone,30,train
2025-07-28,10,-5.360000000000127,-0.5360000000000127,ZONE_TP30,zone,30,train
2025-07-29,6,-3.0600000000004,-0.5100000000000667,ZONE_TP30,zone,30,train
2025-07-30,8,16.082999999995536,2.010374999999442,ZONE_TP30,zone,30,train
2025-07-31,8,-3.87099999999964,-0.483874999999955,ZONE_TP30,zone,30,train
2025-08-01,8,8.009999999992488,1.001249999999061,ZONE_TP30,zone,30,train
2025-08-04,7,5.053000000003976,0.7218571428577109,ZONE_TP30,zone,30,train
2025-08-05,16,35.7020000000025,2.231375000000156,ZONE_TP30,zone,30,train
2025-08-06,8,32.63300000000436,4.079125000000545,ZONE_TP30,zone,30,train
2025-08-07,12,8.928999999999178,0.7440833333332648,ZONE_TP30,zone,30,train
2025-08-08,5,-6.8429999999993925,-1.3685999999998786,ZONE_TP30,zone,30,train
2025-08-11,9,23.7470000000003,2.638555555555589,ZONE_TP30,zone,30,train
2025-08-12,1,-0.16300000000001091,-0.16300000000001091,ZONE_TP30,zone,30,train
2025-08-13,4,-2.117000000000189,-0.5292500000000473,ZONE_TP30,zone,30,train
2025-08-14,9,5.181000000005952,0.575666666667328,ZONE_TP30,zone,30,train
2025-08-15,4,-1.2999999999997272,-0.3249999999999318,ZONE_TP30,zone,30,train
2025-08-18,7,13.666000000000622,1.9522857142858032,ZONE_TP30,zone,30,train
2025-08-19,8,6.138999999998305,0.7673749999997881,ZONE_TP30,zone,30,train
2025-08-20,7,26.893000000008215,3.8418571428583164,ZONE_TP30,zone,30,train
2025-08-21,5,-2.6900000000005093,-0.5380000000001018,ZONE_TP30,zone,30,train
2025-08-22,4,-1.3280000000004293,-0.3320000000001073,ZONE_TP30,zone,30,train
2025-08-25,2,2.400000000000091,1.2000000000000455,ZONE_TP30,zone,30,train
2025-08-26,3,9.890000000011241,3.2966666666704136,ZONE_TP30,zone,30,train
2025-08-27,10,6.554000000000542,0.6554000000000542,ZONE_TP30,zone,30,train
2025-08-28,5,10.65999999999485,2.1319999999989703,ZONE_TP30,zone,30,train
2025-08-29,7,28.059000000006563,4.008428571429509,ZONE_TP30,zone,30,train
2025-09-01,8,2.9570000000007894,0.3696250000000987,ZONE_TP30,zone,30,train
2025-09-02,11,131.246000000001,11.931454545454637,ZONE_TP30,zone,30,train
2025-09-03,10,26.92699999999877,2.692699999999877,ZONE_TP30,zone,30,train
2025-09-04,7,13.265999999993255,1.8951428571418936,ZONE_TP30,zone,30,train
2025-09-05,8,-4.359999999999673,-0.5449999999999591,ZONE_TP30,zone,30,train
2025-09-08,15,64.58699999999135,4.305799999999423,ZONE_TP30,zone,30,train
2025-09-09,8,-4.336000000000695,-0.5420000000000869,ZONE_TP30,zone,30,train
2025-09-10,5,-3.163000000000011,-0.6326000000000022,ZONE_TP30,zone,30,train
2025-09-11,6,-3.155999999999949,-0.5259999999999915,ZONE_TP30,zone,30,train
2025-09-12,5,-1.9300000000007458,-0.38600000000014917,ZONE_TP30,zone,30,train
2025-09-15,12,-5.549999999999727,-0.46249999999997726,ZONE_TP30,zone,30,train
2025-09-16,7,-4.786000000000513,-0.683714285714359,ZONE_TP30,zone,30,train
2025-09-17,16,31.80600000000868,1.9878750000005425,ZONE_TP30,zone,30,train
2025-09-18,7,-3.492999999999938,-0.4989999999999912,ZONE_TP30,zone,30,train
2025-09-19,7,33.038000000000466,4.719714285714352,ZONE_TP30,zone,30,train
2025-09-22,7,-3.2099999999995816,-0.4585714285713688,ZONE_TP30,zone,30,train
2025-09-23,5,39.32299999999532,7.864599999999063,ZONE_TP30,zone,30,train
2025-09-24,5,24.273999999997613,4.854799999999523,ZONE_TP30,zone,30,train
2025-09-25,7,31.853999999999814,4.550571428571402,ZONE_TP30,zone,30,train
2025-09-26,12,32.86999999999307,2.739166666666089,ZONE_TP30,zone,30,train
2025-09-29,12,25.000000000000455,2.0833333333333712,ZONE_TP30,zone,30,train
2025-09-30,14,31.400000000000546,2.242857142857182,ZONE_TP30,zone,30,train
2025-10-01,11,-6.549999999999727,-0.5954545454545207,ZONE_TP30,zone,30,train
2025-10-02,9,-4.239999999998872,-0.4711111111109858,ZONE_TP30,zone,30,train
2025-10-03,14,11.000000000005002,0.785714285714643,ZONE_TP30,zone,30,train
2025-10-06,15,57.427000000007865,3.828466666667191,ZONE_TP30,zone,30,train
2025-10-07,12,36.66299999998864,3.0552499999990537,ZONE_TP30,zone,30,train
2025-10-08,15,81.5599999999954,5.437333333333027,ZONE_TP30,zone,30,train
2025-10-09,23,-0.8070000000079727,-0.035086956522085766,ZONE_TP30,zone,30,train
2025-10-10,17,66.25899999999774,3.8975882352939846,ZONE_TP30,zone,30,train
2025-10-13,19,52.20499999999629,2.747631578947173,ZONE_TP30,zone,30,train
2025-10-14,8,-4.147000000004482,-0.5183750000005602,ZONE_TP30,zone,30,train
2025-10-15,19,95.17900000001373,5.009421052632302,ZONE_TP30,zone,30,train
2025-10-16,25,154.1649999999927,6.166599999999708,ZONE_TP30,zone,30,train
2025-10-17,21,79.90699999999288,3.805095238094899,ZONE_TP30,zone,30,train
2025-10-20,14,81.14300000000185,5.795928571428703,ZONE_TP30,zone,30,train
2025-10-21,23,122.8129999999619,5.3396956521722565,ZONE_TP30,zone,30,train
2025-10-22,16,110.66000000000668,6.916250000000417,ZONE_TP30,zone,30,train
2025-10-23,20,34.15699999999424,1.707849999999712,ZONE_TP30,zone,30,train
2025-10-24,11,2.4180000000001196,0.21981818181819268,ZONE_TP30,zone,30,train
2025-10-27,16,79.50299999999334,4.9689374999995835,ZONE_TP30,zone,30,train
2025-10-28,18,55.719999999999345,3.095555555555519,ZONE_TP30,zone,30,train
2025-10-29,16,-11.106222222222186,-0.6941388888888866,ZONE_TP30,zone,30,train
2025-10-30,13,-9.255999999999403,-0.7119999999999541,ZONE_TP30,zone,30,train
2025-10-31,8,14.760000000001583,1.8450000000001978,ZONE_TP30,zone,30,train
2025-11-03,8,8.181000000000495,1.0226250000000618,ZONE_TP30,zone,30,train
2025-11-04,14,79.4700000000098,5.6764285714292715,ZONE_TP30,zone,30,train
2025-11-05,16,19.25399999999945,1.2033749999999657,ZONE_TP30,zone,30,train
2025-11-06,9,15.200000000000728,1.6888888888889697,ZONE_TP30,zone,30,train
2025-11-07,9,-4.153000000000247,-0.4614444444444719,ZONE_TP30,zone,30,train
2025-11-10,17,38.76800000002262,2.2804705882366245,ZONE_TP30,zone,30,train
2025-11-11,6,1.8299999999981083,0.3049999999996847,ZONE_TP30,zone,30,train
2025-11-12,17,47.6230000000196,2.8013529411776235,ZONE_TP30,zone,30,train
2025-11-13,13,36.66299999997409,2.8202307692287762,ZONE_TP30,zone,30,train
2025-11-14,20,78.34799999999723,3.917399999999861,ZONE_TP30,zone,30,train
2025-11-17,18,162.84999999999627,9.047222222222015,ZONE_TP30,zone,30,train
2025-11-18,6,1.374000000000251,0.22900000000004184,ZONE_TP30,zone,30,train
2025-11-19,9,-12.500000000002274,-1.3888888888891415,ZONE_TP30,zone,30,train
2025-11-20,9,30.317000000002736,3.3685555555558597,ZONE_TP30,zone,30,train
2025-11-21,7,70.04699999999593,10.006714285713704,ZONE_TP30,zone,30,train
2025-11-24,15,72.12699999997449,4.808466666664966,ZONE_TP30,zone,30,train
2025-11-25,10,-6.25600000000577,-0.625600000000577,ZONE_TP30,zone,30,train
2025-11-26,8,26.662999999998647,3.332874999999831,ZONE_TP30,zone,30,train
2025-11-27,6,2.7999999999974534,0.46666666666624224,ZONE_TP30,zone,30,train
2025-11-28,10,-5.336000000006607,-0.5336000000006607,ZONE_TP30,zone,30,train
2025-12-01,7,25.169999999996435,3.5957142857137763,ZONE_TP30,zone,30,train
2025-12-02,10,53.30100000001676,5.330100000001676,ZONE_TP30,zone,30,train
2025-12-03,5,-2.223000000002685,-0.44460000000053695,ZONE_TP30,zone,30,train
2025-12-04,13,-4.348955684011647,-0.3345350526162805,ZONE_TP30,zone,30,train
2025-12-05,9,26.979999999993197,2.997777777777022,ZONE_TP30,zone,30,train
2025-12-08,7,-4.130000000003747,-0.5900000000005353,ZONE_TP30,zone,30,train
2025-12-09,15,17.77699999998549,1.1851333333323661,ZONE_TP30,zone,30,train
2025-12-10,5,-4.545000000002801,-0.9090000000005602,ZONE_TP30,zone,30,train
2025-12-11,18,34.03099999999722,1.8906111111109567,ZONE_TP30,zone,30,train
2025-12-12,6,7.792999999997846,1.2988333333329745,ZONE_TP30,zone,30,train
2025-12-15,4,59.19999999999254,14.799999999998136,ZONE_TP30,zone,30,train
2025-12-16,8,8.409999999997126,1.0512499999996407,ZONE_TP30,zone,30,train
2025-12-17,10,25.106999999988147,2.5106999999988147,ZONE_TP30,zone,30,train
2025-12-18,9,28.72299999999632,3.1914444444440355,ZONE_TP30,zone,30,train
2025-12-19,8,-3.2210000000040964,-0.40262500000051205,ZONE_TP30,zone,30,train
2025-12-22,21,188.28999999993994,8.966190476187617,ZONE_TP30,zone,30,train
2025-12-23,8,70.12599999999293,8.765749999999116,ZONE_TP30,zone,30,train
2025-12-24,12,13.680999999995038,1.14008333333292,ZONE_TP30,zone,30,train
2025-12-26,12,-9.830000000004475,-0.8191666666670395,ZONE_TP30,zone,30,train
2025-12-29,24,28.072000000005573,1.169666666666899,ZONE_TP30,zone,30,train
2025-12-30,12,5.346999999995205,0.44558333333293376,ZONE_TP30,zone,30,train
2025-12-31,6,-4.310000000004038,-0.7183333333340064,ZONE_TP30,zone,30,train
2024-01-02,2,1.2500000000004547,0.6250000000002274,ZONE_TP28,zone,28,train
2024-01-03,1,8.679999999998472,8.679999999998472,ZONE_TP28,zone,28,train
2024-01-04,5,12.969999999990023,2.5939999999980046,ZONE_TP28,zone,28,train
2024-01-05,5,-1.4499999999995907,-0.28999999999991816,ZONE_TP28,zone,28,train
2024-01-08,0,0.0,0.0,ZONE_TP28,zone,28,train
2024-01-09,1,-0.2699999999999818,-0.2699999999999818,ZONE_TP28,zone,28,train
2024-01-10,1,-0.2799999999999727,-0.2799999999999727,ZONE_TP28,zone,28,train
2024-01-11,2,-0.9800000000000182,-0.4900000000000091,ZONE_TP28,zone,28,train
2024-01-12,6,22.479999999999336,3.746666666666556,ZONE_TP28,zone,28,train
2024-01-15,0,0.0,0.0,ZONE_TP28,zone,28,train
2024-01-16,2,-0.5199999999995271,-0.25999999999976353,ZONE_TP28,zone,28,train
2024-01-17,4,18.865999999996575,4.716499999999144,ZONE_TP28,zone,28,train
2024-01-18,3,10.537000000000035,3.512333333333345,ZONE_TP28,zone,28,train
2024-01-19,2,-0.9100000000000819,-0.4550000000000409,ZONE_TP28,zone,28,train
2024-01-22,0,0.0,0.0,ZONE_TP28,zone,28,train
2024-01-23,0,0.0,0.0,ZONE_TP28,zone,28,train
2024-01-24,2,-0.6070000000001983,-0.30350000000009913,ZONE_TP28,zone,28,train
2024-01-25,3,-1.3230000000000928,-0.4410000000000309,ZONE_TP28,zone,28,train
2024-01-26,1,6.829999999999928,6.829999999999928,ZONE_TP28,zone,28,train
2024-01-29,2,-0.7100000000000364,-0.3550000000000182,ZONE_TP28,zone,28,train
2024-01-30,5,-2.395999999999731,-0.47919999999994617,ZONE_TP28,zone,28,train
2024-01-31,7,9.930000000000064,1.4185714285714377,ZONE_TP28,zone,28,train
2024-02-01,3,11.31699999999978,3.77233333333326,ZONE_TP28,zone,28,train
2024-02-02,1,9.7800000000002,9.7800000000002,ZONE_TP28,zone,28,train
2024-02-05,1,6.180000000000064,6.180000000000064,ZONE_TP28,zone,28,train
2024-02-06,5,3.3199999999999363,0.6639999999999873,ZONE_TP28,zone,28,train
2024-02-07,2,2.400000000000091,1.2000000000000455,ZONE_TP28,zone,28,train
2024-02-08,1,-0.5499999999999545,-0.5499999999999545,ZONE_TP28,zone,28,train
2024-02-09,2,2.0499999999999545,1.0249999999999773,ZONE_TP28,zone,28,train
2024-02-12,1,-0.4130000000000109,-0.4130000000000109,ZONE_TP28,zone,28,train
2024-02-13,4,13.190000000001191,3.297500000000298,ZONE_TP28,zone,28,train
2024-02-14,3,-0.459999999999809,-0.15333333333326968,ZONE_TP28,zone,28,train
2024-02-15,2,5.510000000000218,2.755000000000109,ZONE_TP28,zone,28,train
2024-02-16,2,-0.7799999999999727,-0.38999999999998636,ZONE_TP28,zone,28,train
2024-02-20,2,-0.6769999999999072,-0.3384999999999536,ZONE_TP28,zone,28,train
2024-02-21,1,0.1670000000001437,0.1670000000001437,ZONE_TP28,zone,28,train
2024-02-22,3,7.953000000000202,2.6510000000000673,ZONE_TP28,zone,28,train
2024-02-23,2,0.7190000000000509,0.35950000000002547,ZONE_TP28,zone,28,train
2024-02-26,1,-0.08000000000015461,-0.08000000000015461,ZONE_TP28,zone,28,train
2024-02-27,2,7.900000000000091,3.9500000000000455,ZONE_TP28,zone,28,train
2024-02-28,0,0.0,0.0,ZONE_TP28,zone,28,train
2024-02-29,0,0.0,0.0,ZONE_TP28,zone,28,train
2024-03-01,5,15.897000000003345,3.179400000000669,ZONE_TP28,zone,28,train
2024-03-04,3,15.455999999997857,5.151999999999286,ZONE_TP28,zone,28,train
2024-03-05,5,7.166000000000622,1.4332000000001244,ZONE_TP28,zone,28,train
2024-03-06,11,-6.420999999999822,-0.5837272727272566,ZONE_TP28,zone,28,train
2024-03-07,1,-0.41000000000030923,-0.41000000000030923,ZONE_TP28,zone,28,train
2024-03-08,4,-2.2100000000000364,-0.5525000000000091,ZONE_TP28,zone,28,train
2024-03-11,2,-1.2199999999998,-0.6099999999999,ZONE_TP28,zone,28,train
2024-03-12,7,-4.300000000000182,-0.6142857142857403,ZONE_TP28,zone,28,train
2024-03-13,2,8.596999999992022,4.298499999996011,ZONE_TP28,zone,28,train
2024-03-14,2,6.710000000000036,3.355000000000018,ZONE_TP28,zone,28,train
2024-03-15,1,-0.46000000000003644,-0.46000000000003644,ZONE_TP28,zone,28,train
2024-03-18,1,-0.543999999999869,-0.543999999999869,ZONE_TP28,zone,28,train
2024-03-19,2,-0.6599999999998545,-0.32999999999992724,ZONE_TP28,zone,28,train
2024-03-20,5,-1.819999999999709,-0.3639999999999418,ZONE_TP28,zone,28,train
2024-03-21,7,8.82899999999836,1.2612857142854799,ZONE_TP28,zone,28,train
2024-03-22,6,31.812000000009448,5.302000000001574,ZONE_TP28,zone,28,train
2024-03-25,3,1.9830000000001746,0.6610000000000582,ZONE_TP28,zone,28,train
2024-03-26,7,22.656000000004497,3.236571428572071,ZONE_TP28,zone,28,train
2024-03-27,1,-0.44000000000005457,-0.44000000000005457,ZONE_TP28,zone,28,train
2024-03-28,4,8.532999999997628,2.133249999999407,ZONE_TP28,zone,28,train
2024-04-01,8,57.03000000000475,7.1287500000005934,ZONE_TP28,zone,28,train
2024-04-02,1,13.159999999994398,13.159999999994398,ZONE_TP28,zone,28,train
2024-04-03,8,12.60700000000088,1.57587500000011,ZONE_TP28,zone,28,train
2024-04-04,3,7.880000000000109,2.626666666666703,ZONE_TP28,zone,28,train
2024-04-05,4,50.70300000000134,12.675750000000335,ZONE_TP28,zone,28,train
2024-04-08,8,-4.660000000000309,-0.5825000000000387,ZONE_TP28,zone,28,train
2024-04-09,6,-2.3900000000003274,-0.3983333333333879,ZONE_TP28,zone,28,train
2024-04-10,3,12.880000000001019,4.293333333333673,ZONE_TP28,zone,28,train
2024-04-11,9,11.391000000011445,1.2656666666679384,ZONE_TP28,zone,28,train
2024-04-12,11,22.136999999993805,2.0124545454539824,ZONE_TP28,zone,28,train
2024-04-15,2,24.740999999995896,12.370499999997948,ZONE_TP28,zone,28,train
2024-04-16,4,-1.8669999999997344,-0.4667499999999336,ZONE_TP28,zone,28,train
2024-04-17,6,-2.3229999999998654,-0.38716666666664423,ZONE_TP28,zone,28,train
2024-04-18,5,2.6689999999994143,0.5337999999998828,ZONE_TP28,zone,28,train
2024-04-19,11,24.867000000000644,2.260636363636422,ZONE_TP28,zone,28,train
2024-04-22,5,3.6970000000001164,0.7394000000000233,ZONE_TP28,zone,28,train
2024-04-23,5,-2.3530000000005202,-0.47060000000010405,ZONE_TP28,zone,28,train
2024-04-24,1,-0.5,-0.5,ZONE_TP28,zone,28,train
2024-04-25,6,3.582999999999629,0.5971666666666048,ZONE_TP28,zone,28,train
2024-04-26,4,-2.0299999999997453,-0.5074999999999363,ZONE_TP28,zone,28,train
2024-04-29,6,12.617000000004282,2.102833333334047,ZONE_TP28,zone,28,train
2024-04-30,9,19.448999999992793,2.1609999999991993,ZONE_TP28,zone,28,train
2024-05-01,15,60.54900000002499,4.036600000001666,ZONE_TP28,zone,28,train
2024-05-02,6,2.593000000000302,0.432166666666717,ZONE_TP28,zone,28,train
2024-05-03,7,46.26299999999674,6.608999999999534,ZONE_TP28,zone,28,train
2024-05-06,5,-2.687000000000353,-0.5374000000000706,ZONE_TP28,zone,28,train
2024-05-07,8,0.6170000000006439,0.07712500000008049,ZONE_TP28,zone,28,train
2024-05-08,1,-0.2699999999999818,-0.2699999999999818,ZONE_TP28,zone,28,train
2024-05-09,3,9.265999999997348,3.0886666666657825,ZONE_TP28,zone,28,train
2024-05-10,7,8.43699999999626,1.20528571428518,ZONE_TP28,zone,28,train
2024-05-13,4,12.36700000000428,3.09175000000107,ZONE_TP28,zone,28,train
2024-05-14,8,-2.7840000000001055,-0.3480000000000132,ZONE_TP28,zone,28,train
2024-05-15,6,4.84900000000016,0.8081666666666933,ZONE_TP28,zone,28,train
2024-05-16,4,-1.9500000000002728,-0.4875000000000682,ZONE_TP28,zone,28,train
2024-05-17,8,39.146999999999025,4.893374999999878,ZONE_TP28,zone,28,train
2024-05-20,9,28.48400000000629,3.1648888888895876,ZONE_TP28,zone,28,train
2024-05-21,6,23.52900000000136,3.921500000000227,ZONE_TP28,zone,28,train
2024-05-22,5,33.02999999998838,6.6059999999976755,ZONE_TP28,zone,28,train
2024-05-23,12,24.48899999999503,2.0407499999995857,ZONE_TP28,zone,28,train
2024-05-24,2,-0.5,-0.25,ZONE_TP28,zone,28,train
2024-05-27,5,-1.654000000000451,-0.33080000000009024,ZONE_TP28,zone,28,train
2024-05-28,6,9.629999999999654,1.6049999999999425,ZONE_TP28,zone,28,train
2024-05-29,3,0.2899999999999636,0.09666666666665454,ZONE_TP28,zone,28,train
2024-05-30,7,-2.4189999999994143,-0.3455714285713449,ZONE_TP28,zone,28,train
2024-05-31,10,28.787000000008447,2.878700000000845,ZONE_TP28,zone,28,train
2024-06-03,7,8.636000000003605,1.2337142857148007,ZONE_TP28,zone,28,train
2024-06-04,3,-1.0099999999997635,-0.33666666666658784,ZONE_TP28,zone,28,train
2024-06-05,11,44.27199999999948,4.024727272727225,ZONE_TP28,zone,28,train
2024-06-06,7,-2.4719999999997526,-0.3531428571428218,ZONE_TP28,zone,28,train
2024-06-07,8,12.367000000011103,1.5458750000013879,ZONE_TP28,zone,28,train
2024-06-10,6,8.596000000003187,1.4326666666671979,ZONE_TP28,zone,28,train
2024-06-11,3,11.560000000001764,3.8533333333339215,ZONE_TP28,zone,28,train
2024-06-12,4,15.708000000001448,3.927000000000362,ZONE_TP28,zone,28,train
2024-06-13,6,-2.244000000000142,-0.37400000000002365,ZONE_TP28,zone,28,train
2024-06-14,2,13.386999999999718,6.693499999999859,ZONE_TP28,zone,28,train
2024-06-17,1,-0.25,-0.25,ZONE_TP28,zone,28,train
2024-06-18,4,-1.0400000000004184,-0.2600000000001046,ZONE_TP28,zone,28,train
2024-06-19,0,0.0,0.0,ZONE_TP28,zone,28,train
2024-06-20,5,4.843000000000301,0.9686000000000602,ZONE_TP28,zone,28,train
2024-06-21,10,74.7959999999971,7.479599999999709,ZONE_TP28,zone,28,train
2024-06-24,5,7.682999999999993,1.5365999999999986,ZONE_TP28,zone,28,train
2024-06-25,3,-1.2100000000004911,-0.403333333333497,ZONE_TP28,zone,28,train
2024-06-26,4,-2.269999999999527,-0.5674999999998818,ZONE_TP28,zone,28,train
2024-06-27,6,3.3130000000005566,0.5521666666667594,ZONE_TP28,zone,28,train
2024-06-28,1,-0.49699999999984357,-0.49699999999984357,ZONE_TP28,zone,28,train
2024-07-01,1,-0.27300000000013824,-0.27300000000013824,ZONE_TP28,zone,28,train
2024-07-02,2,8.492999999992207,4.246499999996104,ZONE_TP28,zone,28,train
2024-07-03,8,28.921000000016193,3.615125000002024,ZONE_TP28,zone,28,train
2024-07-04,2,-0.8499999999994543,-0.42499999999972715,ZONE_TP28,zone,28,train
2024-07-05,12,15.475263565886962,1.289605297157247,ZONE_TP28,zone,28,train
2024-07-08,4,15.823999999995522,3.9559999999988804,ZONE_TP28,zone,28,train
2024-07-09,5,-0.41599999999925785,-0.08319999999985157,ZONE_TP28,zone,28,train
2024-07-10,3,-1.2840000000001055,-0.4280000000000352,ZONE_TP28,zone,28,train
2024-07-11,4,3.79300000000012,0.94825000000003,ZONE_TP28,zone,28,train
2024-07-12,9,3.6539999999999964,0.4059999999999996,ZONE_TP28,zone,28,train
2024-07-15,6,6.900000000000091,1.1500000000000152,ZONE_TP28,zone,28,train
2024-07-16,6,-2.411999999999807,-0.4019999999999679,ZONE_TP28,zone,28,train
2024-07-17,8,-1.0509999999994761,-0.13137499999993452,ZONE_TP28,zone,28,train
2024-07-18,3,14.673000000000684,4.891000000000228,ZONE_TP28,zone,28,train
2024-07-19,9,39.03300000000581,4.337000000000646,ZONE_TP28,zone,28,train
2024-07-22,2,-0.819999999999709,-0.4099999999998545,ZONE_TP28,zone,28,train
2024-07-23,4,10.774000000002161,2.6935000000005402,ZONE_TP28,zone,28,train
2024-07-24,3,9.380000000003292,3.1266666666677643,ZONE_TP28,zone,28,train
2024-07-25,6,-2.4029999999997926,-0.40049999999996544,ZONE_TP28,zone,28,train
2024-07-26,5,-0.18399999999974176,-0.03679999999994835,ZONE_TP28,zone,28,train
2024-07-29,6,6.905999999999494,1.1509999999999156,ZONE_TP28,zone,28,train
2024-07-30,2,-0.6700000000000728,-0.3350000000000364,ZONE_TP28,zone,28,train
2024-07-31,7,7.705999999996948,1.1008571428567069,ZONE_TP28,zone,28,train
2024-08-01,4,-1.7630000000003747,-0.4407500000000937,ZONE_TP28,zone,28,train
2024-08-02,5,-3.4099999999998545,-0.6819999999999709,ZONE_TP28,zone,28,train
2024-08-05,14,16.132999999990716,1.1523571428564796,ZONE_TP28,zone,28,train
2024-08-06,9,-5.236000000000331,-0.5817777777778146,ZONE_TP28,zone,28,train
2024-08-07,6,24.22000000001117,4.036666666668528,ZONE_TP28,zone,28,train
2024-08-08,8,25.446000000001277,3.1807500000001596,ZONE_TP28,zone,28,train
2024-08-09,7,-2.2140000000003965,-0.31628571428577096,ZONE_TP28,zone,28,train
2024-08-12,6,38.22399999998106,6.37066666666351,ZONE_TP28,zone,28,train
2024-08-13,5,17.56300000000556,3.512600000001112,ZONE_TP28,zone,28,train
2024-08-14,7,14.630000000000564,2.0900000000000807,ZONE_TP28,zone,28,train
2024-08-15,3,3.184000000000197,1.061333333333399,ZONE_TP28,zone,28,train
2024-08-16,7,26.458999999982098,3.7798571428545853,ZONE_TP28,zone,28,train
2024-08-19,3,-1.2199999999998,-0.40666666666659995,ZONE_TP28,zone,28,train
2024-08-20,7,1.9960000000000946,0.28514285714287063,ZONE_TP28,zone,28,train
2024-08-21,7,-3.443000000000211,-0.491857142857173,ZONE_TP28,zone,28,train
2024-08-22,4,15.957000000005792,3.989250000001448,ZONE_TP28,zone,28,train
2024-08-23,6,34.27299999999286,5.712166666665477,ZONE_TP28,zone,28,train
2024-08-26,4,14.199999999992999,3.5499999999982497,ZONE_TP28,zone,28,train
2024-08-27,2,8.66399999999976,4.33199999999988,ZONE_TP28,zone,28,train
2024-08-28,3,-1.0729999999998654,-0.3576666666666218,ZONE_TP28,zone,28,train
2024-08-29,3,9.010000000003856,3.0033333333346186,ZONE_TP28,zone,28,train
2024-08-30,7,12.114000000005035,1.7305714285721479,ZONE_TP28,zone,28,train
2024-09-02,2,-0.8769999999999527,-0.43849999999997635,ZONE_TP28,zone,28,train
2024-09-03,4,30.09900000001835,7.5247500000045875,ZONE_TP28,zone,28,train
2024-09-04,3,-1.3390000000003965,-0.44633333333346553,ZONE_TP28,zone,28,train
2024-09-05,5,10.70300000000043,2.1406000000000858,ZONE_TP28,zone,28,train
2024-09-06,6,29.11299999999983,4.852166666666638,ZONE_TP28,zone,28,train
2024-09-09,3,-1.6700000000005275,-0.5566666666668425,ZONE_TP28,zone,28,train
2024-09-10,6,4.232000000000426,0.7053333333334043,ZONE_TP28,zone,28,train
2024-09-11,5,-2.42699999999968,-0.485399999999936,ZONE_TP28,zone,28,train
2024-09-12,10,6.335000000001401,0.6335000000001401,ZONE_TP28,zone,28,train
2024-09-13,5,23.859999999990578,4.7719999999981155,ZONE_TP28,zone,28,train
2024-09-16,1,-0.3400000000001455,-0.3400000000001455,ZONE_TP28,zone,28,train
2024-09-17,4,7.503999999999905,1.8759999999999764,ZONE_TP28,zone,28,train
2024-09-18,4,-3.0299999999997453,-0.7574999999999363,ZONE_TP28,zone,28,train
2024-09-19,6,21.456999999994878,3.576166666665813,ZONE_TP28,zone,28,train
2024-09-20,8,6.297000000004573,0.7871250000005716,ZONE_TP28,zone,28,train
2024-09-23,3,10.161999999991167,3.387333333330389,ZONE_TP28,zone,28,train
2024-09-24,4,-2.4430000000006658,-0.6107500000001664,ZONE_TP28,zone,28,train
2024-09-25,3,-1.050000000000182,-0.35000000000006065,ZONE_TP28,zone,28,train
2024-09-26,6,0.9810000000006767,0.16350000000011278,ZONE_TP28,zone,28,train
2024-09-27,6,23.00000000000773,3.833333333334622,ZONE_TP28,zone,28,train
2024-09-30,4,1.383999999999105,0.34599999999977626,ZONE_TP28,zone,28,train
2024-10-01,5,30.27099999999018,6.054199999998036,ZONE_TP28,zone,28,train
2024-10-02,1,14.400000000000091,14.400000000000091,ZONE_TP28,zone,28,train
2024-10-03,2,-1.3429999999998472,-0.6714999999999236,ZONE_TP28,zone,28,train
2024-10-04,6,11.833000000003267,1.972166666667211,ZONE_TP28,zone,28,train
2024-10-07,2,-0.9999999999995453,-0.4999999999997726,ZONE_TP28,zone,28,train
2024-10-08,8,-2.3429999999989377,-0.2928749999998672,ZONE_TP28,zone,28,train
2024-10-09,3,-1.0970000000002074,-0.3656666666667358,ZONE_TP28,zone,28,train
2024-10-10,3,0.03999999999996362,0.013333333333321207,ZONE_TP28,zone,28,train
2024-10-11,7,52.073000000000775,7.439000000000111,ZONE_TP28,zone,28,train
2024-10-14,3,-1.3600000000001273,-0.4533333333333758,ZONE_TP28,zone,28,train
2024-10-15,8,6.166000000007443,0.7707500000009304,ZONE_TP28,zone,28,train
2024-10-16,6,28.800000000004275,4.800000000000712,ZONE_TP28,zone,28,train
2024-10-17,2,1.8070000000002437,0.9035000000001219,ZONE_TP28,zone,28,train
2024-10-18,9,-3.8400000000001455,-0.42666666666668285,ZONE_TP28,zone,28,train
2024-10-21,8,-1.8190000000004147,-0.22737500000005184,ZONE_TP28,zone,28,train
2024-10-22,4,14.409000000006015,3.602250000001504,ZONE_TP28,zone,28,train
2024-10-23,8,30.46799999999712,3.80849999999964,ZONE_TP28,zone,28,train
2024-10-24,2,-1.1169999999992797,-0.5584999999996398,ZONE_TP28,zone,28,train
2024-10-25,5,15.408000000001266,3.081600000000253,ZONE_TP28,zone,28,train
2024-10-28,3,-1.2469999999998436,-0.4156666666666145,ZONE_TP28,zone,28,train
2024-10-29,9,25.4690000000096,2.829888888889956,ZONE_TP28,zone,28,train
2024-10-30,2,-0.5799999999999272,-0.2899999999999636,ZONE_TP28,zone,28,train
2024-10-31,8,8.198333333335844,1.0247916666669805,ZONE_TP28,zone,28,train
2024-11-01,3,12.440000000000056,4.146666666666685,ZONE_TP28,zone,28,train
2024-11-04,3,-1.0869999999995343,-0.36233333333317813,ZONE_TP28,zone,28,train
2024-11-05,2,2.51299999999992,1.25649999999996,ZONE_TP28,zone,28,train
2024-11-06,9,27.93100000000095,3.10344444444455,ZONE_TP28,zone,28,train
2024-11-07,9,11.86699999999246,1.3185555555547177,ZONE_TP28,zone,28,train
2024-11-08,5,22.357999999992444,4.471599999998489,ZONE_TP28,zone,28,train
2024-11-11,9,65.53599999998914,7.281777777776572,ZONE_TP28,zone,28,train
2024-11-12,4,7.240000000005239,1.8100000000013097,ZONE_TP28,zone,28,train
2024-11-13,6,-1.5569999999993342,-0.25949999999988904,ZONE_TP28,zone,28,train
2024-11-14,4,36.8100000000004,9.2025000000001,ZONE_TP28,zone,28,train
2024-11-15,2,0.33999999999969077,0.16999999999984539,ZONE_TP28,zone,28,train
2024-11-18,6,20.983000000003813,3.4971666666673022,ZONE_TP28,zone,28,train
2024-11-19,6,24.942999999999756,4.157166666666626,ZONE_TP28,zone,28,train
2024-11-20,7,40.37900000000809,5.768428571429728,ZONE_TP28,zone,28,train
2024-11-21,4,6.1529999999997935,1.5382499999999484,ZONE_TP28,zone,28,train
2024-11-22,8,24.040000000015425,3.005000000001928,ZONE_TP28,zone,28,train
2024-11-25,12,18.486000000005333,1.5405000000004445,ZONE_TP28,zone,28,train
2024-11-26,5,6.09900000000016,1.219800000000032,ZONE_TP28,zone,28,train
2024-11-27,4,7.620000000000346,1.9050000000000864,ZONE_TP28,zone,28,train
2024-11-28,7,22.78900000000749,3.2555714285724986,ZONE_TP28,zone,28,train
2024-11-29,4,8.070000000004711,2.017500000001178,ZONE_TP28,zone,28,train
2024-12-02,4,-1.5399999999999636,-0.3849999999999909,ZONE_TP28,zone,28,train
2024-12-03,6,12.697000000005119,2.1161666666675196,ZONE_TP28,zone,28,train
2024-12-04,9,-3.692000000000462,-0.41022222222227356,ZONE_TP28,zone,28,train
2024-12-05,6,7.186999999998989,1.1978333333331648,ZONE_TP28,zone,28,train
2024-12-06,11,-1.4300000000007458,-0.1300000000000678,ZONE_TP28,zone,28,train
2024-12-09,6,20.033000000004904,3.3388333333341507,ZONE_TP28,zone,28,train
2024-12-10,8,12.151999999999134,1.5189999999998918,ZONE_TP28,zone,28,train
2024-12-11,7,24.209000000006657,3.4584285714295224,ZONE_TP28,zone,28,train
2024-12-12,6,53.37899999999172,8.89649999999862,ZONE_TP28,zone,28,train
2024-12-13,8,26.81199999999353,3.3514999999991915,ZONE_TP28,zone,28,train
2024-12-16,4,-1.830000000000382,-0.4575000000000955,ZONE_TP28,zone,28,train
2024-12-17,5,10.569999999994252,2.1139999999988506,ZONE_TP28,zone,28,train
2024-12-18,7,6.923000000003412,0.9890000000004875,ZONE_TP28,zone,28,train
2024-12-19,9,10.688604211534615,1.187622690170513,ZONE_TP28,zone,28,train
2024-12-20,5,3.7190000000009604,0.7438000000001921,ZONE_TP28,zone,28,train
2024-12-23,9,5.973000000000866,0.6636666666667629,ZONE_TP28,zone,28,train
2024-12-24,2,2.6770000000001346,1.3385000000000673,ZONE_TP28,zone,28,train
2024-12-26,6,6.999000000005253,1.1665000000008756,ZONE_TP28,zone,28,train
2024-12-27,4,22.926999999997406,5.7317499999993515,ZONE_TP28,zone,28,train
2024-12-30,7,4.820000000000164,0.6885714285714519,ZONE_TP28,zone,28,train
2024-12-31,4,12.22400000000016,3.05600000000004,ZONE_TP28,zone,28,train
2025-01-02,4,23.774000000003976,5.943500000000994,ZONE_TP28,zone,28,train
2025-01-03,5,7.3300000000049295,1.4660000000009858,ZONE_TP28,zone,28,train
2025-01-06,5,-2.7289999999993597,-0.5457999999998719,ZONE_TP28,zone,28,train
2025-01-07,8,9.467999999999845,1.1834999999999807,ZONE_TP28,zone,28,train
2025-01-08,5,7.747000000002117,1.5494000000004235,ZONE_TP28,zone,28,train
2025-01-09,1,-0.33999999999969077,-0.33999999999969077,ZONE_TP28,zone,28,train
2025-01-10,7,-1.9675141242940604,-0.2810734463277229,ZONE_TP28,zone,28,train
2025-01-13,9,5.432000000001153,0.6035555555556837,ZONE_TP28,zone,28,train
2025-01-14,2,-0.6969999999996617,-0.34849999999983083,ZONE_TP28,zone,28,train
2025-01-15,10,44.08340765578456,4.4083407655784566,ZONE_TP28,zone,28,train
2025-01-16,7,-2.8969999999994798,-0.41385714285706854,ZONE_TP28,zone,28,train
2025-01-17,3,10.209999999996398,3.403333333332133,ZONE_TP28,zone,28,train
2025-01-20,6,-0.14399999999977814,-0.023999999999963023,ZONE_TP28,zone,28,train
2025-01-21,13,46.39299999999639,3.56869230769203,ZONE_TP28,zone,28,train
2025-01-22,5,2.41399999999976,0.482799999999952,ZONE_TP28,zone,28,train
2025-01-23,4,-1.7210000000000036,-0.4302500000000009,ZONE_TP28,zone,28,train
2025-01-24,4,-1.989999999999327,-0.49749999999983174,ZONE_TP28,zone,28,train
2025-01-27,3,17.637000000003354,5.879000000001118,ZONE_TP28,zone,28,train
2025-01-28,7,12.039999999999509,1.7199999999999298,ZONE_TP28,zone,28,train
2025-01-29,4,3.0200000000004366,0.7550000000001091,ZONE_TP28,zone,28,train
2025-01-30,11,-4.389999999999873,-0.3990909090908975,ZONE_TP28,zone,28,train
2025-01-31,4,10.933000000001357,2.7332500000003392,ZONE_TP28,zone,28,train
2025-02-03,10,1.1870000000003538,0.11870000000003537,ZONE_TP28,zone,28,train
2025-02-04,7,15.987000000008265,2.2838571428583236,ZONE_TP28,zone,28,train
2025-02-05,6,1.1099999999996726,0.18499999999994543,ZONE_TP28,zone,28,train
2025-02-06,11,-4.382999999999811,-0.39845454545452824,ZONE_TP28,zone,28,train
2025-02-07,4,-1.9470000000001164,-0.4867500000000291,ZONE_TP28,zone,28,train
2025-02-10,8,24.319999999999254,3.0399999999999068,ZONE_TP28,zone,28,train
2025-02-11,10,36.278999999992266,3.6278999999992267,ZONE_TP28,zone,28,train
2025-02-12,8,10.705999999999676,1.3382499999999595,ZONE_TP28,zone,28,train
2025-02-13,4,-1.8229999999994106,-0.45574999999985266,ZONE_TP28,zone,28,train
2025-02-14,14,-6.89600000000064,-0.4925714285714743,ZONE_TP28,zone,28,train
2025-02-17,2,2.850000000000364,1.425000000000182,ZONE_TP28,zone,28,train
2025-02-18,5,6.013999999999214,1.2027999999998429,ZONE_TP28,zone,28,train
2025-02-19,6,13.039166666666462,2.1731944444444102,ZONE_TP28,zone,28,train
2025-02-20,8,34.59600000000228,4.324500000000285,ZONE_TP28,zone,28,train
2025-02-21,2,-0.8700000000003456,-0.4350000000001728,ZONE_TP28,zone,28,train
2025-02-24,8,13.343000000000302,1.6678750000000377,ZONE_TP28,zone,28,train
2025-02-25,12,13.963000000000648,1.1635833333333874,ZONE_TP28,zone,28,train
2025-02-26,8,-4.23299999999972,-0.529124999999965,ZONE_TP28,zone,28,train
2025-02-27,7,13.358999999997195,1.9084285714281708,ZONE_TP28,zone,28,train
2025-02-28,6,-3.1200000000003456,-0.5200000000000576,ZONE_TP28,zone,28,train
2025-03-03,11,27.73300000000654,2.521181818182413,ZONE_TP28,zone,28,train
2025-03-04,9,34.52599999999711,3.836222222221901,ZONE_TP28,zone,28,train
2025-03-05,9,4.220999999999549,0.4689999999999499,ZONE_TP28,zone,28,train
2025-03-06,8,44.41099999999415,5.551374999999268,ZONE_TP28,zone,28,train
2025-03-07,3,-5.20299999999952,-1.7343333333331732,ZONE_TP28,zone,28,train
2025-03-10,5,18.94700000000148,3.7894000000002963,ZONE_TP28,zone,28,train
2025-03-11,5,10.257000000000971,2.051400000000194,ZONE_TP28,zone,28,train
2025-03-12,2,-0.6199999999998909,-0.30999999999994543,ZONE_TP28,zone,28,train
2025-03-13,7,-1.3219999999996617,-0.1888571428570945,ZONE_TP28,zone,28,train
2025-03-14,3,27.61299999999983,9.204333333333276,ZONE_TP28,zone,28,train
2025-03-17,2,-1.6530000000002474,-0.8265000000001237,ZONE_TP28,zone,28,train
2025-03-18,7,33.02099999999973,4.7172857142856754,ZONE_TP28,zone,28,train
2025-03-19,5,1.1330000000007203,0.22660000000014408,ZONE_TP28,zone,28,train
2025-03-20,2,-1.1300000000001091,-0.5650000000000546,ZONE_TP28,zone,28,train
2025-03-21,2,-0.7399999999997817,-0.36999999999989086,ZONE_TP28,zone,28,train
2025-03-24,3,1.1030000000005202,0.36766666666684006,ZONE_TP28,zone,28,train
2025-03-25,6,16.850000000005366,2.8083333333342275,ZONE_TP28,zone,28,train
2025-03-26,1,-0.18999999999959982,-0.18999999999959982,ZONE_TP28,zone,28,train
2025-03-27,9,-4.029999999999291,-0.44777777777769895,ZONE_TP28,zone,28,train
2025-03-28,10,25.67299999999932,2.567299999999932,ZONE_TP28,zone,28,train
2025-03-31,7,-3.604000000000269,-0.5148571428571813,ZONE_TP28,zone,28,train
2025-04-01,11,67.87400000000389,6.17036363636399,ZONE_TP28,zone,28,train
2025-04-02,9,-7.15099999999984,-0.7945555555555378,ZONE_TP28,zone,28,train
2025-04-03,16,63.575999999996384,3.973499999999774,ZONE_TP28,zone,28,train
2025-04-04,16,36.27300000000923,2.267062500000577,ZONE_TP28,zone,28,train
2025-04-07,16,44.49399999999969,2.7808749999999804,ZONE_TP28,zone,28,train
2025-04-08,10,19.189999999994143,1.9189999999994143,ZONE_TP28,zone,28,train
2025-04-09,17,146.10500000000002,8.594411764705884,ZONE_TP28,zone,28,train
2025-04-10,14,60.80200000001196,4.343000000000854,ZONE_TP28,zone,28,train
2025-04-11,12,72.33599999999569,6.027999999999641,ZONE_TP28,zone,28,train
2025-04-14,4,-2.7100000000000364,-0.6775000000000091,ZONE_TP28,zone,28,train
2025-04-15,4,23.210000000000946,5.8025000000002365,ZONE_TP28,zone,28,train
2025-04-16,17,88.77999999999474,5.222352941176162,ZONE_TP28,zone,28,train
2025-04-17,15,61.90985507247327,4.127323671498218,ZONE_TP28,zone,28,train
2025-04-21,17,29.359999999997402,1.727058823529259,ZONE_TP28,zone,28,train
2025-04-22,19,-12.860000000000582,-0.6768421052631886,ZONE_TP28,zone,28,train
2025-04-23,20,92.65000000000782,4.632500000000391,ZONE_TP28,zone,28,train
2025-04-24,8,60.749999999992724,7.5937499999990905,ZONE_TP28,zone,28,train
2025-04-25,13,-4.700000000000273,-0.3615384615384825,ZONE_TP28,zone,28,train
2025-04-28,14,65.85000000000082,4.703571428571487,ZONE_TP28,zone,28,train
2025-04-29,11,-0.8900000000003274,-0.08090909090912067,ZONE_TP28,zone,28,train
2025-04-30,12,38.520000000004075,3.2100000000003397,ZONE_TP28,zone,28,train
2025-05-01,10,-7.520000000000437,-0.7520000000000436,ZONE_TP28,zone,28,train
2025-05-02,4,-1.7299999999995634,-0.43249999999989086,ZONE_TP28,zone,28,train
2025-05-05,17,92.83399999999483,5.460823529411461,ZONE_TP28,zone,28,train
2025-05-06,15,50.220000000002074,3.3480000000001384,ZONE_TP28,zone,28,train
2025-05-07,6,-1.4800000000000182,-0.2466666666666697,ZONE_TP28,zone,28,train
2025-05-08,23,13.080000000009026,0.5686956521743055,ZONE_TP28,zone,28,train
2025-05-09,9,-4.759999999998854,-0.5288888888887615,ZONE_TP28,zone,28,train
2025-05-12,11,23.36999999999307,2.1245454545448244,ZONE_TP28,zone,28,train
2025-05-13,13,37.609999999994216,2.893076923076478,ZONE_TP28,zone,28,train
2025-05-14,15,1.9639999999981228,0.1309333333332082,ZONE_TP28,zone,28,train
2025-05-15,17,62.59600000000046,3.6821176470588504,ZONE_TP28,zone,28,train
2025-05-16,10,-5.550000000000182,-0.5550000000000181,ZONE_TP28,zone,28,train
2025-05-19,8,7.800000000002456,0.975000000000307,ZONE_TP28,zone,28,train
2025-05-20,12,61.7400000000016,5.145000000000134,ZONE_TP28,zone,28,train
2025-05-21,12,25.12999999999738,2.0941666666664482,ZONE_TP28,zone,28,train
2025-05-22,15,50.401000000001666,3.3600666666667776,ZONE_TP28,zone,28,train
2025-05-23,16,8.327999999999065,0.5204999999999416,ZONE_TP28,zone,28,train
2025-05-26,5,20.614000000000487,4.1228000000000975,ZONE_TP28,zone,28,train
2025-05-27,11,1.5700000000006193,0.14272727272732902,ZONE_TP28,zone,28,train
2025-05-28,16,32.72999999999638,2.0456249999997738,ZONE_TP28,zone,28,train
2025-05-29,11,42.00499999999556,3.81863636363596,ZONE_TP28,zone,28,train
2025-05-30,11,47.33300000000827,4.303000000000751,ZONE_TP28,zone,28,train
2025-06-02,8,-2.913000000000011,-0.36412500000000136,ZONE_TP28,zone,28,train
2025-06-03,10,6.417000000000371,0.6417000000000371,ZONE_TP28,zone,28,train
2025-06-04,6,-4.949999999999818,-0.8249999999999696,ZONE_TP28,zone,28,train
2025-06-05,9,-4.826999999999771,-0.5363333333333079,ZONE_TP28,zone,28,train
2025-06-06,13,85.79700000000685,6.599769230769757,ZONE_TP28,zone,28,train
2025-06-09,12,16.634000000002743,1.3861666666668953,ZONE_TP28,zone,28,train
2025-06-10,12,27.279999999997926,2.2733333333331607,ZONE_TP28,zone,28,train
2025-06-11,7,-2.093999999999596,-0.2991428571427995,ZONE_TP28,zone,28,train
2025-06-12,9,33.78699999999753,3.754111111110837,ZONE_TP28,zone,28,train
2025-06-13,16,105.66300000000683,6.603937500000427,ZONE_TP28,zone,28,train
2025-06-16,14,-5.334999999999582,-0.3810714285713987,ZONE_TP28,zone,28,train
2025-06-17,5,-4.289999999999964,-0.8579999999999928,ZONE_TP28,zone,28,train
2025-06-18,10,29.361000000002605,2.9361000000002604,ZONE_TP28,zone,28,train
2025-06-19,2,-0.6300000000001091,-0.31500000000005457,ZONE_TP28,zone,28,train
2025-06-20,7,28.901999999992313,4.128857142856044,ZONE_TP28,zone,28,train
2025-06-23,8,18.450000000003,2.306250000000375,ZONE_TP28,zone,28,train
2025-06-24,13,12.888333333330744,0.9914102564100572,ZONE_TP28,zone,28,train
2025-06-25,8,18.25900000000047,2.2823750000000587,ZONE_TP28,zone,28,train
2025-06-26,7,-2.755000000000109,-0.39357142857144417,ZONE_TP28,zone,28,train
2025-06-27,9,35.6369999999979,3.959666666666433,ZONE_TP28,zone,28,train
2025-06-30,7,-5.083000000000084,-0.7261428571428691,ZONE_TP28,zone,28,train
2025-07-01,6,18.923000000007505,3.153833333334584,ZONE_TP28,zone,28,train
2025-07-02,4,12.613000000010288,3.153250000002572,ZONE_TP28,zone,28,train
2025-07-03,9,-4.167000000000371,-0.4630000000000412,ZONE_TP28,zone,28,train
2025-07-04,4,5.349999999999909,1.3374999999999773,ZONE_TP28,zone,28,train
2025-07-07,7,28.179999999997108,4.025714285713873,ZONE_TP28,zone,28,train
2025-07-08,11,6.676000000003114,0.6069090909093741,ZONE_TP28,zone,28,train
2025-07-09,9,5.083999999999833,0.5648888888888703,ZONE_TP28,zone,28,train
2025-07-10,3,-2.019999999999527,-0.6733333333331757,ZONE_TP28,zone,28,train
2025-07-11,4,-1.6860000000001492,-0.4215000000000373,ZONE_TP28,zone,28,train
2025-07-14,11,30.678000000003973,2.7889090909094523,ZONE_TP28,zone,28,train
2025-07-15,13,9.26999999999316,0.7130769230763969,ZONE_TP28,zone,28,train
2025-07-16,4,-4.632999999999811,-1.1582499999999527,ZONE_TP28,zone,28,train
2025-07-17,8,46.75500000000284,5.844375000000355,ZONE_TP28,zone,28,train
2025-07-18,4,-0.7529999999997017,-0.18824999999992542,ZONE_TP28,zone,28,train
2025-07-21,12,41.57100000000128,3.4642500000001064,ZONE_TP28,zone,28,train
2025-07-22,13,6.240225672877689,0.4800173594521299,ZONE_TP28,zone,28,train
2025-07-23,7,11.696999999998752,1.6709999999998217,ZONE_TP28,zone,28,train
2025-07-24,13,-6.870999999999186,-0.5285384615383989,ZONE_TP28,zone,28,train
2025-07-25,10,4.786000000000513,0.4786000000000513,ZONE_TP28,zone,28,train
2025-07-28,10,-5.360000000000127,-0.5360000000000127,ZONE_TP28,zone,28,train
2025-07-29,6,-3.0600000000004,-0.5100000000000667,ZONE_TP28,zone,28,train
2025-07-30,8,14.762999999995827,1.8453749999994784,ZONE_TP28,zone,28,train
2025-07-31,8,-3.87099999999964,-0.483874999999955,ZONE_TP28,zone,28,train
2025-08-01,8,7.275999999993019,0.9094999999991273,ZONE_TP28,zone,28,train
2025-08-04,7,4.413000000003649,0.6304285714290927,ZONE_TP28,zone,28,train
2025-08-05,16,32.862000000002354,2.053875000000147,ZONE_TP28,zone,28,train
2025-08-06,8,31.453000000004067,3.9316250000005084,ZONE_TP28,zone,28,train
2025-08-07,12,7.848999999999251,0.6540833333332708,ZONE_TP28,zone,28,train
2025-08-08,5,-6.8429999999993925,-1.3685999999998786,ZONE_TP28,zone,28,train
2025-08-11,9,23.7470000000003,2.638555555555589,ZONE_TP28,zone,28,train
2025-08-12,1,-0.16300000000001091,-0.16300000000001091,ZONE_TP28,zone,28,train
2025-08-13,4,-2.117000000000189,-0.5292500000000473,ZONE_TP28,zone,28,train
2025-08-14,9,4.581000000005588,0.5090000000006208,ZONE_TP28,zone,28,train
2025-08-15,4,-1.2999999999997272,-0.3249999999999318,ZONE_TP28,zone,28,train
2025-08-18,7,14.021999999994023,2.003142857142003,ZONE_TP28,zone,28,train
2025-08-19,8,5.518999999998414,0.6898749999998017,ZONE_TP28,zone,28,train
2025-08-20,7,24.953000000007705,3.5647142857153864,ZONE_TP28,zone,28,train
2025-08-21,5,-2.6900000000005093,-0.5380000000001018,ZONE_TP28,zone,28,train
2025-08-22,4,-1.3280000000004293,-0.3320000000001073,ZONE_TP28,zone,28,train
2025-08-25,2,2.400000000000091,1.2000000000000455,ZONE_TP28,zone,28,train
2025-08-26,3,9.190000000010514,3.0633333333368378,ZONE_TP28,zone,28,train
2025-08-27,10,6.554000000000542,0.6554000000000542,ZONE_TP28,zone,28,train
2025-08-28,5,9.79999999999518,1.9599999999990358,ZONE_TP28,zone,28,train
2025-08-29,7,26.07900000000609,3.7255714285722985,ZONE_TP28,zone,28,train
2025-09-01,8,2.9570000000007894,0.3696250000000987,ZONE_TP28,zone,28,train
2025-09-02,11,134.65700000000606,12.241545454546007,ZONE_TP28,zone,28,train
2025-09-03,10,24.886999999998807,2.4886999999998807,ZONE_TP28,zone,28,train
2025-09-04,7,12.111999999993714,1.7302857142848163,ZONE_TP28,zone,28,train
2025-09-05,8,-4.359999999999673,-0.5449999999999591,ZONE_TP28,zone,28,train
2025-09-08,15,59.94699999999193,3.996466666666129,ZONE_TP28,zone,28,train
2025-09-09,8,-4.336000000000695,-0.5420000000000869,ZONE_TP28,zone,28,train
2025-09-10,5,-3.163000000000011,-0.6326000000000022,ZONE_TP28,zone,28,train
2025-09-11,6,-3.155999999999949,-0.5259999999999915,ZONE_TP28,zone,28,train
2025-09-12,5,-1.9300000000007458,-0.38600000000014917,ZONE_TP28,zone,28,train
2025-09-15,12,-5.549999999999727,-0.46249999999997726,ZONE_TP28,zone,28,train
2025-09-16,7,-4.786000000000513,-0.683714285714359,ZONE_TP28,zone,28,train
2025-09-17,16,29.48600000000806,1.8428750000005039,ZONE_TP28,zone,28,train
2025-09-18,7,20.08699999999817,2.869571428571167,ZONE_TP28,zone,28,train
2025-09-19,7,33.038000000000466,4.719714285714352,ZONE_TP28,zone,28,train
2025-09-22,7,-3.2099999999995816,-0.4585714285713688,ZONE_TP28,zone,28,train
2025-09-23,5,36.63699999999562,7.327399999999125,ZONE_TP28,zone,28,train
2025-09-24,5,22.53399999999783,4.506799999999567,ZONE_TP28,zone,28,train
2025-09-25,7,31.139999999999873,4.448571428571411,ZONE_TP28,zone,28,train
2025-09-26,12,30.349999999993543,2.5291666666661285,ZONE_TP28,zone,28,train
2025-09-29,12,23.86600000000044,1.98883333333337,ZONE_TP28,zone,28,train
2025-09-30,14,31.400000000000546,2.242857142857182,ZONE_TP28,zone,28,train
2025-10-01,11,-6.549999999999727,-0.5954545454545207,ZONE_TP28,zone,28,train
2025-10-02,9,-4.239999999998872,-0.4711111111109858,ZONE_TP28,zone,28,train
2025-10-03,14,10.400000000004638,0.7428571428574742,ZONE_TP28,zone,28,train
2025-10-06,15,54.7010000000073,3.64673333333382,ZONE_TP28,zone,28,train
2025-10-07,12,37.39299999998593,3.116083333332161,ZONE_TP28,zone,28,train
2025-10-08,15,75.54799999999568,5.036533333333045,ZONE_TP28,zone,28,train
2025-10-09,23,-1.8670000000074651,-0.08117391304380284,ZONE_TP28,zone,28,train
2025-10-10,17,65.59899999999789,3.8587647058822285,ZONE_TP28,zone,28,train
2025-10-13,19,48.0849999999964,2.530789473684021,ZONE_TP28,zone,28,train
2025-10-14,8,-4.147000000004482,-0.5183750000005602,ZONE_TP28,zone,28,train
2025-10-15,19,99.5430000000224,5.2391052631590735,ZONE_TP28,zone,28,train
2025-10-16,25,142.9849999999924,5.719399999999696,ZONE_TP28,zone,28,train
2025-10-17,21,79.90699999999288,3.805095238094899,ZONE_TP28,zone,28,train
2025-10-20,14,75.93500000000131,5.423928571428665,ZONE_TP28,zone,28,train
2025-10-21,23,113.57299999996394,4.937956521737562,ZONE_TP28,zone,28,train
2025-10-22,16,102.70600000000604,6.419125000000378,ZONE_TP28,zone,28,train
2025-10-23,20,31.1309999999944,1.55654999999972,ZONE_TP28,zone,28,train
2025-10-24,11,2.4180000000001196,0.21981818181819268,ZONE_TP28,zone,28,train
2025-10-27,16,73.98299999999381,4.623937499999613,ZONE_TP28,zone,28,train
2025-10-28,18,55.719999999999345,3.095555555555519,ZONE_TP28,zone,28,train
2025-10-29,16,-11.106222222222186,-0.6941388888888866,ZONE_TP28,zone,28,train
2025-10-30,13,-9.255999999999403,-0.7119999999999541,ZONE_TP28,zone,28,train
2025-10-31,8,13.380000000001473,1.6725000000001842,ZONE_TP28,zone,28,train
2025-11-03,8,7.1810000000004965,0.8976250000000621,ZONE_TP28,zone,28,train
2025-11-04,14,73.65000000000919,5.260714285714942,ZONE_TP28,zone,28,train
2025-11-05,16,18.13399999999956,1.1333749999999725,ZONE_TP28,zone,28,train
2025-11-06,9,15.200000000000728,1.6888888888889697,ZONE_TP28,zone,28,train
2025-11-07,9,-4.153000000000247,-0.4614444444444719,ZONE_TP28,zone,28,train
2025-11-10,17,36.02800000002102,2.119294117648295,ZONE_TP28,zone,28,train
2025-11-11,6,1.8299999999981083,0.3049999999996847,ZONE_TP28,zone,28,train
2025-11-12,17,44.96300000001793,2.644882352942231,ZONE_TP28,zone,28,train
2025-11-13,13,35.64299999997547,2.741769230767344,ZONE_TP28,zone,28,train
2025-11-14,20,90.06999999999834,4.503499999999917,ZONE_TP28,zone,28,train
2025-11-17,18,153.02999999999656,8.501666666666475,ZONE_TP28,zone,28,train
2025-11-18,6,1.374000000000251,0.22900000000004184,ZONE_TP28,zone,28,train
2025-11-19,9,-12.500000000002274,-1.3888888888891415,ZONE_TP28,zone,28,train
2025-11-20,9,27.97700000000259,3.1085555555558435,ZONE_TP28,zone,28,train
2025-11-21,7,67.44099999999617,9.634428571428023,ZONE_TP28,zone,28,train
2025-11-24,15,67.71499999997604,4.514333333331736,ZONE_TP28,zone,28,train
2025-11-25,10,-6.25600000000577,-0.625600000000577,ZONE_TP28,zone,28,train
2025-11-26,8,26.662999999998647,3.332874999999831,ZONE_TP28,zone,28,train
2025-11-27,6,2.7999999999974534,0.46666666666624224,ZONE_TP28,zone,28,train
2025-11-28,10,-5.336000000006607,-0.5336000000006607,ZONE_TP28,zone,28,train
2025-12-01,7,25.169999999996435,3.5957142857137763,ZONE_TP28,zone,28,train
2025-12-02,10,49.875000000015454,4.987500000001545,ZONE_TP28,zone,28,train
2025-12-03,5,-2.223000000002685,-0.44460000000053695,ZONE_TP28,zone,28,train
2025-12-04,13,-4.348955684011647,-0.3345350526162805,ZONE_TP28,zone,28,train
2025-12-05,9,24.793999999993503,2.754888888888167,ZONE_TP28,zone,28,train
2025-12-08,7,-4.130000000003747,-0.5900000000005353,ZONE_TP28,zone,28,train
2025-12-09,15,16.216999999986,1.0811333333324,ZONE_TP28,zone,28,train
2025-12-10,5,-4.545000000002801,-0.9090000000005602,ZONE_TP28,zone,28,train
2025-12-11,18,30.930999999996857,1.7183888888887142,ZONE_TP28,zone,28,train
2025-12-12,6,7.792999999997846,1.2988333333329745,ZONE_TP28,zone,28,train
2025-12-15,4,55.21999999999298,13.804999999998245,ZONE_TP28,zone,28,train
2025-12-16,8,8.409999999997126,1.0512499999996407,ZONE_TP28,zone,28,train
2025-12-17,10,23.046999999988657,2.3046999999988658,ZONE_TP28,zone,28,train
2025-12-18,9,28.72299999999632,3.1914444444440355,ZONE_TP28,zone,28,train
2025-12-19,8,-3.2210000000040964,-0.40262500000051205,ZONE_TP28,zone,28,train
2025-12-22,21,175.2359999999435,8.344571428568738,ZONE_TP28,zone,28,train
2025-12-23,8,65.22599999999329,8.153249999999161,ZONE_TP28,zone,28,train
2025-12-24,12,12.440999999995256,1.0367499999996046,ZONE_TP28,zone,28,train
2025-12-26,12,-9.830000000004475,-0.8191666666670395,ZONE_TP28,zone,28,train
2025-12-29,24,25.898000000004686,1.0790833333335286,ZONE_TP28,zone,28,train
2025-12-30,12,19.297000000008666,1.6080833333340554,ZONE_TP28,zone,28,train
2025-12-31,6,-4.310000000004038,-0.7183333333340064,ZONE_TP28,zone,28,train
2024-01-02,2,1.2500000000004547,0.6250000000002274,ZONE_TP26,zone,26,train
2024-01-03,1,8.059999999998581,8.059999999998581,ZONE_TP26,zone,26,train
2024-01-04,5,12.16999999999075,2.43399999999815,ZONE_TP26,zone,26,train
2024-01-05,5,-1.4499999999995907,-0.28999999999991816,ZONE_TP26,zone,26,train
2024-01-08,0,0.0,0.0,ZONE_TP26,zone,26,train
2024-01-09,1,-0.2699999999999818,-0.2699999999999818,ZONE_TP26,zone,26,train
2024-01-10,1,-0.2799999999999727,-0.2799999999999727,ZONE_TP26,zone,26,train
2024-01-11,2,-0.9800000000000182,-0.4900000000000091,ZONE_TP26,zone,26,train
2024-01-12,6,20.91999999999939,3.486666666666565,ZONE_TP26,zone,26,train
2024-01-15,0,0.0,0.0,ZONE_TP26,zone,26,train
2024-01-16,2,-0.5199999999995271,-0.25999999999976353,ZONE_TP26,zone,26,train
2024-01-17,4,17.451999999996815,4.362999999999204,ZONE_TP26,zone,26,train
2024-01-18,3,10.537000000000035,3.512333333333345,ZONE_TP26,zone,26,train
2024-01-19,2,-0.9100000000000819,-0.4550000000000409,ZONE_TP26,zone,26,train
2024-01-22,0,0.0,0.0,ZONE_TP26,zone,26,train
2024-01-23,0,0.0,0.0,ZONE_TP26,zone,26,train
2024-01-24,2,-0.6070000000001983,-0.30350000000009913,ZONE_TP26,zone,26,train
2024-01-25,3,-1.3230000000000928,-0.4410000000000309,ZONE_TP26,zone,26,train
2024-01-26,1,6.829999999999928,6.829999999999928,ZONE_TP26,zone,26,train
2024-01-29,2,-0.7100000000000364,-0.3550000000000182,ZONE_TP26,zone,26,train
2024-01-30,5,-2.395999999999731,-0.47919999999994617,ZONE_TP26,zone,26,train
2024-01-31,7,9.930000000000064,1.4185714285714377,ZONE_TP26,zone,26,train
2024-02-01,3,20.756999999998015,6.918999999999339,ZONE_TP26,zone,26,train
2024-02-02,1,9.7800000000002,9.7800000000002,ZONE_TP26,zone,26,train
2024-02-05,1,6.180000000000064,6.180000000000064,ZONE_TP26,zone,26,train
2024-02-06,5,3.3199999999999363,0.6639999999999873,ZONE_TP26,zone,26,train
2024-02-07,2,2.400000000000091,1.2000000000000455,ZONE_TP26,zone,26,train
2024-02-08,1,-0.5499999999999545,-0.5499999999999545,ZONE_TP26,zone,26,train
2024-02-09,2,2.0499999999999545,1.0249999999999773,ZONE_TP26,zone,26,train
2024-02-12,1,-0.4130000000000109,-0.4130000000000109,ZONE_TP26,zone,26,train
2024-02-13,4,12.270000000001119,3.0675000000002797,ZONE_TP26,zone,26,train
2024-02-14,3,-0.459999999999809,-0.15333333333326968,ZONE_TP26,zone,26,train
2024-02-15,2,5.510000000000218,2.755000000000109,ZONE_TP26,zone,26,train
2024-02-16,2,-0.7799999999999727,-0.38999999999998636,ZONE_TP26,zone,26,train
2024-02-20,2,-0.6769999999999072,-0.3384999999999536,ZONE_TP26,zone,26,train
2024-02-21,1,0.1670000000001437,0.1670000000001437,ZONE_TP26,zone,26,train
2024-02-22,3,7.953000000000202,2.6510000000000673,ZONE_TP26,zone,26,train
2024-02-23,2,0.7190000000000509,0.35950000000002547,ZONE_TP26,zone,26,train
2024-02-26,1,-0.08000000000015461,-0.08000000000015461,ZONE_TP26,zone,26,train
2024-02-27,2,7.900000000000091,3.9500000000000455,ZONE_TP26,zone,26,train
2024-02-28,0,0.0,0.0,ZONE_TP26,zone,26,train
2024-02-29,0,0.0,0.0,ZONE_TP26,zone,26,train
2024-03-01,5,15.17700000000309,3.0354000000006183,ZONE_TP26,zone,26,train
2024-03-04,3,14.295999999998003,4.765333333332667,ZONE_TP26,zone,26,train
2024-03-05,5,7.166000000000622,1.4332000000001244,ZONE_TP26,zone,26,train
2024-03-06,11,-6.420999999999822,-0.5837272727272566,ZONE_TP26,zone,26,train
2024-03-07,1,-0.41000000000030923,-0.41000000000030923,ZONE_TP26,zone,26,train
2024-03-08,4,-2.2100000000000364,-0.5525000000000091,ZONE_TP26,zone,26,train
2024-03-11,2,-1.2199999999998,-0.6099999999999,ZONE_TP26,zone,26,train
2024-03-12,7,-4.300000000000182,-0.6142857142857403,ZONE_TP26,zone,26,train
2024-03-13,2,7.956999999992604,3.978499999996302,ZONE_TP26,zone,26,train
2024-03-14,2,6.710000000000036,3.355000000000018,ZONE_TP26,zone,26,train
2024-03-15,1,-0.46000000000003644,-0.46000000000003644,ZONE_TP26,zone,26,train
2024-03-18,1,-0.543999999999869,-0.543999999999869,ZONE_TP26,zone,26,train
2024-03-19,2,-0.6599999999998545,-0.32999999999992724,ZONE_TP26,zone,26,train
2024-03-20,5,-1.819999999999709,-0.3639999999999418,ZONE_TP26,zone,26,train
2024-03-21,7,8.128999999998541,1.161285714285506,ZONE_TP26,zone,26,train
2024-03-22,6,29.4740000000088,4.9123333333348,ZONE_TP26,zone,26,train
2024-03-25,3,1.9830000000001746,0.6610000000000582,ZONE_TP26,zone,26,train
2024-03-26,7,21.55600000000413,3.0794285714291614,ZONE_TP26,zone,26,train
2024-03-27,1,-0.44000000000005457,-0.44000000000005457,ZONE_TP26,zone,26,train
2024-03-28,4,7.83299999999781,1.9582499999994525,ZONE_TP26,zone,26,train
2024-04-01,8,53.430000000004384,6.678750000000548,ZONE_TP26,zone,26,train
2024-04-02,1,12.219999999994798,12.219999999994798,ZONE_TP26,zone,26,train
2024-04-03,8,12.60700000000088,1.57587500000011,ZONE_TP26,zone,26,train
2024-04-04,3,7.880000000000109,2.626666666666703,ZONE_TP26,zone,26,train
2024-04-05,4,47.49700000000121,11.874250000000302,ZONE_TP26,zone,26,train
2024-04-08,8,-4.660000000000309,-0.5825000000000387,ZONE_TP26,zone,26,train
2024-04-09,6,-2.3900000000003274,-0.3983333333333879,ZONE_TP26,zone,26,train
2024-04-10,3,11.960000000000946,3.986666666666982,ZONE_TP26,zone,26,train
2024-04-11,9,10.539000000010674,1.171000000001186,ZONE_TP26,zone,26,train
2024-04-12,11,21.522999999994227,1.9566363636358388,ZONE_TP26,zone,26,train
2024-04-15,2,22.920999999996184,11.460499999998092,ZONE_TP26,zone,26,train
2024-04-16,4,-1.8669999999997344,-0.4667499999999336,ZONE_TP26,zone,26,train
2024-04-17,6,-2.3229999999998654,-0.38716666666664423,ZONE_TP26,zone,26,train
2024-04-18,5,2.6689999999994143,0.5337999999998828,ZONE_TP26,zone,26,train
2024-04-19,11,24.867000000000644,2.260636363636422,ZONE_TP26,zone,26,train
2024-04-22,5,3.6970000000001164,0.7394000000000233,ZONE_TP26,zone,26,train
2024-04-23,5,-2.3530000000005202,-0.47060000000010405,ZONE_TP26,zone,26,train
2024-04-24,1,-0.5,-0.5,ZONE_TP26,zone,26,train
2024-04-25,6,3.582999999999629,0.5971666666666048,ZONE_TP26,zone,26,train
2024-04-26,4,-2.0299999999997453,-0.5074999999999363,ZONE_TP26,zone,26,train
2024-04-29,6,11.977000000003954,1.9961666666673257,ZONE_TP26,zone,26,train
2024-04-30,9,18.34899999999334,2.0387777777770375,ZONE_TP26,zone,26,train
2024-05-01,15,56.00900000002321,3.7339333333348805,ZONE_TP26,zone,26,train
2024-05-02,6,2.593000000000302,0.432166666666717,ZONE_TP26,zone,26,train
2024-05-03,7,44.98299999999699,6.426142857142428,ZONE_TP26,zone,26,train
2024-05-06,5,-2.687000000000353,-0.5374000000000706,ZONE_TP26,zone,26,train
2024-05-07,8,0.6170000000006439,0.07712500000008049,ZONE_TP26,zone,26,train
2024-05-08,1,-0.2699999999999818,-0.2699999999999818,ZONE_TP26,zone,26,train
2024-05-09,3,8.56599999999753,2.85533333333251,ZONE_TP26,zone,26,train
2024-05-10,7,7.656999999996515,1.093857142856645,ZONE_TP26,zone,26,train
2024-05-13,4,11.361000000003969,2.8402500000009923,ZONE_TP26,zone,26,train
2024-05-14,8,-2.7840000000001055,-0.3480000000000132,ZONE_TP26,zone,26,train
2024-05-15,6,4.84900000000016,0.8081666666666933,ZONE_TP26,zone,26,train
2024-05-16,4,-1.9500000000002728,-0.4875000000000682,ZONE_TP26,zone,26,train
2024-05-17,8,36.43299999999908,4.554124999999885,ZONE_TP26,zone,26,train
2024-05-20,9,26.67800000000579,2.964222222222866,ZONE_TP26,zone,26,train
2024-05-21,6,34.42299999999068,5.7371666666651135,ZONE_TP26,zone,26,train
2024-05-22,5,30.609999999989213,6.1219999999978425,ZONE_TP26,zone,26,train
2024-05-23,12,22.414999999995416,1.8679166666662848,ZONE_TP26,zone,26,train
2024-05-24,2,-0.5,-0.25,ZONE_TP26,zone,26,train
2024-05-27,5,-1.654000000000451,-0.33080000000009024,ZONE_TP26,zone,26,train
2024-05-28,6,9.629999999999654,1.6049999999999425,ZONE_TP26,zone,26,train
2024-05-29,3,0.2899999999999636,0.09666666666665454,ZONE_TP26,zone,26,train
2024-05-30,7,-2.4189999999994143,-0.3455714285713449,ZONE_TP26,zone,26,train
2024-05-31,10,26.427000000007865,2.6427000000007865,ZONE_TP26,zone,26,train
2024-06-03,7,7.876000000003387,1.125142857143341,ZONE_TP26,zone,26,train
2024-06-04,3,-1.0099999999997635,-0.33666666666658784,ZONE_TP26,zone,26,train
2024-06-05,11,42.0979999999995,3.8270909090908636,ZONE_TP26,zone,26,train
2024-06-06,7,-2.4719999999997526,-0.3531428571428218,ZONE_TP26,zone,26,train
2024-06-07,8,11.247000000010305,1.405875000001288,ZONE_TP26,zone,26,train
2024-06-10,6,7.836000000002969,1.3060000000004948,ZONE_TP26,zone,26,train
2024-06-11,3,10.680000000001655,3.5600000000005516,ZONE_TP26,zone,26,train
2024-06-12,4,14.502000000001317,3.6255000000003292,ZONE_TP26,zone,26,train
2024-06-13,6,-2.244000000000142,-0.37400000000002365,ZONE_TP26,zone,26,train
2024-06-14,2,12.386999999999716,6.193499999999858,ZONE_TP26,zone,26,train
2024-06-17,1,-0.25,-0.25,ZONE_TP26,zone,26,train
2024-06-18,4,-1.0400000000004184,-0.2600000000001046,ZONE_TP26,zone,26,train
2024-06-19,0,0.0,0.0,ZONE_TP26,zone,26,train
2024-06-20,5,4.843000000000301,0.9686000000000602,ZONE_TP26,zone,26,train
2024-06-21,10,70.59599999999728,7.059599999999728,ZONE_TP26,zone,26,train
2024-06-24,5,7.682999999999993,1.5365999999999986,ZONE_TP26,zone,26,train
2024-06-25,3,-1.2100000000004911,-0.403333333333497,ZONE_TP26,zone,26,train
2024-06-26,4,-2.269999999999527,-0.5674999999998818,ZONE_TP26,zone,26,train
2024-06-27,6,3.3130000000005566,0.5521666666667594,ZONE_TP26,zone,26,train
2024-06-28,1,-0.49699999999984357,-0.49699999999984357,ZONE_TP26,zone,26,train
2024-07-01,1,-0.27300000000013824,-0.27300000000013824,ZONE_TP26,zone,26,train
2024-07-02,2,7.8529999999927895,3.9264999999963948,ZONE_TP26,zone,26,train
2024-07-03,8,26.835000000015043,3.3543750000018804,ZONE_TP26,zone,26,train
2024-07-04,2,-0.8499999999994543,-0.42499999999972715,ZONE_TP26,zone,26,train
2024-07-05,12,14.155263565887253,1.179605297157271,ZONE_TP26,zone,26,train
2024-07-08,4,14.637999999995827,3.659499999998957,ZONE_TP26,zone,26,train
2024-07-09,5,-0.41599999999925785,-0.08319999999985157,ZONE_TP26,zone,26,train
2024-07-10,3,-1.2840000000001055,-0.4280000000000352,ZONE_TP26,zone,26,train
2024-07-11,4,3.79300000000012,0.94825000000003,ZONE_TP26,zone,26,train
2024-07-12,9,3.6539999999999964,0.4059999999999996,ZONE_TP26,zone,26,train
2024-07-15,6,6.900000000000091,1.1500000000000152,ZONE_TP26,zone,26,train
2024-07-16,6,-2.411999999999807,-0.4019999999999679,ZONE_TP26,zone,26,train
2024-07-17,8,-1.0509999999994761,-0.13137499999993452,ZONE_TP26,zone,26,train
2024-07-18,3,13.579000000000633,4.526333333333544,ZONE_TP26,zone,26,train
2024-07-19,9,36.299000000005435,4.033222222222826,ZONE_TP26,zone,26,train
2024-07-22,2,-0.819999999999709,-0.4099999999998545,ZONE_TP26,zone,26,train
2024-07-23,4,9.974000000001979,2.4935000000004948,ZONE_TP26,zone,26,train
2024-07-24,3,8.660000000003038,2.8866666666676792,ZONE_TP26,zone,26,train
2024-07-25,6,-2.4029999999997926,-0.40049999999996544,ZONE_TP26,zone,26,train
2024-07-26,5,-0.18399999999974176,-0.03679999999994835,ZONE_TP26,zone,26,train
2024-07-29,6,6.905999999999494,1.1509999999999156,ZONE_TP26,zone,26,train
2024-07-30,2,-0.6700000000000728,-0.3350000000000364,ZONE_TP26,zone,26,train
2024-07-31,7,6.965999999997166,0.9951428571424523,ZONE_TP26,zone,26,train
2024-08-01,4,-1.7630000000003747,-0.4407500000000937,ZONE_TP26,zone,26,train
2024-08-02,5,-3.4099999999998545,-0.6819999999999709,ZONE_TP26,zone,26,train
2024-08-05,14,14.832999999991443,1.0594999999993888,ZONE_TP26,zone,26,train
2024-08-06,9,-5.236000000000331,-0.5817777777778146,ZONE_TP26,zone,26,train
2024-08-07,6,23.560000000010405,3.926666666668401,ZONE_TP26,zone,26,train
2024-08-08,8,23.566000000001168,2.945750000000146,ZONE_TP26,zone,26,train
2024-08-09,7,-2.2140000000003965,-0.31628571428577096,ZONE_TP26,zone,26,train
2024-08-12,6,35.417999999982385,5.902999999997064,ZONE_TP26,zone,26,train
2024-08-13,5,16.82900000000518,3.365800000001036,ZONE_TP26,zone,26,train
2024-08-14,7,14.630000000000564,2.0900000000000807,ZONE_TP26,zone,26,train
2024-08-15,3,3.184000000000197,1.061333333333399,ZONE_TP26,zone,26,train
2024-08-16,7,24.424999999983356,3.4892857142833367,ZONE_TP26,zone,26,train
2024-08-19,3,-1.2199999999998,-0.40666666666659995,ZONE_TP26,zone,26,train
2024-08-20,7,1.9960000000000946,0.28514285714287063,ZONE_TP26,zone,26,train
2024-08-21,7,-3.443000000000211,-0.491857142857173,ZONE_TP26,zone,26,train
2024-08-22,4,15.111000000005333,3.7777500000013333,ZONE_TP26,zone,26,train
2024-08-23,6,31.71299999999337,5.285499999998895,ZONE_TP26,zone,26,train
2024-08-26,4,13.099999999993544,3.274999999998386,ZONE_TP26,zone,26,train
2024-08-27,2,8.66399999999976,4.33199999999988,ZONE_TP26,zone,26,train
2024-08-28,3,-1.0729999999998654,-0.3576666666666218,ZONE_TP26,zone,26,train
2024-08-29,3,8.290000000003602,2.763333333334534,ZONE_TP26,zone,26,train
2024-08-30,7,11.514000000004671,1.6448571428578103,ZONE_TP26,zone,26,train
2024-09-02,2,-0.8769999999999527,-0.43849999999997635,ZONE_TP26,zone,26,train
2024-09-03,4,27.905000000017026,6.976250000004256,ZONE_TP26,zone,26,train
2024-09-04,3,-1.3390000000003965,-0.44633333333346553,ZONE_TP26,zone,26,train
2024-09-05,5,10.70300000000043,2.1406000000000858,ZONE_TP26,zone,26,train
2024-09-06,6,29.11299999999983,4.852166666666638,ZONE_TP26,zone,26,train
2024-09-09,3,-1.6700000000005275,-0.5566666666668425,ZONE_TP26,zone,26,train
2024-09-10,6,4.232000000000426,0.7053333333334043,ZONE_TP26,zone,26,train
2024-09-11,5,-2.42699999999968,-0.485399999999936,ZONE_TP26,zone,26,train
2024-09-12,10,5.687000000001262,0.5687000000001262,ZONE_TP26,zone,26,train
2024-09-13,5,22.059999999991305,4.411999999998261,ZONE_TP26,zone,26,train
2024-09-16,1,-0.3400000000001455,-0.3400000000001455,ZONE_TP26,zone,26,train
2024-09-17,4,7.503999999999905,1.8759999999999764,ZONE_TP26,zone,26,train
2024-09-18,4,-3.0299999999997453,-0.7574999999999363,ZONE_TP26,zone,26,train
2024-09-19,6,25.860999999998967,4.310166666666494,ZONE_TP26,zone,26,train
2024-09-20,8,5.6570000000042455,0.7071250000005307,ZONE_TP26,zone,26,train
2024-09-23,3,9.481999999991785,3.1606666666639285,ZONE_TP26,zone,26,train
2024-09-24,4,-2.4430000000006658,-0.6107500000001664,ZONE_TP26,zone,26,train
2024-09-25,3,-1.050000000000182,-0.35000000000006065,ZONE_TP26,zone,26,train
2024-09-26,6,0.9810000000006767,0.16350000000011278,ZONE_TP26,zone,26,train
2024-09-27,6,22.100000000007185,3.683333333334531,ZONE_TP26,zone,26,train
2024-09-30,4,1.383999999999105,0.34599999999977626,ZONE_TP26,zone,26,train
2024-10-01,5,28.010999999990872,5.602199999998175,ZONE_TP26,zone,26,train
2024-10-02,1,14.400000000000091,14.400000000000091,ZONE_TP26,zone,26,train
2024-10-03,2,-1.3429999999998472,-0.6714999999999236,ZONE_TP26,zone,26,train
2024-10-04,6,10.765000000003058,1.7941666666671763,ZONE_TP26,zone,26,train
2024-10-07,2,-0.9999999999995453,-0.4999999999997726,ZONE_TP26,zone,26,train
2024-10-08,8,-2.3429999999989377,-0.2928749999998672,ZONE_TP26,zone,26,train
2024-10-09,3,-1.0970000000002074,-0.3656666666667358,ZONE_TP26,zone,26,train
2024-10-10,3,0.03999999999996362,0.013333333333321207,ZONE_TP26,zone,26,train
2024-10-11,7,49.6530000000007,7.093285714285814,ZONE_TP26,zone,26,train
2024-10-14,3,-1.3600000000001273,-0.4533333333333758,ZONE_TP26,zone,26,train
2024-10-15,8,5.552000000006957,0.6940000000008696,ZONE_TP26,zone,26,train
2024-10-16,6,26.58000000000402,4.43000000000067,ZONE_TP26,zone,26,train
2024-10-17,2,1.8070000000002437,0.9035000000001219,ZONE_TP26,zone,26,train
2024-10-18,9,-3.8400000000001455,-0.42666666666668285,ZONE_TP26,zone,26,train
2024-10-21,8,-1.8190000000004147,-0.22737500000005184,ZONE_TP26,zone,26,train
2024-10-22,4,13.29500000000553,3.3237500000013824,ZONE_TP26,zone,26,train
2024-10-23,8,29.093999999997322,3.6367499999996653,ZONE_TP26,zone,26,train
2024-10-24,2,-1.1169999999992797,-0.5584999999996398,ZONE_TP26,zone,26,train
2024-10-25,5,14.44800000000123,2.8896000000002457,ZONE_TP26,zone,26,train
2024-10-28,3,-1.2469999999998436,-0.4156666666666145,ZONE_TP26,zone,26,train
2024-10-29,9,24.863000000008924,2.7625555555565473,ZONE_TP26,zone,26,train
2024-10-30,2,-0.5799999999999272,-0.2899999999999636,ZONE_TP26,zone,26,train
2024-10-31,8,7.438333333335625,0.9297916666669531,ZONE_TP26,zone,26,train
2024-11-01,3,12.440000000000056,4.146666666666685,ZONE_TP26,zone,26,train
2024-11-04,3,-1.0869999999995343,-0.36233333333317813,ZONE_TP26,zone,26,train
2024-11-05,2,2.51299999999992,1.25649999999996,ZONE_TP26,zone,26,train
2024-11-06,9,26.323000000000775,2.924777777777864,ZONE_TP26,zone,26,train
2024-11-07,9,10.766999999993006,1.1963333333325563,ZONE_TP26,zone,26,train
2024-11-08,5,21.717999999993026,4.343599999998605,ZONE_TP26,zone,26,train
2024-11-11,9,61.52199999998993,6.835777777776659,ZONE_TP26,zone,26,train
2024-11-12,4,6.640000000004875,1.6600000000012187,ZONE_TP26,zone,26,train
2024-11-13,6,-1.5569999999993342,-0.25949999999988904,ZONE_TP26,zone,26,train
2024-11-14,4,45.185999999997875,11.296499999999469,ZONE_TP26,zone,26,train
2024-11-15,2,0.33999999999969077,0.16999999999984539,ZONE_TP26,zone,26,train
2024-11-18,6,19.669000000003507,3.2781666666672513,ZONE_TP26,zone,26,train
2024-11-19,6,23.98299999999972,3.99716666666662,ZONE_TP26,zone,26,train
2024-11-20,7,37.385000000007494,5.3407142857153564,ZONE_TP26,zone,26,train
2024-11-21,4,6.1529999999997935,1.5382499999999484,ZONE_TP26,zone,26,train
2024-11-22,8,22.142000000014377,2.767750000001797,ZONE_TP26,zone,26,train
2024-11-25,12,16.846000000005006,1.4038333333337505,ZONE_TP26,zone,26,train
2024-11-26,5,6.09900000000016,1.219800000000032,ZONE_TP26,zone,26,train
2024-11-27,4,6.986000000000331,1.7465000000000828,ZONE_TP26,zone,26,train
2024-11-28,7,21.34900000000698,3.0498571428581402,ZONE_TP26,zone,26,train
2024-11-29,4,7.430000000004384,1.857500000001096,ZONE_TP26,zone,26,train
2024-12-02,4,-1.5399999999999636,-0.3849999999999909,ZONE_TP26,zone,26,train
2024-12-03,6,11.597000000004753,1.9328333333341254,ZONE_TP26,zone,26,train
2024-12-04,9,-3.692000000000462,-0.41022222222227356,ZONE_TP26,zone,26,train
2024-12-05,6,6.472999999999047,1.0788333333331745,ZONE_TP26,zone,26,train
2024-12-06,11,-1.4300000000007458,-0.1300000000000678,ZONE_TP26,zone,26,train
2024-12-09,6,18.43300000000454,3.072166666667423,ZONE_TP26,zone,26,train
2024-12-10,8,14.286999999995714,1.7858749999994643,ZONE_TP26,zone,26,train
2024-12-11,7,22.149000000006257,3.164142857143751,ZONE_TP26,zone,26,train
2024-12-12,6,57.59099999999353,9.598499999998921,ZONE_TP26,zone,26,train
2024-12-13,8,25.291999999994005,3.1614999999992506,ZONE_TP26,zone,26,train
2024-12-16,4,-1.830000000000382,-0.4575000000000955,ZONE_TP26,zone,26,train
2024-12-17,5,9.669999999994616,1.9339999999989232,ZONE_TP26,zone,26,train
2024-12-18,7,6.163000000003194,0.8804285714290278,ZONE_TP26,zone,26,train
2024-12-19,9,9.768604211534543,1.0854004679482825,ZONE_TP26,zone,26,train
2024-12-20,5,3.7190000000009604,0.7438000000001921,ZONE_TP26,zone,26,train
2024-12-23,9,5.973000000000866,0.6636666666667629,ZONE_TP26,zone,26,train
2024-12-24,2,2.6770000000001346,1.3385000000000673,ZONE_TP26,zone,26,train
2024-12-26,6,6.359000000004926,1.0598333333341543,ZONE_TP26,zone,26,train
2024-12-27,4,22.226999999997588,5.556749999999397,ZONE_TP26,zone,26,train
2024-12-30,7,4.820000000000164,0.6885714285714519,ZONE_TP26,zone,26,train
2024-12-31,4,11.264000000000124,2.816000000000031,ZONE_TP26,zone,26,train
2025-01-02,4,21.960000000003674,5.490000000000919,ZONE_TP26,zone,26,train
2025-01-03,5,6.690000000004602,1.3380000000009205,ZONE_TP26,zone,26,train
2025-01-06,5,-2.7289999999993597,-0.5457999999998719,ZONE_TP26,zone,26,train
2025-01-07,8,9.467999999999845,1.1834999999999807,ZONE_TP26,zone,26,train
2025-01-08,5,7.041000000001986,1.4082000000003974,ZONE_TP26,zone,26,train
2025-01-09,1,-0.33999999999969077,-0.33999999999969077,ZONE_TP26,zone,26,train
2025-01-10,7,-1.9675141242940604,-0.2810734463277229,ZONE_TP26,zone,26,train
2025-01-13,9,5.432000000001153,0.6035555555556837,ZONE_TP26,zone,26,train
2025-01-14,2,-0.6969999999996617,-0.34849999999983083,ZONE_TP26,zone,26,train
2025-01-15,10,40.70340765578354,4.070340765578354,ZONE_TP26,zone,26,train
2025-01-16,7,-2.8969999999994798,-0.41385714285706854,ZONE_TP26,zone,26,train
2025-01-17,3,9.429999999996653,3.1433333333322175,ZONE_TP26,zone,26,train
2025-01-20,6,-0.14399999999977814,-0.023999999999963023,ZONE_TP26,zone,26,train
2025-01-21,13,45.07299999999668,3.467153846153591,ZONE_TP26,zone,26,train
2025-01-22,5,2.41399999999976,0.482799999999952,ZONE_TP26,zone,26,train
2025-01-23,4,-1.7210000000000036,-0.4302500000000009,ZONE_TP26,zone,26,train
2025-01-24,4,-1.989999999999327,-0.49749999999983174,ZONE_TP26,zone,26,train
2025-01-27,3,16.4170000000031,5.472333333334366,ZONE_TP26,zone,26,train
2025-01-28,7,10.999999999999545,1.5714285714285066,ZONE_TP26,zone,26,train
2025-01-29,4,3.0200000000004366,0.7550000000001091,ZONE_TP26,zone,26,train
2025-01-30,11,-4.389999999999873,-0.3990909090908975,ZONE_TP26,zone,26,train
2025-01-31,4,10.053000000001248,2.513250000000312,ZONE_TP26,zone,26,train
2025-02-03,10,1.1870000000003538,0.11870000000003537,ZONE_TP26,zone,26,train
2025-02-04,7,14.627000000007683,2.089571428572526,ZONE_TP26,zone,26,train
2025-02-05,6,1.1099999999996726,0.18499999999994543,ZONE_TP26,zone,26,train
2025-02-06,11,-4.382999999999811,-0.39845454545452824,ZONE_TP26,zone,26,train
2025-02-07,4,-1.9470000000001164,-0.4867500000000291,ZONE_TP26,zone,26,train
2025-02-10,8,24.319999999999254,3.0399999999999068,ZONE_TP26,zone,26,train
2025-02-11,10,33.41099999999278,3.3410999999992783,ZONE_TP26,zone,26,train
2025-02-12,8,10.934999999998581,1.3668749999998226,ZONE_TP26,zone,26,train
2025-02-13,4,-1.8229999999994106,-0.45574999999985266,ZONE_TP26,zone,26,train
2025-02-14,14,-6.89600000000064,-0.4925714285714743,ZONE_TP26,zone,26,train
2025-02-17,2,2.850000000000364,1.425000000000182,ZONE_TP26,zone,26,train
2025-02-18,5,6.013999999999214,1.2027999999998429,ZONE_TP26,zone,26,train
2025-02-19,6,12.03916666666646,2.0065277777777433,ZONE_TP26,zone,26,train
2025-02-20,8,33.54200000000219,4.192750000000274,ZONE_TP26,zone,26,train
2025-02-21,2,-0.8700000000003456,-0.4350000000001728,ZONE_TP26,zone,26,train
2025-02-24,8,13.343000000000302,1.6678750000000377,ZONE_TP26,zone,26,train
2025-02-25,12,12.52100000000064,1.04341666666672,ZONE_TP26,zone,26,train
2025-02-26,8,-4.23299999999972,-0.529124999999965,ZONE_TP26,zone,26,train
2025-02-27,7,12.484999999997399,1.7835714285710569,ZONE_TP26,zone,26,train
2025-02-28,6,-3.1200000000003456,-0.5200000000000576,ZONE_TP26,zone,26,train
2025-03-03,11,26.17300000000614,2.379363636364195,ZONE_TP26,zone,26,train
2025-03-04,9,32.651999999997315,3.6279999999997017,ZONE_TP26,zone,26,train
2025-03-05,9,4.220999999999549,0.4689999999999499,ZONE_TP26,zone,26,train
2025-03-06,8,43.10499999999456,5.38812499999932,ZONE_TP26,zone,26,train
2025-03-07,3,-5.20299999999952,-1.7343333333331732,ZONE_TP26,zone,26,train
2025-03-10,5,18.107000000001335,3.621400000000267,ZONE_TP26,zone,26,train
2025-03-11,5,9.337000000000899,1.8674000000001798,ZONE_TP26,zone,26,train
2025-03-12,2,-0.6199999999998909,-0.30999999999994543,ZONE_TP26,zone,26,train
2025-03-13,7,-1.3219999999996617,-0.1888571428570945,ZONE_TP26,zone,26,train
2025-03-14,3,25.61299999999983,8.53766666666661,ZONE_TP26,zone,26,train
2025-03-17,2,-1.6530000000002474,-0.8265000000001237,ZONE_TP26,zone,26,train
2025-03-18,7,37.41400000000249,5.3448571428574985,ZONE_TP26,zone,26,train
2025-03-19,5,1.1330000000007203,0.22660000000014408,ZONE_TP26,zone,26,train
2025-03-20,2,-1.1300000000001091,-0.5650000000000546,ZONE_TP26,zone,26,train
2025-03-21,2,-0.7399999999997817,-0.36999999999989086,ZONE_TP26,zone,26,train
2025-03-24,3,1.1030000000005202,0.36766666666684006,ZONE_TP26,zone,26,train
2025-03-25,6,15.750000000005,2.6250000000008336,ZONE_TP26,zone,26,train
2025-03-26,1,-0.18999999999959982,-0.18999999999959982,ZONE_TP26,zone,26,train
2025-03-27,9,-4.029999999999291,-0.44777777777769895,ZONE_TP26,zone,26,train
2025-03-28,10,23.632999999999356,2.363299999999936,ZONE_TP26,zone,26,train
2025-03-31,7,-3.604000000000269,-0.5148571428571813,ZONE_TP26,zone,26,train
2025-04-01,11,63.32800000000361,5.757090909091238,ZONE_TP26,zone,26,train
2025-04-02,9,-7.15099999999984,-0.7945555555555378,ZONE_TP26,zone,26,train
2025-04-03,16,58.755999999996675,3.672249999999792,ZONE_TP26,zone,26,train
2025-04-04,16,32.53300000000854,2.033312500000534,ZONE_TP26,zone,26,train
2025-04-07,16,41.45399999999972,2.5908749999999827,ZONE_TP26,zone,26,train
2025-04-08,10,17.749999999994543,1.7749999999994543,ZONE_TP26,zone,26,train
2025-04-09,17,135.06500000000005,7.945000000000003,ZONE_TP26,zone,26,train
2025-04-10,14,56.22200000001112,4.0158571428579375,ZONE_TP26,zone,26,train
2025-04-11,12,69.01599999999598,5.751333333332998,ZONE_TP26,zone,26,train
2025-04-14,4,-2.7100000000000364,-0.6775000000000091,ZONE_TP26,zone,26,train
2025-04-15,4,22.290000000000873,5.572500000000218,ZONE_TP26,zone,26,train
2025-04-16,17,81.91999999999507,4.818823529411475,ZONE_TP26,zone,26,train
2025-04-17,15,58.129855072472616,3.8753236714981742,ZONE_TP26,zone,26,train
2025-04-21,17,26.699999999997544,1.5705882352939733,ZONE_TP26,zone,26,train
2025-04-22,19,21.799999999998363,1.1473684210525454,ZONE_TP26,zone,26,train
2025-04-23,20,87.24000000000206,4.362000000000103,ZONE_TP26,zone,26,train
2025-04-24,8,56.2299999999932,7.02874999999915,ZONE_TP26,zone,26,train
2025-04-25,13,-4.700000000000273,-0.3615384615384825,ZONE_TP26,zone,26,train
2025-04-28,14,61.930000000000746,4.423571428571482,ZONE_TP26,zone,26,train
2025-04-29,11,-0.8900000000003274,-0.08090909090912067,ZONE_TP26,zone,26,train
2025-04-30,12,35.38000000000375,2.9483333333336454,ZONE_TP26,zone,26,train
2025-05-01,10,-7.520000000000437,-0.7520000000000436,ZONE_TP26,zone,26,train
2025-05-02,4,-1.7299999999995634,-0.43249999999989086,ZONE_TP26,zone,26,train
2025-05-05,17,85.89399999999523,5.052588235293837,ZONE_TP26,zone,26,train
2025-05-06,15,49.340000000001965,3.2893333333334644,ZONE_TP26,zone,26,train
2025-05-07,6,-1.4800000000000182,-0.2466666666666697,ZONE_TP26,zone,26,train
2025-05-08,23,11.22000000000844,0.4878260869568887,ZONE_TP26,zone,26,train
2025-05-09,9,-4.759999999998854,-0.5288888888887615,ZONE_TP26,zone,26,train
2025-05-12,11,21.80999999999358,1.982727272726689,ZONE_TP26,zone,26,train
2025-05-13,13,34.74999999999454,2.6730769230765032,ZONE_TP26,zone,26,train
2025-05-14,15,18.953999999992902,1.2635999999995269,ZONE_TP26,zone,26,train
2025-05-15,17,57.63600000000042,3.3903529411764954,ZONE_TP26,zone,26,train
2025-05-16,10,-5.550000000000182,-0.5550000000000181,ZONE_TP26,zone,26,train
2025-05-19,8,7.040000000002237,0.8800000000002797,ZONE_TP26,zone,26,train
2025-05-20,12,57.3600000000015,4.780000000000125,ZONE_TP26,zone,26,train
2025-05-21,12,22.929999999997563,1.9108333333331302,ZONE_TP26,zone,26,train
2025-05-22,15,46.427000000001506,3.095133333333434,ZONE_TP26,zone,26,train
2025-05-23,16,7.57399999999916,0.4733749999999475,ZONE_TP26,zone,26,train
2025-05-26,5,20.614000000000487,4.1228000000000975,ZONE_TP26,zone,26,train
2025-05-27,11,1.5700000000006193,0.14272727272732902,ZONE_TP26,zone,26,train
2025-05-28,16,29.90999999999667,1.869374999999792,ZONE_TP26,zone,26,train
2025-05-29,11,54.63100000000304,4.966454545454822,ZONE_TP26,zone,26,train
2025-05-30,11,43.93300000000772,3.993909090909793,ZONE_TP26,zone,26,train
2025-06-02,8,-2.913000000000011,-0.36412500000000136,ZONE_TP26,zone,26,train
2025-06-03,10,15.748000000008233,1.5748000000008233,ZONE_TP26,zone,26,train
2025-06-04,6,-4.949999999999818,-0.8249999999999696,ZONE_TP26,zone,26,train
2025-06-05,9,-4.826999999999771,-0.5363333333333079,ZONE_TP26,zone,26,train
2025-06-06,13,84.43000000001075,6.494615384616211,ZONE_TP26,zone,26,train
2025-06-09,12,15.21400000000267,1.2678333333335559,ZONE_TP26,zone,26,train
2025-06-10,12,25.57999999999811,2.131666666666509,ZONE_TP26,zone,26,train
2025-06-11,7,-2.093999999999596,-0.2991428571427995,ZONE_TP26,zone,26,train
2025-06-12,9,32.086999999997715,3.5652222222219683,ZONE_TP26,zone,26,train
2025-06-13,16,98.00900000000638,6.125562500000399,ZONE_TP26,zone,26,train
2025-06-16,14,-5.334999999999582,-0.3810714285713987,ZONE_TP26,zone,26,train
2025-06-17,5,-4.289999999999964,-0.8579999999999928,ZONE_TP26,zone,26,train
2025-06-18,10,28.195000000002437,2.819500000000244,ZONE_TP26,zone,26,train
2025-06-19,2,-0.6300000000001091,-0.31500000000005457,ZONE_TP26,zone,26,train
2025-06-20,7,28.167999999992844,4.023999999998978,ZONE_TP26,zone,26,train
2025-06-23,8,16.904000000002725,2.1130000000003406,ZONE_TP26,zone,26,train
2025-06-24,13,11.72833333333089,0.9021794871792992,ZONE_TP26,zone,26,train
2025-06-25,8,16.705000000000382,2.0881250000000477,ZONE_TP26,zone,26,train
2025-06-26,7,-2.755000000000109,-0.39357142857144417,ZONE_TP26,zone,26,train
2025-06-27,9,32.97699999999804,3.6641111111108935,ZONE_TP26,zone,26,train
2025-06-30,7,-5.083000000000084,-0.7261428571428691,ZONE_TP26,zone,26,train
2025-07-01,6,17.34900000000698,2.8915000000011637,ZONE_TP26,zone,26,train
2025-07-02,4,11.779000000009546,2.9447500000023865,ZONE_TP26,zone,26,train
2025-07-03,9,-4.167000000000371,-0.4630000000000412,ZONE_TP26,zone,26,train
2025-07-04,4,5.349999999999909,1.3374999999999773,ZONE_TP26,zone,26,train
2025-07-07,7,25.979999999997293,3.711428571428185,ZONE_TP26,zone,26,train
2025-07-08,11,5.916000000002896,0.5378181818184451,ZONE_TP26,zone,26,train
2025-07-09,9,5.083999999999833,0.5648888888888703,ZONE_TP26,zone,26,train
2025-07-10,3,-2.019999999999527,-0.6733333333331757,ZONE_TP26,zone,26,train
2025-07-11,4,-1.6860000000001492,-0.4215000000000373,ZONE_TP26,zone,26,train
2025-07-14,11,28.324000000003707,2.574909090909428,ZONE_TP26,zone,26,train
2025-07-15,13,8.20999999999367,0.6315384615379747,ZONE_TP26,zone,26,train
2025-07-16,4,-4.632999999999811,-1.1582499999999527,ZONE_TP26,zone,26,train
2025-07-17,8,45.53500000000258,5.691875000000323,ZONE_TP26,zone,26,train
2025-07-18,4,-0.7529999999997017,-0.18824999999992542,ZONE_TP26,zone,26,train
2025-07-21,12,40.365000000001146,3.3637500000000955,ZONE_TP26,zone,26,train
2025-07-22,13,6.240225672877689,0.4800173594521299,ZONE_TP26,zone,26,train
2025-07-23,7,10.656999999998789,1.5224285714283983,ZONE_TP26,zone,26,train
2025-07-24,13,-6.870999999999186,-0.5285384615383989,ZONE_TP26,zone,26,train
2025-07-25,10,4.786000000000513,0.4786000000000513,ZONE_TP26,zone,26,train
2025-07-28,10,-5.360000000000127,-0.5360000000000127,ZONE_TP26,zone,26,train
2025-07-29,6,-3.0600000000004,-0.5100000000000667,ZONE_TP26,zone,26,train
2025-07-30,8,13.442999999996118,1.6803749999995148,ZONE_TP26,zone,26,train
2025-07-31,8,-3.87099999999964,-0.483874999999955,ZONE_TP26,zone,26,train
2025-08-01,8,6.54199999999355,0.8177499999991937,ZONE_TP26,zone,26,train
2025-08-04,7,3.7730000000033215,0.5390000000004745,ZONE_TP26,zone,26,train
2025-08-05,16,30.022000000002212,1.8763750000001382,ZONE_TP26,zone,26,train
2025-08-06,8,39.795000000003256,4.974375000000407,ZONE_TP26,zone,26,train
2025-08-07,12,6.768999999999323,0.564083333333277,ZONE_TP26,zone,26,train
2025-08-08,5,-6.8429999999993925,-1.3685999999998786,ZONE_TP26,zone,26,train
2025-08-11,9,23.7470000000003,2.638555555555589,ZONE_TP26,zone,26,train
2025-08-12,1,-0.16300000000001091,-0.16300000000001091,ZONE_TP26,zone,26,train
2025-08-13,4,-2.117000000000189,-0.5292500000000473,ZONE_TP26,zone,26,train
2025-08-14,9,3.981000000005224,0.4423333333339138,ZONE_TP26,zone,26,train
2025-08-15,4,-1.2999999999997272,-0.3249999999999318,ZONE_TP26,zone,26,train
2025-08-18,7,13.367999999994481,1.9097142857134972,ZONE_TP26,zone,26,train
2025-08-19,8,4.898999999998523,0.6123749999998154,ZONE_TP26,zone,26,train
2025-08-20,7,23.013000000007196,3.2875714285724564,ZONE_TP26,zone,26,train
2025-08-21,5,-2.6900000000005093,-0.5380000000001018,ZONE_TP26,zone,26,train
2025-08-22,4,-1.3280000000004293,-0.3320000000001073,ZONE_TP26,zone,26,train
2025-08-25,2,2.400000000000091,1.2000000000000455,ZONE_TP26,zone,26,train
2025-08-26,3,8.490000000009786,2.830000000003262,ZONE_TP26,zone,26,train
2025-08-27,10,6.554000000000542,0.6554000000000542,ZONE_TP26,zone,26,train
2025-08-28,5,8.939999999995507,1.7879999999991014,ZONE_TP26,zone,26,train
2025-08-29,7,24.099000000005617,3.442714285715088,ZONE_TP26,zone,26,train
2025-09-01,8,2.9570000000007894,0.3696250000000987,ZONE_TP26,zone,26,train
2025-09-02,11,127.59700000000566,11.599727272727788,ZONE_TP26,zone,26,train
2025-09-03,10,22.846999999998843,2.2846999999998845,ZONE_TP26,zone,26,train
2025-09-04,7,10.957999999994174,1.5654285714277392,ZONE_TP26,zone,26,train
2025-09-05,8,-4.359999999999673,-0.5449999999999591,ZONE_TP26,zone,26,train
2025-09-08,15,55.30699999999251,3.687133333332834,ZONE_TP26,zone,26,train
2025-09-09,8,-4.336000000000695,-0.5420000000000869,ZONE_TP26,zone,26,train
2025-09-10,5,-3.163000000000011,-0.6326000000000022,ZONE_TP26,zone,26,train
2025-09-11,6,-3.155999999999949,-0.5259999999999915,ZONE_TP26,zone,26,train
2025-09-12,5,-1.9300000000007458,-0.38600000000014917,ZONE_TP26,zone,26,train
2025-09-15,12,-5.549999999999727,-0.46249999999997726,ZONE_TP26,zone,26,train
2025-09-16,7,-4.786000000000513,-0.683714285714359,ZONE_TP26,zone,26,train
2025-09-17,16,27.166000000007443,1.6978750000004652,ZONE_TP26,zone,26,train
2025-09-18,7,18.46699999999828,2.6381428571426113,ZONE_TP26,zone,26,train
2025-09-19,7,33.038000000000466,4.719714285714352,ZONE_TP26,zone,26,train
2025-09-22,7,-3.2099999999995816,-0.4585714285713688,ZONE_TP26,zone,26,train
2025-09-23,5,33.95099999999593,6.790199999999186,ZONE_TP26,zone,26,train
2025-09-24,5,20.79399999999805,4.15879999999961,ZONE_TP26,zone,26,train
2025-09-25,7,30.42599999999993,4.346571428571418,ZONE_TP26,zone,26,train
2025-09-26,12,27.829999999994016,2.319166666666168,ZONE_TP26,zone,26,train
2025-09-29,12,22.732000000000426,1.8943333333333687,ZONE_TP26,zone,26,train
2025-09-30,14,31.400000000000546,2.242857142857182,ZONE_TP26,zone,26,train
2025-10-01,11,-6.549999999999727,-0.5954545454545207,ZONE_TP26,zone,26,train
2025-10-02,9,-4.239999999998872,-0.4711111111109858,ZONE_TP26,zone,26,train
2025-10-03,14,9.800000000004275,0.7000000000003054,ZONE_TP26,zone,26,train
2025-10-06,15,51.97500000000673,3.465000000000449,ZONE_TP26,zone,26,train
2025-10-07,12,35.27299999998695,2.939416666665579,ZONE_TP26,zone,26,train
2025-10-08,15,69.53599999999597,4.635733333333064,ZONE_TP26,zone,26,train
2025-10-09,23,-2.927000000006956,-0.12726086956551982,ZONE_TP26,zone,26,train
2025-10-10,17,65.9090000000042,3.877000000000247,ZONE_TP26,zone,26,train
2025-10-13,19,43.96499999999696,2.3139473684208927,ZONE_TP26,zone,26,train
2025-10-14,8,-4.147000000004482,-0.5183750000005602,ZONE_TP26,zone,26,train
2025-10-15,19,96.07700000002023,5.056684210527381,ZONE_TP26,zone,26,train
2025-10-16,25,131.8049999999921,5.2721999999996845,ZONE_TP26,zone,26,train
2025-10-17,21,79.90699999999288,3.805095238094899,ZONE_TP26,zone,26,train
2025-10-20,14,70.72700000000077,5.051928571428626,ZONE_TP26,zone,26,train
2025-10-21,23,104.33299999996598,4.536217391302869,ZONE_TP26,zone,26,train
2025-10-22,16,94.75200000000541,5.922000000000338,ZONE_TP26,zone,26,train
2025-10-23,20,28.10499999999456,1.405249999999728,ZONE_TP26,zone,26,train
2025-10-24,11,2.4180000000001196,0.21981818181819268,ZONE_TP26,zone,26,train
2025-10-27,16,68.46299999999428,4.278937499999643,ZONE_TP26,zone,26,train
2025-10-28,18,55.719999999999345,3.095555555555519,ZONE_TP26,zone,26,train
2025-10-29,16,-11.106222222222186,-0.6941388888888866,ZONE_TP26,zone,26,train
2025-10-30,13,-9.255999999999403,-0.7119999999999541,ZONE_TP26,zone,26,train
2025-10-31,8,12.000000000001364,1.5000000000001705,ZONE_TP26,zone,26,train
2025-11-03,8,6.181000000000495,0.7726250000000618,ZONE_TP26,zone,26,train
2025-11-04,14,67.83000000000857,4.845000000000612,ZONE_TP26,zone,26,train
2025-11-05,16,17.01399999999967,1.0633749999999793,ZONE_TP26,zone,26,train
2025-11-06,9,15.200000000000728,1.6888888888889697,ZONE_TP26,zone,26,train
2025-11-07,9,-4.153000000000247,-0.4614444444444719,ZONE_TP26,zone,26,train
2025-11-10,17,33.288000000019416,1.9581176470599657,ZONE_TP26,zone,26,train
2025-11-11,6,1.8299999999981083,0.3049999999996847,ZONE_TP26,zone,26,train
2025-11-12,17,42.303000000016254,2.4884117647068384,ZONE_TP26,zone,26,train
2025-11-13,13,33.61299999999483,2.5856153846149867,ZONE_TP26,zone,26,train
2025-11-14,20,112.69799999999759,5.634899999999879,ZONE_TP26,zone,26,train
2025-11-17,18,143.20999999999685,7.956111111110936,ZONE_TP26,zone,26,train
2025-11-18,6,1.374000000000251,0.22900000000004184,ZONE_TP26,zone,26,train
2025-11-19,9,-12.500000000002274,-1.3888888888891415,ZONE_TP26,zone,26,train
2025-11-20,9,25.637000000002445,2.8485555555558273,ZONE_TP26,zone,26,train
2025-11-21,7,72.9529999999977,10.421857142856814,ZONE_TP26,zone,26,train
2025-11-24,15,63.3029999999776,4.220199999998507,ZONE_TP26,zone,26,train
2025-11-25,10,-6.25600000000577,-0.625600000000577,ZONE_TP26,zone,26,train
2025-11-26,8,26.662999999998647,3.332874999999831,ZONE_TP26,zone,26,train
2025-11-27,6,2.7999999999974534,0.46666666666624224,ZONE_TP26,zone,26,train
2025-11-28,10,-5.336000000006607,-0.5336000000006607,ZONE_TP26,zone,26,train
2025-12-01,7,25.169999999996435,3.5957142857137763,ZONE_TP26,zone,26,train
2025-12-02,10,46.449000000014166,4.6449000000014165,ZONE_TP26,zone,26,train
2025-12-03,5,-2.223000000002685,-0.44460000000053695,ZONE_TP26,zone,26,train
2025-12-04,13,8.811044315971836,0.6777726396901412,ZONE_TP26,zone,26,train
2025-12-05,9,22.607999999993808,2.511999999999312,ZONE_TP26,zone,26,train
2025-12-08,7,-4.130000000003747,-0.5900000000005353,ZONE_TP26,zone,26,train
2025-12-09,15,14.65699999998651,0.977133333332434,ZONE_TP26,zone,26,train
2025-12-10,5,-4.545000000002801,-0.9090000000005602,ZONE_TP26,zone,26,train
2025-12-11,18,27.830999999996493,1.5461666666664717,ZONE_TP26,zone,26,train
2025-12-12,6,7.792999999997846,1.2988333333329745,ZONE_TP26,zone,26,train
2025-12-15,4,51.239999999993415,12.809999999998354,ZONE_TP26,zone,26,train
2025-12-16,8,8.409999999997126,1.0512499999996407,ZONE_TP26,zone,26,train
2025-12-17,10,20.986999999989166,2.0986999999989164,ZONE_TP26,zone,26,train
2025-12-18,9,28.72299999999632,3.1914444444440355,ZONE_TP26,zone,26,train
2025-12-19,8,-3.2210000000040964,-0.40262500000051205,ZONE_TP26,zone,26,train
2025-12-22,21,162.18199999994704,7.722952380949859,ZONE_TP26,zone,26,train
2025-12-23,8,60.325999999993655,7.540749999999207,ZONE_TP26,zone,26,train
2025-12-24,12,11.200999999995474,0.9334166666662895,ZONE_TP26,zone,26,train
2025-12-26,12,-9.830000000004475,-0.8191666666670395,ZONE_TP26,zone,26,train
2025-12-29,24,23.724000000003798,0.9885000000001583,ZONE_TP26,zone,26,train
2025-12-30,12,18.33700000000772,1.5280833333339767,ZONE_TP26,zone,26,train
2025-12-31,6,-4.310000000004038,-0.7183333333340064,ZONE_TP26,zone,26,train
