config,day,n_trades,pnl_total,ev_per_trade,n_sniper_submitted,n_sniper_triggered,n_sniper_cancelled,n_sniper_expired,error,split
IMMEDIATE,2024-01-02,23,0.5576431944121699,0.024245356278789997,0,0,0,0,,train
IMMEDIATE,2024-01-03,66,-0.6036185520035816,-0.009145735636417903,0,0,0,0,,train
IMMEDIATE,2024-01-04,34,-1.3728850799116876,-0.04037897293857905,0,0,0,0,,train
IMMEDIATE,2024-01-05,34,-1.2780730461658247,-0.03759038371075955,0,0,0,0,,train
IMMEDIATE,2024-01-08,49,-1.6547828867001044,-0.03377107932041029,0,0,0,0,,train
IMMEDIATE,2024-01-09,35,-1.089851548684616,-0.031138615676703316,0,0,0,0,,train
IMMEDIATE,2024-01-10,44,-1.2920797453718933,-0.02936544875845212,0,0,0,0,,train
IMMEDIATE,2024-01-11,23,-0.006269166303582173,-0.0002725724479818336,0,0,0,0,,train
IMMEDIATE,2024-01-12,88,-0.9590008092920168,-0.010897736469227464,0,0,0,0,,train
IMMEDIATE,2024-01-15,15,0.6157282923273518,0.04104855282182345,0,0,0,0,,train
IMMEDIATE,2024-01-16,54,-1.4177173919473869,-0.026254025776803462,0,0,0,0,,train
IMMEDIATE,2024-01-17,64,-0.6572875968959124,-0.010270118701498632,0,0,0,0,,train
IMMEDIATE,2024-01-18,38,-1.6509432634805612,-0.04344587535475161,0,0,0,0,,train
IMMEDIATE,2024-01-19,52,-0.08575117660999843,-0.001649061088653816,0,0,0,0,,train
IMMEDIATE,2024-01-22,42,-0.4553971085817921,-0.010842788299566478,0,0,0,0,,train
IMMEDIATE,2024-01-23,16,1.4594353988034072,0.09121471242521295,0,0,0,0,,train
IMMEDIATE,2024-01-24,44,-1.7136268597972353,-0.03894606499539171,0,0,0,0,,train
IMMEDIATE,2024-01-25,23,-0.5719195586092004,-0.02486606776561741,0,0,0,0,,train
IMMEDIATE,2024-01-26,12,-0.42965513905778613,-0.03580459492148218,0,0,0,0,,train
IMMEDIATE,2024-01-29,36,-0.4965656376139881,-0.01379348993372189,0,0,0,0,,train
IMMEDIATE,2024-01-30,29,-1.090513653014265,-0.03760391906945741,0,0,0,0,,train
IMMEDIATE,2024-01-31,52,-0.9950080711799576,-0.01913477059961457,0,0,0,0,,train
IMMEDIATE,2024-02-01,53,0.19119169037192787,0.0036073903843759974,0,0,0,0,,train
IMMEDIATE,2024-02-02,33,-0.7666234079700492,-0.023231012362728766,0,0,0,0,,train
IMMEDIATE,2024-02-05,63,0.30761160499446305,0.004882723888801001,0,0,0,0,,train
IMMEDIATE,2024-02-06,28,-0.28918883313228133,-0.01032817261186719,0,0,0,0,,train
IMMEDIATE,2024-02-07,18,0.1399980517738489,0.007777669542991607,0,0,0,0,,train
IMMEDIATE,2024-02-08,29,-1.0050281205221079,-0.03465614208696924,0,0,0,0,,train
IMMEDIATE,2024-02-09,35,0.006335970628318442,0.00018102773223766978,0,0,0,0,,train
IMMEDIATE,2024-02-12,27,-0.9423614648580951,-0.03490227647622574,0,0,0,0,,train
IMMEDIATE,2024-02-13,36,-0.9576276144413595,-0.026600767067815542,0,0,0,0,,train
IMMEDIATE,2024-02-14,25,0.36780894263650526,0.01471235770546021,0,0,0,0,,train
IMMEDIATE,2024-02-15,42,-0.5906958273643947,-0.014064186365818923,0,0,0,0,,train
IMMEDIATE,2024-02-16,34,0.40979122443316857,0.01205268307156378,0,0,0,0,,train
IMMEDIATE,2024-02-20,37,-0.6680958456693135,-0.01805664447754901,0,0,0,0,,train
IMMEDIATE,2024-02-21,20,-0.8016674258847919,-0.0400833712942396,0,0,0,0,,train
IMMEDIATE,2024-02-22,55,-1.5974556366112818,-0.02904464793838694,0,0,0,0,,train
IMMEDIATE,2024-02-23,50,-0.245608486187545,-0.0049121697237509,0,0,0,0,,train
IMMEDIATE,2024-02-26,29,-0.4758501302126963,-0.016408625179748147,0,0,0,0,,train
IMMEDIATE,2024-02-27,40,-0.695778757308517,-0.017394468932712924,0,0,0,0,,train
IMMEDIATE,2024-02-28,25,-0.8604393677864361,-0.03441757471145745,0,0,0,0,,train
IMMEDIATE,2024-02-29,44,-0.5168248297103067,-0.011746018857052426,0,0,0,0,,train
IMMEDIATE,2024-03-01,59,-0.1359463997715315,-0.0023041762673140934,0,0,0,0,,train
IMMEDIATE,2024-03-04,27,-0.5442954637326997,-0.020159091249359246,0,0,0,0,,train
IMMEDIATE,2024-03-05,46,-1.3163665977167511,-0.02861666516775546,0,0,0,0,,train
IMMEDIATE,2024-03-06,78,-3.4141546332925827,-0.043771213247340804,0,0,0,0,,train
IMMEDIATE,2024-03-07,22,-0.48560099129099404,-0.02207277233140882,0,0,0,0,,train
IMMEDIATE,2024-03-08,60,-1.3078387913775866,-0.021797313189626445,0,0,0,0,,train
IMMEDIATE,2024-03-11,14,-0.8041717273913492,-0.05744083767081066,0,0,0,0,,train
IMMEDIATE,2024-03-12,79,-1.7138332118444546,-0.02169409128917031,0,0,0,0,,train
IMMEDIATE,2024-03-13,49,0.8829564585897365,0.018019519563055846,0,0,0,0,,train
IMMEDIATE,2024-03-14,62,-1.0902030950237531,-0.017583920887479888,0,0,0,0,,train
IMMEDIATE,2024-03-15,23,0.9689796926885114,0.04212955185602223,0,0,0,0,,train
IMMEDIATE,2024-03-18,40,-1.3322289787470254,-0.033305724468675635,0,0,0,0,,train
IMMEDIATE,2024-03-19,34,-0.09643759456457703,-0.0028363998401346184,0,0,0,0,,train
IMMEDIATE,2024-03-20,71,-1.5731763138134436,-0.022157412870611883,0,0,0,0,,train
IMMEDIATE,2024-03-21,64,-1.232213218077959,-0.01925333153246811,0,0,0,0,,train
IMMEDIATE,2024-03-22,49,-1.8102286443656037,-0.03694344172174702,0,0,0,0,,train
IMMEDIATE,2024-03-25,31,-0.5316978774899326,-0.017151544435159115,0,0,0,0,,train
IMMEDIATE,2024-03-26,65,-0.6070817128904006,-0.009339718659852317,0,0,0,0,,train
IMMEDIATE,2024-03-27,35,-0.18135238793684033,-0.005181496798195438,0,0,0,0,,train
IMMEDIATE,2024-03-28,57,-1.1635589494083738,-0.020413314901901295,0,0,0,0,,train
IMMEDIATE,2024-04-01,68,-2.749121911591677,-0.04042826340575995,0,0,0,0,,train
IMMEDIATE,2024-04-02,65,-0.16729782398563944,-0.0025738126767021452,0,0,0,0,,train
IMMEDIATE,2024-04-03,43,0.6609512369374594,0.015370958998545568,0,0,0,0,,train
IMMEDIATE,2024-04-04,27,-0.10534708303354512,-0.0039017438160572266,0,0,0,0,,train
IMMEDIATE,2024-04-05,62,-1.215149505814831,-0.019599185577658565,0,0,0,0,,train
IMMEDIATE,2024-04-08,68,-1.0525893424855894,-0.015479255036552786,0,0,0,0,,train
IMMEDIATE,2024-04-09,39,-1.3452660578135087,-0.03449400148239766,0,0,0,0,,train
IMMEDIATE,2024-04-10,36,-0.44499068497255695,-0.012360852360348805,0,0,0,0,,train
IMMEDIATE,2024-04-11,58,-1.6079515431893017,-0.027723302468781064,0,0,0,0,,train
IMMEDIATE,2024-04-12,72,-4.339142443637533,-0.06026586727274351,0,0,0,0,,train
IMMEDIATE,2024-04-15,32,-0.15122278031064226,-0.004725711884707571,0,0,0,0,,train
IMMEDIATE,2024-04-16,36,0.48226381689846687,0.013396217136068525,0,0,0,0,,train
IMMEDIATE,2024-04-17,56,-0.1289174584597579,-0.002302097472495677,0,0,0,0,,train
IMMEDIATE,2024-04-18,49,-1.5401181494785305,-0.03143098264241899,0,0,0,0,,train
IMMEDIATE,2024-04-19,67,-2.2648123177846173,-0.03380316892215847,0,0,0,0,,train
IMMEDIATE,2024-04-22,78,-0.06120594882501475,-0.0007846916516027532,0,0,0,0,,train
IMMEDIATE,2024-04-23,71,-1.0261643810419325,-0.014453019451294824,0,0,0,0,,train
IMMEDIATE,2024-04-24,27,0.1768741484913032,0.006550894388566785,0,0,0,0,,train
IMMEDIATE,2024-04-25,56,-2.0915654323775925,-0.03734938272102844,0,0,0,0,,train
IMMEDIATE,2024-04-26,50,-2.0482107258365736,-0.04096421451673147,0,0,0,0,,train
IMMEDIATE,2024-04-29,48,-0.9559147631977492,-0.019914890899953106,0,0,0,0,,train
IMMEDIATE,2024-04-30,91,-0.4330930060144359,-0.004759263802356439,0,0,0,0,,train
IMMEDIATE,2024-05-01,93,-3.250269605219273,-0.03494913553999218,0,0,0,0,,train
IMMEDIATE,2024-05-02,77,-0.9300104833311404,-0.012078058225079746,0,0,0,0,,train
IMMEDIATE,2024-05-03,47,0.5488886034495408,0.011678480924458315,0,0,0,0,,train
IMMEDIATE,2024-05-06,57,-1.2835706678171543,-0.02251878364591499,0,0,0,0,,train
IMMEDIATE,2024-05-07,44,-1.8100324487328787,-0.041137101107565424,0,0,0,0,,train
IMMEDIATE,2024-05-08,29,0.004702574217390083,0.0001621577316341408,0,0,0,0,,train
IMMEDIATE,2024-05-09,81,-1.1949353297618472,-0.0147522880217512,0,0,0,0,,train
IMMEDIATE,2024-05-10,71,0.5268911015538531,0.0074210014303359596,0,0,0,0,,train
IMMEDIATE,2024-05-13,80,-0.3714483132850244,-0.0046431039160628055,0,0,0,0,,train
IMMEDIATE,2024-05-14,74,-2.4430724232117127,-0.033014492205563684,0,0,0,0,,train
IMMEDIATE,2024-05-15,39,-0.138512691455162,-0.0035516074732092826,0,0,0,0,,train
IMMEDIATE,2024-05-16,47,-1.3107345731059468,-0.027887969640552058,0,0,0,0,,train
IMMEDIATE,2024-05-17,82,-0.876717891479681,-0.010691681603410745,0,0,0,0,,train
IMMEDIATE,2024-05-20,55,-1.2875253711839227,-0.02340955220334405,0,0,0,0,,train
IMMEDIATE,2024-05-21,45,0.8810066761745172,0.019577926137211495,0,0,0,0,,train
IMMEDIATE,2024-05-22,76,-2.0709532407042084,-0.027249384746108007,0,0,0,0,,train
IMMEDIATE,2024-05-23,88,-2.3419671956544335,-0.026613263586982197,0,0,0,0,,train
IMMEDIATE,2024-05-24,30,0.6457342336393594,0.021524474454645316,0,0,0,0,,train
IMMEDIATE,2024-05-27,61,-0.8336722174141566,-0.013666757662527158,0,0,0,0,,train
IMMEDIATE,2024-05-28,60,-2.0061009760661364,-0.03343501626776894,0,0,0,0,,train
IMMEDIATE,2024-05-29,67,-1.4209947965347665,-0.021208877560220395,0,0,0,0,,train
IMMEDIATE,2024-05-30,66,-2.633139980536574,-0.03989606031116021,0,0,0,0,,train
IMMEDIATE,2024-05-31,53,-1.6847072673852685,-0.031786929573306956,0,0,0,0,,train
IMMEDIATE,2024-06-03,61,-2.257337389777149,-0.03700553097995326,0,0,0,0,,train
IMMEDIATE,2024-06-04,57,1.153167149180869,0.02023100261720823,0,0,0,0,,train
IMMEDIATE,2024-06-05,47,-1.7326022274081274,-0.036863877178896325,0,0,0,0,,train
IMMEDIATE,2024-06-06,74,-2.000889217429934,-0.02703904347878289,0,0,0,0,,train
IMMEDIATE,2024-06-07,104,-3.142087872417202,-0.030212383388626942,0,0,0,0,,train
IMMEDIATE,2024-06-10,51,1.3796877722308334,0.02705270141629085,0,0,0,0,,train
IMMEDIATE,2024-06-11,49,-1.1354271537979912,-0.02317198273057125,0,0,0,0,,train
IMMEDIATE,2024-06-12,68,-1.8914684346709691,-0.027815712274573075,0,0,0,0,,train
IMMEDIATE,2024-06-13,49,-2.4444031013769445,-0.04988577757912132,0,0,0,0,,train
IMMEDIATE,2024-06-14,64,-1.1914019031884588,-0.01861565473731967,0,0,0,0,,train
IMMEDIATE,2024-06-17,32,0.9456334826058993,0.029551046331434353,0,0,0,0,,train
IMMEDIATE,2024-06-18,45,-2.195738441556993,-0.048794187590155406,0,0,0,0,,train
IMMEDIATE,2024-06-19,14,-0.210549065527933,-0.015039218966280929,0,0,0,0,,train
IMMEDIATE,2024-06-20,69,-1.087540504156853,-0.015761456581983378,0,0,0,0,,train
IMMEDIATE,2024-06-21,56,-2.804022297257992,-0.050071826736749855,0,0,0,0,,train
IMMEDIATE,2024-06-24,43,-0.7548062873959983,-0.017553634590604612,0,0,0,0,,train
IMMEDIATE,2024-06-25,58,-1.4010012172019137,-0.024155193400032995,0,0,0,0,,train
IMMEDIATE,2024-06-26,52,0.08994570645139302,0.0017297251240652504,0,0,0,0,,train
IMMEDIATE,2024-06-27,65,-0.8280090590683358,-0.012738600908743626,0,0,0,0,,train
IMMEDIATE,2024-06-28,44,-0.06452147788680425,-0.0014663972247000966,0,0,0,0,,train
IMMEDIATE,2024-07-01,47,-0.4587591520797408,-0.009760833022973208,0,0,0,0,,train
IMMEDIATE,2024-07-02,31,-0.7491972305315358,-0.024167652597791477,0,0,0,0,,train
IMMEDIATE,2024-07-03,97,-1.2405022507218746,-0.012788682997132728,0,0,0,0,,train
IMMEDIATE,2024-07-04,30,-0.5251920935814571,-0.017506403119381904,0,0,0,0,,train
IMMEDIATE,2024-07-05,77,-3.8619082036552754,-0.050154651995523054,0,0,0,0,,train
IMMEDIATE,2024-07-08,77,-0.474575131514636,-0.0061633133962939735,0,0,0,0,,train
IMMEDIATE,2024-07-09,40,-1.2612946498105277,-0.03153236624526319,0,0,0,0,,train
IMMEDIATE,2024-07-10,36,-0.1659033332113419,-0.004608425922537275,0,0,0,0,,train
IMMEDIATE,2024-07-11,65,-0.5823910196359066,-0.008959861840552408,0,0,0,0,,train
IMMEDIATE,2024-07-12,63,-1.3836859789901914,-0.021963269507780814,0,0,0,0,,train
IMMEDIATE,2024-07-15,80,-0.37234246190928383,-0.004654280773866048,0,0,0,0,,train
IMMEDIATE,2024-07-16,79,-1.7401894193244518,-0.022027714168663948,0,0,0,0,,train
IMMEDIATE,2024-07-17,51,-1.8432400931777315,-0.03614196261132807,0,0,0,0,,train
IMMEDIATE,2024-07-18,49,-1.1741462254026374,-0.023962167865359946,0,0,0,0,,train
IMMEDIATE,2024-07-19,87,-1.7593705767555246,-0.020222650307534763,0,0,0,0,,train
IMMEDIATE,2024-07-22,51,0.27732443128221956,0.005437733946710188,0,0,0,0,,train
IMMEDIATE,2024-07-23,51,-0.8481169181003073,-0.01662974349216289,0,0,0,0,,train
IMMEDIATE,2024-07-24,57,0.17661555070678034,0.003098518433452287,0,0,0,0,,train
IMMEDIATE,2024-07-25,53,-0.4189679455049979,-0.007905055575565997,0,0,0,0,,train
IMMEDIATE,2024-07-26,65,-0.5855314318888911,-0.009008175875213709,0,0,0,0,,train
IMMEDIATE,2024-07-29,65,-0.3825457093912519,-0.00588531860601926,0,0,0,0,,train
IMMEDIATE,2024-07-30,49,-0.7180883396313221,-0.014654864074108615,0,0,0,0,,train
IMMEDIATE,2024-07-31,76,-1.6074367974172978,-0.02115048417654339,0,0,0,0,,train
IMMEDIATE,2024-08-01,45,-1.5302456947344276,-0.03400545988298728,0,0,0,0,,train
IMMEDIATE,2024-08-02,43,-1.434691767212371,-0.03336492481889235,0,0,0,0,,train
IMMEDIATE,2024-08-05,108,-2.243734994329922,-0.020775324021573352,0,0,0,0,,train
IMMEDIATE,2024-08-06,53,-1.7405972457468124,-0.032841457466920985,0,0,0,0,,train
IMMEDIATE,2024-08-07,49,-0.8155744777025878,-0.01664437709597118,0,0,0,0,,train
IMMEDIATE,2024-08-08,72,-2.785493497980345,-0.03868740969417146,0,0,0,0,,train
IMMEDIATE,2024-08-09,53,-0.8244139227046313,-0.01555497967367229,0,0,0,0,,train
IMMEDIATE,2024-08-12,85,-0.5701162569356105,-0.006707250081595418,0,0,0,0,,train
IMMEDIATE,2024-08-13,41,-1.6639502090871854,-0.040584151441150865,0,0,0,0,,train
IMMEDIATE,2024-08-14,79,-3.2506816564659857,-0.04114786906918969,0,0,0,0,,train
IMMEDIATE,2024-08-15,43,-0.24565943078914657,-0.005713010018352246,0,0,0,0,,train
IMMEDIATE,2024-08-16,88,-0.49936682400478577,-0.005674623000054384,0,0,0,0,,train
IMMEDIATE,2024-08-19,40,-0.04479842595234615,-0.0011199606488086536,0,0,0,0,,train
IMMEDIATE,2024-08-20,46,-2.034898163159293,-0.04423691659041941,0,0,0,0,,train
IMMEDIATE,2024-08-21,35,-0.1783072574929367,-0.005094493071226763,0,0,0,0,,train
IMMEDIATE,2024-08-22,51,-0.8504208431202945,-0.016674918492554796,0,0,0,0,,train
IMMEDIATE,2024-08-23,70,-1.6753370840178832,-0.023933386914541187,0,0,0,0,,train
IMMEDIATE,2024-08-26,31,-0.14950476319700098,-0.004822734296677451,0,0,0,0,,train
IMMEDIATE,2024-08-27,59,-1.2705636420196242,-0.021534976983383462,0,0,0,0,,train
IMMEDIATE,2024-08-28,51,-0.77490736998728,-0.015194262156613333,0,0,0,0,,train
IMMEDIATE,2024-08-29,30,-0.8695472869051931,-0.028984909563506436,0,0,0,0,,train
IMMEDIATE,2024-08-30,68,-0.574129248620011,-0.008443077185588397,0,0,0,0,,train
IMMEDIATE,2024-09-02,40,0.0032314541053893343,8.078635263473335e-05,0,0,0,0,,train
IMMEDIATE,2024-09-03,87,-2.9768733130326837,-0.034216934632559586,0,0,0,0,,train
IMMEDIATE,2024-09-04,32,1.0028496673541365,0.031339052104816766,0,0,0,0,,train
IMMEDIATE,2024-09-05,62,-2.249007870658564,-0.036274320494492966,0,0,0,0,,train
IMMEDIATE,2024-09-06,51,-2.357662022858828,-0.04622866711487898,0,0,0,0,,train
IMMEDIATE,2024-09-09,40,-0.4798771128434965,-0.011996927821087413,0,0,0,0,,train
IMMEDIATE,2024-09-10,33,-1.1505463261855766,-0.034865040187441715,0,0,0,0,,train
IMMEDIATE,2024-09-11,60,-1.5919516172110284,-0.02653252695351714,0,0,0,0,,train
IMMEDIATE,2024-09-12,86,-3.9541346642264825,-0.04597831004914515,0,0,0,0,,train
IMMEDIATE,2024-09-13,44,-0.00657654202980967,-0.00014946686431385614,0,0,0,0,,train
IMMEDIATE,2024-09-16,12,0.2811443070709175,0.02342869225590979,0,0,0,0,,train
IMMEDIATE,2024-09-17,69,-0.3248443041352402,-0.004707888465728119,0,0,0,0,,train
IMMEDIATE,2024-09-18,33,-0.6061414303018562,-0.018367922130359277,0,0,0,0,,train
IMMEDIATE,2024-09-19,56,-0.14602090367376758,-0.002607516137031564,0,0,0,0,,train
IMMEDIATE,2024-09-20,78,-0.9469546643719392,-0.012140444415024862,0,0,0,0,,train
IMMEDIATE,2024-09-23,48,-1.0087409290608778,-0.02101543602210162,0,0,0,0,,train
IMMEDIATE,2024-09-24,52,0.3723672346676117,0.007160908358992532,0,0,0,0,,train
IMMEDIATE,2024-09-25,44,-1.1354395796127696,-0.02580544499119931,0,0,0,0,,train
IMMEDIATE,2024-09-26,67,-2.9105113910078826,-0.04344046852250571,0,0,0,0,,train
IMMEDIATE,2024-09-27,65,-0.9573338695369481,-0.014728213377491509,0,0,0,0,,train
IMMEDIATE,2024-09-30,88,-1.4003111352673538,-0.01591262653712902,0,0,0,0,,train
IMMEDIATE,2024-10-01,59,-1.5006583101053368,-0.025434886611954862,0,0,0,0,,train
IMMEDIATE,2024-10-02,47,-1.7687285950607172,-0.037632523299164194,0,0,0,0,,train
IMMEDIATE,2024-10-03,45,-1.6158208140914212,-0.03590712920203158,0,0,0,0,,train
IMMEDIATE,2024-10-04,52,-1.66316774558436,-0.03198399510739154,0,0,0,0,,train
IMMEDIATE,2024-10-07,35,-0.9119220724937805,-0.02605491635696516,0,0,0,0,,train
IMMEDIATE,2024-10-08,69,-1.5501899792061524,-0.022466521437770327,0,0,0,0,,train
IMMEDIATE,2024-10-09,49,-0.9398246648903902,-0.0191800952018447,0,0,0,0,,train
IMMEDIATE,2024-10-10,31,0.48870723215350154,0.0157647494243065,0,0,0,0,,train
IMMEDIATE,2024-10-11,87,-2.322735266111219,-0.026698106507025508,0,0,0,0,,train
IMMEDIATE,2024-10-14,54,-0.9919703175537506,-0.018369820695439826,0,0,0,0,,train
IMMEDIATE,2024-10-15,56,-1.2651342934765732,-0.022591683812081664,0,0,0,0,,train
IMMEDIATE,2024-10-16,49,-1.8070194957407089,-0.03687794889266753,0,0,0,0,,train
IMMEDIATE,2024-10-17,38,-0.5110901555785858,-0.013449740936278575,0,0,0,0,,train
IMMEDIATE,2024-10-18,71,-1.2097833070080621,-0.017039201507155804,0,0,0,0,,train
IMMEDIATE,2024-10-21,46,-1.120125967778525,-0.024350564516924456,0,0,0,0,,train
IMMEDIATE,2024-10-22,60,-1.9803925187651052,-0.03300654197941842,0,0,0,0,,train
IMMEDIATE,2024-10-23,84,-0.5510225519980547,-0.006559792285691128,0,0,0,0,,train
IMMEDIATE,2024-10-24,42,-1.0657429037772395,-0.025374831042315225,0,0,0,0,,train
IMMEDIATE,2024-10-25,58,-1.3214444750369694,-0.022783525431671885,0,0,0,0,,train
IMMEDIATE,2024-10-28,60,0.008640408823036266,0.0001440068137172711,0,0,0,0,,train
IMMEDIATE,2024-10-29,65,-1.2272155839051873,-0.018880239752387496,0,0,0,0,,train
IMMEDIATE,2024-10-30,39,-0.09636991852706461,-0.002471023551976016,0,0,0,0,,train
IMMEDIATE,2024-10-31,71,-0.5382475962868134,-0.007580952060377654,0,0,0,0,,train
IMMEDIATE,2024-11-01,40,-0.5600630962579393,-0.014001577406448482,0,0,0,0,,train
IMMEDIATE,2024-11-04,32,-1.0193346283857259,-0.03185420713705393,0,0,0,0,,train
IMMEDIATE,2024-11-05,29,-0.3158432145252542,-0.010891145328457042,0,0,0,0,,train
IMMEDIATE,2024-11-06,89,0.6199409301833234,0.006965628429026106,0,0,0,0,,train
IMMEDIATE,2024-11-07,74,-1.418279290290684,-0.019165936355279512,0,0,0,0,,train
IMMEDIATE,2024-11-08,51,-2.4804398926470035,-0.048636076326411835,0,0,0,0,,train
IMMEDIATE,2024-11-11,67,-2.5304005218561847,-0.037767171968002756,0,0,0,0,,train
IMMEDIATE,2024-11-12,54,-0.8751918202688103,-0.016207255930903892,0,0,0,0,,train
IMMEDIATE,2024-11-13,46,-1.8633567452692053,-0.040507755331939246,0,0,0,0,,train
IMMEDIATE,2024-11-14,63,-0.9333455158718303,-0.014815008188441751,0,0,0,0,,train
IMMEDIATE,2024-11-15,34,-0.36558987883881855,-0.01075264349525937,0,0,0,0,,train
IMMEDIATE,2024-11-18,56,-1.8120412476385659,-0.03235787942211725,0,0,0,0,,train
IMMEDIATE,2024-11-19,60,-2.1375289398401947,-0.03562548233066991,0,0,0,0,,train
IMMEDIATE,2024-11-20,62,-2.4852291828997295,-0.040084341659673055,0,0,0,0,,train
IMMEDIATE,2024-11-21,40,-0.3270488437695652,-0.008176221094239131,0,0,0,0,,train
IMMEDIATE,2024-11-22,88,-0.5705296062577266,-0.006483290980201439,0,0,0,0,,train
IMMEDIATE,2024-11-25,102,-2.3331792268785043,-0.02287430614586769,0,0,0,0,,train
IMMEDIATE,2024-11-26,42,-0.5262218772531925,-0.012529092315552201,0,0,0,0,,train
IMMEDIATE,2024-11-27,45,0.036657004079946265,0.0008146000906654726,0,0,0,0,,train
IMMEDIATE,2024-11-28,76,-2.003683608621183,-0.02636425800817346,0,0,0,0,,train
IMMEDIATE,2024-11-29,35,-0.4270914371259096,-0.012202612489311702,0,0,0,0,,train
IMMEDIATE,2024-12-02,69,-1.1593130709029538,-0.01680163870873846,0,0,0,0,,train
IMMEDIATE,2024-12-03,39,-1.61567826958814,-0.04142764793815744,0,0,0,0,,train
IMMEDIATE,2024-12-04,44,-2.150811239949841,-0.048882073635223657,0,0,0,0,,train
IMMEDIATE,2024-12-05,52,0.531311886384022,0.01021753627661581,0,0,0,0,,train
IMMEDIATE,2024-12-06,72,-2.7105160007190534,-0.03764605556554241,0,0,0,0,,train
IMMEDIATE,2024-12-09,94,-2.8882677607213436,-0.030726252773631314,0,0,0,0,,train
IMMEDIATE,2024-12-10,67,-1.704981258234208,-0.025447481466182212,0,0,0,0,,train
IMMEDIATE,2024-12-11,62,-2.403429966065384,-0.03876499945266749,0,0,0,0,,train
IMMEDIATE,2024-12-12,68,-2.01781244571157,-0.029673712436934854,0,0,0,0,,train
IMMEDIATE,2024-12-13,98,-0.9755527525218591,-0.00995461992369244,0,0,0,0,,train
IMMEDIATE,2024-12-16,45,-0.4814934269332601,-0.010699853931850224,0,0,0,0,,train
IMMEDIATE,2024-12-17,63,-1.1952904426205653,-0.018972864168580402,0,0,0,0,,train
IMMEDIATE,2024-12-18,66,-2.6157495915461673,-0.03963256956888132,0,0,0,0,,train
IMMEDIATE,2024-12-19,50,-1.5926847398929265,-0.03185369479785853,0,0,0,0,,train
IMMEDIATE,2024-12-20,58,1.9352692402981122,0.033366711039622625,0,0,0,0,,train
IMMEDIATE,2024-12-23,74,-0.6888778575513849,-0.009309160237180876,0,0,0,0,,train
IMMEDIATE,2024-12-24,31,-0.9054636506113336,-0.029208504858430115,0,0,0,0,,train
IMMEDIATE,2024-12-26,55,-1.5490538110087377,-0.028164614745613412,0,0,0,0,,train
IMMEDIATE,2024-12-27,44,-1.4978341837866842,-0.034041685995151914,0,0,0,0,,train
IMMEDIATE,2024-12-30,68,-1.7578775782130833,-0.025851140856074754,0,0,0,0,,train
IMMEDIATE,2024-12-31,36,-0.7098635807845616,-0.019718432799571153,0,0,0,0,,train
IMMEDIATE,2025-01-02,51,-1.0779889535680618,-0.021137038305256112,0,0,0,0,,train
IMMEDIATE,2025-01-03,59,-1.6093046751401139,-0.027276350426103626,0,0,0,0,,train
IMMEDIATE,2025-01-06,41,-0.9228561504372313,-0.022508686596030034,0,0,0,0,,train
IMMEDIATE,2025-01-07,75,-2.28080447200288,-0.030410726293371736,0,0,0,0,,train
IMMEDIATE,2025-01-08,30,0.11065440451723893,0.003688480150574631,0,0,0,0,,train
IMMEDIATE,2025-01-09,51,-0.28784985153121556,-0.005644114735906187,0,0,0,0,,train
IMMEDIATE,2025-01-10,52,-1.4982093364650004,-0.028811718008942316,0,0,0,0,,train
IMMEDIATE,2025-01-13,73,-2.5009694469981696,-0.03425985543833109,0,0,0,0,,train
IMMEDIATE,2025-01-14,30,-0.9606106319486875,-0.03202035439828958,0,0,0,0,,train
IMMEDIATE,2025-01-15,53,-1.9100908490521156,-0.03603944998211539,0,0,0,0,,train
IMMEDIATE,2025-01-16,82,-2.601923090381509,-0.031730769394896455,0,0,0,0,,train
IMMEDIATE,2025-01-17,44,-1.5831079003675466,-0.03597972500835333,0,0,0,0,,train
IMMEDIATE,2025-01-20,46,-2.2227017984644895,-0.04831960431444542,0,0,0,0,,train
IMMEDIATE,2025-01-21,96,-4.0475413496599995,-0.042161889058958325,0,0,0,0,,train
IMMEDIATE,2025-01-22,43,-0.22803130622863438,-0.005303053633224055,0,0,0,0,,train
IMMEDIATE,2025-01-23,48,-0.5980059927222404,-0.012458458181713343,0,0,0,0,,train
IMMEDIATE,2025-01-24,53,-0.5831457936096739,-0.011002750822824035,0,0,0,0,,train
IMMEDIATE,2025-01-27,78,-1.3613887783909984,-0.017453702287064082,0,0,0,0,,train
IMMEDIATE,2025-01-28,61,-1.377473780108024,-0.022581537378820064,0,0,0,0,,train
IMMEDIATE,2025-01-29,49,-3.1579381830996076,-0.06444771802244097,0,0,0,0,,train
IMMEDIATE,2025-01-30,74,-1.8122968368141605,-0.024490497794785952,0,0,0,0,,train
IMMEDIATE,2025-01-31,57,-1.88638866169246,-0.033094537924429124,0,0,0,0,,train
IMMEDIATE,2025-02-03,122,-5.794788559159164,-0.047498266878353804,0,0,0,0,,train
IMMEDIATE,2025-02-04,78,-2.8480686903831156,-0.03651370115875789,0,0,0,0,,train
IMMEDIATE,2025-02-05,66,-1.6330548227933834,-0.02474325489080884,0,0,0,0,,train
IMMEDIATE,2025-02-06,71,-1.8333285156994255,-0.025821528390132752,0,0,0,0,,train
IMMEDIATE,2025-02-07,42,-2.3195998386169476,-0.0552285675861178,0,0,0,0,,train
IMMEDIATE,2025-02-10,70,0.31975226025603365,0.004567889432229052,0,0,0,0,,train
IMMEDIATE,2025-02-11,98,-2.950112640326097,-0.03010319020740915,0,0,0,0,,train
IMMEDIATE,2025-02-12,57,-1.21627524639401,-0.021338162217438773,0,0,0,0,,train
IMMEDIATE,2025-02-13,57,-0.5714384103907832,-0.010025235270013741,0,0,0,0,,train
IMMEDIATE,2025-02-14,99,-4.192749240777934,-0.04235100243210034,0,0,0,0,,train
IMMEDIATE,2025-02-17,24,-1.72603381605389,-0.07191807566891208,0,0,0,0,,train
IMMEDIATE,2025-02-18,102,-2.9897716673917785,-0.029311486935213515,0,0,0,0,,train
IMMEDIATE,2025-02-19,37,-0.18451882061071945,-0.004986995151641066,0,0,0,0,,train
IMMEDIATE,2025-02-20,67,-2.5411359290254345,-0.03792740192575275,0,0,0,0,,train
IMMEDIATE,2025-02-21,34,0.5048376636386821,0.014848166577608297,0,0,0,0,,train
IMMEDIATE,2025-02-24,64,-3.829102516463991,-0.05982972681974986,0,0,0,0,,train
IMMEDIATE,2025-02-25,98,-2.484863870251047,-0.025355753778071907,0,0,0,0,,train
IMMEDIATE,2025-02-26,58,-2.5997494755263992,-0.04482326681942068,0,0,0,0,,train
IMMEDIATE,2025-02-27,71,-1.5193465900588305,-0.021399247747307473,0,0,0,0,,train
IMMEDIATE,2025-02-28,52,0.13075179766959388,0.00251445764749219,0,0,0,0,,train
IMMEDIATE,2025-03-03,61,-3.1428953158071335,-0.05152287402962514,0,0,0,0,,train
IMMEDIATE,2025-03-04,68,-2.739494759304762,-0.04028668763683473,0,0,0,0,,train
IMMEDIATE,2025-03-05,53,-2.2676779458978067,-0.042786376337694464,0,0,0,0,,train
IMMEDIATE,2025-03-06,55,-2.479789934700572,-0.04508708972182858,0,0,0,0,,train
IMMEDIATE,2025-03-07,56,-1.0400999230405432,-0.01857321291143827,0,0,0,0,,train
IMMEDIATE,2025-03-10,65,-2.1468133289649813,-0.03302789736869202,0,0,0,0,,train
IMMEDIATE,2025-03-11,41,0.14684586898359445,0.0035816065605754743,0,0,0,0,,train
IMMEDIATE,2025-03-12,36,1.0824981848172686,0.030069394022701906,0,0,0,0,,train
IMMEDIATE,2025-03-13,53,-2.4706588492802743,-0.0466162047034014,0,0,0,0,,train
IMMEDIATE,2025-03-14,41,-2.0034504414664602,-0.048864644913816105,0,0,0,0,,train
IMMEDIATE,2025-03-17,27,-0.4631625777639481,-0.017154169546812894,0,0,0,0,,train
IMMEDIATE,2025-03-18,96,-2.3790185086741076,-0.02478144279868862,0,0,0,0,,train
IMMEDIATE,2025-03-19,51,-0.4437220830664046,-0.008700433001302051,0,0,0,0,,train
IMMEDIATE,2025-03-20,68,-0.8950111158960682,-0.013161928174942179,0,0,0,0,,train
IMMEDIATE,2025-03-21,53,-0.23872396500231233,-0.00450422575476061,0,0,0,0,,train
IMMEDIATE,2025-03-24,46,-0.09628808192777187,-0.002093219172342867,0,0,0,0,,train
IMMEDIATE,2025-03-25,52,-1.5853029516682304,-0.030486595224389047,0,0,0,0,,train
IMMEDIATE,2025-03-26,46,-0.14678367051707625,-0.003190949359066875,0,0,0,0,,train
IMMEDIATE,2025-03-27,55,-1.9696215100537606,-0.03581130018279565,0,0,0,0,,train
IMMEDIATE,2025-03-28,58,-2.812631281521287,-0.04849364278484977,0,0,0,0,,train
IMMEDIATE,2025-03-31,64,-3.0542168614859597,-0.04772213846071812,0,0,0,0,,train
IMMEDIATE,2025-04-01,50,0.008069065872708283,0.00016138131745416565,0,0,0,0,,train
IMMEDIATE,2025-04-02,68,-3.175761526162357,-0.04670237538474054,0,0,0,0,,train
IMMEDIATE,2025-04-03,84,-6.506710138422174,-0.07746083498121636,0,0,0,0,,train
IMMEDIATE,2025-04-04,78,-7.436144609304848,-0.0953351872987801,0,0,0,0,,train
IMMEDIATE,2025-04-07,90,-4.973142387961768,-0.05525713764401964,0,0,0,0,,train
IMMEDIATE,2025-04-08,50,0.5218537853039986,0.010437075706079973,0,0,0,0,,train
IMMEDIATE,2025-04-09,83,-6.86594858434546,-0.08272227210054772,0,0,0,0,,train
IMMEDIATE,2025-04-10,83,-6.538354673084086,-0.07877535750703718,0,0,0,0,,train
IMMEDIATE,2025-04-11,58,-2.3469550358331617,-0.04046474199712348,0,0,0,0,,train
IMMEDIATE,2025-04-14,40,-0.05030766159749567,-0.0012576915399373917,0,0,0,0,,train
IMMEDIATE,2025-04-15,35,0.47512558532116606,0.013575016723461888,0,0,0,0,,train
IMMEDIATE,2025-04-16,114,-5.465835668616819,-0.047945926917691395,0,0,0,0,,train
IMMEDIATE,2025-04-17,74,-3.8816108680393886,-0.052454200919451195,0,0,0,0,,train
IMMEDIATE,2025-04-21,103,-5.569759204265514,-0.05407533208024771,0,0,0,0,,train
IMMEDIATE,2025-04-22,104,-5.490329203779917,-0.052791626959422286,0,0,0,0,,train
IMMEDIATE,2025-04-23,89,-4.716593514822156,-0.05299543275081074,0,0,0,0,,train
IMMEDIATE,2025-04-24,60,-2.3323787671291334,-0.03887297945215222,0,0,0,0,,train
IMMEDIATE,2025-04-25,70,-0.9733212437849942,-0.013904589196928488,0,0,0,0,,train
IMMEDIATE,2025-04-28,78,-2.6790595411371214,-0.03434691719406566,0,0,0,0,,train
IMMEDIATE,2025-04-29,63,-3.8072881840175796,-0.06043314577805682,0,0,0,0,,train
IMMEDIATE,2025-04-30,56,-3.0447796926544775,-0.05437106594025853,0,0,0,0,,train
IMMEDIATE,2025-05-01,50,-0.6919823670964435,-0.013839647341928869,0,0,0,0,,train
IMMEDIATE,2025-05-02,46,-1.886292331722719,-0.04100635503745041,0,0,0,0,,train
IMMEDIATE,2025-05-05,98,-3.1966382195303904,-0.032618757342146844,0,0,0,0,,train
IMMEDIATE,2025-05-06,73,-3.008281921241178,-0.04120934138686545,0,0,0,0,,train
IMMEDIATE,2025-05-07,40,-0.9794903471023039,-0.024487258677557598,0,0,0,0,,train
IMMEDIATE,2025-05-08,104,-5.008781698531038,-0.04816136248587537,0,0,0,0,,train
IMMEDIATE,2025-05-09,71,-2.690387635318378,-0.03789278359603349,0,0,0,0,,train
IMMEDIATE,2025-05-12,55,-3.2080641498329596,-0.05832843908787199,0,0,0,0,,train
IMMEDIATE,2025-05-13,56,-4.111637899608165,-0.0734221053501458,0,0,0,0,,train
IMMEDIATE,2025-05-14,103,-3.125893326533363,-0.030348478898382165,0,0,0,0,,train
IMMEDIATE,2025-05-15,105,-3.786216045695559,-0.0360592004351958,0,0,0,0,,train
IMMEDIATE,2025-05-16,117,-4.247208288859686,-0.036300925545809284,0,0,0,0,,train
IMMEDIATE,2025-05-19,68,0.0388491323221084,0.0005713107694427706,0,0,0,0,,train
IMMEDIATE,2025-05-20,91,-4.5926112440737,-0.05046825542938132,0,0,0,0,,train
IMMEDIATE,2025-05-21,79,-3.3988590319104333,-0.04302353204949916,0,0,0,0,,train
IMMEDIATE,2025-05-22,87,-6.047655373218731,-0.06951328015193944,0,0,0,0,,train
IMMEDIATE,2025-05-23,70,-3.5069156190118824,-0.05009879455731261,0,0,0,0,,train
IMMEDIATE,2025-05-26,60,-1.5100788252763475,-0.025167980421272457,0,0,0,0,,train
IMMEDIATE,2025-05-27,70,-1.7505454378150112,-0.025007791968785872,0,0,0,0,,train
IMMEDIATE,2025-05-28,72,-3.2588512878276865,-0.0452618234420512,0,0,0,0,,train
IMMEDIATE,2025-05-29,118,-2.176618170642238,-0.01844591670035795,0,0,0,0,,train
IMMEDIATE,2025-05-30,57,-2.7980234390151963,-0.049088130509038534,0,0,0,0,,train
IMMEDIATE,2025-06-02,91,0.5878699617586185,0.006460109469874928,0,0,0,0,,train
IMMEDIATE,2025-06-03,60,-2.259708202278186,-0.0376618033713031,0,0,0,0,,train
IMMEDIATE,2025-06-04,29,-1.0881591241013666,-0.0375227284172885,0,0,0,0,,train
IMMEDIATE,2025-06-05,66,-2.071298751233371,-0.03138331441262684,0,0,0,0,,train
IMMEDIATE,2025-06-06,72,-4.006957685057387,-0.05565219007024148,0,0,0,0,,train
IMMEDIATE,2025-06-09,87,-1.3439554068674322,-0.015447763297326807,0,0,0,0,,train
IMMEDIATE,2025-06-10,69,-1.3812656488033404,-0.020018342736280295,0,0,0,0,,train
IMMEDIATE,2025-06-11,53,-2.616419036927103,-0.04936639692315289,0,0,0,0,,train
IMMEDIATE,2025-06-12,49,0.74795736859096,0.01526443609369306,0,0,0,0,,train
IMMEDIATE,2025-06-13,81,-4.39196000222834,-0.0542217284225721,0,0,0,0,,train
IMMEDIATE,2025-06-16,87,-3.0660829934583185,-0.03524233325814159,0,0,0,0,,train
IMMEDIATE,2025-06-17,48,-2.6099138204011374,-0.054373204591690365,0,0,0,0,,train
IMMEDIATE,2025-06-18,52,-3.164670484708192,-0.06085904778284985,0,0,0,0,,train
IMMEDIATE,2025-06-19,50,-1.2018286120860466,-0.024036572241720934,0,0,0,0,,train
IMMEDIATE,2025-06-20,62,-1.0470002769596554,-0.016887101241284765,0,0,0,0,,train
IMMEDIATE,2025-06-23,48,-1.3544494466947679,-0.028217696806140998,0,0,0,0,,train
IMMEDIATE,2025-06-24,75,-1.510104555776555,-0.020134727410354065,0,0,0,0,,train
IMMEDIATE,2025-06-25,52,-1.9267768484977146,-0.037053400932648355,0,0,0,0,,train
IMMEDIATE,2025-06-26,42,-1.9860244158770306,-0.04728629561611978,0,0,0,0,,train
IMMEDIATE,2025-06-27,84,-1.1271321379349502,-0.013418239737320835,0,0,0,0,,train
IMMEDIATE,2025-06-30,75,-1.1111914086782237,-0.014815885449042982,0,0,0,0,,train
IMMEDIATE,2025-07-01,58,-2.6268411006411347,-0.0452903638041575,0,0,0,0,,train
IMMEDIATE,2025-07-02,40,-1.5803766646008626,-0.03950941661502157,0,0,0,0,,train
IMMEDIATE,2025-07-03,74,-1.5743314690004506,-0.02127474958108717,0,0,0,0,,train
IMMEDIATE,2025-07-04,30,0.04792068478476118,0.0015973561594920392,0,0,0,0,,train
IMMEDIATE,2025-07-07,53,0.4678427779401014,0.008827222225284932,0,0,0,0,,train
IMMEDIATE,2025-07-08,73,-2.174611299549876,-0.029789195884244876,0,0,0,0,,train
IMMEDIATE,2025-07-09,77,-1.9275621417781017,-0.025033274568546777,0,0,0,0,,train
IMMEDIATE,2025-07-10,29,-1.0416496061496523,-0.035918951936194904,0,0,0,0,,train
IMMEDIATE,2025-07-11,52,0.14339378932163527,0.002757572871569909,0,0,0,0,,train
IMMEDIATE,2025-07-14,76,-2.1545650501366254,-0.02834954013337665,0,0,0,0,,train
IMMEDIATE,2025-07-15,61,-2.804986532418146,-0.045983385777346654,0,0,0,0,,train
IMMEDIATE,2025-07-16,61,-3.427449246292478,-0.05618769256217177,0,0,0,0,,train
IMMEDIATE,2025-07-17,62,-1.3782305378823974,-0.022229524804554795,0,0,0,0,,train
IMMEDIATE,2025-07-18,48,-1.5179531778468724,-0.03162402453847651,0,0,0,0,,train
IMMEDIATE,2025-07-21,82,-4.934304190871748,-0.06017444135209449,0,0,0,0,,train
IMMEDIATE,2025-07-22,90,-3.6649197847138266,-0.04072133094126474,0,0,0,0,,train
IMMEDIATE,2025-07-23,62,-0.880095479258974,-0.014195088375144741,0,0,0,0,,train
IMMEDIATE,2025-07-24,92,-5.2378533234809765,-0.056933188298706264,0,0,0,0,,train
IMMEDIATE,2025-07-25,85,-2.5748452258333905,-0.030292296774510476,0,0,0,0,,train
IMMEDIATE,2025-07-28,57,-0.8900373867425818,-0.015614690995483892,0,0,0,0,,train
IMMEDIATE,2025-07-29,59,-1.7171023325478625,-0.02910342936521801,0,0,0,0,,train
IMMEDIATE,2025-07-30,85,-4.3215971397118365,-0.05084231929072749,0,0,0,0,,train
IMMEDIATE,2025-07-31,57,-1.557351816761487,-0.02732196169756995,0,0,0,0,,train
IMMEDIATE,2025-08-01,55,-1.717249862864719,-0.03122272477935853,0,0,0,0,,train
IMMEDIATE,2025-08-04,62,-2.201667884227997,-0.03551077232625802,0,0,0,0,,train
IMMEDIATE,2025-08-05,89,-4.17736810739992,-0.04693672030786426,0,0,0,0,,train
IMMEDIATE,2025-08-06,47,-1.9599564061568346,-0.04170120013099648,0,0,0,0,,train
IMMEDIATE,2025-08-07,73,-4.1107481705607825,-0.05631161877480524,0,0,0,0,,train
IMMEDIATE,2025-08-08,41,-3.3508044117331037,-0.08172693687153912,0,0,0,0,,train
IMMEDIATE,2025-08-11,61,-3.094743386782284,-0.050733498143971864,0,0,0,0,,train
IMMEDIATE,2025-08-12,25,-0.1285589915105447,-0.005142359660421788,0,0,0,0,,train
IMMEDIATE,2025-08-13,35,-1.0505746339714885,-0.0300164181134711,0,0,0,0,,train
IMMEDIATE,2025-08-14,68,-0.4393463902136621,-0.006460976326671502,0,0,0,0,,train
IMMEDIATE,2025-08-15,45,-0.7988534367574782,-0.017752298594610628,0,0,0,0,,train
IMMEDIATE,2025-08-18,52,-1.9988832315478553,-0.03844006214515106,0,0,0,0,,train
IMMEDIATE,2025-08-19,57,-1.4911393059772613,-0.02616033870135546,0,0,0,0,,train
IMMEDIATE,2025-08-20,75,-1.1730610927058176,-0.0156408145694109,0,0,0,0,,train
IMMEDIATE,2025-08-21,46,-1.3488368937061448,-0.029322541167524887,0,0,0,0,,train
IMMEDIATE,2025-08-22,50,-1.1356823600220498,-0.022713647200440997,0,0,0,0,,train
IMMEDIATE,2025-08-25,27,-0.3172801767180621,-0.011751117656224521,0,0,0,0,,train
IMMEDIATE,2025-08-26,51,-0.7740071069889988,-0.01517660994096076,0,0,0,0,,train
IMMEDIATE,2025-08-27,57,-2.1293545549506234,-0.037357097455274095,0,0,0,0,,train
IMMEDIATE,2025-08-28,65,-0.263234399693071,-0.004049759995278015,0,0,0,0,,train
IMMEDIATE,2025-08-29,74,-2.102022289944974,-0.02840570662087803,0,0,0,0,,train
IMMEDIATE,2025-09-01,50,-2.101747555194379,-0.04203495110388758,0,0,0,0,,train
IMMEDIATE,2025-09-02,82,-4.1986366549287295,-0.05120288603571621,0,0,0,0,,train
IMMEDIATE,2025-09-03,85,-3.5940863816063033,-0.04228336919536827,0,0,0,0,,train
IMMEDIATE,2025-09-04,66,-1.6818585641491761,-0.02548270551741176,0,0,0,0,,train
IMMEDIATE,2025-09-05,43,-4.590530481613011,-0.10675652282820956,0,0,0,0,,train
IMMEDIATE,2025-09-08,101,-1.7003190413524862,-0.01683484199358897,0,0,0,0,,train
IMMEDIATE,2025-09-09,56,-2.158650265376764,-0.03854732616744221,0,0,0,0,,train
IMMEDIATE,2025-09-10,65,-1.2841721150415044,-0.019756494077561606,0,0,0,0,,train
IMMEDIATE,2025-09-11,46,-2.814092766877063,-0.06117592971471875,0,0,0,0,,train
IMMEDIATE,2025-09-12,50,-0.5441421098821593,-0.010882842197643185,0,0,0,0,,train
IMMEDIATE,2025-09-15,90,-3.2655713222496465,-0.03628412580277385,0,0,0,0,,train
IMMEDIATE,2025-09-16,46,-2.603109687472928,-0.05658934103202017,0,0,0,0,,train
IMMEDIATE,2025-09-17,85,-10.84365382098243,-0.12757239789391095,0,0,0,0,,train
IMMEDIATE,2025-09-18,61,-2.0504922118821014,-0.033614626424296745,0,0,0,0,,train
IMMEDIATE,2025-09-19,61,-2.039405721707529,-0.03343288068372999,0,0,0,0,,train
IMMEDIATE,2025-09-22,74,0.8157394826062048,0.01102350652170547,0,0,0,0,,train
IMMEDIATE,2025-09-23,54,-0.640100796122321,-0.011853718446709648,0,0,0,0,,train
IMMEDIATE,2025-09-24,61,-0.7479843042992798,-0.012262037775398029,0,0,0,0,,train
IMMEDIATE,2025-09-25,42,-1.7530122971716082,-0.04173838802789544,0,0,0,0,,train
IMMEDIATE,2025-09-26,71,-1.8717311139324315,-0.026362410055386358,0,0,0,0,,train
IMMEDIATE,2025-09-29,75,-1.8028419024612958,-0.02403789203281728,0,0,0,0,,train
IMMEDIATE,2025-09-30,105,-5.411295435810189,-0.05153614700771608,0,0,0,0,,train
IMMEDIATE,2025-10-01,57,-2.5623925384831336,-0.04495425506110761,0,0,0,0,,train
IMMEDIATE,2025-10-02,57,-2.3354680332440694,-0.04097312339024683,0,0,0,0,,train
IMMEDIATE,2025-10-03,82,-3.883367004275139,-0.04735813419847731,0,0,0,0,,train
IMMEDIATE,2025-10-06,100,-3.7382298318305707,-0.03738229831830571,0,0,0,0,,train
IMMEDIATE,2025-10-07,84,-2.95141844290644,-0.035135933844124285,0,0,0,0,,train
IMMEDIATE,2025-10-08,81,-4.034220976380918,-0.04980519723927059,0,0,0,0,,train
IMMEDIATE,2025-10-09,95,-6.378670200001579,-0.0671438968421219,0,0,0,0,,train
IMMEDIATE,2025-10-10,82,-5.6403863928255005,-0.0687851999125061,0,0,0,0,,train
IMMEDIATE,2025-10-13,90,-4.791348809886283,-0.05323720899873648,0,0,0,0,,train
IMMEDIATE,2025-10-14,44,-2.4280011115109423,-0.05518184344343051,0,0,0,0,,train
IMMEDIATE,2025-10-15,86,-6.0191902032950875,-0.0699905837592452,0,0,0,0,,train
IMMEDIATE,2025-10-16,109,-8.525440636344987,-0.07821505170958704,0,0,0,0,,train
IMMEDIATE,2025-10-17,94,-8.992376976086538,-0.09566358485198445,0,0,0,0,,train
IMMEDIATE,2025-10-20,91,-4.401057617003365,-0.04836327051652049,0,0,0,0,,train
IMMEDIATE,2025-10-21,105,-12.335829572541419,-0.11748409116706113,0,0,0,0,,train
IMMEDIATE,2025-10-22,82,-5.524055081001431,-0.06736652537806623,0,0,0,0,,train
IMMEDIATE,2025-10-23,89,-6.577494782630917,-0.07390443575989794,0,0,0,0,,train
IMMEDIATE,2025-10-24,58,-3.521211289605617,-0.06071053947595891,0,0,0,0,,train
IMMEDIATE,2025-10-27,90,-6.551687817879005,-0.07279653130976672,0,0,0,0,,train
IMMEDIATE,2025-10-28,92,-6.74590188934235,-0.07332502053632989,0,0,0,0,,train
IMMEDIATE,2025-10-29,74,-0.9952496654961276,-0.013449319804001724,0,0,0,0,,train
IMMEDIATE,2025-10-30,89,-5.314420135843193,-0.05971258579599093,0,0,0,0,,train
IMMEDIATE,2025-10-31,70,-3.597260558360176,-0.051389436548002515,0,0,0,0,,train
IMMEDIATE,2025-11-03,44,-5.563590407047893,-0.12644523652381576,0,0,0,0,,train
IMMEDIATE,2025-11-04,74,-3.4777080822477733,-0.04699605516551045,0,0,0,0,,train
IMMEDIATE,2025-11-05,75,-3.3498359850013917,-0.04466447980001856,0,0,0,0,,train
IMMEDIATE,2025-11-06,66,-3.5245961642804104,-0.05340297218606682,0,0,0,0,,train
IMMEDIATE,2025-11-07,44,-3.67950854304839,-0.08362519416019068,0,0,0,0,,train
IMMEDIATE,2025-11-10,116,-5.61204827685621,-0.048379726524622496,0,0,0,0,,train
IMMEDIATE,2025-11-11,60,-0.4166461105111616,-0.006944101841852694,0,0,0,0,,train
IMMEDIATE,2025-11-12,92,-6.056445656499818,-0.06583093104891106,0,0,0,0,,train
IMMEDIATE,2025-11-13,69,-4.404907242077873,-0.06383923539243294,0,0,0,0,,train
IMMEDIATE,2025-11-14,116,-4.526708200027012,-0.039023346551957,0,0,0,0,,train
IMMEDIATE,2025-11-17,96,-8.523941060729916,-0.08879105271593662,0,0,0,0,,train
IMMEDIATE,2025-11-18,49,-2.7213282921420614,-0.055537312084531866,0,0,0,0,,train
IMMEDIATE,2025-11-19,43,-4.177030861570984,-0.09714025259467404,0,0,0,0,,train
IMMEDIATE,2025-11-20,67,-2.1615697685761006,-0.0322622353518821,0,0,0,0,,train
IMMEDIATE,2025-11-21,43,-3.7143283234231608,-0.08637972845170142,0,0,0,0,,train
IMMEDIATE,2025-11-24,91,-5.879787424305505,-0.06461304861874181,0,0,0,0,,train
IMMEDIATE,2025-11-25,55,-3.697289781167759,-0.06722345056668652,0,0,0,0,,train
IMMEDIATE,2025-11-26,55,-1.9922905746040367,-0.036223464992800665,0,0,0,0,,train
IMMEDIATE,2025-11-27,45,-1.4345642650632726,-0.03187920589029495,0,0,0,0,,train
IMMEDIATE,2025-11-28,76,-4.94054612366593,-0.0650071858377096,0,0,0,0,,train
IMMEDIATE,2025-12-01,44,-3.3055781491442153,-0.07512677611691398,0,0,0,0,,train
IMMEDIATE,2025-12-02,66,-4.261522009600412,-0.06456851529697594,0,0,0,0,,train
IMMEDIATE,2025-12-03,30,-0.5956083282123169,-0.019853610940410563,0,0,0,0,,train
IMMEDIATE,2025-12-04,69,-2.672294864999155,-0.038728911086944276,0,0,0,0,,train
IMMEDIATE,2025-12-05,84,-1.8217522905952137,-0.02168752726899064,0,0,0,0,,train
IMMEDIATE,2025-12-08,50,-1.1700188916865955,-0.02340037783373191,0,0,0,0,,train
IMMEDIATE,2025-12-09,78,-2.2765500421540614,-0.029186539001975147,0,0,0,0,,train
IMMEDIATE,2025-12-10,40,0.133295629557324,0.0033323907389330998,0,0,0,0,,train
IMMEDIATE,2025-12-11,93,-4.261735588963044,-0.04582511385981768,0,0,0,0,,train
IMMEDIATE,2025-12-12,48,-2.3231619108934565,-0.04839920647694701,0,0,0,0,,train
IMMEDIATE,2025-12-15,40,-0.2479217332026262,-0.006198043330065655,0,0,0,0,,train
IMMEDIATE,2025-12-16,58,-1.950200232964562,-0.03362414194766486,0,0,0,0,,train
IMMEDIATE,2025-12-17,52,-3.998646444031086,-0.07689704700059781,0,0,0,0,,train
IMMEDIATE,2025-12-18,38,-3.065603507018447,-0.08067377650048545,0,0,0,0,,train
IMMEDIATE,2025-12-19,42,-2.6459454877276585,-0.06299870208875377,0,0,0,0,,train
IMMEDIATE,2025-12-22,128,-6.890397197430502,-0.0538312281049258,0,0,0,0,,train
IMMEDIATE,2025-12-23,38,-2.344300301556359,-0.06169211319885155,0,0,0,0,,train
IMMEDIATE,2025-12-24,80,-2.96185790110394,-0.037023223763799254,0,0,0,0,,train
IMMEDIATE,2025-12-26,72,-4.526300461194296,-0.06286528418325411,0,0,0,0,,train
IMMEDIATE,2025-12-29,96,-8.628898126387867,-0.08988435548320695,0,0,0,0,,train
IMMEDIATE,2025-12-30,62,-2.7245317939474867,-0.043944061192701396,0,0,0,0,,train
IMMEDIATE,2025-12-31,44,-2.2061755359894355,-0.05014035309066899,0,0,0,0,,train
IMMEDIATE,2026-01-02,99,-3.6312001718588363,-0.03667878961473572,0,0,0,0,,test
IMMEDIATE,2026-01-05,75,-5.557933184299752,-0.07410577579066335,0,0,0,0,,test
IMMEDIATE,2026-01-06,92,-1.4835365586262317,-0.016125397376372082,0,0,0,0,,test
IMMEDIATE,2026-01-07,63,-2.61133426017265,-0.041449750161470636,0,0,0,0,,test
IMMEDIATE,2026-01-08,69,-5.4600330540151845,-0.07913091382630702,0,0,0,0,,test
IMMEDIATE,2026-01-09,66,-6.315935839868265,-0.0956959975737616,0,0,0,0,,test
IMMEDIATE,2026-01-12,73,-2.4569348443504473,-0.03365664170343079,0,0,0,0,,test
IMMEDIATE,2026-01-13,60,-4.759293635620452,-0.07932156059367419,0,0,0,0,,test
IMMEDIATE,2026-01-14,43,-1.5391749528246996,-0.035794766344760455,0,0,0,0,,test
IMMEDIATE,2026-01-15,59,-3.654713784998421,-0.0619443014406512,0,0,0,0,,test
IMMEDIATE,2026-01-16,34,-6.091153870283961,-0.1791515844201165,0,0,0,0,,test
IMMEDIATE,2026-01-19,22,-0.053608616192226066,-0.002436755281464821,0,0,0,0,,test
IMMEDIATE,2026-01-20,99,-3.2352974514681896,-0.03267977223705242,0,0,0,0,,test
IMMEDIATE,2026-01-21,43,-5.9381673250797276,-0.13809691453673786,0,0,0,0,,test
IMMEDIATE,2026-01-22,114,-8.281296183478238,-0.07264294897787928,0,0,0,0,,test
IMMEDIATE,2026-01-23,75,-4.368798864286267,-0.0582506515238169,0,0,0,0,,test
IMMEDIATE,2026-01-26,39,-4.516076005704539,-0.11579682065909075,0,0,0,0,,test
IMMEDIATE,2026-01-27,66,-5.090883315934661,-0.07713459569597972,0,0,0,0,,test
IMMEDIATE,2026-01-28,119,-17.40535528868956,-0.14626348982092066,0,0,0,0,,test
IMMEDIATE,2026-01-29,95,-20.09135043131725,-0.21148789927702366,0,0,0,0,,test
IMMEDIATE,2026-01-30,118,-25.401896399070818,-0.21527030846670184,0,0,0,0,,test
IMMEDIATE,2026-02-02,95,-31.6780126150364,-0.3334527643688042,0,0,0,0,,test
IMMEDIATE,2026-02-03,86,-16.942644265504896,-0.19700749145935925,0,0,0,0,,test
IMMEDIATE,2026-02-04,79,-13.35094841537284,-0.16899934703003597,0,0,0,0,,test
IMMEDIATE,2026-02-05,100,-19.378246743943844,-0.19378246743943844,0,0,0,0,,test
IMMEDIATE,2026-02-06,117,-23.556813650344644,-0.20134028760978329,0,0,0,0,,test
IMMEDIATE,2026-02-09,65,-4.307459709783568,-0.0662686109197472,0,0,0,0,,test
IMMEDIATE,2026-02-10,47,-2.8611400462053402,-0.06087532013202852,0,0,0,0,,test
IMMEDIATE,2026-02-11,62,-7.472639999119262,-0.12052645159869778,0,0,0,0,,test
IMMEDIATE,2026-02-12,43,-10.17252243693353,-0.23657028923101234,0,0,0,0,,test
IMMEDIATE,2026-02-13,73,-5.118685940842927,-0.070118985490999,0,0,0,0,,test
IMMEDIATE,2026-02-16,32,0.604997362695637,0.018906167584238655,0,0,0,0,,test
IMMEDIATE,2026-02-17,81,-7.665927235303874,-0.09464107697906017,0,0,0,0,,test
IMMEDIATE,2026-02-18,88,-3.7861899753179387,-0.043024886083158395,0,0,0,0,,test
IMMEDIATE,2026-02-19,64,-5.025096935408025,-0.0785171396157504,0,0,0,0,,test
IMMEDIATE,2026-02-20,68,-7.262142018342578,-0.10679620615209673,0,0,0,0,,test
IMMEDIATE,2026-02-23,73,-5.907362566192509,-0.08092277487934944,0,0,0,0,,test
IMMEDIATE,2026-02-24,63,-4.9722883182060595,-0.07892521140009619,0,0,0,0,,test
IMMEDIATE,2026-02-25,54,-3.290180405387825,-0.060929266766441205,0,0,0,0,,test
IMMEDIATE,2026-02-26,51,-3.1675666418977926,-0.062109149841133186,0,0,0,0,,test
IMMEDIATE,2026-02-27,71,-3.8459484141479456,-0.054168287523210505,0,0,0,0,,test
IMMEDIATE,2026-03-02,56,-1.3302177091403184,-0.023753887663219973,0,0,0,0,,test
IMMEDIATE,2026-03-03,112,-17.92309274361287,-0.16002761378225777,0,0,0,0,,test
IMMEDIATE,2026-03-04,62,-4.253802608914763,-0.06860971949862521,0,0,0,0,,test
IMMEDIATE,2026-03-05,69,-4.649658711660474,-0.06738635814000687,0,0,0,0,,test
IMMEDIATE,2026-03-06,76,-5.24305105064074,-0.06898751382422026,0,0,0,0,,test
IMMEDIATE,2026-03-09,65,-9.356154293756239,-0.14394083528855753,0,0,0,0,,test
IMMEDIATE,2026-03-10,105,-6.012307821917906,-0.05726007449445625,0,0,0,0,,test
IMMEDIATE,2026-03-11,52,-3.5113620035620747,-0.06752619237619374,0,0,0,0,,test
IMMEDIATE,2026-03-12,109,-7.797385243095354,-0.07153564443206746,0,0,0,0,,test
IMMEDIATE,2026-03-13,64,-5.1628747991001855,-0.0806699187359404,0,0,0,0,,test
IMMEDIATE,2026-03-16,55,-3.9984940364799213,-0.0726998915723622,0,0,0,0,,test
IMMEDIATE,2026-03-17,46,-2.1412249818640703,-0.04654836917095805,0,0,0,0,,test
IMMEDIATE,2026-03-18,110,-7.1768020389696785,-0.06524365489972435,0,0,0,0,,test
IMMEDIATE,2026-03-19,93,-9.26070486324746,-0.09957747164782214,0,0,0,0,,test
IMMEDIATE,2026-03-20,90,-5.97805307935414,-0.06642281199282378,0,0,0,0,,test
IMMEDIATE,2026-03-23,85,-15.1656890335186,-0.17841987098257175,0,0,0,0,,test
IMMEDIATE,2026-03-24,72,-10.112083768905602,-0.1404456079014667,0,0,0,0,,test
IMMEDIATE,2026-03-25,61,-5.208949859512662,-0.08539262064774857,0,0,0,0,,test
IMMEDIATE,2026-03-26,78,-8.89687722064385,-0.11406252846979295,0,0,0,0,,test
IMMEDIATE,2026-03-27,89,-10.122919659572897,-0.11374067033227975,0,0,0,0,,test
IMMEDIATE,2026-03-30,76,-11.99052846723771,-0.15777011141102248,0,0,0,0,,test
IMMEDIATE,2026-03-31,110,-14.76282190661156,-0.1342074718782869,0,0,0,0,,test
IMMEDIATE,2026-04-01,83,-11.078767707275196,-0.1334791290033156,0,0,0,0,,test
IMMEDIATE,2026-04-02,70,-7.4524445941190915,-0.10646349420170131,0,0,0,0,,test
IMMEDIATE,2026-04-06,63,-5.300432608930957,-0.08413385093541202,0,0,0,0,,test
IMMEDIATE,2026-04-07,75,-5.8873089430474765,-0.07849745257396636,0,0,0,0,,test
IMMEDIATE,2026-04-08,83,-9.970035477619604,-0.12012090936891089,0,0,0,0,,test
IMMEDIATE,2026-04-09,92,-6.113213002345826,-0.06644796741680245,0,0,0,0,,test
IMMEDIATE,2026-04-10,42,-0.5218560430827589,-0.012425143882922832,0,0,0,0,,test
IMMEDIATE,2026-04-13,61,-1.9207349446051012,-0.031487458108280346,0,0,0,0,,test
IMMEDIATE,2026-04-14,86,-6.0543923931118115,-0.07039991154781176,0,0,0,0,,test
IMMEDIATE,2026-04-15,54,-2.19780127261735,-0.040700023566987965,0,0,0,0,,test
IMMEDIATE,2026-04-16,76,-1.165979484649142,-0.015341835324330816,0,0,0,0,,test
IMMEDIATE,2026-04-17,81,-4.591829791579282,-0.05668925668616397,0,0,0,0,,test
IMMEDIATE,2026-04-20,79,-4.203152693203871,-0.05320446447093508,0,0,0,0,,test
IMMEDIATE,2026-04-21,103,-6.193255237950022,-0.06012869163058274,0,0,0,0,,test
IMMEDIATE,2026-04-22,64,-2.9318841797597393,-0.045810690308745926,0,0,0,0,,test
IMMEDIATE,2026-04-23,47,-4.708807042378794,-0.10018738388039987,0,0,0,0,,test
IMMEDIATE,2026-04-24,69,-3.465862260284363,-0.05022988783020816,0,0,0,0,,test
IMMEDIATE,2026-04-27,92,-3.317295522906231,-0.03605756003158946,0,0,0,0,,test
IMMEDIATE,2026-04-28,125,-5.458494831519905,-0.04366795865215924,0,0,0,0,,test
IMMEDIATE,2026-04-29,80,-0.20397156822703733,-0.0025496446028379664,0,0,0,0,,test
IMMEDIATE,2026-04-30,78,-3.3656106824864764,-0.043148854903672776,0,0,0,0,,test
IMMEDIATE,2026-05-01,68,-2.7756860243152914,-0.040818912122283696,0,0,0,0,,test
IMMEDIATE,2026-05-04,120,-9.361591997611262,-0.07801326664676052,0,0,0,0,,test
IMMEDIATE,2026-05-05,63,-1.7536193186163778,-0.027835227279625042,0,0,0,0,,test
IMMEDIATE,2026-05-06,94,-4.582403967447438,-0.048748978377100405,0,0,0,0,,test
IMMEDIATE,2026-05-07,71,-6.083236455603583,-0.08567938669864202,0,0,0,0,,test
IMMEDIATE,2026-05-08,49,-2.639004666675646,-0.05385723809542135,0,0,0,0,,test
IMMEDIATE,2026-05-11,95,-5.403669878710692,-0.0568807355653757,0,0,0,0,,test
IMMEDIATE,2026-05-12,94,-5.697447496108604,-0.06061114357562345,0,0,0,0,,test
IMMEDIATE,2026-05-13,45,-1.7842718273944531,-0.03965048505321007,0,0,0,0,,test
IMMEDIATE,2026-05-14,49,-0.6973898093895816,-0.014232445089583299,0,0,0,0,,test
IMMEDIATE,2026-05-15,79,-3.5913789717596956,-0.04546049331341387,0,0,0,0,,test
IMMEDIATE,2026-05-18,45,-1.6254177857314671,-0.03612039523847705,0,0,0,0,,test
IMMEDIATE,2026-05-19,92,-10.985359601687682,-0.11940608262704001,0,0,0,0,,test
IMMEDIATE,2026-05-20,96,-6.361849521210085,-0.06626926584593838,0,0,0,0,,test
IMMEDIATE,2026-05-21,72,-3.9106599073168886,-0.05431472093495679,0,0,0,0,,test
IMMEDIATE,2026-05-22,53,-0.4157316076604425,-0.00784399259736684,0,0,0,0,,test
IMMEDIATE,2026-05-25,23,-1.0610544280213314,-0.04613280121831876,0,0,0,0,,test
IMMEDIATE,2026-05-26,69,-3.7064194554401793,-0.05371622399188666,0,0,0,0,,test
IMMEDIATE,2026-05-27,67,-1.700204679033656,-0.0253761892393083,0,0,0,0,,test
IMMEDIATE,2026-05-28,105,-6.496910828993047,-0.061875341228505215,0,0,0,0,,test
IMMEDIATE,2026-05-29,93,-4.674705941317673,-0.05026565528298573,0,0,0,0,,test
IMMEDIATE,2026-06-01,86,-4.813504976661534,-0.05597098810071551,0,0,0,0,,test
IMMEDIATE,2026-06-02,74,-4.957418330168366,-0.06699213959686981,0,0,0,0,,test
IMMEDIATE,2026-06-03,66,-3.975758191357879,-0.06023876047511938,0,0,0,0,,test
IMMEDIATE,2026-06-04,67,-3.907501314589657,-0.058320915143129204,0,0,0,0,,test
IMMEDIATE,2026-06-05,67,-2.8277108535985462,-0.04220463960594845,0,0,0,0,,test
IMMEDIATE,2026-06-08,51,-1.5474055941516176,-0.03034128615983564,0,0,0,0,,test
IMMEDIATE,2026-06-09,84,-5.245064882861698,-0.0624412486054964,0,0,0,0,,test
IMMEDIATE,2026-06-10,135,-9.999435113982145,-0.07406988973320107,0,0,0,0,,test
IMMEDIATE,2026-06-11,65,-5.807867152083267,-0.08935180233974256,0,0,0,0,,test
IMMEDIATE,2026-06-12,37,-0.33494817492464785,-0.009052653376341833,0,0,0,0,,test
IMMEDIATE,2026-06-15,87,-1.802566557060345,-0.02071915582827983,0,0,0,0,,test
IMMEDIATE,2026-06-16,54,-2.4952547410854704,-0.046208421131212415,0,0,0,0,,test
IMMEDIATE,2026-06-17,69,-8.869265009481751,-0.1285400726011848,0,0,0,0,,test
IMMEDIATE,2026-06-18,93,-2.4571188203763086,-0.02642063247716461,0,0,0,0,,test
IMMEDIATE,2026-06-19,50,-4.852220048303934,-0.09704440096607868,0,0,0,0,,test
IMMEDIATE,2026-06-22,62,-4.889637640206274,-0.07886512322913346,0,0,0,0,,test
IMMEDIATE,2026-06-23,82,-4.86432721790546,-0.059321063632993415,0,0,0,0,,test
IMMEDIATE,2026-06-24,112,-6.500482343893661,-0.05804002092762197,0,0,0,0,,test
IMMEDIATE,2026-06-25,26,-2.0005736658134388,-0.07694514099282457,0,0,0,0,,test
IMMEDIATE,2026-06-26,86,-5.670705034815759,-0.06593843063739255,0,0,0,0,,test
IMMEDIATE,2026-06-29,95,-6.606109937539108,-0.06953799934251692,0,0,0,0,,test
IMMEDIATE,2026-06-30,69,-1.3263679314924655,-0.01922272364481834,0,0,0,0,,test
IMMEDIATE,2026-07-01,119,-7.259462966885621,-0.06100389047803043,0,0,0,0,,test
IMMEDIATE,2026-07-02,65,-2.2604188144890336,-0.034775674069062054,0,0,0,0,,test
IMMEDIATE,2026-07-03,59,-2.6205609487612187,-0.0444162872671393,0,0,0,0,,test
IMMEDIATE,2026-07-06,61,-1.1577886413660963,-0.018980141661739284,0,0,0,0,,test
IMMEDIATE,2026-07-07,67,-4.257791528257258,-0.06354912728742175,0,0,0,0,,test
IMMEDIATE,2026-07-08,76,-5.328287224057628,-0.07010904242181089,0,0,0,0,,test
IMMEDIATE,2026-07-09,58,-2.0446939985595236,-0.03525334480275041,0,0,0,0,,test
IMMEDIATE,2026-07-10,37,-1.6639897326858772,-0.044972695477996684,0,0,0,0,,test
IMMEDIATE,2026-07-13,90,-7.709466941586925,-0.08566074379541028,0,0,0,0,,test
IMMEDIATE,2026-07-14,93,-3.9458854778537598,-0.04242887610595441,0,0,0,0,,test
IMMEDIATE,2026-07-15,52,-2.4582610796665,-0.047274251532048076,0,0,0,0,,test
SNIPER_4,2024-01-02,2,0.6900000000000546,0.3450000000000273,11,2,4,5,,train
SNIPER_4,2024-01-03,1,1.2399999999997817,1.2399999999997817,25,1,15,9,,train
SNIPER_4,2024-01-04,5,2.8769999999985885,0.5753999999997177,12,5,5,1,,train
SNIPER_4,2024-01-05,5,-0.4099999999993997,-0.08199999999987993,13,5,4,4,,train
SNIPER_4,2024-01-08,0,0.0,0.0,20,0,12,7,,train
SNIPER_4,2024-01-09,1,-0.2699999999999818,-0.2699999999999818,12,1,7,4,,train
SNIPER_4,2024-01-10,1,-0.2799999999999727,-0.2799999999999727,17,1,7,7,,train
SNIPER_4,2024-01-11,2,-0.9800000000000182,-0.4900000000000091,9,2,4,3,,train
SNIPER_4,2024-01-12,6,2.9599999999993543,0.4933333333332257,33,6,17,10,,train
SNIPER_4,2024-01-15,0,0.0,0.0,7,0,1,5,,train
SNIPER_4,2024-01-16,2,-0.5199999999995271,-0.25999999999976353,19,2,11,6,,train
SNIPER_4,2024-01-17,4,1.8979999999994561,0.47449999999986403,22,4,11,7,,train
SNIPER_4,2024-01-18,3,1.7470000000005257,0.5823333333335086,14,3,8,3,,train
SNIPER_4,2024-01-19,2,-0.9100000000000819,-0.4550000000000409,18,2,14,2,,train
SNIPER_4,2024-01-22,0,0.0,0.0,14,0,10,4,,train
SNIPER_4,2024-01-23,0,0.0,0.0,8,0,3,5,,train
SNIPER_4,2024-01-24,2,-0.6070000000001983,-0.30350000000009913,17,2,9,6,,train
SNIPER_4,2024-01-25,3,-1.3230000000000928,-0.4410000000000309,10,3,4,3,,train
SNIPER_4,2024-01-26,1,3.4679999999998476,3.4679999999998476,5,1,1,2,,train
SNIPER_4,2024-01-29,2,-0.7100000000000364,-0.3550000000000182,14,2,7,5,,train
SNIPER_4,2024-01-30,5,1.8489999999997053,0.36979999999994106,13,5,3,5,,train
SNIPER_4,2024-01-31,7,6.960000000001173,0.9942857142858819,19,7,8,4,,train
SNIPER_4,2024-02-01,3,2.4969999999996166,0.8323333333332056,19,3,12,4,,train
SNIPER_4,2024-02-02,1,2.0799999999999272,2.0799999999999272,14,1,4,9,,train
SNIPER_4,2024-02-05,1,1.639999999999418,1.639999999999418,24,1,12,11,,train
SNIPER_4,2024-02-06,5,-0.43999999999937245,-0.08799999999987448,10,5,4,1,,train
SNIPER_4,2024-02-07,2,4.719999999999345,2.3599999999996726,8,2,1,5,,train
SNIPER_4,2024-02-08,1,-0.5499999999999545,-0.5499999999999545,10,1,6,3,,train
SNIPER_4,2024-02-09,2,1.3480000000006385,0.6740000000003192,14,2,8,4,,train
SNIPER_4,2024-02-12,1,-0.4130000000000109,-0.4130000000000109,10,1,6,3,,train
SNIPER_4,2024-02-13,4,4.308000000000675,1.0770000000001687,15,4,4,7,,train
SNIPER_4,2024-02-14,3,-0.459999999999809,-0.15333333333326968,11,3,4,4,,train
SNIPER_4,2024-02-15,2,1.2900000000004184,0.6450000000002092,16,2,6,8,,train
SNIPER_4,2024-02-16,2,-0.7799999999999727,-0.38999999999998636,13,2,6,5,,train
SNIPER_4,2024-02-20,2,-0.6769999999999072,-0.3384999999999536,13,2,8,3,,train
SNIPER_4,2024-02-21,1,0.1670000000001437,0.1670000000001437,7,1,2,4,,train
SNIPER_4,2024-02-22,3,1.501000000000431,0.5003333333334771,20,3,9,8,,train
SNIPER_4,2024-02-23,2,0.8890000000005784,0.4445000000002892,21,2,10,9,,train
SNIPER_4,2024-02-26,1,-0.08000000000015461,-0.08000000000015461,11,1,7,3,,train
SNIPER_4,2024-02-27,2,1.0579999999999927,0.5289999999999964,15,2,8,5,,train
SNIPER_4,2024-02-28,0,0.0,0.0,9,0,5,4,,train
SNIPER_4,2024-02-29,0,0.0,0.0,17,0,12,5,,train
SNIPER_4,2024-03-01,5,3.2390000000009422,0.6478000000001884,25,5,7,13,,train
SNIPER_4,2024-03-04,3,1.5359999999996035,0.5119999999998678,13,3,3,7,,train
SNIPER_4,2024-03-05,5,2.186000000000604,0.43720000000012077,18,5,4,9,,train
SNIPER_4,2024-03-06,11,8.060000000001764,0.7327272727274331,27,11,11,5,,train
SNIPER_4,2024-03-07,1,-0.41000000000030923,-0.41000000000030923,8,1,4,3,,train
SNIPER_4,2024-03-08,4,-2.2100000000000364,-0.5525000000000091,23,4,11,7,,train
SNIPER_4,2024-03-11,2,-1.2199999999998,-0.6099999999999,6,2,1,2,,train
SNIPER_4,2024-03-12,7,-2.0270000000000437,-0.2895714285714348,30,7,12,10,,train
SNIPER_4,2024-03-13,2,2.691999999999098,1.345999999999549,20,2,8,10,,train
SNIPER_4,2024-03-14,2,2.069999999999254,1.034999999999627,22,2,13,7,,train
SNIPER_4,2024-03-15,1,-0.46000000000003644,-0.46000000000003644,10,1,2,7,,train
SNIPER_4,2024-03-18,1,-0.543999999999869,-0.543999999999869,14,1,9,4,,train
SNIPER_4,2024-03-19,2,-0.6599999999998545,-0.32999999999992724,13,2,4,7,,train
SNIPER_4,2024-03-20,5,0.2699999999999818,0.05399999999999636,25,5,12,8,,train
SNIPER_4,2024-03-21,7,0.9270000000019536,0.1324285714288505,25,7,8,10,,train
SNIPER_4,2024-03-22,6,3.7560000000016776,0.6260000000002796,19,6,7,6,,train
SNIPER_4,2024-03-25,3,1.2029999999999745,0.40099999999999153,14,3,2,9,,train
SNIPER_4,2024-03-26,7,2.238999999999578,0.31985714285708255,26,7,9,10,,train
SNIPER_4,2024-03-27,1,-0.44000000000005457,-0.44000000000005457,14,1,9,3,,train
SNIPER_4,2024-03-28,4,0.13299999999981083,0.033249999999952706,23,4,7,11,,train
SNIPER_4,2024-04-01,8,12.514000000000124,1.5642500000000155,26,8,9,9,,train
SNIPER_4,2024-04-02,1,1.8799999999991996,1.8799999999991996,25,1,14,8,,train
SNIPER_4,2024-04-03,8,2.7390000000004875,0.34237500000006094,19,8,5,6,,train
SNIPER_4,2024-04-04,3,7.979999999999563,2.6599999999998545,11,3,1,7,,train
SNIPER_4,2024-04-05,4,14.740999999999985,3.6852499999999964,24,4,8,10,,train
SNIPER_4,2024-04-08,8,-0.21299999999837382,-0.026624999999796728,27,8,8,10,,train
SNIPER_4,2024-04-09,6,-2.3900000000003274,-0.3983333333333879,14,6,7,1,,train
SNIPER_4,2024-04-10,3,4.320000000000164,1.4400000000000546,16,3,1,11,,train
SNIPER_4,2024-04-11,9,4.574000000003707,0.5082222222226341,21,9,4,8,,train
SNIPER_4,2024-04-12,11,4.530999999999494,0.41190909090904493,27,11,10,5,,train
SNIPER_4,2024-04-15,2,2.900999999999385,1.4504999999996926,17,2,2,12,,train
SNIPER_4,2024-04-16,4,-1.8669999999997344,-0.4667499999999336,14,4,3,7,,train
SNIPER_4,2024-04-17,6,-2.3229999999998654,-0.38716666666664423,21,6,10,4,,train
SNIPER_4,2024-04-18,5,5.020000000000437,1.0040000000000873,19,5,9,4,,train
SNIPER_4,2024-04-19,11,7.385000000000673,0.6713636363636976,26,11,10,4,,train
SNIPER_4,2024-04-22,5,-0.08300000000099317,-0.016600000000198633,32,5,14,13,,train
SNIPER_4,2024-04-23,5,-2.3530000000005202,-0.47060000000010405,27,5,12,10,,train
SNIPER_4,2024-04-24,1,-0.5,-0.5,11,1,4,6,,train
SNIPER_4,2024-04-25,6,3.98799999999892,0.6646666666664867,21,6,10,5,,train
SNIPER_4,2024-04-26,4,-2.0299999999997453,-0.5074999999999363,19,4,9,6,,train
SNIPER_4,2024-04-29,6,3.9969999999998436,0.6661666666666406,18,6,6,6,,train
SNIPER_4,2024-04-30,9,0.9289999999996326,0.1032222222221814,35,9,11,15,,train
SNIPER_4,2024-05-01,15,6.069000000003598,0.4046000000002399,34,15,9,10,,train
SNIPER_4,2024-05-02,6,0.8110000000015134,0.1351666666669189,29,6,11,12,,train
SNIPER_4,2024-05-03,7,13.531000000001768,1.9330000000002525,19,7,4,8,,train
SNIPER_4,2024-05-06,5,2.1630000000009204,0.43260000000018406,21,5,6,10,,train
SNIPER_4,2024-05-07,8,5.920000000001437,0.7400000000001796,16,8,5,3,,train
SNIPER_4,2024-05-08,1,-0.2699999999999818,-0.2699999999999818,10,1,7,2,,train
SNIPER_4,2024-05-09,3,0.8659999999995307,0.28866666666651025,31,3,18,10,,train
SNIPER_4,2024-05-10,7,0.9299999999980173,0.13285714285685962,29,7,10,10,,train
SNIPER_4,2024-05-13,4,0.29500000000052756,0.07375000000013189,31,4,18,9,,train
SNIPER_4,2024-05-14,8,1.6540000000009059,0.20675000000011323,26,8,15,3,,train
SNIPER_4,2024-05-15,6,-0.8730000000000473,-0.14550000000000787,16,6,4,6,,train
SNIPER_4,2024-05-16,4,0.7880000000009204,0.1970000000002301,18,4,8,6,,train
SNIPER_4,2024-05-17,8,7.431000000001404,0.9288750000001755,30,8,16,6,,train
SNIPER_4,2024-05-20,9,4.256000000001677,0.4728888888890752,21,9,3,9,,train
SNIPER_4,2024-05-21,6,3.622999999998683,0.6038333333331138,19,6,5,8,,train
SNIPER_4,2024-05-22,5,3.9899999999984175,0.7979999999996835,27,5,12,9,,train
SNIPER_4,2024-05-23,12,1.257999999999356,0.10483333333327967,33,12,10,10,,train
SNIPER_4,2024-05-24,2,-0.5,-0.25,14,2,3,9,,train
SNIPER_4,2024-05-27,5,0.4459999999999127,0.08919999999998254,22,5,12,5,,train
SNIPER_4,2024-05-28,6,4.365000000001146,0.727500000000191,22,6,9,7,,train
SNIPER_4,2024-05-29,3,1.3780000000001567,0.45933333333338555,24,3,10,11,,train
SNIPER_4,2024-05-30,7,-2.4189999999994143,-0.3455714285713449,23,7,14,2,,train
SNIPER_4,2024-05-31,10,4.647000000002208,0.4647000000002208,21,10,4,7,,train
SNIPER_4,2024-06-03,7,-0.4839999999990141,-0.0691428571427163,23,7,9,7,,train
SNIPER_4,2024-06-04,3,-1.0099999999997635,-0.33666666666658784,23,3,10,10,,train
SNIPER_4,2024-06-05,11,12.446000000003096,1.1314545454548268,16,11,3,2,,train
SNIPER_4,2024-06-06,7,-2.4719999999997526,-0.3531428571428218,27,7,14,6,,train
SNIPER_4,2024-06-07,8,0.5370000000020809,0.06712500000026012,42,8,16,17,,train
SNIPER_4,2024-06-10,6,-0.5239999999994325,-0.08733333333323874,21,6,5,10,,train
SNIPER_4,2024-06-11,3,1.0000000000004547,0.3333333333334849,17,3,9,4,,train
SNIPER_4,2024-06-12,4,3.161000000000058,0.7902500000000146,26,4,12,9,,train
SNIPER_4,2024-06-13,6,-1.1250000000004545,-0.18750000000007574,18,6,8,3,,train
SNIPER_4,2024-06-14,2,1.3869999999997162,0.6934999999998581,25,2,12,11,,train
SNIPER_4,2024-06-17,1,-0.25,-0.25,14,1,7,6,,train
SNIPER_4,2024-06-18,4,-0.9400000000005093,-0.23500000000012733,15,4,7,4,,train
SNIPER_4,2024-06-19,0,0.0,0.0,5,0,3,2,,train
SNIPER_4,2024-06-20,5,0.35299999999915593,0.07059999999983119,26,5,14,7,,train
SNIPER_4,2024-06-21,10,14.441999999999553,1.4441999999999553,21,10,5,6,,train
SNIPER_4,2024-06-24,5,3.65099999999984,0.730199999999968,16,5,6,5,,train
SNIPER_4,2024-06-25,3,-1.2100000000004911,-0.403333333333497,21,3,12,5,,train
SNIPER_4,2024-06-26,4,-2.269999999999527,-0.5674999999998818,20,4,12,4,,train
SNIPER_4,2024-06-27,6,0.660000000001219,0.11000000000020316,26,6,11,9,,train
SNIPER_4,2024-06-28,1,1.5879999999997383,1.5879999999997383,16,1,9,5,,train
SNIPER_4,2024-07-01,1,1.3719999999993888,1.3719999999993888,17,1,7,9,,train
SNIPER_4,2024-07-02,2,0.8129999999991924,0.4064999999995962,11,2,7,1,,train
SNIPER_4,2024-07-03,8,3.2050000000017462,0.4006250000002183,38,8,13,17,,train
SNIPER_4,2024-07-04,2,1.1299999999996544,0.5649999999998272,11,2,5,3,,train
SNIPER_4,2024-07-05,12,1.0722635658912623,0.08935529715760519,27,9,14,3,,train
SNIPER_4,2024-07-08,4,1.5919999999991887,0.3979999999997972,30,4,12,13,,train
SNIPER_4,2024-07-09,5,2.8499999999994543,0.5699999999998908,15,5,7,3,,train
SNIPER_4,2024-07-10,3,0.46100000000069485,0.1536666666668983,15,3,7,5,,train
SNIPER_4,2024-07-11,4,1.9309999999986758,0.48274999999966894,25,4,14,6,,train
SNIPER_4,2024-07-12,9,6.709999999998217,0.7455555555553575,24,9,7,8,,train
SNIPER_4,2024-07-15,6,7.014000000000578,1.1690000000000964,30,6,15,9,,train
SNIPER_4,2024-07-16,6,0.11300000000073851,0.01883333333345642,31,6,9,15,,train
SNIPER_4,2024-07-17,8,0.48900000000048754,0.06112500000006094,20,8,4,8,,train
SNIPER_4,2024-07-18,3,1.5450000000000728,0.5150000000000242,21,3,5,11,,train
SNIPER_4,2024-07-19,9,5.805000000001655,0.6450000000001839,31,9,11,10,,train
SNIPER_4,2024-07-22,2,-0.819999999999709,-0.4099999999998545,20,2,9,8,,train
SNIPER_4,2024-07-23,4,4.018000000000939,1.0045000000002346,19,4,9,5,,train
SNIPER_4,2024-07-24,3,3.4100000000003092,1.1366666666667697,24,3,9,11,,train
SNIPER_4,2024-07-25,6,-0.5650000000000543,-0.09416666666667572,25,6,6,13,,train
SNIPER_4,2024-07-26,5,1.456000000000131,0.2912000000000262,25,5,9,10,,train
SNIPER_4,2024-07-29,6,6.575999999999112,1.095999999999852,27,6,11,10,,train
SNIPER_4,2024-07-30,2,-0.6700000000000728,-0.3350000000000364,19,2,8,9,,train
SNIPER_4,2024-07-31,7,-1.174000000000433,-0.16771428571434757,28,7,13,7,,train
SNIPER_4,2024-08-01,4,-1.7630000000003747,-0.4407500000000937,17,4,6,7,,train
SNIPER_4,2024-08-02,5,-3.4099999999998545,-0.6819999999999709,18,5,4,8,,train
SNIPER_4,2024-08-05,14,-2.086999999999989,-0.1490714285714278,43,14,14,14,,train
SNIPER_4,2024-08-06,9,-3.0580000000004475,-0.33977777777782747,19,9,8,2,,train
SNIPER_4,2024-08-07,6,4.187000000001717,0.6978333333336195,17,6,7,4,,train
SNIPER_4,2024-08-08,8,4.698999999999614,0.5873749999999518,28,8,11,9,,train
SNIPER_4,2024-08-09,7,-0.18400000000019645,-0.02628571428574235,21,7,7,6,,train
SNIPER_4,2024-08-12,6,6.674999999998363,1.1124999999997272,37,6,10,21,,train
SNIPER_4,2024-08-13,5,3.2690000000006876,0.6538000000001375,14,5,6,3,,train
SNIPER_4,2024-08-14,7,5.213999999999942,0.7448571428571346,28,7,15,6,,train
SNIPER_4,2024-08-15,3,4.067000000000917,1.3556666666669723,18,3,6,7,,train
SNIPER_4,2024-08-16,7,3.5679999999970278,0.5097142857138611,35,7,15,12,,train
SNIPER_4,2024-08-19,3,0.5380000000000109,0.17933333333333698,16,3,8,4,,train
SNIPER_4,2024-08-20,7,-1.3919999999989159,-0.198857142856988,17,7,5,3,,train
SNIPER_4,2024-08-21,7,-0.1930000000006658,-0.027571428571523688,15,7,3,5,,train
SNIPER_4,2024-08-22,4,4.808000000000902,1.2020000000002256,20,4,6,10,,train
SNIPER_4,2024-08-23,6,3.552999999998974,0.5921666666664956,26,6,8,10,,train
SNIPER_4,2024-08-26,4,0.9999999999995453,0.2499999999998863,12,4,4,4,,train
SNIPER_4,2024-08-27,2,4.109999999999673,2.0549999999998363,22,2,13,5,,train
SNIPER_4,2024-08-28,3,-1.0729999999998654,-0.3576666666666218,20,3,9,7,,train
SNIPER_4,2024-08-29,3,2.8500000000008185,0.9500000000002728,11,3,4,4,,train
SNIPER_4,2024-08-30,7,2.226000000001477,0.318000000000211,24,7,8,8,,train
SNIPER_4,2024-09-02,2,1.5329999999999018,0.7664999999999509,15,2,9,4,,train
SNIPER_4,2024-09-03,4,5.721000000004096,1.430250000001024,31,4,17,9,,train
SNIPER_4,2024-09-04,3,0.9870000000000803,0.32900000000002677,12,3,4,5,,train
SNIPER_4,2024-09-05,5,3.770999999999731,0.7541999999999461,23,5,12,6,,train
SNIPER_4,2024-09-06,6,9.937999999997373,1.6563333333328956,18,6,8,4,,train
SNIPER_4,2024-09-09,3,0.7400000000006912,0.24666666666689707,14,3,8,3,,train
SNIPER_4,2024-09-10,6,-0.34799999999904685,-0.057999999999841144,13,6,2,4,,train
SNIPER_4,2024-09-11,5,-2.42699999999968,-0.485399999999936,22,5,11,6,,train
SNIPER_4,2024-09-12,10,0.5980000000031394,0.059800000000313935,32,10,9,12,,train
SNIPER_4,2024-09-13,5,7.153999999996358,1.4307999999992718,17,5,3,6,,train
SNIPER_4,2024-09-16,1,-0.3400000000001455,-0.3400000000001455,5,1,2,2,,train
SNIPER_4,2024-09-17,4,0.7749999999996364,0.1937499999999091,27,4,15,7,,train
SNIPER_4,2024-09-18,4,2.259999999998854,0.5649999999997135,14,4,3,6,,train
SNIPER_4,2024-09-19,6,3.6609999999991487,0.6101666666665247,25,6,10,9,,train
SNIPER_4,2024-09-20,8,-1.3829999999993563,-0.17287499999991954,31,8,13,9,,train
SNIPER_4,2024-09-23,3,2.0019999999985885,0.6673333333328628,19,3,9,7,,train
SNIPER_4,2024-09-24,4,-2.4430000000006658,-0.6107500000001664,23,4,8,10,,train
SNIPER_4,2024-09-25,3,0.9880000000016478,0.3293333333338826,16,3,7,6,,train
SNIPER_4,2024-09-26,6,2.5499999999992724,0.42499999999987875,25,6,11,8,,train
SNIPER_4,2024-09-27,6,4.771000000001095,0.7951666666668492,26,6,9,8,,train
SNIPER_4,2024-09-30,4,2.973000000000866,0.7432500000002165,34,4,14,16,,train
SNIPER_4,2024-10-01,5,3.1509999999984757,0.6301999999996951,24,5,10,9,,train
SNIPER_4,2024-10-02,1,3.2399999999997817,3.2399999999997817,16,1,9,5,,train
SNIPER_4,2024-10-03,2,-1.3429999999998472,-0.6714999999999236,18,2,9,4,,train
SNIPER_4,2024-10-04,6,1.7670000000002801,0.29450000000004667,20,6,6,7,,train
SNIPER_4,2024-10-07,2,2.3000000000006366,1.1500000000003183,14,2,5,6,,train
SNIPER_4,2024-10-08,8,0.15900000000056025,0.01987500000007003,29,8,9,12,,train
SNIPER_4,2024-10-09,3,-1.0970000000002074,-0.3656666666667358,18,3,10,5,,train
SNIPER_4,2024-10-10,3,0.03999999999996362,0.013333333333321207,14,3,5,5,,train
SNIPER_4,2024-10-11,7,11.22900000000027,1.6041428571428955,31,7,14,9,,train
SNIPER_4,2024-10-14,3,-1.3600000000001273,-0.4533333333333758,20,3,13,3,,train
SNIPER_4,2024-10-15,8,0.8480000000031395,0.10600000000039243,22,8,6,7,,train
SNIPER_4,2024-10-16,6,2.1600000000012187,0.3600000000002031,18,6,7,5,,train
SNIPER_4,2024-10-17,2,2.912000000000262,1.456000000000131,15,2,6,7,,train
SNIPER_4,2024-10-18,9,0.7300000000013824,0.08111111111126472,25,9,11,5,,train
SNIPER_4,2024-10-21,8,2.0409999999997126,0.2551249999999641,18,8,7,3,,train
SNIPER_4,2024-10-22,4,2.9070000000006075,0.7267500000001519,22,4,13,4,,train
SNIPER_4,2024-10-23,8,6.802999999998519,0.8503749999998149,34,8,14,11,,train
SNIPER_4,2024-10-24,2,-1.1169999999992797,-0.5584999999996398,16,2,10,4,,train
SNIPER_4,2024-10-25,5,1.5910000000003492,0.31820000000006987,24,5,7,11,,train
SNIPER_4,2024-10-28,3,-1.2469999999998436,-0.4156666666666145,24,3,14,6,,train
SNIPER_4,2024-10-29,9,4.235999999999876,0.4706666666666529,25,9,7,8,,train
SNIPER_4,2024-10-30,2,-0.5799999999999272,-0.2899999999999636,15,2,6,7,,train
SNIPER_4,2024-10-31,8,-0.9216666666667759,-0.11520833333334699,30,5,10,15,,train
SNIPER_4,2024-11-01,3,2.7100000000000364,0.9033333333333454,18,4,7,6,,train
SNIPER_4,2024-11-04,3,0.8510000000001128,0.28366666666670426,12,3,5,4,,train
SNIPER_4,2024-11-05,2,1.611000000000331,0.8055000000001655,12,2,4,5,,train
SNIPER_4,2024-11-06,9,6.688999999998487,0.743222222222054,37,9,8,19,,train
SNIPER_4,2024-11-07,9,-1.3330000000009932,-0.14811111111122147,34,9,7,17,,train
SNIPER_4,2024-11-08,5,3.361999999998716,0.6723999999997432,19,5,5,9,,train
SNIPER_4,2024-11-11,9,10.947999999998956,1.2164444444443285,30,9,10,10,,train
SNIPER_4,2024-11-12,4,3.040000000001328,0.760000000000332,22,4,8,8,,train
SNIPER_4,2024-11-13,6,-1.5569999999993342,-0.25949999999988904,18,6,4,7,,train
SNIPER_4,2024-11-14,4,9.402000000000498,2.3505000000001246,24,4,13,7,,train
SNIPER_4,2024-11-15,2,2.440000000000964,1.220000000000482,13,2,5,6,,train
SNIPER_4,2024-11-18,6,5.2379999999989195,0.8729999999998199,21,6,6,9,,train
SNIPER_4,2024-11-19,6,2.913000000000011,0.4855000000000018,24,6,8,9,,train
SNIPER_4,2024-11-20,7,4.451000000000931,0.6358571428572759,24,7,8,9,,train
SNIPER_4,2024-11-21,4,1.760000000000673,0.44000000000016826,16,4,6,6,,train
SNIPER_4,2024-11-22,8,4.7050000000031105,0.5881250000003888,34,8,14,8,,train
SNIPER_4,2024-11-25,12,-1.1939999999985957,-0.09949999999988297,43,12,13,15,,train
SNIPER_4,2024-11-26,5,2.598999999998796,0.5197999999997591,17,5,4,7,,train
SNIPER_4,2024-11-27,4,0.012000000000170985,0.0030000000000427463,20,4,6,10,,train
SNIPER_4,2024-11-28,7,1.4790000000007242,0.21128571428581774,29,7,15,6,,train
SNIPER_4,2024-11-29,4,0.39000000000078217,0.09750000000019554,13,4,5,3,,train
SNIPER_4,2024-12-02,4,-1.5399999999999636,-0.3849999999999909,26,4,13,9,,train
SNIPER_4,2024-12-03,6,-0.5029999999992472,-0.08383333333320786,14,6,5,2,,train
SNIPER_4,2024-12-04,9,-0.39700000000129876,-0.044111111111255416,16,9,4,1,,train
SNIPER_4,2024-12-05,6,-1.3810000000003129,-0.2301666666667188,21,6,2,12,,train
SNIPER_4,2024-12-06,11,-2.71100000000024,-0.24645454545456727,26,11,8,6,,train
SNIPER_4,2024-12-09,6,0.8330000000005389,0.13883333333342315,37,6,15,15,,train
SNIPER_4,2024-12-10,8,4.608000000000629,0.5760000000000787,26,8,10,8,,train
SNIPER_4,2024-12-11,7,-0.5109999999981482,-0.07299999999973546,25,7,9,8,,train
SNIPER_4,2024-12-12,6,10.805999999998676,1.8009999999997792,25,6,12,7,,train
SNIPER_4,2024-12-13,8,3.5000000000004547,0.43750000000005684,37,8,17,12,,train
SNIPER_4,2024-12-16,4,0.9669999999996435,0.24174999999991087,17,4,9,4,,train
SNIPER_4,2024-12-17,5,1.8799999999991996,0.3759999999998399,24,5,13,5,,train
SNIPER_4,2024-12-18,7,-0.7499999999981809,-0.10714285714259728,25,7,13,5,,train
SNIPER_4,2024-12-19,9,1.2026042115333744,0.13362269017037492,20,6,7,6,,train
SNIPER_4,2024-12-20,5,3.59400000000187,0.718800000000374,25,5,8,11,,train
SNIPER_4,2024-12-23,9,0.4800000000000181,0.05333333333333534,28,9,12,7,,train
SNIPER_4,2024-12-24,2,1.637000000000171,0.8185000000000855,11,2,7,0,,train
SNIPER_4,2024-12-26,6,-0.6809999999986758,-0.11349999999977929,20,6,10,3,,train
SNIPER_4,2024-12-27,4,6.086999999999989,1.5217499999999973,16,4,8,3,,train
SNIPER_4,2024-12-30,7,0.9250000000015464,0.13214285714307805,25,7,14,4,,train
SNIPER_4,2024-12-31,4,0.7039999999997235,0.17599999999993088,14,4,3,7,,train
SNIPER_4,2025-01-02,4,2.006000000000313,0.5015000000000782,19,4,6,8,,train
SNIPER_4,2025-01-03,5,-0.3499999999989996,-0.06999999999979992,22,5,10,7,,train
SNIPER_4,2025-01-06,5,-2.7289999999993597,-0.5457999999998719,16,5,6,4,,train
SNIPER_4,2025-01-07,8,1.1669999999999163,0.14587499999998954,27,8,11,7,,train
SNIPER_4,2025-01-08,5,-0.7249999999994543,-0.14499999999989086,12,5,3,4,,train
SNIPER_4,2025-01-09,1,-0.33999999999969077,-0.33999999999969077,20,1,13,6,,train
SNIPER_4,2025-01-10,7,0.4024858757067401,0.057497982243820016,19,4,8,7,,train
SNIPER_4,2025-01-13,9,0.13200000000097134,0.014666666666774594,28,9,10,8,,train
SNIPER_4,2025-01-14,2,0.95699999999988,0.47849999999994,11,2,6,1,,train
SNIPER_4,2025-01-15,10,3.523407655772341,0.3523407655772341,20,7,3,10,,train
SNIPER_4,2025-01-16,7,0.5330000000008113,0.07614285714297304,31,7,12,11,,train
SNIPER_4,2025-01-17,3,0.8499999999994543,0.2833333333331514,17,3,8,4,,train
SNIPER_4,2025-01-20,6,-0.14399999999977814,-0.023999999999963023,17,6,8,3,,train
SNIPER_4,2025-01-21,13,6.973999999998341,0.5364615384614109,34,13,15,6,,train
SNIPER_4,2025-01-22,5,-0.08100000000104052,-0.016200000000208103,17,5,6,6,,train
SNIPER_4,2025-01-23,4,-1.7210000000000036,-0.4302500000000009,19,4,8,6,,train
SNIPER_4,2025-01-24,4,-1.989999999999327,-0.49749999999983174,20,4,11,5,,train
SNIPER_4,2025-01-27,3,5.1200000000008,1.7066666666669335,28,3,16,9,,train
SNIPER_4,2025-01-28,7,-0.44000000000005457,-0.06285714285715065,22,7,9,6,,train
SNIPER_4,2025-01-29,4,1.830000000001292,0.457500000000323,18,4,10,4,,train
SNIPER_4,2025-01-30,11,-1.1099999999996726,-0.10090909090906114,28,8,12,8,,train
SNIPER_4,2025-01-31,4,2.7929999999992106,0.6982499999998026,20,4,11,4,,train
SNIPER_4,2025-02-03,10,-2.644999999999982,-0.2644999999999982,43,10,23,10,,train
SNIPER_4,2025-02-04,7,-0.33299999999871943,-0.04757142857124563,29,7,16,6,,train
SNIPER_4,2025-02-05,6,-0.9099999999998545,-0.1516666666666424,25,6,5,12,,train
SNIPER_4,2025-02-06,11,1.1570000000006075,0.10518181818187342,26,11,9,5,,train
SNIPER_4,2025-02-07,4,-1.9470000000001164,-0.4867500000000291,15,4,6,4,,train
SNIPER_4,2025-02-10,8,6.116999999999734,0.7646249999999668,30,8,8,13,,train
SNIPER_4,2025-02-11,10,1.8629999999984646,0.18629999999984645,37,10,14,12,,train
SNIPER_4,2025-02-12,8,0.13799999999991996,0.017249999999989996,23,8,8,6,,train
SNIPER_4,2025-02-13,4,0.2899999999999636,0.0724999999999909,20,4,13,3,,train
SNIPER_4,2025-02-14,14,-4.166000000000622,-0.297571428571473,35,14,12,8,,train
SNIPER_4,2025-02-17,2,0.9300000000012008,0.4650000000006004,9,2,3,4,,train
SNIPER_4,2025-02-18,5,1.5509999999994761,0.3101999999998952,38,5,22,11,,train
SNIPER_4,2025-02-19,6,1.0391666666664605,0.1731944444444101,16,3,6,7,,train
SNIPER_4,2025-02-20,8,7.020999999999276,0.8776249999999095,24,8,11,4,,train
SNIPER_4,2025-02-21,2,-0.8700000000003456,-0.4350000000001728,15,2,6,6,,train
SNIPER_4,2025-02-24,8,1.283000000001266,0.16037500000015825,24,8,10,5,,train
SNIPER_4,2025-02-25,12,-0.11599999999998545,-0.009666666666665455,39,12,15,11,,train
SNIPER_4,2025-02-26,8,-4.23299999999972,-0.529124999999965,22,8,7,5,,train
SNIPER_4,2025-02-27,7,3.799000000000433,0.5427142857143475,26,7,9,10,,train
SNIPER_4,2025-02-28,6,-1.2349999999992178,-0.20583333333320297,22,6,5,11,,train
SNIPER_4,2025-03-03,11,5.398000000000593,0.49072727272732664,24,11,6,7,,train
SNIPER_4,2025-03-04,9,16.109999999999218,1.789999999999913,26,9,10,7,,train
SNIPER_4,2025-03-05,9,-1.0950000000011637,-0.12166666666679597,19,9,6,4,,train
SNIPER_4,2025-03-06,8,12.31000000000131,1.5387500000001637,20,8,8,3,,train
SNIPER_4,2025-03-07,3,0.044999999999163265,0.014999999999721089,21,3,12,6,,train
SNIPER_4,2025-03-10,5,4.426999999999225,0.885399999999845,24,5,10,9,,train
SNIPER_4,2025-03-11,5,-0.7829999999999017,-0.15659999999998034,17,5,6,6,,train
SNIPER_4,2025-03-12,2,-0.6199999999998909,-0.30999999999994543,16,2,7,6,,train
SNIPER_4,2025-03-13,7,-0.02899999999863212,-0.004142857142661731,21,7,5,9,,train
SNIPER_4,2025-03-14,3,3.612999999999829,1.2043333333332764,15,3,5,4,,train
SNIPER_4,2025-03-17,2,-1.6530000000002474,-0.8265000000001237,11,2,5,4,,train
SNIPER_4,2025-03-18,7,4.062000000000808,0.5802857142858296,34,7,17,10,,train
SNIPER_4,2025-03-19,5,0.4630000000001928,0.09260000000003857,19,5,9,4,,train
SNIPER_4,2025-03-20,2,-1.1300000000001091,-0.5650000000000546,26,2,11,13,,train
SNIPER_4,2025-03-21,2,-0.7399999999997817,-0.36999999999989086,20,2,14,4,,train
SNIPER_4,2025-03-24,3,0.7579999999993561,0.25266666666645204,19,3,9,7,,train
SNIPER_4,2025-03-25,6,6.210000000000036,1.0350000000000061,19,6,5,8,,train
SNIPER_4,2025-03-26,1,-0.18999999999959982,-0.18999999999959982,18,1,10,6,,train
SNIPER_4,2025-03-27,9,-4.029999999999291,-0.44777777777769895,21,9,6,6,,train
SNIPER_4,2025-03-28,10,1.1929999999997563,0.11929999999997562,21,10,6,5,,train
SNIPER_4,2025-03-31,7,-3.604000000000269,-0.5148571428571813,23,7,10,5,,train
SNIPER_4,2025-04-01,11,9.99600000000055,0.9087272727273227,20,11,3,4,,train
SNIPER_4,2025-04-02,9,0.8560000000006767,0.0951111111111863,25,9,10,5,,train
SNIPER_4,2025-04-03,16,4.405999999999039,0.2753749999999399,32,16,7,7,,train
SNIPER_4,2025-04-04,16,11.08100000000104,0.692562500000065,30,16,4,10,,train
SNIPER_4,2025-04-07,16,10.52699999999868,0.6579374999999175,34,16,7,8,,train
SNIPER_4,2025-04-08,10,4.449999999998454,0.4449999999998454,21,10,5,5,,train
SNIPER_4,2025-04-09,17,27.045000000000073,1.5908823529411809,31,17,3,10,,train
SNIPER_4,2025-04-10,14,5.842000000001917,0.4172857142858512,32,14,7,11,,train
SNIPER_4,2025-04-11,12,10.105999999999312,0.8421666666666093,23,12,3,7,,train
SNIPER_4,2025-04-14,4,-2.7100000000000364,-0.6775000000000091,16,4,5,7,,train
SNIPER_4,2025-04-15,4,6.349999999999454,1.5874999999998636,16,4,3,9,,train
SNIPER_4,2025-04-16,17,8.430000000000291,0.4958823529411936,42,17,15,10,,train
SNIPER_4,2025-04-17,15,17.969855072466846,1.1979903381644563,26,12,10,4,,train
SNIPER_4,2025-04-21,17,3.309999999997672,0.19470588235280425,40,17,7,13,,train
SNIPER_4,2025-04-22,19,-2.929999999999836,-0.15421052631578083,40,19,8,13,,train
SNIPER_4,2025-04-23,20,35.73000000000138,1.786500000000069,35,20,6,8,,train
SNIPER_4,2025-04-24,8,14.459999999998672,1.807499999999834,25,8,5,11,,train
SNIPER_4,2025-04-25,13,-0.24999999999863576,-0.019230769230664288,30,13,2,13,,train
SNIPER_4,2025-04-28,14,7.4000000000010004,0.5285714285715001,31,14,5,12,,train
SNIPER_4,2025-04-29,11,6.949999999998454,0.6318181818180413,23,11,7,5,,train
SNIPER_4,2025-04-30,12,0.8400000000001455,0.07000000000001212,21,12,4,4,,train
SNIPER_4,2025-05-01,10,-5.709999999999582,-0.5709999999999582,20,10,4,6,,train
SNIPER_4,2025-05-02,4,-1.7299999999995634,-0.43249999999989086,16,4,7,5,,train
SNIPER_4,2025-05-05,17,9.553999999999633,0.5619999999999784,37,17,7,13,,train
SNIPER_4,2025-05-06,15,11.959999999998217,0.7973333333332145,27,15,4,5,,train
SNIPER_4,2025-05-07,6,-1.3900000000003274,-0.23166666666672123,15,6,3,6,,train
SNIPER_4,2025-05-08,23,-5.6599999999980355,-0.24608695652165372,40,23,4,13,,train
SNIPER_4,2025-05-09,9,-2.9699999999984357,-0.3299999999998262,28,9,7,12,,train
SNIPER_4,2025-05-12,11,7.6300000000010195,0.6936363636364563,19,11,4,3,,train
SNIPER_4,2025-05-13,13,3.6799999999980173,0.28307692307677057,21,13,2,5,,train
SNIPER_4,2025-05-14,15,0.5339999999969223,0.03559999999979482,38,15,12,11,,train
SNIPER_4,2025-05-15,17,3.076000000000022,0.18094117647058952,42,17,10,14,,train
SNIPER_4,2025-05-16,10,-3.539999999999509,-0.3539999999999509,44,10,21,12,,train
SNIPER_4,2025-05-19,8,0.7100000000014006,0.08875000000017508,27,8,10,8,,train
SNIPER_4,2025-05-20,12,7.769999999998618,0.6474999999998848,34,12,12,10,,train
SNIPER_4,2025-05-21,12,0.7449999999989814,0.06208333333324845,28,12,8,6,,train
SNIPER_4,2025-05-22,15,6.07699999999977,0.40513333333331797,33,15,8,9,,train
SNIPER_4,2025-05-23,16,-4.648000000000593,-0.29050000000003706,28,16,2,8,,train
SNIPER_4,2025-05-26,5,3.617999999998119,0.7235999999996239,23,5,12,6,,train
SNIPER_4,2025-05-27,11,-2.0519999999983156,-0.18654545454530141,26,11,7,7,,train
SNIPER_4,2025-05-28,16,6.015000000001237,0.3759375000000773,28,16,3,7,,train
SNIPER_4,2025-05-29,11,9.916999999999916,0.901545454545447,48,11,19,18,,train
SNIPER_4,2025-05-30,11,12.651000000001659,1.1500909090910598,22,11,4,7,,train
SNIPER_4,2025-06-02,8,-2.913000000000011,-0.36412500000000136,39,8,8,21,,train
SNIPER_4,2025-06-03,10,4.440000000001419,0.4440000000001419,23,10,5,6,,train
SNIPER_4,2025-06-04,6,1.6500000000010004,0.2750000000001667,12,6,1,3,,train
SNIPER_4,2025-06-05,9,-0.909999999998945,-0.10111111111099388,27,9,8,8,,train
SNIPER_4,2025-06-06,13,9.322000000000571,0.717076923076967,29,13,6,10,,train
SNIPER_4,2025-06-09,12,4.83600000000024,0.40300000000002,34,12,8,13,,train
SNIPER_4,2025-06-10,12,3.6399999999994175,0.30333333333328477,27,12,6,7,,train
SNIPER_4,2025-06-11,7,2.032999999999447,0.29042857142849243,19,7,5,7,,train
SNIPER_4,2025-06-12,9,3.11200000000008,0.3457777777777867,20,9,4,5,,train
SNIPER_4,2025-06-13,16,17.150000000001,1.0718750000000625,30,16,8,6,,train
SNIPER_4,2025-06-16,14,-2.416999999998552,-0.1726428571427537,33,14,9,9,,train
SNIPER_4,2025-06-17,5,5.3080000000004475,1.0616000000000896,17,5,9,3,,train
SNIPER_4,2025-06-18,10,7.625999999999294,0.7625999999999294,20,10,5,4,,train
SNIPER_4,2025-06-19,2,-0.6300000000001091,-0.31500000000005457,18,2,8,6,,train
SNIPER_4,2025-06-20,7,3.233999999999014,0.46199999999985913,23,7,7,9,,train
SNIPER_4,2025-06-23,8,7.713000000001102,0.9641250000001378,19,8,3,7,,train
SNIPER_4,2025-06-24,13,2.085333333334044,0.16041025641031106,27,10,10,6,,train
SNIPER_4,2025-06-25,8,9.290000000001783,1.1612500000002228,19,8,6,5,,train
SNIPER_4,2025-06-26,7,0.6369999999997162,0.09099999999995946,15,7,4,4,,train
SNIPER_4,2025-06-27,9,3.7169999999996435,0.4129999999999604,32,9,16,7,,train
SNIPER_4,2025-06-30,7,-1.6859999999996944,-0.2408571428570992,29,7,8,14,,train
SNIPER_4,2025-07-01,6,2.975000000001728,0.49583333333362134,21,6,9,6,,train
SNIPER_4,2025-07-02,4,2.6050000000013824,0.6512500000003456,16,4,6,6,,train
SNIPER_4,2025-07-03,9,2.732999999997446,0.3036666666663829,28,9,10,7,,train
SNIPER_4,2025-07-04,4,2.399999999996908,0.599999999999227,12,4,3,4,,train
SNIPER_4,2025-07-07,7,3.799999999999727,0.5428571428571038,23,7,7,8,,train
SNIPER_4,2025-07-08,11,2.8440000000023247,0.25854545454566585,26,11,7,7,,train
SNIPER_4,2025-07-09,9,0.8939999999997781,0.09933333333330868,28,9,10,9,,train
SNIPER_4,2025-07-10,3,0.4000000000005459,0.1333333333335153,10,3,3,3,,train
SNIPER_4,2025-07-11,4,-1.6860000000001492,-0.4215000000000373,22,4,8,8,,train
SNIPER_4,2025-07-14,11,4.5000000000027285,0.40909090909115714,30,11,12,7,,train
SNIPER_4,2025-07-15,13,4.829000000001088,0.3714615384616221,23,13,5,5,,train
SNIPER_4,2025-07-16,4,-4.632999999999811,-1.1582499999999527,23,4,11,8,,train
SNIPER_4,2025-07-17,8,16.110000000000127,2.013750000000016,23,8,7,7,,train
SNIPER_4,2025-07-18,4,0.587000000000444,0.146750000000111,16,4,7,4,,train
SNIPER_4,2025-07-21,12,12.135999999999058,1.0113333333332548,29,12,12,4,,train
SNIPER_4,2025-07-22,13,-2.216774327120826,-0.17052110208621737,33,10,13,10,,train
SNIPER_4,2025-07-23,7,1.0069999999996069,0.1438571428570867,24,7,10,7,,train
SNIPER_4,2025-07-24,13,-6.870999999999186,-0.5285384615383989,32,13,14,5,,train
SNIPER_4,2025-07-25,10,5.081000000002406,0.5081000000002406,30,10,14,6,,train
SNIPER_4,2025-07-28,10,-5.360000000000127,-0.5360000000000127,24,10,7,6,,train
SNIPER_4,2025-07-29,6,1.1300000000001091,0.18833333333335153,24,6,9,9,,train
SNIPER_4,2025-07-30,8,3.1850000000004,0.39812500000005,31,8,10,11,,train
SNIPER_4,2025-07-31,8,-3.87099999999964,-0.483874999999955,22,8,9,5,,train
SNIPER_4,2025-08-01,8,-1.5320000000006075,-0.19150000000007594,22,8,4,10,,train
SNIPER_4,2025-08-04,7,-3.26700000000028,-0.4667142857143257,22,7,8,6,,train
SNIPER_4,2025-08-05,16,0.31300000000101136,0.01956250000006321,30,16,10,4,,train
SNIPER_4,2025-08-06,8,10.798000000002503,1.3497500000003129,17,8,4,5,,train
SNIPER_4,2025-08-07,12,3.0889999999994875,0.25741666666662394,26,12,8,5,,train
SNIPER_4,2025-08-08,5,-6.8429999999993925,-1.3685999999998786,14,5,8,0,,train
SNIPER_4,2025-08-11,9,6.048999999999523,0.6721111111110581,24,9,8,7,,train
SNIPER_4,2025-08-12,1,1.5319999999992433,1.5319999999992433,10,1,6,3,,train
SNIPER_4,2025-08-13,4,3.5400000000013283,0.8850000000003321,14,4,4,6,,train
SNIPER_4,2025-08-14,9,2.5540000000000873,0.28377777777778745,27,9,9,9,,train
SNIPER_4,2025-08-15,4,-1.2999999999997272,-0.3249999999999318,17,4,10,3,,train
SNIPER_4,2025-08-18,7,4.746000000001004,0.6780000000001435,19,7,8,4,,train
SNIPER_4,2025-08-19,8,-1.9210000000002765,-0.24012500000003456,22,8,8,5,,train
SNIPER_4,2025-08-20,7,1.6730000000015934,0.23900000000022764,28,7,12,9,,train
SNIPER_4,2025-08-21,5,-2.6900000000005093,-0.5380000000001018,18,5,7,6,,train
SNIPER_4,2025-08-22,4,-1.3280000000004293,-0.3320000000001073,19,4,8,6,,train
SNIPER_4,2025-08-25,2,2.2249999999994543,1.1124999999997272,11,2,4,4,,train
SNIPER_4,2025-08-26,3,0.7900000000017826,0.26333333333392756,19,3,8,8,,train
SNIPER_4,2025-08-27,10,7.849000000000615,0.7849000000000614,20,10,7,3,,train
SNIPER_4,2025-08-28,5,2.9400000000005093,0.5880000000001019,25,5,12,8,,train
SNIPER_4,2025-08-29,7,3.798999999999978,0.5427142857142826,27,7,13,6,,train
SNIPER_4,2025-09-01,8,2.5010000000024775,0.3126250000003097,21,8,5,8,,train
SNIPER_4,2025-09-02,11,21.91700000000128,1.9924545454546618,33,11,9,10,,train
SNIPER_4,2025-09-03,10,5.538999999999305,0.5538999999999306,31,10,14,7,,train
SNIPER_4,2025-09-04,7,-1.7360000000007858,-0.24800000000011227,25,7,11,5,,train
SNIPER_4,2025-09-05,8,5.65000000000191,0.7062500000002387,15,8,4,3,,train
SNIPER_4,2025-09-08,15,4.266999999998916,0.28446666666659437,38,15,12,10,,train
SNIPER_4,2025-09-09,8,-2.0359999999996035,-0.25449999999995043,22,8,9,5,,train
SNIPER_4,2025-09-10,5,-1.0330000000008113,-0.20660000000016226,26,5,10,10,,train
SNIPER_4,2025-09-11,6,1.333999999999378,0.22233333333322966,16,6,6,4,,train
SNIPER_4,2025-09-12,5,0.615000000001146,0.12300000000022919,19,5,9,4,,train
SNIPER_4,2025-09-15,12,0.5749999999975444,0.04791666666646203,32,12,15,4,,train
SNIPER_4,2025-09-16,7,-2.905999999999949,-0.4151428571428499,18,7,5,6,,train
SNIPER_4,2025-09-17,16,15.399000000002161,0.9624375000001351,30,16,11,3,,train
SNIPER_4,2025-09-18,7,2.2270000000003165,0.31814285714290236,24,7,9,8,,train
SNIPER_4,2025-09-19,7,4.241000000000439,0.6058571428572056,23,7,9,6,,train
SNIPER_4,2025-09-22,7,-1.4269999999987704,-0.20385714285696718,30,7,8,14,,train
SNIPER_4,2025-09-23,5,4.4049999999992915,0.8809999999998583,21,5,9,7,,train
SNIPER_4,2025-09-24,5,1.654000000000451,0.33080000000009024,25,5,5,14,,train
SNIPER_4,2025-09-25,7,8.527000000000498,1.2181428571429282,16,7,5,3,,train
SNIPER_4,2025-09-26,12,6.815999999998439,0.5679999999998699,28,12,5,8,,train
SNIPER_4,2025-09-29,12,1.558000000001357,0.1298333333334464,32,12,9,10,,train
SNIPER_4,2025-09-30,14,3.8690000000005957,0.27635714285718543,39,14,17,7,,train
SNIPER_4,2025-10-01,11,1.3369999999995343,0.12154545454541221,20,11,6,1,,train
SNIPER_4,2025-10-02,9,-1.3699999999989814,-0.15222222222210904,22,9,5,6,,train
SNIPER_4,2025-10-03,14,10.470000000001619,0.7478571428572585,30,14,8,7,,train
SNIPER_4,2025-10-06,15,8.806000000000495,0.5870666666666996,39,15,13,11,,train
SNIPER_4,2025-10-07,12,9.864999999998872,0.8220833333332394,32,12,10,9,,train
SNIPER_4,2025-10-08,15,5.69399999999996,0.37959999999999733,32,15,8,8,,train
SNIPER_4,2025-10-09,23,1.4200000000005275,0.06173913043480554,36,23,6,5,,train
SNIPER_4,2025-10-10,17,6.319000000001779,0.3717058823530458,30,17,6,7,,train
SNIPER_4,2025-10-13,19,10.457999999999174,0.5504210526315355,35,19,3,12,,train
SNIPER_4,2025-10-14,8,-4.147000000004482,-0.5183750000005602,19,8,2,8,,train
SNIPER_4,2025-10-15,19,15.573999999997795,0.8196842105261998,31,19,7,3,,train
SNIPER_4,2025-10-16,25,18.23799999998937,0.7295199999995748,41,25,4,10,,train
SNIPER_4,2025-10-17,21,17.02999999999247,0.8109523809520224,35,21,5,9,,train
SNIPER_4,2025-10-20,14,17.588999999993575,1.256357142856684,36,14,10,12,,train
SNIPER_4,2025-10-21,23,2.6929999999883876,0.11708695652123424,41,23,7,9,,train
SNIPER_4,2025-10-22,16,19.9429999999993,1.2464374999999563,31,16,5,9,,train
SNIPER_4,2025-10-23,20,6.866999999999735,0.3433499999999868,35,20,4,9,,train
SNIPER_4,2025-10-24,11,5.38099999999713,0.48918181818155726,23,11,3,7,,train
SNIPER_4,2025-10-27,16,10.956999999998517,0.6848124999999073,35,16,11,7,,train
SNIPER_4,2025-10-28,18,14.702999999999065,0.8168333333332813,35,18,10,6,,train
SNIPER_4,2025-10-29,16,-5.496222222220695,-0.3435138888887934,29,13,6,9,,train
SNIPER_4,2025-10-30,13,1.6789999999991778,0.12915384615378292,35,13,7,14,,train
SNIPER_4,2025-10-31,8,-1.5499999999988177,-0.1937499999998522,27,8,12,5,,train
SNIPER_4,2025-11-03,8,-4.818999999999505,-0.6023749999999382,19,8,2,9,,train
SNIPER_4,2025-11-04,14,8.06000000000222,0.5757142857144443,28,14,8,6,,train
SNIPER_4,2025-11-05,16,7.872000000000298,0.49200000000001864,28,16,4,7,,train
SNIPER_4,2025-11-06,9,2.4829999999983556,0.27588888888870616,24,9,7,8,,train
SNIPER_4,2025-11-07,9,-1.7029999999999745,-0.1892222222222194,16,9,2,4,,train
SNIPER_4,2025-11-10,17,5.682999999998931,0.33429411764699596,43,14,17,12,,train
SNIPER_4,2025-11-11,6,-0.6400000000039654,-0.10666666666732756,27,6,9,11,,train
SNIPER_4,2025-11-12,17,11.893999999995685,0.6996470588232756,35,17,6,9,,train
SNIPER_4,2025-11-13,13,0.6129999999948268,0.04715384615344821,26,13,7,5,,train
SNIPER_4,2025-11-14,20,18.409999999995307,0.9204999999997654,46,20,7,16,,train
SNIPER_4,2025-11-17,18,33.08999999999605,1.838333333333114,36,18,8,9,,train
SNIPER_4,2025-11-18,6,1.374000000000251,0.22900000000004184,20,6,6,6,,train
SNIPER_4,2025-11-19,9,-12.500000000002274,-1.3888888888891415,18,9,3,5,,train
SNIPER_4,2025-11-20,9,1.7570000000005166,0.1952222222222796,26,9,10,6,,train
SNIPER_4,2025-11-21,7,14.237999999999829,2.0339999999999754,18,7,2,9,,train
SNIPER_4,2025-11-24,15,10.650999999993473,0.7100666666662315,35,15,7,12,,train
SNIPER_4,2025-11-25,10,-0.4190000000025975,-0.04190000000025975,21,10,6,5,,train
SNIPER_4,2025-11-26,8,7.3899999999966886,0.9237499999995861,20,8,6,5,,train
SNIPER_4,2025-11-27,6,-0.6170000000047365,-0.10283333333412276,18,6,7,5,,train
SNIPER_4,2025-11-28,10,3.2969999999932043,0.3296999999993204,27,10,7,10,,train
SNIPER_4,2025-12-01,7,16.65299999999752,2.3789999999996456,17,7,5,4,,train
SNIPER_4,2025-12-02,10,8.35599999999613,0.8355999999996129,24,10,8,6,,train
SNIPER_4,2025-12-03,5,-0.660000000002583,-0.1320000000005166,12,5,2,5,,train
SNIPER_4,2025-12-04,13,4.001044315985989,0.3077726396912299,26,10,10,4,,train
SNIPER_4,2025-12-05,9,2.751999999994041,0.3057777777771157,30,9,14,6,,train
SNIPER_4,2025-12-08,7,4.979999999995016,0.7114285714278594,18,7,7,4,,train
SNIPER_4,2025-12-09,15,-2.503000000007887,-0.16686666666719246,30,15,7,7,,train
SNIPER_4,2025-12-10,5,-4.545000000002801,-0.9090000000005602,17,5,6,3,,train
SNIPER_4,2025-12-11,18,2.3009999999931097,0.12783333333295055,36,18,8,8,,train
SNIPER_4,2025-12-12,6,10.27299999999559,1.7121666666659319,18,6,7,4,,train
SNIPER_4,2025-12-15,4,7.459999999998217,1.8649999999995543,16,4,4,6,,train
SNIPER_4,2025-12-16,8,5.6269999999949505,0.7033749999993688,22,8,8,6,,train
SNIPER_4,2025-12-17,10,5.046999999997752,0.5046999999997752,18,10,4,3,,train
SNIPER_4,2025-12-18,9,2.4529999999949723,0.27255555555499694,15,9,0,6,,train
SNIPER_4,2025-12-19,8,-3.2210000000040964,-0.40262500000051205,16,8,2,6,,train
SNIPER_4,2025-12-22,21,30.108999999985826,1.4337619047612298,49,21,13,14,,train
SNIPER_4,2025-12-23,8,8.125999999996566,1.0157499999995707,16,8,1,6,,train
SNIPER_4,2025-12-24,12,0.20499999999810847,0.017083333333175705,30,12,8,9,,train
SNIPER_4,2025-12-26,12,-0.8980000000037753,-0.07483333333364794,25,12,7,6,,train
SNIPER_4,2025-12-29,24,11.230000000002292,0.4679166666667622,36,21,5,9,,train
SNIPER_4,2025-12-30,12,11.069999999995161,0.9224999999995968,22,12,6,4,,train
SNIPER_4,2025-12-31,6,-4.310000000004038,-0.7183333333340064,18,6,3,8,,train
SNIPER_4,2026-01-02,18,-11.193000000011125,-0.6218333333339514,37,18,9,8,,test
SNIPER_4,2026-01-05,13,15.088999999997213,1.1606923076920934,28,13,8,7,,test
SNIPER_4,2026-01-06,17,-6.93300000000545,-0.4078235294120853,36,17,8,9,,test
SNIPER_4,2026-01-07,8,1.6169999999965512,0.2021249999995689,24,8,9,7,,test
SNIPER_4,2026-01-08,13,4.236999999992804,0.32592307692252337,27,13,4,10,,test
SNIPER_4,2026-01-09,16,17.89799999999923,1.1186249999999518,24,16,2,5,,test
SNIPER_4,2026-01-12,13,6.160000000006221,0.47384615384663237,29,13,7,6,,test
SNIPER_4,2026-01-13,10,2.0099999999983993,0.20099999999983992,22,10,8,4,,test
SNIPER_4,2026-01-14,11,-0.12400000000343453,-0.011272727273039502,17,11,1,4,,test
SNIPER_4,2026-01-15,7,0.48199999999724236,0.0688571428567489,22,7,11,4,,test
SNIPER_4,2026-01-16,9,-7.4430000000047585,-0.8270000000005288,14,9,0,3,,test
SNIPER_4,2026-01-19,3,1.818878381243394e-12,6.06292793747798e-13,8,3,3,0,,test
SNIPER_4,2026-01-20,16,7.678999999992811,0.4799374999995507,40,16,7,15,,test
SNIPER_4,2026-01-21,10,-5.926000000006752,-0.5926000000006753,17,10,3,3,,test
SNIPER_4,2026-01-22,24,4.905999999989035,0.2044166666662098,47,24,6,16,,test
SNIPER_4,2026-01-23,17,25.56000000000313,1.5035294117648899,28,17,2,8,,test
SNIPER_4,2026-01-26,10,7.581999999995787,0.7581999999995788,15,10,1,4,,test
SNIPER_4,2026-01-27,15,14.467000000000553,0.9644666666667036,26,15,3,7,,test
SNIPER_4,2026-01-28,31,74.481509544786,2.402629340154387,50,30,3,16,,test
SNIPER_4,2026-01-29,22,94.72399999999925,4.30563636363633,38,22,3,10,,test
SNIPER_4,2026-01-30,29,40.726999999991676,1.4043793103445406,48,29,3,14,,test
SNIPER_4,2026-02-02,24,98.60399999999208,4.10849999999967,35,24,2,7,,test
SNIPER_4,2026-02-03,24,65.3309999999965,2.722124999999854,33,24,0,9,,test
SNIPER_4,2026-02-04,20,7.319999999990614,0.3659999999995307,34,20,3,11,,test
SNIPER_4,2026-02-05,26,26.000999999995656,1.0000384615382945,37,26,1,10,,test
SNIPER_4,2026-02-06,23,48.124999999989086,2.0923913043473514,48,23,6,18,,test
SNIPER_4,2026-02-09,20,2.831300624762966,0.1415650312381483,25,17,1,5,,test
SNIPER_4,2026-02-10,9,0.25299999999697315,0.028111111110774793,17,9,5,3,,test
SNIPER_4,2026-02-11,16,-12.774000000008527,-0.798375000000533,22,16,3,3,,test
SNIPER_4,2026-02-12,11,32.614999999993415,2.9649999999994012,18,11,3,4,,test
SNIPER_4,2026-02-13,20,13.184999999994034,0.6592499999997017,28,20,1,6,,test
SNIPER_4,2026-02-16,6,-1.336000000002059,-0.22266666666700985,13,6,2,3,,test
SNIPER_4,2026-02-17,19,9.418999999991684,0.49573684210482544,32,19,4,9,,test
SNIPER_4,2026-02-18,11,17.01699999999255,1.5469999999993227,36,11,7,15,,test
SNIPER_4,2026-02-19,16,12.53099999999904,0.78318749999994,23,16,4,3,,test
SNIPER_4,2026-02-20,16,41.44899999999416,2.590562499999635,24,16,5,1,,test
SNIPER_4,2026-02-23,14,24.9809999999934,1.7843571428566716,33,14,4,13,,test
SNIPER_4,2026-02-24,14,-12.74300000000585,-0.9102142857147035,25,14,3,8,,test
SNIPER_4,2026-02-25,11,6.723999999995613,0.6112727272723284,20,11,4,4,,test
SNIPER_4,2026-02-26,11,16.21499999999469,1.4740909090904262,17,11,5,1,,test
SNIPER_4,2026-02-27,14,9.364999999996144,0.668928571428296,30,14,6,9,,test
SNIPER_4,2026-03-02,10,-11.054000000003725,-1.1054000000003725,22,10,5,6,,test
SNIPER_4,2026-03-03,28,-19.555000000009386,-0.6983928571431923,45,28,5,12,,test
SNIPER_4,2026-03-04,11,-5.587000000005901,-0.5079090909096273,23,11,5,5,,test
SNIPER_4,2026-03-05,18,9.617999999993117,0.534333333332951,27,18,3,5,,test
SNIPER_4,2026-03-06,15,1.7869999999938955,0.11913333333292636,27,15,7,4,,test
SNIPER_4,2026-03-09,15,34.91599999999562,2.3277333333330414,25,15,2,8,,test
SNIPER_4,2026-03-10,22,8.413800995020514,0.3824454997736597,38,19,10,8,,test
SNIPER_4,2026-03-11,12,3.3249999999952706,0.2770833333329392,21,12,1,7,,test
SNIPER_4,2026-03-12,25,6.11299999998937,0.2445199999995748,41,25,4,12,,test
SNIPER_4,2026-03-13,13,5.552999999990789,0.42715384615313756,25,13,3,8,,test
SNIPER_4,2026-03-16,8,6.9229999999961365,0.8653749999995171,21,8,6,5,,test
SNIPER_4,2026-03-17,8,7.017000000001644,0.8771250000002055,17,8,3,5,,test
SNIPER_4,2026-03-18,19,-1.3830000000061768,-0.07278947368453563,42,19,9,12,,test
SNIPER_4,2026-03-19,25,53.8312248061981,2.153248992247924,38,22,2,13,,test
SNIPER_4,2026-03-20,18,10.054999999995744,0.5586111111108747,34,18,6,9,,test
SNIPER_4,2026-03-23,21,44.361999999993714,2.112476190475891,31,21,5,4,,test
SNIPER_4,2026-03-24,17,0.341999999995096,0.020117647058535058,31,17,2,8,,test
SNIPER_4,2026-03-25,11,25.245999999991,2.295090909090091,23,11,6,5,,test
SNIPER_4,2026-03-26,19,-11.435000000005857,-0.6018421052634662,30,19,4,7,,test
SNIPER_4,2026-03-27,17,11.543999999996231,0.6790588235291901,32,17,6,9,,test
SNIPER_4,2026-03-30,20,30.382999999989806,1.5191499999994904,27,20,2,3,,test
SNIPER_4,2026-03-31,26,8.625999999991109,0.3317692307688888,44,26,3,14,,test
SNIPER_4,2026-04-01,18,20.593999999990046,1.1441111111105582,30,18,3,9,,test
SNIPER_4,2026-04-02,15,17.487999999995736,1.1658666666663824,27,15,2,10,,test
SNIPER_4,2026-04-06,9,0.04199999999764226,0.004666666666404695,23,9,5,8,,test
SNIPER_4,2026-04-07,16,21.39799999999468,1.3373749999996676,27,16,5,6,,test
SNIPER_4,2026-04-08,19,-9.076000000010936,-0.47768421052689136,33,19,4,9,,test
SNIPER_4,2026-04-09,21,25.096999999995205,1.1950952380950097,34,21,5,7,,test
SNIPER_4,2026-04-10,8,2.707999999999629,0.3384999999999536,18,8,3,6,,test
SNIPER_4,2026-04-13,9,3.469999999999345,0.3855555555554828,24,9,4,9,,test
SNIPER_4,2026-04-14,13,-3.786000000003696,-0.29123076923105357,31,13,5,11,,test
SNIPER_4,2026-04-15,9,3.655999999996311,0.40622222222181237,23,9,3,10,,test
SNIPER_4,2026-04-16,13,6.042999999994208,0.4648461538457083,27,13,8,5,,test
SNIPER_4,2026-04-17,14,6.347999999995409,0.4534285714282435,32,14,8,9,,test
SNIPER_4,2026-04-20,19,20.20299999999679,1.0633157894735152,28,19,4,3,,test
SNIPER_4,2026-04-21,20,-3.5700000000124414,-0.17850000000062208,38,20,8,9,,test
SNIPER_4,2026-04-22,14,1.7999999999974534,0.12857142857124668,25,14,4,6,,test
SNIPER_4,2026-04-23,7,11.366999999992913,1.6238571428561304,18,7,6,2,,test
SNIPER_4,2026-04-24,9,4.210000000000036,0.46777777777778184,27,9,11,7,,test
SNIPER_4,2026-04-27,15,2.9869999999991705,0.19913333333327804,35,15,14,6,,test
SNIPER_4,2026-04-28,20,7.439999999991414,0.37199999999957073,49,20,14,15,,test
SNIPER_4,2026-04-29,12,9.903999999998632,0.8253333333332193,35,12,5,15,,test
SNIPER_4,2026-04-30,14,4.211999999994077,0.30085714285671983,35,14,7,14,,test
SNIPER_4,2026-05-01,14,-5.467000000009648,-0.39050000000068913,27,14,2,10,,test
SNIPER_4,2026-05-04,23,-3.8360000000111536,-0.16678260869613712,43,23,9,11,,test
SNIPER_4,2026-05-05,7,-2.8340000000034706,-0.4048571428576387,25,7,9,8,,test
SNIPER_4,2026-05-06,19,15.90999999999349,0.8373684210522889,41,19,7,15,,test
SNIPER_4,2026-05-07,16,18.59099999999853,1.1619374999999081,26,16,6,2,,test
SNIPER_4,2026-05-08,11,-3.874666666671753,-0.3522424242428866,19,8,5,5,,test
SNIPER_4,2026-05-11,17,9.06800000000294,0.5334117647060552,37,17,7,13,,test
SNIPER_4,2026-05-12,22,9.70674829931886,0.44121583178722096,39,19,6,13,,test
SNIPER_4,2026-05-13,7,10.75,1.5357142857142858,16,7,3,5,,test
SNIPER_4,2026-05-14,7,-4.324000000004162,-0.6177142857148803,21,7,2,10,,test
SNIPER_4,2026-05-15,11,-1.1670000000049188,-0.10609090909135625,30,11,11,7,,test
SNIPER_4,2026-05-18,9,-7.890000000002146,-0.8766666666669052,17,9,3,4,,test
SNIPER_4,2026-05-19,18,3.2599999999911238,0.18111111111061798,33,18,8,7,,test
SNIPER_4,2026-05-20,19,8.925999999998567,0.4697894736841351,34,19,8,6,,test
SNIPER_4,2026-05-21,12,13.259000000000924,1.1049166666667436,27,12,8,6,,test
SNIPER_4,2026-05-22,8,4.289999999999054,0.5362499999998818,24,8,7,8,,test
SNIPER_4,2026-05-25,4,-2.5330000000021755,-0.6332500000005439,8,4,4,0,,test
SNIPER_4,2026-05-26,9,4.279999999995198,0.475555555555022,25,9,12,1,,test
SNIPER_4,2026-05-27,6,2.980000000000473,0.49666666666674547,30,6,7,14,,test
SNIPER_4,2026-05-28,25,9.005999999994856,0.3602399999997942,43,25,4,12,,test
SNIPER_4,2026-05-29,16,19.039999999999964,1.1899999999999977,37,16,7,11,,test
SNIPER_4,2026-06-01,13,-6.582000000005792,-0.5063076923081378,32,13,8,10,,test
SNIPER_4,2026-06-02,13,11.097999999989952,0.8536923076915348,27,13,7,6,,test
SNIPER_4,2026-06-03,15,-11.407000000007429,-0.7604666666671619,26,15,5,5,,test
SNIPER_4,2026-06-04,8,3.479999999995016,0.434999999999377,26,8,9,9,,test
SNIPER_4,2026-06-05,9,4.099999999995816,0.4555555555550907,27,9,5,11,,test
SNIPER_4,2026-06-08,10,8.9079999999949,0.89079999999949,21,10,3,6,,test
SNIPER_4,2026-06-09,17,-3.0870000000049913,-0.18158823529441126,32,17,5,7,,test
SNIPER_4,2026-06-10,27,-1.3870000000106302,-0.05137037037076408,53,27,8,17,,test
SNIPER_4,2026-06-11,14,23.423000000000684,1.6730714285714774,23,14,5,3,,test
SNIPER_4,2026-06-12,5,-0.4120000000020809,-0.08240000000041618,15,5,4,6,,test
SNIPER_4,2026-06-15,14,2.806999999994332,0.20049999999959514,34,14,10,10,,test
SNIPER_4,2026-06-16,11,0.008999999995467078,0.0008181818177697344,21,11,5,4,,test
SNIPER_4,2026-06-17,15,34.94999999999436,2.329999999999624,25,15,5,4,,test
SNIPER_4,2026-06-18,14,13.329999999990832,0.9521428571422023,39,14,9,14,,test
SNIPER_4,2026-06-19,12,8.429999999997563,0.7024999999997968,20,12,2,4,,test
SNIPER_4,2026-06-22,10,4.759999999999309,0.47599999999993087,22,10,9,2,,test
SNIPER_4,2026-06-23,14,9.101999999998498,0.6501428571427498,32,14,7,11,,test
SNIPER_4,2026-06-24,17,5.8719999999980255,0.3454117647057662,41,17,11,11,,test
SNIPER_4,2026-06-25,4,7.479999999999109,1.8699999999997772,11,4,2,2,,test
SNIPER_4,2026-06-26,18,-5.317000000000007,-0.2953888888888893,32,18,4,8,,test
SNIPER_4,2026-06-29,15,21.441000000003896,1.4294000000002598,37,15,14,6,,test
SNIPER_4,2026-06-30,11,-2.992999999999938,-0.27209090909090344,27,11,6,9,,test
SNIPER_4,2026-07-01,20,-0.4500000000016375,-0.022500000000081875,46,20,12,13,,test
SNIPER_4,2026-07-02,6,-5.9099999999998545,-0.9849999999999758,27,6,11,7,,test
SNIPER_4,2026-07-03,6,0.22999999999683501,0.038333333332805836,23,6,7,8,,test
SNIPER_4,2026-07-06,5,-0.6800000000039288,-0.13600000000078577,24,5,13,6,,test
SNIPER_4,2026-07-07,8,-5.4100000000016735,-0.6762500000002092,26,8,7,9,,test
SNIPER_4,2026-07-08,15,4.7799999999992915,0.3186666666666194,29,15,3,11,,test
SNIPER_4,2026-07-09,7,-2.7100000000018554,-0.3871428571431222,25,7,5,13,,test
SNIPER_4,2026-07-10,5,0.26999999999861757,0.05399999999972351,16,5,4,6,,test
SNIPER_4,2026-07-13,21,17.719999999999345,0.8438095238094926,34,21,4,8,,test
SNIPER_4,2026-07-14,16,11.339999999996508,0.7087499999997817,37,16,8,13,,test
SNIPER_4,2026-07-15,8,5.659999999998945,0.7074999999998681,19,8,5,6,,test
SNIPER_8,2024-01-02,2,1.9299999999998363,0.9649999999999181,11,2,4,5,,train
SNIPER_8,2024-01-03,1,2.4799999999995634,2.4799999999995634,25,1,15,9,,train
SNIPER_8,2024-01-04,5,4.969999999997299,0.9939999999994598,12,5,5,1,,train
SNIPER_8,2024-01-05,5,-1.4499999999995907,-0.28999999999991816,13,5,4,4,,train
SNIPER_8,2024-01-08,0,0.0,0.0,20,0,12,7,,train
SNIPER_8,2024-01-09,1,-0.2699999999999818,-0.2699999999999818,12,1,7,4,,train
SNIPER_8,2024-01-10,1,-0.2799999999999727,-0.2799999999999727,17,1,7,7,,train
SNIPER_8,2024-01-11,2,-0.9800000000000182,-0.4900000000000091,9,2,4,3,,train
SNIPER_8,2024-01-12,6,7.79999999999859,1.2999999999997651,33,6,17,10,,train
SNIPER_8,2024-01-15,0,0.0,0.0,7,0,1,5,,train
SNIPER_8,2024-01-16,2,-0.5199999999995271,-0.25999999999976353,19,2,11,6,,train
SNIPER_8,2024-01-17,4,4.725999999998976,1.181499999999744,22,4,11,7,,train
SNIPER_8,2024-01-18,3,4.227000000000999,1.4090000000003329,14,3,8,3,,train
SNIPER_8,2024-01-19,2,-0.9100000000000819,-0.4550000000000409,18,2,14,2,,train
SNIPER_8,2024-01-22,0,0.0,0.0,14,0,10,4,,train
SNIPER_8,2024-01-23,0,0.0,0.0,8,0,3,5,,train
SNIPER_8,2024-01-24,2,-0.6070000000001983,-0.30350000000009913,17,2,9,6,,train
SNIPER_8,2024-01-25,3,-1.3230000000000928,-0.4410000000000309,10,3,4,3,,train
SNIPER_8,2024-01-26,1,6.935999999999695,6.935999999999695,5,1,1,2,,train
SNIPER_8,2024-01-29,2,-0.7100000000000364,-0.3550000000000182,14,2,7,5,,train
SNIPER_8,2024-01-30,5,1.3410000000003492,0.2682000000000698,13,5,3,5,,train
SNIPER_8,2024-01-31,7,8.430000000000064,1.2042857142857233,19,7,8,4,,train
SNIPER_8,2024-02-01,3,5.816999999999326,1.9389999999997753,19,3,12,4,,train
SNIPER_8,2024-02-02,1,4.1599999999998545,4.1599999999998545,14,1,4,9,,train
SNIPER_8,2024-02-05,1,3.279999999998836,3.279999999998836,24,1,12,11,,train
SNIPER_8,2024-02-06,5,0.9200000000012096,0.18400000000024191,10,5,4,1,,train
SNIPER_8,2024-02-07,2,5.009999999998627,2.5049999999993133,8,2,1,5,,train
SNIPER_8,2024-02-08,1,-0.5499999999999545,-0.5499999999999545,10,1,6,3,,train
SNIPER_8,2024-02-09,2,2.936000000001286,1.468000000000643,14,2,8,4,,train
SNIPER_8,2024-02-12,1,-0.4130000000000109,-0.4130000000000109,10,1,6,3,,train
SNIPER_8,2024-02-13,4,3.9900000000004643,0.9975000000001161,15,4,4,7,,train
SNIPER_8,2024-02-14,3,-0.459999999999809,-0.15333333333326968,11,3,4,4,,train
SNIPER_8,2024-02-15,2,3.010000000000673,1.5050000000003365,16,2,6,8,,train
SNIPER_8,2024-02-16,2,-0.7799999999999727,-0.38999999999998636,13,2,6,5,,train
SNIPER_8,2024-02-20,2,-0.6769999999999072,-0.3384999999999536,13,2,8,3,,train
SNIPER_8,2024-02-21,1,0.1670000000001437,0.1670000000001437,7,1,2,4,,train
SNIPER_8,2024-02-22,3,3.6090000000006057,1.203000000000202,20,3,9,8,,train
SNIPER_8,2024-02-23,2,0.7190000000000509,0.35950000000002547,21,2,10,9,,train
SNIPER_8,2024-02-26,1,-0.08000000000015461,-0.08000000000015461,11,1,7,3,,train
SNIPER_8,2024-02-27,2,2.605999999999767,1.3029999999998836,15,2,8,5,,train
SNIPER_8,2024-02-28,0,0.0,0.0,9,0,5,4,,train
SNIPER_8,2024-02-29,0,0.0,0.0,17,0,12,5,,train
SNIPER_8,2024-03-01,5,7.69100000000185,1.53820000000037,25,5,7,13,,train
SNIPER_8,2024-03-04,3,3.8559999999993124,1.285333333333104,13,3,3,7,,train
SNIPER_8,2024-03-05,5,5.266000000000531,1.0532000000001063,18,5,4,9,,train
SNIPER_8,2024-03-06,11,13.959000000003925,1.269000000000357,27,11,11,5,,train
SNIPER_8,2024-03-07,1,-0.41000000000030923,-0.41000000000030923,8,1,4,3,,train
SNIPER_8,2024-03-08,4,-2.2100000000000364,-0.5525000000000091,23,4,11,7,,train
SNIPER_8,2024-03-11,2,-1.2199999999998,-0.6099999999999,6,2,1,2,,train
SNIPER_8,2024-03-12,7,-4.300000000000182,-0.6142857142857403,30,7,12,10,,train
SNIPER_8,2024-03-13,2,2.1969999999978427,1.0984999999989213,20,2,8,10,,train
SNIPER_8,2024-03-14,2,4.189999999998236,2.094999999999118,22,2,13,7,,train
SNIPER_8,2024-03-15,1,-0.46000000000003644,-0.46000000000003644,10,1,2,7,,train
SNIPER_8,2024-03-18,1,-0.543999999999869,-0.543999999999869,14,1,9,4,,train
SNIPER_8,2024-03-19,2,-0.6599999999998545,-0.32999999999992724,13,2,4,7,,train
SNIPER_8,2024-03-20,5,-1.819999999999709,-0.3639999999999418,25,5,12,8,,train
SNIPER_8,2024-03-21,7,1.8290000000001783,0.26128571428573977,25,7,8,10,,train
SNIPER_8,2024-03-22,6,8.432000000002972,1.4053333333338287,19,6,7,6,,train
SNIPER_8,2024-03-25,3,3.362999999999829,1.120999999999943,14,3,2,9,,train
SNIPER_8,2024-03-26,7,7.238999999999578,1.0341428571427969,26,7,9,10,,train
SNIPER_8,2024-03-27,1,-0.44000000000005457,-0.44000000000005457,14,1,9,3,,train
SNIPER_8,2024-03-28,4,1.532999999999447,0.38324999999986176,23,4,7,11,,train
SNIPER_8,2024-04-01,8,21.03000000000111,2.6287500000001387,26,8,9,9,,train
SNIPER_8,2024-04-02,1,3.7599999999983993,3.7599999999983993,25,1,14,8,,train
SNIPER_8,2024-04-03,8,5.391000000000531,0.6738750000000664,19,8,5,6,,train
SNIPER_8,2024-04-04,3,7.880000000000109,2.626666666666703,11,3,1,7,,train
SNIPER_8,2024-04-05,4,18.64300000000003,4.660750000000007,24,4,8,10,,train
SNIPER_8,2024-04-08,8,-4.660000000000309,-0.5825000000000387,27,8,8,10,,train
SNIPER_8,2024-04-09,6,-2.3900000000003274,-0.3983333333333879,14,6,7,1,,train
SNIPER_8,2024-04-10,3,8.16000000000031,2.7200000000001032,16,3,1,11,,train
SNIPER_8,2024-04-11,9,2.8710000000037326,0.31900000000041473,21,9,4,8,,train
SNIPER_8,2024-04-12,11,13.450999999999567,1.2228181818181425,27,11,10,5,,train
SNIPER_8,2024-04-15,2,6.540999999998803,3.2704999999994016,17,2,2,12,,train
SNIPER_8,2024-04-16,4,-1.8669999999997344,-0.4667499999999336,14,4,3,7,,train
SNIPER_8,2024-04-17,6,-2.3229999999998654,-0.38716666666664423,21,6,10,4,,train
SNIPER_8,2024-04-18,5,3.7289999999998145,0.7457999999999629,19,5,9,4,,train
SNIPER_8,2024-04-19,11,19.573000000000775,1.7793636363637069,26,11,10,4,,train
SNIPER_8,2024-04-22,5,1.1969999999978427,0.23939999999956854,32,5,14,13,,train
SNIPER_8,2024-04-23,5,-2.3530000000005202,-0.47060000000010405,27,5,12,10,,train
SNIPER_8,2024-04-24,1,-0.5,-0.5,11,1,4,6,,train
SNIPER_8,2024-04-25,6,5.003000000000157,0.8338333333333595,21,6,10,5,,train
SNIPER_8,2024-04-26,4,-2.0299999999997453,-0.5074999999999363,19,4,9,6,,train
SNIPER_8,2024-04-29,6,9.597000000000207,1.5995000000000346,18,6,6,6,,train
SNIPER_8,2024-04-30,9,5.648999999998978,0.6276666666665531,35,9,11,15,,train
SNIPER_8,2024-05-01,15,15.149000000007163,1.009933333333811,34,15,9,10,,train
SNIPER_8,2024-05-02,6,1.4090000000014697,0.23483333333357828,29,6,11,12,,train
SNIPER_8,2024-05-03,7,28.199000000003252,4.028428571429036,19,7,4,8,,train
SNIPER_8,2024-05-06,5,-2.687000000000353,-0.5374000000000706,21,5,6,10,,train
SNIPER_8,2024-05-07,8,7.390000000002601,0.9237500000003251,16,8,5,3,,train
SNIPER_8,2024-05-08,1,-0.2699999999999818,-0.2699999999999818,10,1,7,2,,train
SNIPER_8,2024-05-09,3,2.265999999999167,0.7553333333330556,31,3,18,10,,train
SNIPER_8,2024-05-10,7,3.9299999999961983,0.5614285714280284,29,7,10,10,,train
SNIPER_8,2024-05-13,4,2.3070000000011532,0.5767500000002883,31,4,18,9,,train
SNIPER_8,2024-05-14,8,2.6560000000031323,0.33200000000039154,26,8,15,3,,train
SNIPER_8,2024-05-15,6,0.5549999999998363,0.09249999999997272,16,6,4,6,,train
SNIPER_8,2024-05-16,4,-1.9500000000002728,-0.4875000000000682,18,4,8,6,,train
SNIPER_8,2024-05-17,8,16.179000000002816,2.022375000000352,30,8,16,6,,train
SNIPER_8,2024-05-20,9,10.81200000000399,1.2013333333337768,21,9,3,9,,train
SNIPER_8,2024-05-21,6,9.222999999997228,1.5371666666662047,19,6,5,8,,train
SNIPER_8,2024-05-22,5,8.829999999996744,1.7659999999993488,27,5,12,9,,train
SNIPER_8,2024-05-23,12,3.748999999998887,0.3124166666665739,33,12,10,10,,train
SNIPER_8,2024-05-24,2,-0.5,-0.25,14,2,3,9,,train
SNIPER_8,2024-05-27,5,2.1260000000002037,0.42520000000004077,22,5,12,5,,train
SNIPER_8,2024-05-28,6,3.4700000000020736,0.578333333333679,22,6,9,7,,train
SNIPER_8,2024-05-29,3,0.2899999999999636,0.09666666666665454,24,3,10,11,,train
SNIPER_8,2024-05-30,7,-2.4189999999994143,-0.3455714285713449,23,7,14,2,,train
SNIPER_8,2024-05-31,10,12.647000000004027,1.2647000000004027,21,10,4,7,,train
SNIPER_8,2024-06-03,7,1.0360000000014224,0.14800000000020322,23,7,9,7,,train
SNIPER_8,2024-06-04,3,-1.0099999999997635,-0.33666666666658784,23,3,10,10,,train
SNIPER_8,2024-06-05,11,20.173000000002048,1.833909090909277,16,11,3,2,,train
SNIPER_8,2024-06-06,7,-2.4719999999997526,-0.3531428571428218,27,7,14,6,,train
SNIPER_8,2024-06-07,8,4.217000000004191,0.5271250000005239,42,8,16,17,,train
SNIPER_8,2024-06-10,6,0.9960000000010041,0.16600000000016735,21,6,5,10,,train
SNIPER_8,2024-06-11,3,2.760000000000673,0.9200000000002243,17,3,9,4,,train
SNIPER_8,2024-06-12,4,3.6480000000001382,0.9120000000000346,26,4,12,9,,train
SNIPER_8,2024-06-13,6,-2.244000000000142,-0.37400000000002365,18,6,8,3,,train
SNIPER_8,2024-06-14,2,3.3869999999997162,1.6934999999998581,25,2,12,11,,train
SNIPER_8,2024-06-17,1,-0.25,-0.25,14,1,7,6,,train
SNIPER_8,2024-06-18,4,-1.0400000000004184,-0.2600000000001046,15,4,7,4,,train
SNIPER_8,2024-06-19,0,0.0,0.0,5,0,3,2,,train
SNIPER_8,2024-06-20,5,2.39299999999821,0.47859999999964203,26,5,14,7,,train
SNIPER_8,2024-06-21,10,31.733999999999014,3.1733999999999014,21,10,5,6,,train
SNIPER_8,2024-06-24,5,8.078999999999724,1.6157999999999446,16,5,6,5,,train
SNIPER_8,2024-06-25,3,-1.2100000000004911,-0.403333333333497,21,3,12,5,,train
SNIPER_8,2024-06-26,4,-2.269999999999527,-0.5674999999998818,20,4,12,4,,train
SNIPER_8,2024-06-27,6,2.620000000002165,0.4366666666670275,26,6,11,9,,train
SNIPER_8,2024-06-28,1,3.1759999999994766,3.1759999999994766,16,1,9,5,,train
SNIPER_8,2024-07-01,1,-0.27300000000013824,-0.27300000000013824,17,1,7,9,,train
SNIPER_8,2024-07-02,2,2.092999999998028,1.046499999999014,11,2,7,1,,train
SNIPER_8,2024-07-03,8,8.061000000004697,1.007625000000587,38,8,13,17,,train
SNIPER_8,2024-07-04,2,2.689999999999145,1.3449999999995725,11,2,5,3,,train
SNIPER_8,2024-07-05,12,4.992263565891335,0.4160219638242779,27,9,14,3,,train
SNIPER_8,2024-07-08,4,3.9639999999985776,0.9909999999996444,30,4,12,13,,train
SNIPER_8,2024-07-09,5,5.183999999999742,1.0367999999999484,15,5,7,3,,train
SNIPER_8,2024-07-10,3,-1.2840000000001055,-0.4280000000000352,15,3,7,5,,train
SNIPER_8,2024-07-11,4,4.79899999999725,1.1997499999993124,25,4,14,6,,train
SNIPER_8,2024-07-12,9,10.983999999998105,1.220444444444234,24,9,7,8,,train
SNIPER_8,2024-07-15,6,8.399999999999636,1.3999999999999393,30,6,15,9,,train
SNIPER_8,2024-07-16,6,-2.411999999999807,-0.4019999999999679,31,6,9,15,,train
SNIPER_8,2024-07-17,8,1.7290000000002692,0.21612500000003365,20,8,4,8,,train
SNIPER_8,2024-07-18,3,3.7330000000001746,1.2443333333333915,21,3,5,11,,train
SNIPER_8,2024-07-19,9,11.69300000000203,1.2992222222224479,31,9,11,10,,train
SNIPER_8,2024-07-22,2,-0.819999999999709,-0.4099999999998545,20,2,9,8,,train
SNIPER_8,2024-07-23,4,7.862000000001899,1.9655000000004748,19,4,9,5,,train
SNIPER_8,2024-07-24,3,7.010000000000673,2.336666666666891,24,3,9,11,,train
SNIPER_8,2024-07-25,6,-2.4029999999997926,-0.40049999999996544,25,6,6,13,,train
SNIPER_8,2024-07-26,5,-0.18399999999974176,-0.03679999999994835,25,5,9,10,,train
SNIPER_8,2024-07-29,6,9.635999999994965,1.6059999999991608,27,6,11,10,,train
SNIPER_8,2024-07-30,2,-0.6700000000000728,-0.3350000000000364,19,2,8,9,,train
SNIPER_8,2024-07-31,7,0.3059999999991305,0.043714285714161506,28,7,13,7,,train
SNIPER_8,2024-08-01,4,-1.7630000000003747,-0.4407500000000937,17,4,6,7,,train
SNIPER_8,2024-08-02,5,-3.4099999999998545,-0.6819999999999709,18,5,4,8,,train
SNIPER_8,2024-08-05,14,1.8729999999991376,0.1337857142856527,43,14,14,14,,train
SNIPER_8,2024-08-06,9,-5.236000000000331,-0.5817777777778146,19,9,8,2,,train
SNIPER_8,2024-08-07,6,9.6670000000031,1.6111666666671833,17,6,7,4,,train
SNIPER_8,2024-08-08,8,6.6460000000001855,0.8307500000000232,28,8,11,9,,train
SNIPER_8,2024-08-09,7,-2.2140000000003965,-0.31628571428577096,21,7,7,6,,train
SNIPER_8,2024-08-12,6,10.163999999994303,1.6939999999990505,37,6,10,21,,train
SNIPER_8,2024-08-13,5,7.281000000001313,1.4562000000002626,14,5,6,3,,train
SNIPER_8,2024-08-14,7,9.257000000003245,1.322428571429035,28,7,15,6,,train
SNIPER_8,2024-08-15,3,3.357000000000426,1.119000000000142,18,3,6,7,,train
SNIPER_8,2024-08-16,7,6.118999999994685,0.8741428571420978,35,7,15,12,,train
SNIPER_8,2024-08-19,3,1.9659999999998945,0.6553333333332981,16,3,8,4,,train
SNIPER_8,2024-08-20,7,0.9000000000023647,0.12857142857176637,17,7,5,3,,train
SNIPER_8,2024-08-21,7,2.2869999999988977,0.32671428571412825,15,7,3,5,,train
SNIPER_8,2024-08-22,4,6.873000000001866,1.7182500000004666,20,4,6,10,,train
SNIPER_8,2024-08-23,6,8.672999999997955,1.4454999999996592,26,6,8,10,,train
SNIPER_8,2024-08-26,4,3.199999999998454,0.7999999999996135,12,4,4,4,,train
SNIPER_8,2024-08-27,2,8.429999999999382,4.214999999999691,22,2,13,5,,train
SNIPER_8,2024-08-28,3,-1.0729999999998654,-0.3576666666666218,20,3,9,7,,train
SNIPER_8,2024-08-29,3,1.8100000000013097,0.6033333333337699,11,3,4,4,,train
SNIPER_8,2024-08-30,7,6.358000000002903,0.908285714286129,24,7,8,8,,train
SNIPER_8,2024-09-02,2,3.4529999999999745,1.7264999999999873,15,2,9,4,,train
SNIPER_8,2024-09-03,4,8.159000000005108,2.039750000001277,31,4,17,9,,train
SNIPER_8,2024-09-04,3,2.827000000000226,0.9423333333334086,12,3,4,5,,train
SNIPER_8,2024-09-05,5,8.678999999999178,1.7357999999998355,23,5,12,6,,train
SNIPER_8,2024-09-06,6,21.845999999995,3.640999999999167,18,6,8,4,,train
SNIPER_8,2024-09-09,3,2.62000000000171,0.8733333333339033,14,3,8,3,,train
SNIPER_8,2024-09-10,6,1.1720000000013897,0.19533333333356495,13,6,2,4,,train
SNIPER_8,2024-09-11,5,-2.42699999999968,-0.485399999999936,22,5,11,6,,train
SNIPER_8,2024-09-12,10,1.3960000000029138,0.13960000000029138,32,10,9,12,,train
SNIPER_8,2024-09-13,5,9.464999999994689,1.8929999999989378,17,5,3,6,,train
SNIPER_8,2024-09-16,1,-0.3400000000001455,-0.3400000000001455,5,1,2,2,,train
SNIPER_8,2024-09-17,4,2.5069999999996075,0.6267499999999019,27,4,15,7,,train
SNIPER_8,2024-09-18,4,6.379999999997835,1.5949999999994589,14,4,3,6,,train
SNIPER_8,2024-09-19,6,9.404999999997926,1.5674999999996544,25,6,10,9,,train
SNIPER_8,2024-09-20,8,-0.10299999999870138,-0.012874999999837673,31,8,13,9,,train
SNIPER_8,2024-09-23,3,3.3619999999973516,1.1206666666657839,19,3,9,7,,train
SNIPER_8,2024-09-24,4,-2.4430000000006658,-0.6107500000001664,23,4,8,10,,train
SNIPER_8,2024-09-25,3,-1.050000000000182,-0.35000000000006065,16,3,7,6,,train
SNIPER_8,2024-09-26,6,6.749999999998181,1.124999999999697,25,6,11,8,,train
SNIPER_8,2024-09-27,6,11.535000000002128,1.9225000000003547,26,6,9,8,,train
SNIPER_8,2024-09-30,4,6.5330000000021755,1.6332500000005439,34,4,14,16,,train
SNIPER_8,2024-10-01,5,7.670999999997093,1.5341999999994187,24,5,10,9,,train
SNIPER_8,2024-10-02,1,6.479999999999563,6.479999999999563,16,1,9,5,,train
SNIPER_8,2024-10-03,2,-1.3429999999998472,-0.6714999999999236,18,2,9,4,,train
SNIPER_8,2024-10-04,6,6.223000000000411,1.0371666666667352,20,6,6,7,,train
SNIPER_8,2024-10-07,2,4.980000000000928,2.490000000000464,14,2,5,6,,train
SNIPER_8,2024-10-08,8,2.21100000000024,0.27637500000003,29,8,9,12,,train
SNIPER_8,2024-10-09,3,-1.0970000000002074,-0.3656666666667358,18,3,10,5,,train
SNIPER_8,2024-10-10,3,0.03999999999996362,0.013333333333321207,14,3,5,5,,train
SNIPER_8,2024-10-11,7,23.36500000000069,3.3378571428572417,31,7,14,9,,train
SNIPER_8,2024-10-14,3,-1.3600000000001273,-0.4533333333333758,20,3,13,3,,train
SNIPER_8,2024-10-15,8,3.7160000000053515,0.46450000000066893,22,8,6,7,,train
SNIPER_8,2024-10-16,6,6.600000000001728,1.100000000000288,18,6,7,5,,train
SNIPER_8,2024-10-17,2,5.824000000000524,2.912000000000262,15,2,6,7,,train
SNIPER_8,2024-10-18,9,-0.12999999999738066,-0.014444444444153406,25,9,11,5,,train
SNIPER_8,2024-10-21,8,5.280999999999494,0.6601249999999368,18,8,7,3,,train
SNIPER_8,2024-10-22,4,3.2690000000011423,0.8172500000002856,22,4,13,4,,train
SNIPER_8,2024-10-23,8,15.350999999997384,1.918874999999673,34,8,14,11,,train
SNIPER_8,2024-10-24,2,-1.1169999999992797,-0.5584999999996398,16,2,10,4,,train
SNIPER_8,2024-10-25,5,4.831000000000131,0.9662000000000261,24,5,7,11,,train
SNIPER_8,2024-10-28,3,-1.2469999999998436,-0.4156666666666145,24,3,14,6,,train
SNIPER_8,2024-10-29,9,10.807999999999993,1.200888888888888,25,9,7,8,,train
SNIPER_8,2024-10-30,2,-0.5799999999999272,-0.2899999999999636,15,2,6,7,,train
SNIPER_8,2024-10-31,8,0.5983333333336607,0.07479166666670758,30,5,10,15,,train
SNIPER_8,2024-11-01,3,6.630000000000109,2.2100000000000364,18,4,7,6,,train
SNIPER_8,2024-11-04,3,2.3589999999999236,0.7863333333333079,12,3,5,4,,train
SNIPER_8,2024-11-05,2,2.51299999999992,1.25649999999996,12,2,4,5,,train
SNIPER_8,2024-11-06,9,15.508999999998196,1.7232222222220217,37,9,8,19,,train
SNIPER_8,2024-11-07,9,0.8669999999979154,0.09633333333310172,34,9,7,17,,train
SNIPER_8,2024-11-08,5,7.905999999996766,1.5811999999993531,19,5,5,9,,train
SNIPER_8,2024-11-11,9,24.49599999999782,2.7217777777775356,30,9,10,10,,train
SNIPER_8,2024-11-12,4,6.680000000002565,1.6700000000006412,22,4,8,8,,train
SNIPER_8,2024-11-13,6,-1.5569999999993342,-0.25949999999988904,18,6,4,7,,train
SNIPER_8,2024-11-14,4,19.57400000000098,4.893500000000245,24,4,13,7,,train
SNIPER_8,2024-11-15,2,0.33999999999969077,0.16999999999984539,13,2,5,6,,train
SNIPER_8,2024-11-18,6,7.012999999998101,1.1688333333330168,21,6,6,9,,train
SNIPER_8,2024-11-19,6,7.4330000000004475,1.2388333333334078,24,6,8,9,,train
SNIPER_8,2024-11-20,7,10.439000000002125,1.4912857142860179,24,7,8,9,,train
SNIPER_8,2024-11-21,4,4.640000000001692,1.160000000000423,16,4,6,6,,train
SNIPER_8,2024-11-22,8,11.341000000005351,1.417625000000669,34,8,14,8,,train
SNIPER_8,2024-11-25,12,2.086000000002059,0.17383333333350492,43,12,13,15,,train
SNIPER_8,2024-11-26,5,7.118999999997413,1.4237999999994826,17,5,4,7,,train
SNIPER_8,2024-11-27,4,1.2800000000002,0.32000000000005,20,4,6,10,,train
SNIPER_8,2024-11-28,7,5.6790000000014516,0.8112857142859217,29,7,15,6,,train
SNIPER_8,2024-11-29,4,1.670000000001437,0.41750000000035925,13,4,5,3,,train
SNIPER_8,2024-12-02,4,-1.5399999999999636,-0.3849999999999909,26,4,13,9,,train
SNIPER_8,2024-12-03,6,1.6970000000014804,0.2828333333335801,14,6,5,2,,train
SNIPER_8,2024-12-04,9,2.214999999997872,0.24611111111087464,16,9,4,1,,train
SNIPER_8,2024-12-05,6,0.04699999999957072,0.007833333333261786,21,6,2,12,,train
SNIPER_8,2024-12-06,11,-0.9510000000000219,-0.08645454545454745,26,11,8,6,,train
SNIPER_8,2024-12-09,6,4.033000000001267,0.6721666666668779,37,6,15,15,,train
SNIPER_8,2024-12-10,8,11.380000000001473,1.4225000000001842,26,8,10,8,,train
SNIPER_8,2024-12-11,7,3.609000000002652,0.5155714285718075,25,7,9,8,,train
SNIPER_8,2024-12-12,6,23.005999999997584,3.8343333333329306,25,6,12,7,,train
SNIPER_8,2024-12-13,8,6.741999999998825,0.8427499999998531,37,8,17,12,,train
SNIPER_8,2024-12-16,4,-1.830000000000382,-0.4575000000000955,17,4,9,4,,train
SNIPER_8,2024-12-17,5,5.359999999998763,1.0719999999997527,24,5,13,5,,train
SNIPER_8,2024-12-18,7,-0.6769999999987703,-0.09671428571411003,25,7,13,5,,train
SNIPER_8,2024-12-19,9,1.4886042115338876,0.16540046794820973,20,6,7,6,,train
SNIPER_8,2024-12-20,5,4.649000000002616,0.9298000000005231,25,5,8,11,,train
SNIPER_8,2024-12-23,9,4.119999999999436,0.4577777777777151,28,9,12,7,,train
SNIPER_8,2024-12-24,2,3.7970000000000255,1.8985000000000127,11,2,7,0,,train
SNIPER_8,2024-12-26,6,0.5990000000019791,0.09983333333366318,20,6,10,3,,train
SNIPER_8,2024-12-27,4,12.847000000000207,3.211750000000052,16,4,8,3,,train
SNIPER_8,2024-12-30,7,3.993000000002667,0.5704285714289524,25,7,14,4,,train
SNIPER_8,2024-12-31,4,2.6239999999997963,0.6559999999999491,14,4,3,7,,train
SNIPER_8,2025-01-02,4,5.634000000000924,1.408500000000231,19,4,6,8,,train
SNIPER_8,2025-01-03,5,0.9300000000016553,0.18600000000033107,22,5,10,7,,train
SNIPER_8,2025-01-06,5,-2.7289999999993597,-0.5457999999998719,16,5,6,4,,train
SNIPER_8,2025-01-07,8,6.406999999999698,0.8008749999999623,27,8,11,7,,train
SNIPER_8,2025-01-08,5,0.6870000000008076,0.13740000000016153,12,5,3,4,,train
SNIPER_8,2025-01-09,1,-0.33999999999969077,-0.33999999999969077,20,1,13,6,,train
SNIPER_8,2025-01-10,7,2.306485875707191,0.32949798224388444,19,4,8,7,,train
SNIPER_8,2025-01-13,9,3.372000000000753,0.37466666666675036,28,9,10,8,,train
SNIPER_8,2025-01-14,2,2.276999999999589,1.1384999999997945,11,2,6,1,,train
SNIPER_8,2025-01-15,10,10.28340765577438,1.028340765577438,20,7,3,10,,train
SNIPER_8,2025-01-16,7,-2.8969999999994798,-0.41385714285706854,31,7,12,11,,train
SNIPER_8,2025-01-17,3,2.409999999998945,0.8033333333329816,17,3,8,4,,train
SNIPER_8,2025-01-20,6,-0.14399999999977814,-0.023999999999963023,17,6,8,3,,train
SNIPER_8,2025-01-21,13,14.15699999999515,1.088999999999627,34,13,15,6,,train
SNIPER_8,2025-01-22,5,1.4509999999982028,0.2901999999996406,17,5,6,6,,train
SNIPER_8,2025-01-23,4,-1.7210000000000036,-0.4302500000000009,19,4,8,6,,train
SNIPER_8,2025-01-24,4,-1.989999999999327,-0.49749999999983174,20,4,11,5,,train
SNIPER_8,2025-01-27,3,9.2400000000016,3.0800000000005334,28,3,16,9,,train
SNIPER_8,2025-01-28,7,1.6399999999998727,0.23428571428569608,22,7,9,6,,train
SNIPER_8,2025-01-29,4,3.0200000000004366,0.7550000000001091,18,4,10,4,,train
SNIPER_8,2025-01-30,11,1.5700000000006185,0.14272727272732896,28,8,12,8,,train
SNIPER_8,2025-01-31,4,6.592999999998483,1.6482499999996207,20,4,11,4,,train
SNIPER_8,2025-02-03,10,0.7029999999999745,0.07029999999999745,43,10,23,10,,train
SNIPER_8,2025-02-04,7,2.3870000000024447,0.34100000000034925,29,7,16,6,,train
SNIPER_8,2025-02-05,6,0.4500000000007276,0.07500000000012126,25,6,5,12,,train
SNIPER_8,2025-02-06,11,2.356999999999971,0.21427272727272462,26,11,9,5,,train
SNIPER_8,2025-02-07,4,-1.9470000000001164,-0.4867500000000291,15,4,6,4,,train
SNIPER_8,2025-02-10,8,14.637000000000171,1.8296250000000214,30,8,8,13,,train
SNIPER_8,2025-02-11,10,7.598999999997432,0.7598999999997431,37,10,14,12,,train
SNIPER_8,2025-02-12,8,3.08600000000024,0.38575000000003,23,8,8,6,,train
SNIPER_8,2025-02-13,4,1.6899999999995998,0.42249999999989996,20,4,13,3,,train
SNIPER_8,2025-02-14,14,-2.0060000000007676,-0.1432857142857691,35,14,12,8,,train
SNIPER_8,2025-02-17,2,2.890000000002147,1.4450000000010734,9,2,3,4,,train
SNIPER_8,2025-02-18,5,4.630999999999403,0.9261999999998807,38,5,22,11,,train
SNIPER_8,2025-02-19,6,3.0391666666664605,0.5065277777777434,16,3,6,7,,train
SNIPER_8,2025-02-20,8,16.20899999999756,2.026124999999695,24,8,11,4,,train
SNIPER_8,2025-02-21,2,-0.8700000000003456,-0.4350000000001728,15,2,6,6,,train
SNIPER_8,2025-02-24,8,6.323000000002139,0.7903750000002674,24,8,10,5,,train
SNIPER_8,2025-02-25,12,5.435999999999694,0.45299999999997453,39,12,15,11,,train
SNIPER_8,2025-02-26,8,-4.23299999999972,-0.529124999999965,22,8,7,5,,train
SNIPER_8,2025-02-27,7,4.618999999999232,0.6598571428570332,26,7,9,10,,train
SNIPER_8,2025-02-28,6,-3.1200000000003456,-0.5200000000000576,22,6,5,11,,train
SNIPER_8,2025-03-03,11,8.133000000002085,0.7393636363638258,24,11,6,7,,train
SNIPER_8,2025-03-04,9,21.71999999999798,2.413333333333109,26,9,10,7,,train
SNIPER_8,2025-03-05,9,2.668999999998051,0.29655555555533897,19,9,6,4,,train
SNIPER_8,2025-03-06,8,26.030000000002474,3.2537500000003092,20,8,8,3,,train
SNIPER_8,2025-03-07,3,-5.20299999999952,-1.7343333333331732,21,3,12,6,,train
SNIPER_8,2025-03-10,5,9.906999999998789,1.9813999999997578,24,5,10,9,,train
SNIPER_8,2025-03-11,5,1.0570000000002442,0.21140000000004883,17,5,6,6,,train
SNIPER_8,2025-03-12,2,-0.6199999999998909,-0.30999999999994543,16,2,7,6,,train
SNIPER_8,2025-03-13,7,2.8510000000023865,0.4072857142860552,21,7,5,9,,train
SNIPER_8,2025-03-14,3,7.612999999999829,2.5376666666666097,15,3,5,4,,train
SNIPER_8,2025-03-17,2,-1.6530000000002474,-0.8265000000001237,11,2,5,4,,train
SNIPER_8,2025-03-18,7,10.126000000001113,1.4465714285715876,34,7,17,10,,train
SNIPER_8,2025-03-19,5,1.1330000000007203,0.22660000000014408,19,5,9,4,,train
SNIPER_8,2025-03-20,2,-1.1300000000001091,-0.5650000000000546,26,2,11,13,,train
SNIPER_8,2025-03-21,2,-0.7399999999997817,-0.36999999999989086,20,2,14,4,,train
SNIPER_8,2025-03-24,3,1.1030000000005202,0.36766666666684006,19,3,9,7,,train
SNIPER_8,2025-03-25,6,14.289999999999964,2.3816666666666606,19,6,5,8,,train
SNIPER_8,2025-03-26,1,-0.18999999999959982,-0.18999999999959982,18,1,10,6,,train
SNIPER_8,2025-03-27,9,-4.029999999999291,-0.44777777777769895,21,9,6,6,,train
SNIPER_8,2025-03-28,10,5.2729999999996835,0.5272999999999683,21,10,6,5,,train
SNIPER_8,2025-03-31,7,-3.604000000000269,-0.5148571428571813,23,7,10,5,,train
SNIPER_8,2025-04-01,11,18.741000000001804,1.7037272727274368,20,11,3,4,,train
SNIPER_8,2025-04-02,9,-7.15099999999984,-0.7945555555555378,25,9,10,5,,train
SNIPER_8,2025-04-03,16,15.15599999999631,0.9472499999997693,32,16,7,7,,train
SNIPER_8,2025-04-04,16,6.639000000001944,0.4149375000001215,30,16,4,10,,train
SNIPER_8,2025-04-07,16,11.983999999997195,0.7489999999998247,34,16,7,8,,train
SNIPER_8,2025-04-08,10,11.72999999999729,1.172999999999729,21,10,5,5,,train
SNIPER_8,2025-04-09,17,47.08499999999822,2.769705882352836,31,17,3,10,,train
SNIPER_8,2025-04-10,14,15.00200000000359,1.071571428571685,32,14,7,11,,train
SNIPER_8,2025-04-11,12,20.25599999999804,1.6879999999998365,23,12,3,7,,train
SNIPER_8,2025-04-14,4,-2.7100000000000364,-0.6775000000000091,16,4,5,7,,train
SNIPER_8,2025-04-15,4,8.989999999998417,2.2474999999996044,16,4,3,9,,train
SNIPER_8,2025-04-16,17,23.710000000000946,1.3947058823529968,42,17,15,10,,train
SNIPER_8,2025-04-17,15,38.00985507246954,2.533990338164636,26,12,10,4,,train
SNIPER_8,2025-04-21,17,2.759999999998854,0.16235294117640317,40,17,7,13,,train
SNIPER_8,2025-04-22,19,5.430000000000747,0.28578947368424984,40,19,8,13,,train
SNIPER_8,2025-04-23,20,64.76000000000158,3.238000000000079,35,20,6,8,,train
SNIPER_8,2025-04-24,8,20.179999999997108,2.5224999999996385,25,8,5,11,,train
SNIPER_8,2025-04-25,13,0.3000000000010914,0.023076923077007032,30,13,2,13,,train
SNIPER_8,2025-04-28,14,20.200000000002092,1.4428571428572923,31,14,5,12,,train
SNIPER_8,2025-04-29,11,9.769999999997253,0.8881818181815685,23,11,7,5,,train
SNIPER_8,2025-04-30,12,7.1200000000008,0.5933333333334,21,12,4,4,,train
SNIPER_8,2025-05-01,10,-4.509999999998854,-0.4509999999998854,20,10,4,6,,train
SNIPER_8,2025-05-02,4,-1.7299999999995634,-0.43249999999989086,16,4,7,5,,train
SNIPER_8,2025-05-05,17,23.433999999998832,1.3784705882352255,37,17,7,13,,train
SNIPER_8,2025-05-06,15,27.169999999999618,1.811333333333308,27,15,4,5,,train
SNIPER_8,2025-05-07,6,-1.4800000000000182,-0.2466666666666697,15,6,3,6,,train
SNIPER_8,2025-05-08,23,-5.519999999996799,-0.2399999999998608,40,23,4,13,,train
SNIPER_8,2025-05-09,9,-4.759999999998854,-0.5288888888887615,28,9,7,12,,train
SNIPER_8,2025-05-12,11,11.929999999999382,1.0845454545453983,19,11,4,3,,train
SNIPER_8,2025-05-13,13,11.089999999996962,0.8530769230766894,21,13,2,5,,train
SNIPER_8,2025-05-14,15,5.0939999999973224,0.3395999999998215,38,15,12,11,,train
SNIPER_8,2025-05-15,17,12.996000000000095,0.7644705882352997,42,17,10,14,,train
SNIPER_8,2025-05-16,10,-2.0999999999989996,-0.20999999999989996,44,10,21,12,,train
SNIPER_8,2025-05-19,8,3.870000000003074,0.48375000000038426,27,8,10,8,,train
SNIPER_8,2025-05-20,12,17.94000000000051,1.4950000000000425,34,12,12,10,,train
SNIPER_8,2025-05-21,12,6.516999999998006,0.5430833333331672,28,12,8,6,,train
SNIPER_8,2025-05-22,15,17.707999999998265,1.1805333333332177,33,15,8,9,,train
SNIPER_8,2025-05-23,16,0.6319999999982437,0.039499999999890234,28,16,2,8,,train
SNIPER_8,2025-05-26,5,8.965999999996257,1.7931999999992514,23,5,12,6,,train
SNIPER_8,2025-05-27,11,0.776000000003023,0.07054545454572937,26,11,7,7,,train
SNIPER_8,2025-05-28,16,8.26600000000235,0.5166250000001469,28,16,3,7,,train
SNIPER_8,2025-05-29,11,17.624999999998636,1.6022727272726032,48,11,19,18,,train
SNIPER_8,2025-05-30,11,13.333000000002812,1.2120909090911647,22,11,4,7,,train
SNIPER_8,2025-06-02,8,-2.913000000000011,-0.36412500000000136,39,8,8,21,,train
SNIPER_8,2025-06-03,10,7.377000000000862,0.7377000000000862,23,10,5,6,,train
SNIPER_8,2025-06-04,6,-4.949999999999818,-0.8249999999999696,12,6,1,3,,train
SNIPER_8,2025-06-05,9,-1.6030000000014297,-0.17811111111126998,27,9,8,8,,train
SNIPER_8,2025-06-06,13,24.25400000000127,1.8656923076924055,29,13,6,10,,train
SNIPER_8,2025-06-09,12,6.494000000001961,0.5411666666668301,34,12,8,13,,train
SNIPER_8,2025-06-10,12,10.439999999998689,0.8699999999998907,27,12,6,7,,train
SNIPER_8,2025-06-11,7,-2.093999999999596,-0.2991428571427995,19,7,5,7,,train
SNIPER_8,2025-06-12,9,8.684000000000196,0.9648888888889107,20,9,4,5,,train
SNIPER_8,2025-06-13,16,33.91600000000335,2.1197500000002094,30,16,8,6,,train
SNIPER_8,2025-06-16,14,0.051000000002204615,0.0036428571430146156,33,14,9,9,,train
SNIPER_8,2025-06-17,5,12.936000000001059,2.5872000000002116,17,5,9,3,,train
SNIPER_8,2025-06-18,10,15.907999999998538,1.5907999999998537,20,10,5,4,,train
SNIPER_8,2025-06-19,2,-0.6300000000001091,-0.31500000000005457,18,2,8,6,,train
SNIPER_8,2025-06-20,7,9.141999999998461,1.3059999999997802,23,7,7,9,,train
SNIPER_8,2025-06-23,8,2.9900000000002365,0.37375000000002956,19,8,3,7,,train
SNIPER_8,2025-06-24,13,1.2883333333321993,0.09910256410247688,27,10,10,6,,train
SNIPER_8,2025-06-25,8,2.7189999999995966,0.3398749999999496,19,8,6,5,,train
SNIPER_8,2025-06-26,7,3.368999999999687,0.4812857142856696,15,7,4,4,,train
SNIPER_8,2025-06-27,9,9.036999999999352,1.0041111111110392,32,9,16,7,,train
SNIPER_8,2025-06-30,7,1.0740000000005239,0.15342857142864627,29,7,8,14,,train
SNIPER_8,2025-07-01,6,8.483000000003358,1.413833333333893,21,6,9,6,,train
SNIPER_8,2025-07-02,4,4.273000000002867,1.0682500000007167,16,4,6,6,,train
SNIPER_8,2025-07-03,9,4.392999999996391,0.48811111111071015,28,9,10,7,,train
SNIPER_8,2025-07-04,4,3.69999999999709,0.9249999999992725,12,4,3,4,,train
SNIPER_8,2025-07-07,7,6.179999999998927,0.8828571428569896,23,7,7,8,,train
SNIPER_8,2025-07-08,11,8.872000000004391,0.8065454545458537,26,11,7,7,,train
SNIPER_8,2025-07-09,9,5.653999999999996,0.6282222222222218,28,9,10,9,,train
SNIPER_8,2025-07-10,3,-2.019999999999527,-0.6733333333331757,10,3,3,3,,train
SNIPER_8,2025-07-11,4,-1.6860000000001492,-0.4215000000000373,22,4,8,8,,train
SNIPER_8,2025-07-14,11,12.648000000005595,1.1498181818186906,30,11,12,7,,train
SNIPER_8,2025-07-15,13,-1.3300000000017462,-0.10230769230782663,23,13,5,5,,train
SNIPER_8,2025-07-16,4,-4.632999999999811,-1.1582499999999527,23,4,11,8,,train
SNIPER_8,2025-07-17,8,28.58499999999958,3.5731249999999477,23,8,7,7,,train
SNIPER_8,2025-07-18,4,-0.7529999999997017,-0.18824999999992542,16,4,7,4,,train
SNIPER_8,2025-07-21,12,27.387999999997646,2.282333333333137,29,12,12,4,,train
SNIPER_8,2025-07-22,13,0.503225672880338,0.038709667144641385,33,10,13,10,,train
SNIPER_8,2025-07-23,7,1.2969999999991157,0.18528571428558796,24,7,10,7,,train
SNIPER_8,2025-07-24,13,-6.870999999999186,-0.5285384615383989,32,13,14,5,,train
SNIPER_8,2025-07-25,10,10.559000000002927,1.0559000000002927,30,10,14,6,,train
SNIPER_8,2025-07-28,10,-5.360000000000127,-0.5360000000000127,24,10,7,6,,train
SNIPER_8,2025-07-29,6,-3.0600000000004,-0.5100000000000667,24,6,9,9,,train
SNIPER_8,2025-07-30,8,4.719999999997981,0.5899999999997476,31,8,10,11,,train
SNIPER_8,2025-07-31,8,-3.87099999999964,-0.483874999999955,22,8,9,5,,train
SNIPER_8,2025-08-01,8,-0.06400000000166983,-0.008000000000208729,22,8,4,10,,train
SNIPER_8,2025-08-04,7,-1.9869999999996253,-0.28385714285708935,22,7,8,6,,train
SNIPER_8,2025-08-05,16,4.462000000000899,0.27887500000005616,30,16,10,4,,train
SNIPER_8,2025-08-06,8,13.071999999999662,1.6339999999999577,17,8,4,5,,train
SNIPER_8,2025-08-07,12,11.968999999998688,0.9974166666665574,26,12,8,5,,train
SNIPER_8,2025-08-08,5,-6.8429999999993925,-1.3685999999998786,14,5,8,0,,train
SNIPER_8,2025-08-11,9,11.644999999999072,1.2938888888887858,24,9,8,7,,train
SNIPER_8,2025-08-12,1,3.0639999999984866,3.0639999999984866,10,1,6,3,,train
SNIPER_8,2025-08-13,4,5.000000000001365,1.2500000000003413,14,4,4,6,,train
SNIPER_8,2025-08-14,9,8.03399999999965,0.8926666666666279,27,9,9,9,,train
SNIPER_8,2025-08-15,4,-1.2999999999997272,-0.3249999999999318,17,4,10,3,,train
SNIPER_8,2025-08-18,7,8.519000000001597,1.2170000000002281,19,7,8,4,,train
SNIPER_8,2025-08-19,8,-0.6810000000004948,-0.08512500000006185,22,8,8,5,,train
SNIPER_8,2025-08-20,7,5.553000000002612,0.7932857142860874,28,7,12,9,,train
SNIPER_8,2025-08-21,5,-2.6900000000005093,-0.5380000000001018,18,5,7,6,,train
SNIPER_8,2025-08-22,4,-1.3280000000004293,-0.3320000000001073,19,4,8,6,,train
SNIPER_8,2025-08-25,2,4.67699999999877,2.338499999999385,11,2,4,4,,train
SNIPER_8,2025-08-26,3,2.190000000003238,0.7300000000010792,19,3,8,8,,train
SNIPER_8,2025-08-27,10,6.7739999999976135,0.6773999999997613,20,10,7,3,,train
SNIPER_8,2025-08-28,5,1.1999999999984543,0.23999999999969085,25,5,12,8,,train
SNIPER_8,2025-08-29,7,9.079000000000633,1.2970000000000905,27,7,13,6,,train
SNIPER_8,2025-09-01,8,2.8390000000026703,0.3548750000003338,21,8,5,8,,train
SNIPER_8,2025-09-02,11,41.55700000000206,3.7779090909092785,33,11,9,10,,train
SNIPER_8,2025-09-03,10,11.297000000000935,1.1297000000000934,31,10,14,7,,train
SNIPER_8,2025-09-04,7,0.5719999999982974,0.08171428571404249,25,7,11,5,,train
SNIPER_8,2025-09-05,8,-4.359999999999673,-0.5449999999999591,15,8,4,3,,train
SNIPER_8,2025-09-08,15,13.546999999997752,0.9031333333331835,38,15,12,10,,train
SNIPER_8,2025-09-09,8,-4.336000000000695,-0.5420000000000869,22,8,9,5,,train
SNIPER_8,2025-09-10,5,0.6069999999986067,0.12139999999972133,26,5,10,10,,train
SNIPER_8,2025-09-11,6,-3.155999999999949,-0.5259999999999915,16,6,6,4,,train
SNIPER_8,2025-09-12,5,2.5070000000027903,0.5014000000005581,19,5,9,4,,train
SNIPER_8,2025-09-15,12,2.3269999999965876,0.1939166666663823,32,12,15,4,,train
SNIPER_8,2025-09-16,7,-1.305999999999585,-0.1865714285713693,18,7,5,6,,train
SNIPER_8,2025-09-17,16,6.286000000001877,0.3928750000001173,30,16,11,3,,train
SNIPER_8,2025-09-18,7,6.747000000000753,0.9638571428572504,24,7,9,8,,train
SNIPER_8,2025-09-19,7,10.509000000000468,1.5012857142857812,23,7,9,6,,train
SNIPER_8,2025-09-22,7,-3.2099999999995816,-0.4585714285713688,30,7,8,14,,train
SNIPER_8,2025-09-23,5,9.776999999998681,1.9553999999997362,21,5,9,7,,train
SNIPER_8,2025-09-24,5,5.1340000000000146,1.0268000000000028,25,5,5,14,,train
SNIPER_8,2025-09-25,7,19.367000000000644,2.766714285714378,16,7,5,3,,train
SNIPER_8,2025-09-26,12,9.40599999999904,0.7838333333332533,28,12,5,8,,train
SNIPER_8,2025-09-29,12,8.386000000002696,0.698833333333558,32,12,9,10,,train
SNIPER_8,2025-09-30,14,8.071000000002185,0.576500000000156,39,14,17,7,,train
SNIPER_8,2025-10-01,11,-1.580000000000382,-0.14363636363639837,20,11,6,1,,train
SNIPER_8,2025-10-02,9,-4.239999999998872,-0.4711111111109858,22,9,5,6,,train
SNIPER_8,2025-10-03,14,24.15000000000373,1.7250000000002663,30,14,8,7,,train
SNIPER_8,2025-10-06,15,22.418000000001484,1.4945333333334323,39,15,13,11,,train
SNIPER_8,2025-10-07,12,14.266999999997552,1.1889166666664626,32,12,10,9,,train
SNIPER_8,2025-10-08,15,15.42799999999852,1.0285333333332347,32,15,8,8,,train
SNIPER_8,2025-10-09,23,5.279999999999745,0.22956521739129326,36,23,6,5,,train
SNIPER_8,2025-10-10,17,20.87900000000309,1.228176470588417,30,17,6,7,,train
SNIPER_8,2025-10-13,19,15.01799999999912,0.7904210526315326,35,19,3,12,,train
SNIPER_8,2025-10-14,8,-4.147000000004482,-0.5183750000005602,19,8,2,8,,train
SNIPER_8,2025-10-15,19,42.02600000000257,2.2118947368422406,31,19,7,3,,train
SNIPER_8,2025-10-16,25,33.3879999999881,1.3355199999995238,41,25,4,10,,train
SNIPER_8,2025-10-17,21,45.52999999999247,2.1680952380948795,35,21,5,9,,train
SNIPER_8,2025-10-20,14,23.404999999996107,1.6717857142854362,36,14,10,12,,train
SNIPER_8,2025-10-21,23,21.172999999984313,0.9205652173906224,41,23,7,9,,train
SNIPER_8,2025-10-22,16,33.8930000000023,2.118312500000144,31,16,5,9,,train
SNIPER_8,2025-10-23,20,19.177000000002863,0.9588500000001432,35,20,4,9,,train
SNIPER_8,2025-10-24,11,12.170999999997093,1.1064545454542811,23,11,3,7,,train
SNIPER_8,2025-10-27,16,23.72099999999728,1.48256249999983,35,16,11,7,,train
SNIPER_8,2025-10-28,18,30.942999999995664,1.7190555555553146,35,18,10,6,,train
SNIPER_8,2025-10-29,16,-1.0962222222192395,-0.06851388888870247,29,13,6,9,,train
SNIPER_8,2025-10-30,13,-3.786000000001877,-0.2912307692309136,35,13,7,14,,train
SNIPER_8,2025-10-31,8,-0.419999999999618,-0.05249999999995225,27,8,12,5,,train
SNIPER_8,2025-11-03,8,-2.8189999999995052,-0.35237499999993815,19,8,2,9,,train
SNIPER_8,2025-11-04,14,22.98000000000411,1.641428571428865,28,14,8,6,,train
SNIPER_8,2025-11-05,16,9.47399999999925,0.5921249999999532,28,16,4,7,,train
SNIPER_8,2025-11-06,9,5.142999999997755,0.5714444444441951,24,9,7,8,,train
SNIPER_8,2025-11-07,9,0.29700000000002547,0.03300000000000283,16,9,2,4,,train
SNIPER_8,2025-11-10,17,12.441000000001472,0.7318235294118512,43,14,17,12,,train
SNIPER_8,2025-11-11,6,2.2399999999934153,0.3733333333322359,27,6,9,11,,train
SNIPER_8,2025-11-12,17,24.482999999998356,1.4401764705881386,35,17,6,9,,train
SNIPER_8,2025-11-13,13,6.612999999994827,0.5086923076919098,26,13,7,5,,train
SNIPER_8,2025-11-14,20,34.66599999999471,1.7332999999997356,46,20,7,16,,train
SNIPER_8,2025-11-17,18,65.1599999999944,3.619999999999689,36,18,8,9,,train
SNIPER_8,2025-11-18,6,1.374000000000251,0.22900000000004184,20,6,6,6,,train
SNIPER_8,2025-11-19,9,-12.500000000002274,-1.3888888888891415,18,9,3,5,,train
SNIPER_8,2025-11-20,9,4.577000000001135,0.5085555555556817,26,9,10,6,,train
SNIPER_8,2025-11-21,7,26.526000000000295,3.7894285714286133,18,7,2,9,,train
SNIPER_8,2025-11-24,15,27.47499999998854,1.8316666666659027,35,15,7,12,,train
SNIPER_8,2025-11-25,10,-6.25600000000577,-0.625600000000577,21,10,6,5,,train
SNIPER_8,2025-11-26,8,16.829999999995376,2.103749999999422,20,8,6,5,,train
SNIPER_8,2025-11-27,6,0.9429999999929352,0.1571666666654892,18,6,7,5,,train
SNIPER_8,2025-11-28,10,0.00399999999353895,0.00039999999935389494,27,10,7,10,,train
SNIPER_8,2025-12-01,7,29.03599999999369,4.147999999999099,17,7,5,4,,train
SNIPER_8,2025-12-02,10,22.20799999999508,2.220799999999508,24,10,8,6,,train
SNIPER_8,2025-12-03,5,0.659999999997126,0.1319999999994252,12,5,2,5,,train
SNIPER_8,2025-12-04,13,0.35104431598362373,0.02700340892181721,26,10,10,4,,train
SNIPER_8,2025-12-05,9,10.643999999990228,1.182666666665581,30,9,14,6,,train
SNIPER_8,2025-12-08,7,6.289999999991778,0.8985714285702541,18,7,7,4,,train
SNIPER_8,2025-12-09,15,0.6169999999910942,0.041133333332739615,30,15,7,7,,train
SNIPER_8,2025-12-10,5,-4.545000000002801,-0.9090000000005602,17,5,6,3,,train
SNIPER_8,2025-12-11,18,2.8709999999946376,0.1594999999997021,36,18,8,8,,train
SNIPER_8,2025-12-12,6,13.33299999999781,2.222166666666302,18,6,7,4,,train
SNIPER_8,2025-12-15,4,15.419999999997344,3.854999999999336,16,4,4,6,,train
SNIPER_8,2025-12-16,8,11.159999999992579,1.3949999999990723,22,8,8,6,,train
SNIPER_8,2025-12-17,10,14.606999999999061,1.4606999999999062,18,10,4,3,,train
SNIPER_8,2025-12-18,9,11.052999999993517,1.2281111111103908,15,9,0,6,,train
SNIPER_8,2025-12-19,8,-3.2210000000040964,-0.40262500000051205,16,8,2,6,,train
SNIPER_8,2025-12-22,21,50.67899999998008,2.4132857142847657,49,21,13,14,,train
SNIPER_8,2025-12-23,8,16.22599999999693,2.028249999999616,16,8,1,6,,train
SNIPER_8,2025-12-24,12,0.04099999999743886,0.0034166666664532386,30,12,8,9,,train
SNIPER_8,2025-12-26,12,-9.830000000004475,-0.8191666666670395,25,12,7,6,,train
SNIPER_8,2025-12-29,24,25.86800000000494,1.0778333333335393,36,21,5,9,,train
SNIPER_8,2025-12-30,12,19.799999999993815,1.6499999999994845,22,12,6,4,,train
SNIPER_8,2025-12-31,6,-4.310000000004038,-0.7183333333340064,18,6,3,8,,train
SNIPER_8,2026-01-02,18,-11.193000000011125,-0.6218333333339514,37,18,9,8,,test
SNIPER_8,2026-01-05,13,23.26100000000133,1.7893076923077946,28,13,8,7,,test
SNIPER_8,2026-01-06,17,-4.361000000008971,-0.2565294117652336,36,17,8,9,,test
SNIPER_8,2026-01-07,8,7.296999999996842,0.9121249999996053,24,8,9,7,,test
SNIPER_8,2026-01-08,13,16.95699999999033,1.3043846153838716,27,13,4,10,,test
SNIPER_8,2026-01-09,16,0.753999999994448,0.047124999999653,24,16,2,5,,test
SNIPER_8,2026-01-12,13,9.410000000009859,0.7238461538469122,29,13,7,6,,test
SNIPER_8,2026-01-13,10,8.409999999999854,0.8409999999999854,22,10,8,4,,test
SNIPER_8,2026-01-14,11,-8.094000000005508,-0.7358181818186825,17,11,1,4,,test
SNIPER_8,2026-01-15,7,-0.5989999999992506,-0.08557142857132151,22,7,11,4,,test
SNIPER_8,2026-01-16,9,-7.4430000000047585,-0.8270000000005288,14,9,0,3,,test
SNIPER_8,2026-01-19,3,-2.3000000000010914,-0.7666666666670304,8,3,3,0,,test
SNIPER_8,2026-01-20,16,3.1209999999909996,0.19506249999943748,40,16,7,15,,test
SNIPER_8,2026-01-21,10,-6.036000000011882,-0.6036000000011882,17,10,3,3,,test
SNIPER_8,2026-01-22,24,25.465999999986707,1.0610833333327794,47,24,6,16,,test
SNIPER_8,2026-01-23,17,44.56000000000677,2.621176470588633,28,17,2,8,,test
SNIPER_8,2026-01-26,10,19.43399999999474,1.943399999999474,15,10,1,4,,test
SNIPER_8,2026-01-27,15,27.91399999999794,1.860933333333196,26,15,3,7,,test
SNIPER_8,2026-01-28,31,167.00750954479403,5.387339017574001,50,30,3,16,,test
SNIPER_8,2026-01-29,22,168.5560000000014,7.661636363636427,38,22,3,10,,test
SNIPER_8,2026-01-30,29,56.57099999998536,1.9507241379305298,48,29,3,14,,test
SNIPER_8,2026-02-02,24,217.53099999998994,9.063791666666248,35,24,2,7,,test
SNIPER_8,2026-02-03,24,83.31699999999,3.47154166666625,33,24,0,9,,test
SNIPER_8,2026-02-04,20,17.19399999999314,0.859699999999657,34,20,3,11,,test
SNIPER_8,2026-02-05,26,63.7609999999986,2.4523461538461,37,26,1,10,,test
SNIPER_8,2026-02-06,23,96.84299999998984,4.2105652173908625,48,23,6,18,,test
SNIPER_8,2026-02-09,20,8.991300624758274,0.4495650312379137,25,17,1,5,,test
SNIPER_8,2026-02-10,9,-7.447000000002845,-0.8274444444447605,17,9,5,3,,test
SNIPER_8,2026-02-11,16,-11.241000000005442,-0.7025625000003402,22,16,3,3,,test
SNIPER_8,2026-02-12,11,20.479999999997744,1.8618181818179769,18,11,3,4,,test
SNIPER_8,2026-02-13,20,26.622999999990498,1.3311499999995249,28,20,1,6,,test
SNIPER_8,2026-02-16,6,-4.8160000000016225,-0.8026666666669371,13,6,2,3,,test
SNIPER_8,2026-02-17,19,23.350999999991473,1.2289999999995511,32,19,4,9,,test
SNIPER_8,2026-02-18,11,35.57699999998658,3.2342727272715077,36,11,7,15,,test
SNIPER_8,2026-02-19,16,34.19900000000416,2.13743750000026,23,16,4,3,,test
SNIPER_8,2026-02-20,16,84.81399999999576,5.300874999999735,24,16,5,1,,test
SNIPER_8,2026-02-23,14,58.72899999999299,4.194928571428071,33,14,4,13,,test
SNIPER_8,2026-02-24,14,-12.74300000000585,-0.9102142857147035,25,14,3,8,,test
SNIPER_8,2026-02-25,11,14.153999999993175,1.2867272727266523,20,11,4,4,,test
SNIPER_8,2026-02-26,11,33.562999999992826,3.051181818181166,17,11,5,1,,test
SNIPER_8,2026-02-27,14,17.87499999999909,1.2767857142856494,30,14,6,9,,test
SNIPER_8,2026-03-02,10,-19.119000000002416,-1.9119000000002415,22,10,5,6,,test
SNIPER_8,2026-03-03,28,-27.103000000006432,-0.9679642857145154,45,28,5,12,,test
SNIPER_8,2026-03-04,11,-5.587000000005901,-0.5079090909096273,23,11,5,5,,test
SNIPER_8,2026-03-05,18,16.29299999999239,0.9051666666662439,27,18,3,5,,test
SNIPER_8,2026-03-06,15,-1.5030000000087966,-0.10020000000058644,27,15,7,4,,test
SNIPER_8,2026-03-09,15,57.135999999994056,3.8090666666662703,25,15,2,8,,test
SNIPER_8,2026-03-10,22,21.533800995023135,0.9788091361374153,38,19,10,8,,test
SNIPER_8,2026-03-11,12,5.400000000003274,0.45000000000027285,21,12,1,7,,test
SNIPER_8,2026-03-12,25,18.13299999998435,0.725319999999374,41,25,4,12,,test
SNIPER_8,2026-03-13,13,13.022999999984677,1.0017692307680521,25,13,3,8,,test
SNIPER_8,2026-03-16,8,19.96299999999701,2.495374999999626,21,8,6,5,,test
SNIPER_8,2026-03-17,8,7.03400000000147,0.8792500000001837,17,8,3,5,,test
SNIPER_8,2026-03-18,19,9.21699999999237,0.48510526315749314,42,19,9,12,,test
SNIPER_8,2026-03-19,25,97.93622480620131,3.9174489922480524,38,22,2,13,,test
SNIPER_8,2026-03-20,18,22.36299999998937,1.2423888888882983,34,18,6,9,,test
SNIPER_8,2026-03-23,21,116.22999999999593,5.5347619047617105,31,21,5,4,,test
SNIPER_8,2026-03-24,17,11.409999999994398,0.6711764705879057,31,17,2,8,,test
SNIPER_8,2026-03-25,11,49.62799999998697,4.511636363635179,23,11,6,5,,test
SNIPER_8,2026-03-26,19,-1.6870000000062655,-0.0887894736845403,30,19,4,7,,test
SNIPER_8,2026-03-27,17,36.927999999998065,2.172235294117533,32,17,6,9,,test
SNIPER_8,2026-03-30,20,27.910999999990963,1.3955499999995482,27,20,2,3,,test
SNIPER_8,2026-03-31,26,21.36399999999685,0.8216923076921865,44,26,3,14,,test
SNIPER_8,2026-04-01,18,45.83399999998892,2.5463333333327176,30,18,3,9,,test
SNIPER_8,2026-04-02,15,14.825999999990017,0.9883999999993345,27,15,2,10,,test
SNIPER_8,2026-04-06,9,-3.1660000000010773,-0.3517777777778975,23,9,5,8,,test
SNIPER_8,2026-04-07,16,46.38999999999851,2.8993749999999068,27,16,5,6,,test
SNIPER_8,2026-04-08,19,-6.6480000000156,-0.3498947368429263,33,19,4,9,,test
SNIPER_8,2026-04-09,21,28.184999999986758,1.3421428571422265,34,21,5,7,,test
SNIPER_8,2026-04-10,8,4.479000000000268,0.5598750000000335,18,8,3,6,,test
SNIPER_8,2026-04-13,9,7.7299999999959255,0.8588888888884362,24,9,4,9,,test
SNIPER_8,2026-04-14,13,-0.70600000000195,-0.054307692307842305,31,13,5,11,,test
SNIPER_8,2026-04-15,9,12.667999999995118,1.407555555555013,23,9,3,10,,test
SNIPER_8,2026-04-16,13,2.4979999999977736,0.1921538461536749,27,13,8,5,,test
SNIPER_8,2026-04-17,14,18.9599999999964,1.354285714285457,32,14,8,9,,test
SNIPER_8,2026-04-20,19,46.5229999999965,2.4485789473682367,28,19,4,3,,test
SNIPER_8,2026-04-21,20,3.1099999999851216,0.15549999999925607,38,20,8,9,,test
SNIPER_8,2026-04-22,14,3.8399999999928696,0.274285714285205,25,14,4,6,,test
SNIPER_8,2026-04-23,7,27.326999999988402,3.903857142855486,18,7,6,2,,test
SNIPER_8,2026-04-24,9,2.359999999998763,0.2622222222220848,27,9,11,7,,test
SNIPER_8,2026-04-27,15,3.3869999999997167,0.2257999999999811,35,15,14,6,,test
SNIPER_8,2026-04-28,20,25.119999999988067,1.2559999999994034,49,20,14,15,,test
SNIPER_8,2026-04-29,12,9.554000000001906,0.7961666666668256,35,12,5,15,,test
SNIPER_8,2026-04-30,14,12.863999999992302,0.918857142856593,35,14,7,14,,test
SNIPER_8,2026-05-01,14,-6.980000000008658,-0.498571428572047,27,14,2,10,,test
SNIPER_8,2026-05-04,23,6.807999999985442,0.29599999999936705,43,23,9,11,,test
SNIPER_8,2026-05-05,7,-2.8340000000034706,-0.4048571428576387,25,7,9,8,,test
SNIPER_8,2026-05-06,19,22.90000000000146,1.2052631578948136,41,19,7,15,,test
SNIPER_8,2026-05-07,16,45.975000000000364,2.8734375000000227,26,16,6,2,,test
SNIPER_8,2026-05-08,11,-1.63466666667379,-0.14860606060670817,19,8,5,5,,test
SNIPER_8,2026-05-11,17,22.36600000000999,1.3156470588241171,37,17,7,13,,test
SNIPER_8,2026-05-12,22,23.42074829932153,1.0645794681509786,39,19,6,13,,test
SNIPER_8,2026-05-13,7,7.18999999999869,1.02714285714267,16,7,3,5,,test
SNIPER_8,2026-05-14,7,-4.324000000004162,-0.6177142857148803,21,7,2,10,,test
SNIPER_8,2026-05-15,11,4.792999999994208,0.4357272727267462,30,11,11,7,,test
SNIPER_8,2026-05-18,9,-7.890000000002146,-0.8766666666669052,17,9,3,4,,test
SNIPER_8,2026-05-19,18,17.059999999990396,0.9477777777772443,33,18,8,7,,test
SNIPER_8,2026-05-20,19,6.777999999997519,0.35673684210513257,34,19,8,6,,test
SNIPER_8,2026-05-21,12,25.39400000000387,2.1161666666669894,27,12,8,6,,test
SNIPER_8,2026-05-22,8,11.250000000001819,1.4062500000002274,24,8,7,8,,test
SNIPER_8,2026-05-25,4,-2.5330000000021755,-0.6332500000005439,8,4,4,0,,test
SNIPER_8,2026-05-26,9,13.07999999999447,1.453333333332719,25,9,12,1,,test
SNIPER_8,2026-05-27,6,8.380000000001928,1.396666666666988,30,6,7,14,,test
SNIPER_8,2026-05-28,25,27.781999999996515,1.1112799999998606,43,25,4,12,,test
SNIPER_8,2026-05-29,16,43.24000000000433,2.7025000000002706,37,16,7,11,,test
SNIPER_8,2026-06-01,13,-5.234000000004016,-0.4026153846156936,32,13,8,10,,test
SNIPER_8,2026-06-02,13,8.545999999992091,0.657384615384007,27,13,7,6,,test
SNIPER_8,2026-06-03,15,-9.967000000008738,-0.6644666666672492,26,15,5,5,,test
SNIPER_8,2026-06-04,8,10.199999999992542,1.2749999999990678,26,8,9,9,,test
SNIPER_8,2026-06-05,9,-1.6900000000032378,-0.18777777777813753,27,9,5,11,,test
SNIPER_8,2026-06-08,10,21.495999999994638,2.149599999999464,21,10,3,6,,test
SNIPER_8,2026-06-09,17,0.6459999999906358,0.03799999999944917,32,17,5,7,,test
SNIPER_8,2026-06-10,27,13.535999999981868,0.5013333333326618,53,27,8,17,,test
SNIPER_8,2026-06-11,14,57.59500000000298,4.113928571428785,23,14,5,3,,test
SNIPER_8,2026-06-12,5,0.9759999999969295,0.19519999999938592,15,5,4,6,,test
SNIPER_8,2026-06-15,14,7.256999999996879,0.5183571428569199,34,14,10,10,,test
SNIPER_8,2026-06-16,11,4.380999999994856,0.39827272727225965,21,11,5,4,,test
SNIPER_8,2026-06-17,15,23.019999999995893,1.5346666666663928,25,15,5,4,,test
SNIPER_8,2026-06-18,14,27.98699999998371,1.9990714285702649,39,14,9,14,,test
SNIPER_8,2026-06-19,12,23.229999999996835,1.9358333333330695,20,12,2,4,,test
SNIPER_8,2026-06-22,10,6.229999999999563,0.6229999999999564,22,10,9,2,,test
SNIPER_8,2026-06-23,14,23.239999999997508,1.659999999999822,32,14,7,11,,test
SNIPER_8,2026-06-24,17,13.326999999999773,0.7839411764705748,41,17,11,11,,test
SNIPER_8,2026-06-25,4,6.220000000000255,1.5550000000000637,11,4,2,2,,test
SNIPER_8,2026-06-26,18,-9.856999999997697,-0.5476111111109832,32,18,4,8,,test
SNIPER_8,2026-06-29,15,40.87100000000828,2.7247333333338855,37,15,14,6,,test
SNIPER_8,2026-06-30,11,-6.372999999999138,-0.579363636363558,27,11,6,9,,test
SNIPER_8,2026-07-01,20,1.8199999999965248,0.09099999999982625,46,20,12,13,,test
SNIPER_8,2026-07-02,6,-5.9099999999998545,-0.9849999999999758,27,6,11,7,,test
SNIPER_8,2026-07-03,6,2.869999999996253,0.47833333333270883,23,6,7,8,,test
SNIPER_8,2026-07-06,5,0.9199999999946162,0.18399999999892325,24,5,13,6,,test
SNIPER_8,2026-07-07,8,-2.890000000001237,-0.3612500000001546,26,8,7,9,,test
SNIPER_8,2026-07-08,15,0.37999999999919964,0.025333333333279976,29,15,3,11,,test
SNIPER_8,2026-07-09,7,-2.7100000000018554,-0.3871428571431222,25,7,5,13,,test
SNIPER_8,2026-07-10,5,2.789999999999054,0.5579999999998109,16,5,4,6,,test
SNIPER_8,2026-07-13,21,24.28999999999587,1.15666666666647,34,21,4,8,,test
SNIPER_8,2026-07-14,16,26.72999999999547,1.670624999999717,37,16,8,13,,test
SNIPER_8,2026-07-15,8,12.659999999997126,1.5824999999996407,19,8,5,6,,test
SNIPER_22,2024-01-02,2,1.2500000000004547,0.6250000000002274,11,2,4,5,,train
SNIPER_22,2024-01-03,1,6.8199999999987995,6.8199999999987995,25,1,15,9,,train
SNIPER_22,2024-01-04,5,10.569999999992206,2.113999999998441,12,5,5,1,,train
SNIPER_22,2024-01-05,5,-1.4499999999995907,-0.28999999999991816,13,5,4,4,,train
SNIPER_22,2024-01-08,0,0.0,0.0,20,0,12,7,,train
SNIPER_22,2024-01-09,1,-0.2699999999999818,-0.2699999999999818,12,1,7,4,,train
SNIPER_22,2024-01-10,1,-0.2799999999999727,-0.2799999999999727,17,1,7,7,,train
SNIPER_22,2024-01-11,2,-0.9800000000000182,-0.4900000000000091,9,2,4,3,,train
SNIPER_22,2024-01-12,6,24.739999999995916,4.123333333332653,33,6,17,10,,train
SNIPER_22,2024-01-15,0,0.0,0.0,7,0,1,5,,train
SNIPER_22,2024-01-16,2,-0.5199999999995271,-0.25999999999976353,19,2,11,6,,train
SNIPER_22,2024-01-17,4,14.623999999997295,3.655999999999324,22,4,11,7,,train
SNIPER_22,2024-01-18,3,10.537000000000035,3.512333333333345,14,3,8,3,,train
SNIPER_22,2024-01-19,2,-0.9100000000000819,-0.4550000000000409,18,2,14,2,,train
SNIPER_22,2024-01-22,0,0.0,0.0,14,0,10,4,,train
SNIPER_22,2024-01-23,0,0.0,0.0,8,0,3,5,,train
SNIPER_22,2024-01-24,2,-0.6070000000001983,-0.30350000000009913,17,2,9,6,,train
SNIPER_22,2024-01-25,3,-1.3230000000000928,-0.4410000000000309,10,3,4,3,,train
SNIPER_22,2024-01-26,1,6.829999999999928,6.829999999999928,5,1,1,2,,train
SNIPER_22,2024-01-29,2,-0.7100000000000364,-0.3550000000000182,14,2,7,5,,train
SNIPER_22,2024-01-30,5,-2.395999999999731,-0.47919999999994617,13,5,3,5,,train
SNIPER_22,2024-01-31,7,9.930000000000064,1.4185714285714377,19,7,8,4,,train
SNIPER_22,2024-02-01,3,17.436999999998307,5.812333333332769,19,3,12,4,,train
SNIPER_22,2024-02-02,1,9.7800000000002,9.7800000000002,14,1,4,9,,train
SNIPER_22,2024-02-05,1,6.180000000000064,6.180000000000064,24,1,12,11,,train
SNIPER_22,2024-02-06,5,5.680000000003248,1.1360000000006496,10,5,4,1,,train
SNIPER_22,2024-02-07,2,2.400000000000091,1.2000000000000455,8,2,1,5,,train
SNIPER_22,2024-02-08,1,-0.5499999999999545,-0.5499999999999545,10,1,6,3,,train
SNIPER_22,2024-02-09,2,2.0499999999999545,1.0249999999999773,14,2,8,4,,train
SNIPER_22,2024-02-12,1,-0.4130000000000109,-0.4130000000000109,10,1,6,3,,train
SNIPER_22,2024-02-13,4,10.430000000000973,2.6075000000002433,15,4,4,7,,train
SNIPER_22,2024-02-14,3,-0.459999999999809,-0.15333333333326968,11,3,4,4,,train
SNIPER_22,2024-02-15,2,9.030000000001564,4.515000000000782,16,2,6,8,,train
SNIPER_22,2024-02-16,2,-0.7799999999999727,-0.38999999999998636,13,2,6,5,,train
SNIPER_22,2024-02-20,2,-0.6769999999999072,-0.3384999999999536,13,2,8,3,,train
SNIPER_22,2024-02-21,1,0.1670000000001437,0.1670000000001437,7,1,2,4,,train
SNIPER_22,2024-02-22,3,10.987000000001217,3.662333333333739,20,3,9,8,,train
SNIPER_22,2024-02-23,2,0.7190000000000509,0.35950000000002547,21,2,10,9,,train
SNIPER_22,2024-02-26,1,-0.08000000000015461,-0.08000000000015461,11,1,7,3,,train
SNIPER_22,2024-02-27,2,8.023999999998978,4.011999999999489,15,2,8,5,,train
SNIPER_22,2024-02-28,0,0.0,0.0,9,0,5,4,,train
SNIPER_22,2024-02-29,0,0.0,0.0,17,0,12,5,,train
SNIPER_22,2024-03-01,5,13.737000000002581,2.7474000000005163,25,5,7,13,,train
SNIPER_22,2024-03-04,3,11.975999999998296,3.991999999999432,13,3,3,7,,train
SNIPER_22,2024-03-05,5,7.166000000000622,1.4332000000001244,18,5,4,9,,train
SNIPER_22,2024-03-06,11,-6.420999999999822,-0.5837272727272566,27,11,11,5,,train
SNIPER_22,2024-03-07,1,-0.41000000000030923,-0.41000000000030923,8,1,4,3,,train
SNIPER_22,2024-03-08,4,-2.2100000000000364,-0.5525000000000091,23,4,11,7,,train
SNIPER_22,2024-03-11,2,-1.2199999999998,-0.6099999999999,6,2,1,2,,train
SNIPER_22,2024-03-12,7,-4.300000000000182,-0.6142857142857403,30,7,12,10,,train
SNIPER_22,2024-03-13,2,6.676999999993768,3.338499999996884,20,2,8,10,,train
SNIPER_22,2024-03-14,2,6.710000000000036,3.355000000000018,22,2,13,7,,train
SNIPER_22,2024-03-15,1,-0.46000000000003644,-0.46000000000003644,10,1,2,7,,train
SNIPER_22,2024-03-18,1,-0.543999999999869,-0.543999999999869,14,1,9,4,,train
SNIPER_22,2024-03-19,2,-0.6599999999998545,-0.32999999999992724,13,2,4,7,,train
SNIPER_22,2024-03-20,5,-1.819999999999709,-0.3639999999999418,25,5,12,8,,train
SNIPER_22,2024-03-21,7,6.728999999998905,0.9612857142855579,25,7,8,10,,train
SNIPER_22,2024-03-22,6,24.798000000007505,4.133000000001251,19,6,7,6,,train
SNIPER_22,2024-03-25,3,1.9830000000001746,0.6610000000000582,14,3,2,9,,train
SNIPER_22,2024-03-26,7,24.738999999999578,3.534142857142797,26,7,9,10,,train
SNIPER_22,2024-03-27,1,-0.44000000000005457,-0.44000000000005457,14,1,9,3,,train
SNIPER_22,2024-03-28,4,6.432999999998174,1.6082499999995434,23,4,7,11,,train
SNIPER_22,2024-04-01,8,46.230000000003656,5.778750000000457,26,8,9,9,,train
SNIPER_22,2024-04-02,1,10.339999999995598,10.339999999995598,25,1,14,8,,train
SNIPER_22,2024-04-03,8,12.60700000000088,1.57587500000011,19,8,5,6,,train
SNIPER_22,2024-04-04,3,7.880000000000109,2.626666666666703,11,3,1,7,,train
SNIPER_22,2024-04-05,4,41.085000000000946,10.271250000000236,24,4,8,10,,train
SNIPER_22,2024-04-08,8,-4.660000000000309,-0.5825000000000387,27,8,8,10,,train
SNIPER_22,2024-04-09,6,-2.3900000000003274,-0.3983333333333879,14,6,7,1,,train
SNIPER_22,2024-04-10,3,10.1200000000008,3.3733333333336,16,3,1,11,,train
SNIPER_22,2024-04-11,9,8.835000000009131,0.9816666666676812,21,9,4,8,,train
SNIPER_22,2024-04-12,11,20.29499999999507,1.8449999999995519,27,11,10,5,,train
SNIPER_22,2024-04-15,2,19.280999999996766,9.640499999998383,17,2,2,12,,train
SNIPER_22,2024-04-16,4,-1.8669999999997344,-0.4667499999999336,14,4,3,7,,train
SNIPER_22,2024-04-17,6,-2.3229999999998654,-0.38716666666664423,21,6,10,4,,train
SNIPER_22,2024-04-18,5,5.569000000002234,1.1138000000004467,19,5,9,4,,train
SNIPER_22,2024-04-19,11,35.23099999999977,3.2028181818181607,26,11,10,4,,train
SNIPER_22,2024-04-22,5,3.6970000000001164,0.7394000000000233,32,5,14,13,,train
SNIPER_22,2024-04-23,5,-2.3530000000005202,-0.47060000000010405,27,5,12,10,,train
SNIPER_22,2024-04-24,1,-0.5,-0.5,11,1,4,6,,train
SNIPER_22,2024-04-25,6,3.582999999999629,0.5971666666666048,21,6,10,5,,train
SNIPER_22,2024-04-26,4,-2.0299999999997453,-0.5074999999999363,19,4,9,6,,train
SNIPER_22,2024-04-29,6,10.6970000000033,1.7828333333338833,18,6,6,6,,train
SNIPER_22,2024-04-30,9,22.168999999996686,2.463222222221854,35,9,11,15,,train
SNIPER_22,2024-05-01,15,46.92900000001964,3.1286000000013092,34,15,9,10,,train
SNIPER_22,2024-05-02,6,2.593000000000302,0.432166666666717,29,6,11,12,,train
SNIPER_22,2024-05-03,7,42.4229999999975,6.060428571428214,19,7,4,8,,train
SNIPER_22,2024-05-06,5,-2.687000000000353,-0.5374000000000706,21,5,6,10,,train
SNIPER_22,2024-05-07,8,0.6170000000006439,0.07712500000008049,16,8,5,3,,train
SNIPER_22,2024-05-08,1,-0.2699999999999818,-0.2699999999999818,10,1,7,2,,train
SNIPER_22,2024-05-09,3,7.165999999997894,2.3886666666659644,31,3,18,10,,train
SNIPER_22,2024-05-10,7,6.096999999997024,0.8709999999995749,29,7,10,10,,train
SNIPER_22,2024-05-13,4,9.349000000003343,2.337250000000836,31,4,18,9,,train
SNIPER_22,2024-05-14,8,-2.7840000000001055,-0.3480000000000132,26,8,15,3,,train
SNIPER_22,2024-05-15,6,4.84900000000016,0.8081666666666933,16,6,4,6,,train
SNIPER_22,2024-05-16,4,-1.9500000000002728,-0.4875000000000682,18,4,8,6,,train
SNIPER_22,2024-05-17,8,38.50400000000491,4.8130000000006135,30,8,16,6,,train
SNIPER_22,2024-05-20,9,33.75800000001209,3.7508888888902323,21,9,3,9,,train
SNIPER_22,2024-05-21,6,28.822999999992135,4.8038333333320224,19,6,5,8,,train
SNIPER_22,2024-05-22,5,25.769999999990887,5.153999999998177,27,5,12,9,,train
SNIPER_22,2024-05-23,12,18.266999999996187,1.5222499999996824,33,12,10,10,,train
SNIPER_22,2024-05-24,2,-0.5,-0.25,14,2,3,9,,train
SNIPER_22,2024-05-27,5,-1.654000000000451,-0.33080000000009024,22,5,12,5,,train
SNIPER_22,2024-05-28,6,13.270000000005894,2.2116666666676488,22,6,9,7,,train
SNIPER_22,2024-05-29,3,0.2899999999999636,0.09666666666665454,24,3,10,11,,train
SNIPER_22,2024-05-30,7,-2.4189999999994143,-0.3455714285713449,23,7,14,2,,train
SNIPER_22,2024-05-31,10,21.7070000000067,2.17070000000067,21,10,4,7,,train
SNIPER_22,2024-06-03,7,6.35600000000295,0.9080000000004215,23,7,9,7,,train
SNIPER_22,2024-06-04,3,-1.0099999999997635,-0.33666666666658784,23,3,10,10,,train
SNIPER_22,2024-06-05,11,37.749999999999545,3.4318181818181404,16,11,3,2,,train
SNIPER_22,2024-06-06,7,-2.4719999999997526,-0.3531428571428218,27,7,14,6,,train
SNIPER_22,2024-06-07,8,9.007000000008702,1.1258750000010878,42,8,16,17,,train
SNIPER_22,2024-06-10,6,6.316000000002532,1.0526666666670887,21,6,5,10,,train
SNIPER_22,2024-06-11,3,8.920000000001437,2.9733333333338123,17,3,9,4,,train
SNIPER_22,2024-06-12,4,12.090000000001055,3.0225000000002638,26,4,12,9,,train
SNIPER_22,2024-06-13,6,-2.244000000000142,-0.37400000000002365,18,6,8,3,,train
SNIPER_22,2024-06-14,2,10.386999999999716,5.193499999999858,25,2,12,11,,train
SNIPER_22,2024-06-17,1,-0.25,-0.25,14,1,7,6,,train
SNIPER_22,2024-06-18,4,-1.0400000000004184,-0.2600000000001046,15,4,7,4,,train
SNIPER_22,2024-06-19,0,0.0,0.0,5,0,3,2,,train
SNIPER_22,2024-06-20,5,4.843000000000301,0.9686000000000602,26,5,14,7,,train
SNIPER_22,2024-06-21,10,62.19599999999764,6.2195999999997635,21,10,5,6,,train
SNIPER_22,2024-06-24,5,7.682999999999993,1.5365999999999986,16,5,6,5,,train
SNIPER_22,2024-06-25,3,-1.2100000000004911,-0.403333333333497,21,3,12,5,,train
SNIPER_22,2024-06-26,4,-2.269999999999527,-0.5674999999998818,20,4,12,4,,train
SNIPER_22,2024-06-27,6,3.3130000000005566,0.5521666666667594,26,6,11,9,,train
SNIPER_22,2024-06-28,1,-0.49699999999984357,-0.49699999999984357,16,1,9,5,,train
SNIPER_22,2024-07-01,1,-0.27300000000013824,-0.27300000000013824,17,1,7,9,,train
SNIPER_22,2024-07-02,2,6.572999999993954,3.286499999996977,11,2,7,1,,train
SNIPER_22,2024-07-03,8,22.663000000012744,2.832875000001593,38,8,13,17,,train
SNIPER_22,2024-07-04,2,-0.8499999999994543,-0.42499999999972715,11,2,5,3,,train
SNIPER_22,2024-07-05,12,11.515263565887835,0.9596052971573196,27,9,14,3,,train
SNIPER_22,2024-07-08,4,12.265999999996438,3.0664999999991096,30,4,12,13,,train
SNIPER_22,2024-07-09,5,-0.41599999999925785,-0.08319999999985157,15,5,7,3,,train
SNIPER_22,2024-07-10,3,-1.2840000000001055,-0.4280000000000352,15,3,7,5,,train
SNIPER_22,2024-07-11,4,3.79300000000012,0.94825000000003,25,4,14,6,,train
SNIPER_22,2024-07-12,9,9.9050000000002,1.1005555555555777,24,9,7,8,,train
SNIPER_22,2024-07-15,6,6.900000000000091,1.1500000000000152,30,6,15,9,,train
SNIPER_22,2024-07-16,6,-2.411999999999807,-0.4019999999999679,31,6,9,15,,train
SNIPER_22,2024-07-17,8,-1.0509999999994761,-0.13137499999993452,20,8,4,8,,train
SNIPER_22,2024-07-18,3,11.391000000000531,3.797000000000177,21,3,5,11,,train
SNIPER_22,2024-07-19,9,30.83100000000468,3.4256666666671864,31,9,11,10,,train
SNIPER_22,2024-07-22,2,-0.819999999999709,-0.4099999999998545,20,2,9,8,,train
SNIPER_22,2024-07-23,4,8.374000000001615,2.093500000000404,19,4,9,5,,train
SNIPER_22,2024-07-24,3,7.220000000002528,2.4066666666675096,24,3,9,11,,train
SNIPER_22,2024-07-25,6,-2.4029999999997926,-0.40049999999996544,25,6,6,13,,train
SNIPER_22,2024-07-26,5,-0.18399999999974176,-0.03679999999994835,25,5,9,10,,train
SNIPER_22,2024-07-29,6,6.905999999999494,1.1509999999999156,27,6,11,10,,train
SNIPER_22,2024-07-30,2,-0.6700000000000728,-0.3350000000000364,19,2,8,9,,train
SNIPER_22,2024-07-31,7,5.485999999997603,0.7837142857139432,28,7,13,7,,train
SNIPER_22,2024-08-01,4,-1.7630000000003747,-0.4407500000000937,17,4,6,7,,train
SNIPER_22,2024-08-02,5,-3.4099999999998545,-0.6819999999999709,18,5,4,8,,train
SNIPER_22,2024-08-05,14,12.232999999992899,0.873785714285207,43,14,14,14,,train
SNIPER_22,2024-08-06,9,-5.236000000000331,-0.5817777777778146,19,9,8,2,,train
SNIPER_22,2024-08-07,6,22.240000000008877,3.7066666666681463,17,6,7,4,,train
SNIPER_22,2024-08-08,8,19.80600000000095,2.4757500000001187,28,8,11,9,,train
SNIPER_22,2024-08-09,7,-2.2140000000003965,-0.31628571428577096,21,7,7,6,,train
SNIPER_22,2024-08-12,6,29.805999999985033,4.967666666664172,37,6,10,21,,train
SNIPER_22,2024-08-13,5,15.361000000004424,3.0722000000008847,14,5,6,3,,train
SNIPER_22,2024-08-14,7,14.630000000000564,2.0900000000000807,28,7,15,6,,train
SNIPER_22,2024-08-15,3,3.184000000000197,1.061333333333399,18,3,6,7,,train
SNIPER_22,2024-08-16,7,20.356999999985874,2.908142857140839,35,7,15,12,,train
SNIPER_22,2024-08-19,3,-1.2199999999998,-0.40666666666659995,16,3,8,4,,train
SNIPER_22,2024-08-20,7,1.9960000000000946,0.28514285714287063,17,7,5,3,,train
SNIPER_22,2024-08-21,7,-3.443000000000211,-0.491857142857173,15,7,3,5,,train
SNIPER_22,2024-08-22,4,13.419000000004417,3.354750000001104,20,4,6,10,,train
SNIPER_22,2024-08-23,6,26.59299999999439,4.432166666665732,26,6,8,10,,train
SNIPER_22,2024-08-26,4,10.899999999994634,2.7249999999986585,12,4,4,4,,train
SNIPER_22,2024-08-27,2,8.66399999999976,4.33199999999988,22,2,13,5,,train
SNIPER_22,2024-08-28,3,-1.0729999999998654,-0.3576666666666218,20,3,9,7,,train
SNIPER_22,2024-08-29,3,6.850000000003092,2.283333333334364,11,3,4,4,,train
SNIPER_22,2024-08-30,7,10.314000000003944,1.4734285714291349,24,7,8,8,,train
SNIPER_22,2024-09-02,2,-0.8769999999999527,-0.43849999999997635,15,2,9,4,,train
SNIPER_22,2024-09-03,4,23.517000000014377,5.879250000003594,31,4,17,9,,train
SNIPER_22,2024-09-04,3,-1.3390000000003965,-0.44633333333346553,12,3,4,5,,train
SNIPER_22,2024-09-05,5,10.70300000000043,2.1406000000000858,23,5,12,6,,train
SNIPER_22,2024-09-06,6,29.11299999999983,4.852166666666638,18,6,8,4,,train
SNIPER_22,2024-09-09,3,9.200000000005275,3.066666666668425,14,3,8,3,,train
SNIPER_22,2024-09-10,6,4.232000000000426,0.7053333333334043,13,6,2,4,,train
SNIPER_22,2024-09-11,5,-2.42699999999968,-0.485399999999936,22,5,11,6,,train
SNIPER_22,2024-09-12,10,4.391000000000986,0.4391000000000986,32,10,9,12,,train
SNIPER_22,2024-09-13,5,18.45999999999276,3.691999999998552,17,5,3,6,,train
SNIPER_22,2024-09-16,1,-0.3400000000001455,-0.3400000000001455,5,1,2,2,,train
SNIPER_22,2024-09-17,4,7.503999999999905,1.8759999999999764,27,4,15,7,,train
SNIPER_22,2024-09-18,4,-3.0299999999997453,-0.7574999999999363,14,4,3,6,,train
SNIPER_22,2024-09-19,6,21.5049999999992,3.5841666666665333,25,6,10,9,,train
SNIPER_22,2024-09-20,8,4.377000000003591,0.5471250000004488,31,8,13,9,,train
SNIPER_22,2024-09-23,3,8.121999999993022,2.7073333333310075,19,3,9,7,,train
SNIPER_22,2024-09-24,4,-2.4430000000006658,-0.6107500000001664,23,4,8,10,,train
SNIPER_22,2024-09-25,3,-1.050000000000182,-0.35000000000006065,16,3,7,6,,train
SNIPER_22,2024-09-26,6,0.9810000000006767,0.16350000000011278,25,6,11,8,,train
SNIPER_22,2024-09-27,6,20.300000000006094,3.383333333334349,26,6,9,8,,train
SNIPER_22,2024-09-30,4,1.383999999999105,0.34599999999977626,34,4,14,16,,train
SNIPER_22,2024-10-01,5,23.490999999992255,4.698199999998451,24,5,10,9,,train
SNIPER_22,2024-10-02,1,14.400000000000091,14.400000000000091,16,1,9,5,,train
SNIPER_22,2024-10-03,2,-1.3429999999998472,-0.6714999999999236,18,2,9,4,,train
SNIPER_22,2024-10-04,6,8.629000000002634,1.4381666666671056,20,6,6,7,,train
SNIPER_22,2024-10-07,2,-0.9999999999995453,-0.4999999999997726,14,2,5,6,,train
SNIPER_22,2024-10-08,8,9.39299999999912,1.17412499999989,29,8,9,12,,train
SNIPER_22,2024-10-09,3,-1.0970000000002074,-0.3656666666667358,18,3,10,5,,train
SNIPER_22,2024-10-10,3,0.03999999999996362,0.013333333333321207,14,3,5,5,,train
SNIPER_22,2024-10-11,7,44.81300000000056,6.401857142857223,31,7,14,9,,train
SNIPER_22,2024-10-14,3,-1.3600000000001273,-0.4533333333333758,20,3,13,3,,train
SNIPER_22,2024-10-15,8,13.754000000013093,1.7192500000016366,22,8,6,7,,train
SNIPER_22,2024-10-16,6,22.14000000000351,3.6900000000005853,18,6,7,5,,train
SNIPER_22,2024-10-17,2,1.8070000000002437,0.9035000000001219,15,2,6,7,,train
SNIPER_22,2024-10-18,9,-3.8400000000001455,-0.42666666666668285,25,9,11,5,,train
SNIPER_22,2024-10-21,8,7.160999999996875,0.8951249999996094,18,8,7,3,,train
SNIPER_22,2024-10-22,4,11.067000000004555,2.7667500000011387,22,4,13,4,,train
SNIPER_22,2024-10-23,8,36.54899999999134,4.568624999998917,34,8,14,11,,train
SNIPER_22,2024-10-24,2,-1.1169999999992797,-0.5584999999996398,16,2,10,4,,train
SNIPER_22,2024-10-25,5,12.528000000001157,2.505600000000231,24,5,7,11,,train
SNIPER_22,2024-10-28,3,-1.2469999999998436,-0.4156666666666145,24,3,14,6,,train
SNIPER_22,2024-10-29,9,23.65100000000757,2.6278888888897303,25,9,7,8,,train
SNIPER_22,2024-10-30,2,-0.5799999999999272,-0.2899999999999636,15,2,6,7,,train
SNIPER_22,2024-10-31,8,5.918333333335188,0.7397916666668986,30,5,10,15,,train
SNIPER_22,2024-11-01,3,12.440000000000056,4.146666666666685,18,4,7,6,,train
SNIPER_22,2024-11-04,3,-1.0869999999995343,-0.36233333333317813,12,3,5,4,,train
SNIPER_22,2024-11-05,2,2.51299999999992,1.25649999999996,12,2,4,5,,train
SNIPER_22,2024-11-06,9,23.107000000000426,2.567444444444492,37,9,8,19,,train
SNIPER_22,2024-11-07,9,8.566999999994096,0.9518888888882329,34,9,7,17,,train
SNIPER_22,2024-11-08,5,20.43799999999419,4.087599999998838,19,5,5,9,,train
SNIPER_22,2024-11-11,9,53.4939999999915,5.943777777776834,30,9,10,10,,train
SNIPER_22,2024-11-12,4,5.440000000004146,1.3600000000010366,22,4,8,8,,train
SNIPER_22,2024-11-13,6,-1.5569999999993342,-0.25949999999988904,18,6,4,7,,train
SNIPER_22,2024-11-14,4,39.901999999998225,9.975499999999556,24,4,13,7,,train
SNIPER_22,2024-11-15,2,0.33999999999969077,0.16999999999984539,13,2,5,6,,train
SNIPER_22,2024-11-18,6,17.041000000002896,2.8401666666671495,21,6,6,9,,train
SNIPER_22,2024-11-19,6,22.062999999999647,3.677166666666608,24,6,8,9,,train
SNIPER_22,2024-11-20,7,31.3970000000063,4.485285714286614,24,7,8,9,,train
SNIPER_22,2024-11-21,4,6.1529999999997935,1.5382499999999484,16,4,6,6,,train
SNIPER_22,2024-11-22,8,18.346000000012282,2.2932500000015352,34,8,14,8,,train
SNIPER_22,2024-11-25,12,13.566000000004351,1.1305000000003627,43,12,13,15,,train
SNIPER_22,2024-11-26,5,6.09900000000016,1.219800000000032,17,5,4,7,,train
SNIPER_22,2024-11-27,4,5.718000000000303,1.4295000000000757,20,4,6,10,,train
SNIPER_22,2024-11-28,7,20.379000000003998,2.9112857142862856,29,7,15,6,,train
SNIPER_22,2024-11-29,4,6.150000000003729,1.5375000000009322,13,4,5,3,,train
SNIPER_22,2024-12-02,4,-1.5399999999999636,-0.3849999999999909,26,4,13,9,,train
SNIPER_22,2024-12-03,6,9.397000000004027,1.566166666667338,14,6,5,2,,train
SNIPER_22,2024-12-04,9,-3.692000000000462,-0.41022222222227356,16,9,4,1,,train
SNIPER_22,2024-12-05,6,5.044999999999163,0.8408333333331939,21,6,2,12,,train
SNIPER_22,2024-12-06,11,-1.4300000000007458,-0.1300000000000678,26,11,8,6,,train
SNIPER_22,2024-12-09,6,15.233000000003813,2.5388333333339688,37,6,15,15,,train
SNIPER_22,2024-12-10,8,12.994999999996253,1.6243749999995316,26,8,10,8,,train
SNIPER_22,2024-12-11,7,18.029000000005453,2.5755714285722076,25,7,9,8,,train
SNIPER_22,2024-12-12,6,49.282999999994445,8.213833333332408,25,6,12,7,,train
SNIPER_22,2024-12-13,8,23.54199999999628,2.942749999999535,37,8,17,12,,train
SNIPER_22,2024-12-16,4,-1.830000000000382,-0.4575000000000955,17,4,9,4,,train
SNIPER_22,2024-12-17,5,17.539999999997235,3.507999999999447,24,5,13,5,,train
SNIPER_22,2024-12-18,7,4.643000000002758,0.6632857142861083,25,7,13,5,,train
SNIPER_22,2024-12-19,9,7.928604211534396,0.8809560235038219,20,6,7,6,,train
SNIPER_22,2024-12-20,5,3.7190000000009604,0.7438000000001921,25,5,8,11,,train
SNIPER_22,2024-12-23,9,5.973000000000866,0.6636666666667629,28,9,12,7,,train
SNIPER_22,2024-12-24,2,2.6770000000001346,1.3385000000000673,11,2,7,0,,train
SNIPER_22,2024-12-26,6,5.079000000004271,0.8465000000007118,20,6,10,3,,train
SNIPER_22,2024-12-27,4,28.7899999999986,7.19749999999965,16,4,8,3,,train
SNIPER_22,2024-12-30,7,6.9410000000034415,0.9915714285719203,25,7,14,4,,train
SNIPER_22,2024-12-31,4,9.344000000000051,2.3360000000000127,14,4,3,7,,train
SNIPER_22,2025-01-02,4,18.332000000003063,4.583000000000766,19,4,6,8,,train
SNIPER_22,2025-01-03,5,5.410000000003947,1.0820000000007894,22,5,10,7,,train
SNIPER_22,2025-01-06,5,-2.7289999999993597,-0.5457999999998719,16,5,6,4,,train
SNIPER_22,2025-01-07,8,9.467999999999845,1.1834999999999807,27,8,11,7,,train
SNIPER_22,2025-01-08,5,5.629000000001725,1.125800000000345,12,5,3,4,,train
SNIPER_22,2025-01-09,1,-0.33999999999969077,-0.33999999999969077,20,1,13,6,,train
SNIPER_22,2025-01-10,7,-1.9675141242940604,-0.2810734463277229,19,4,8,7,,train
SNIPER_22,2025-01-13,9,5.432000000001153,0.6035555555556837,28,9,10,8,,train
SNIPER_22,2025-01-14,2,-0.6969999999996617,-0.34849999999983083,11,2,6,1,,train
SNIPER_22,2025-01-15,10,33.94340765578151,3.3943407655781512,20,7,3,10,,train
SNIPER_22,2025-01-16,7,-2.8969999999994798,-0.41385714285706854,31,7,12,11,,train
SNIPER_22,2025-01-17,3,7.869999999997162,2.6233333333323876,17,3,8,4,,train
SNIPER_22,2025-01-20,6,-0.14399999999977814,-0.023999999999963023,17,6,8,3,,train
SNIPER_22,2025-01-21,13,42.40999999999349,3.2623076923071914,34,13,15,6,,train
SNIPER_22,2025-01-22,5,2.41399999999976,0.482799999999952,17,5,6,6,,train
SNIPER_22,2025-01-23,4,-1.7210000000000036,-0.4302500000000009,19,4,8,6,,train
SNIPER_22,2025-01-24,4,-1.989999999999327,-0.49749999999983174,20,4,11,5,,train
SNIPER_22,2025-01-27,3,23.660000000004402,7.886666666668134,28,3,16,9,,train
SNIPER_22,2025-01-28,7,8.919999999999618,1.2742857142856596,22,7,9,6,,train
SNIPER_22,2025-01-29,4,3.0200000000004366,0.7550000000001091,18,4,10,4,,train
SNIPER_22,2025-01-30,11,-4.389999999999873,-0.3990909090908975,28,8,12,8,,train
SNIPER_22,2025-01-31,4,8.29300000000103,2.0732500000002574,20,4,11,4,,train
SNIPER_22,2025-02-03,10,1.1870000000003538,0.11870000000003537,43,10,23,10,,train
SNIPER_22,2025-02-04,7,11.907000000006521,1.7010000000009315,29,7,16,6,,train
SNIPER_22,2025-02-05,6,1.1099999999996726,0.18499999999994543,25,6,5,12,,train
SNIPER_22,2025-02-06,11,-4.382999999999811,-0.39845454545452824,26,11,9,5,,train
SNIPER_22,2025-02-07,4,-1.9470000000001164,-0.4867500000000291,15,4,6,4,,train
SNIPER_22,2025-02-10,8,28.130000000000564,3.5162500000000705,30,8,8,13,,train
SNIPER_22,2025-02-11,10,27.674999999993815,2.7674999999993815,37,10,14,12,,train
SNIPER_22,2025-02-12,8,9.42699999999877,1.1783749999998463,23,8,8,6,,train
SNIPER_22,2025-02-13,4,6.5899999999983265,1.6474999999995816,20,4,13,3,,train
SNIPER_22,2025-02-14,14,-6.89600000000064,-0.4925714285714743,35,14,12,8,,train
SNIPER_22,2025-02-17,2,9.750000000005457,4.8750000000027285,9,2,3,4,,train
SNIPER_22,2025-02-18,5,6.013999999999214,1.2027999999998429,38,5,22,11,,train
SNIPER_22,2025-02-19,6,10.03916666666646,1.67319444444441,16,3,6,7,,train
SNIPER_22,2025-02-20,8,32.79099999999744,4.09887499999968,24,8,11,4,,train
SNIPER_22,2025-02-21,2,-0.8700000000003456,-0.4350000000001728,15,2,6,6,,train
SNIPER_22,2025-02-24,8,13.343000000000302,1.6678750000000377,24,8,10,5,,train
SNIPER_22,2025-02-25,12,9.637000000000628,0.8030833333333857,39,12,15,11,,train
SNIPER_22,2025-02-26,8,-4.23299999999972,-0.529124999999965,22,8,7,5,,train
SNIPER_22,2025-02-27,7,10.736999999997806,1.5338571428568295,26,7,9,10,,train
SNIPER_22,2025-02-28,6,-3.1200000000003456,-0.5200000000000576,22,6,5,11,,train
SNIPER_22,2025-03-03,11,23.05300000000534,2.0957272727277583,24,11,6,7,,train
SNIPER_22,2025-03-04,9,28.903999999997723,3.2115555555553024,26,9,10,7,,train
SNIPER_22,2025-03-05,9,4.220999999999549,0.4689999999999499,19,9,6,4,,train
SNIPER_22,2025-03-06,8,41.48699999999826,5.185874999999783,20,8,8,3,,train
SNIPER_22,2025-03-07,3,-5.20299999999952,-1.7343333333331732,21,3,12,6,,train
SNIPER_22,2025-03-10,5,16.427000000001044,3.285400000000209,24,5,10,9,,train
SNIPER_22,2025-03-11,5,7.497000000000753,1.4994000000001506,17,5,6,6,,train
SNIPER_22,2025-03-12,2,-0.6199999999998909,-0.30999999999994543,16,2,7,6,,train
SNIPER_22,2025-03-13,7,-1.3219999999996617,-0.1888571428570945,21,7,5,9,,train
SNIPER_22,2025-03-14,3,21.61299999999983,7.204333333333277,15,3,5,4,,train
SNIPER_22,2025-03-17,2,-1.6530000000002474,-0.8265000000001237,11,2,5,4,,train
SNIPER_22,2025-03-18,7,31.350000000002183,4.47857142857174,34,7,17,10,,train
SNIPER_22,2025-03-19,5,1.1330000000007203,0.22660000000014408,19,5,9,4,,train
SNIPER_22,2025-03-20,2,-1.1300000000001091,-0.5650000000000546,26,2,11,13,,train
SNIPER_22,2025-03-21,2,-0.7399999999997817,-0.36999999999989086,20,2,14,4,,train
SNIPER_22,2025-03-24,3,1.1030000000005202,0.36766666666684006,19,3,9,7,,train
SNIPER_22,2025-03-25,6,13.550000000004275,2.2583333333340456,19,6,5,8,,train
SNIPER_22,2025-03-26,1,-0.18999999999959982,-0.18999999999959982,18,1,10,6,,train
SNIPER_22,2025-03-27,9,-4.029999999999291,-0.44777777777769895,21,9,6,6,,train
SNIPER_22,2025-03-28,10,19.55299999999943,1.955299999999943,21,10,6,5,,train
SNIPER_22,2025-03-31,7,-3.604000000000269,-0.5148571428571813,23,7,10,5,,train
SNIPER_22,2025-04-01,11,54.23600000000306,4.930545454545733,20,11,3,4,,train
SNIPER_22,2025-04-02,9,-7.15099999999984,-0.7945555555555378,25,9,10,5,,train
SNIPER_22,2025-04-03,16,49.11599999999726,3.0697499999998286,32,16,7,7,,train
SNIPER_22,2025-04-04,16,44.817000000006374,2.8010625000003984,30,16,4,10,,train
SNIPER_22,2025-04-07,16,35.373999999999796,2.2108749999999873,34,16,7,8,,train
SNIPER_22,2025-04-08,10,14.869999999995343,1.4869999999995342,21,10,5,5,,train
SNIPER_22,2025-04-09,17,112.98500000000013,6.646176470588243,31,17,3,10,,train
SNIPER_22,2025-04-10,14,47.06200000000945,3.3615714285721032,32,14,7,11,,train
SNIPER_22,2025-04-11,12,65.89599999999473,5.491333333332894,23,12,3,7,,train
SNIPER_22,2025-04-14,4,-2.7100000000000364,-0.6775000000000091,16,4,5,7,,train
SNIPER_22,2025-04-15,4,20.450000000000728,5.112500000000182,16,4,3,9,,train
SNIPER_22,2025-04-16,17,68.19999999999573,4.0117647058821015,42,17,15,10,,train
SNIPER_22,2025-04-17,15,50.569855072471306,3.371323671498087,26,12,10,4,,train
SNIPER_22,2025-04-21,17,21.379999999997835,1.257647058823402,40,17,7,13,,train
SNIPER_22,2025-04-22,19,34.69000000000278,1.825789473684357,40,19,8,13,,train
SNIPER_22,2025-04-23,20,127.62000000000899,6.38100000000045,35,20,6,8,,train
SNIPER_22,2025-04-24,8,47.18999999999414,5.898749999999268,25,8,5,11,,train
SNIPER_22,2025-04-25,13,-4.700000000000273,-0.3615384615384825,30,13,2,13,,train
SNIPER_22,2025-04-28,14,65.00000000000591,4.642857142857565,31,14,5,12,,train
SNIPER_22,2025-04-29,11,-0.8900000000003274,-0.08090909090912067,23,11,7,5,,train
SNIPER_22,2025-04-30,12,29.100000000003092,2.425000000000258,21,12,4,4,,train
SNIPER_22,2025-05-01,10,-7.520000000000437,-0.7520000000000436,20,10,4,6,,train
SNIPER_22,2025-05-02,4,-1.7299999999995634,-0.43249999999989086,16,4,7,5,,train
SNIPER_22,2025-05-05,17,72.01399999999603,4.23611764705859,37,17,7,13,,train
SNIPER_22,2025-05-06,15,48.430000000000746,3.2286666666667165,27,15,4,5,,train
SNIPER_22,2025-05-07,6,-1.4800000000000182,-0.2466666666666697,15,6,3,6,,train
SNIPER_22,2025-05-08,23,7.500000000007276,0.3260869565220555,40,23,4,13,,train
SNIPER_22,2025-05-09,9,-4.759999999998854,-0.5288888888887615,28,9,7,12,,train
SNIPER_22,2025-05-12,11,18.689999999994598,1.699090909090418,19,11,4,3,,train
SNIPER_22,2025-05-13,13,39.50999999999339,3.0392307692302607,21,13,2,5,,train
SNIPER_22,2025-05-14,15,14.833999999993923,0.9889333333329282,38,15,12,11,,train
SNIPER_22,2025-05-15,17,47.71600000000035,2.806823529411785,42,17,10,14,,train
SNIPER_22,2025-05-16,10,-5.550000000000182,-0.5550000000000181,44,10,21,12,,train
SNIPER_22,2025-05-19,8,5.520000000001801,0.6900000000002251,27,8,10,8,,train
SNIPER_22,2025-05-20,12,48.60000000000127,4.050000000000106,34,12,12,10,,train
SNIPER_22,2025-05-21,12,18.529999999997926,1.544166666666494,28,12,8,6,,train
SNIPER_22,2025-05-22,15,38.47900000000118,2.565266666666745,33,15,8,9,,train
SNIPER_22,2025-05-23,16,6.065999999999349,0.3791249999999593,28,16,2,8,,train
SNIPER_22,2025-05-26,5,20.614000000000487,4.1228000000000975,23,5,12,6,,train
SNIPER_22,2025-05-27,11,1.5700000000006193,0.14272727272732902,26,11,7,7,,train
SNIPER_22,2025-05-28,16,24.269999999997253,1.5168749999998283,28,16,3,7,,train
SNIPER_22,2025-05-29,11,45.76300000000265,4.160272727272968,48,11,19,18,,train
SNIPER_22,2025-05-30,11,37.13300000000663,3.3757272727278758,22,11,4,7,,train
SNIPER_22,2025-06-02,8,-2.913000000000011,-0.36412500000000136,39,8,8,21,,train
SNIPER_22,2025-06-03,10,14.376000000007025,1.4376000000007025,23,10,5,6,,train
SNIPER_22,2025-06-04,6,-4.949999999999818,-0.8249999999999696,12,6,1,3,,train
SNIPER_22,2025-06-05,9,-4.826999999999771,-0.5363333333333079,27,9,8,8,,train
SNIPER_22,2025-06-06,13,76.51600000000371,5.8858461538464395,29,13,6,10,,train
SNIPER_22,2025-06-09,12,12.374000000002525,1.031166666666877,34,12,8,13,,train
SNIPER_22,2025-06-10,12,22.179999999998472,1.848333333333206,27,12,6,7,,train
SNIPER_22,2025-06-11,7,-2.093999999999596,-0.2991428571427995,19,7,5,7,,train
SNIPER_22,2025-06-12,9,28.186000000000604,3.131777777777845,20,9,4,5,,train
SNIPER_22,2025-06-13,16,82.70100000000548,5.168812500000342,30,16,8,6,,train
SNIPER_22,2025-06-16,14,-5.334999999999582,-0.3810714285713987,33,14,9,9,,train
SNIPER_22,2025-06-17,5,-4.289999999999964,-0.8579999999999928,17,5,9,3,,train
SNIPER_22,2025-06-18,10,38.35300000000052,3.835300000000052,20,10,5,4,,train
SNIPER_22,2025-06-19,2,-0.6300000000001091,-0.31500000000005457,18,2,8,6,,train
SNIPER_22,2025-06-20,7,29.819999999996526,4.259999999999503,23,7,7,9,,train
SNIPER_22,2025-06-23,8,13.812000000002172,1.7265000000002715,19,8,3,7,,train
SNIPER_22,2025-06-24,13,9.408333333331182,0.7237179487177833,27,10,10,6,,train
SNIPER_22,2025-06-25,8,13.597000000000207,1.699625000000026,19,8,6,5,,train
SNIPER_22,2025-06-26,7,-2.755000000000109,-0.39357142857144417,15,7,4,4,,train
SNIPER_22,2025-06-27,9,27.656999999998337,3.072999999999815,32,9,16,7,,train
SNIPER_22,2025-06-30,7,-5.083000000000084,-0.7261428571428691,29,7,8,14,,train
SNIPER_22,2025-07-01,6,14.201000000005934,2.366833333334322,21,6,9,6,,train
SNIPER_22,2025-07-02,4,10.111000000008062,2.5277500000020154,16,4,6,6,,train
SNIPER_22,2025-07-03,9,-4.167000000000371,-0.4630000000000412,28,9,10,7,,train
SNIPER_22,2025-07-04,4,5.349999999999909,1.3374999999999773,12,4,3,4,,train
SNIPER_22,2025-07-07,7,21.579999999997654,3.0828571428568075,23,7,7,8,,train
SNIPER_22,2025-07-08,11,4.396000000002459,0.3996363636365872,26,11,7,7,,train
SNIPER_22,2025-07-09,9,5.083999999999833,0.5648888888888703,28,9,10,9,,train
SNIPER_22,2025-07-10,3,-2.019999999999527,-0.6733333333331757,10,3,3,3,,train
SNIPER_22,2025-07-11,4,-1.6860000000001492,-0.4215000000000373,22,4,8,8,,train
SNIPER_22,2025-07-14,11,23.61600000000317,2.146909090909379,30,11,12,7,,train
SNIPER_22,2025-07-15,13,6.0899999999946886,0.46846153846112987,23,13,5,5,,train
SNIPER_22,2025-07-16,4,-4.632999999999811,-1.1582499999999527,23,4,11,8,,train
SNIPER_22,2025-07-17,8,45.85499999999638,5.7318749999995475,23,8,7,7,,train
SNIPER_22,2025-07-18,4,-0.7529999999997017,-0.18824999999992542,16,4,7,4,,train
SNIPER_22,2025-07-21,12,46.01299999999901,3.834416666666584,29,12,12,4,,train
SNIPER_22,2025-07-22,13,10.023225672884415,0.7710173594526473,33,10,13,10,,train
SNIPER_22,2025-07-23,7,8.576999999998861,1.2252857142855516,24,7,10,7,,train
SNIPER_22,2025-07-24,13,-6.870999999999186,-0.5285384615383989,32,13,14,5,,train
SNIPER_22,2025-07-25,10,14.82699999999977,1.482699999999977,30,10,14,6,,train
SNIPER_22,2025-07-28,10,-5.360000000000127,-0.5360000000000127,24,10,7,6,,train
SNIPER_22,2025-07-29,6,-3.0600000000004,-0.5100000000000667,24,6,9,9,,train
SNIPER_22,2025-07-30,8,10.8029999999967,1.3503749999995875,31,8,10,11,,train
SNIPER_22,2025-07-31,8,-3.87099999999964,-0.483874999999955,22,8,9,5,,train
SNIPER_22,2025-08-01,8,5.073999999994612,0.6342499999993265,22,8,4,10,,train
SNIPER_22,2025-08-04,7,2.4930000000026666,0.35614285714323807,22,7,8,6,,train
SNIPER_22,2025-08-05,16,24.342000000001917,1.5213750000001198,30,16,10,4,,train
SNIPER_22,2025-08-06,8,36.25599999999895,4.531999999999869,17,8,4,5,,train
SNIPER_22,2025-08-07,12,4.608999999999469,0.3840833333332891,26,12,8,5,,train
SNIPER_22,2025-08-08,5,-6.8429999999993925,-1.3685999999998786,14,5,8,0,,train
SNIPER_22,2025-08-11,9,30.245999999996457,3.360666666666273,24,9,8,7,,train
SNIPER_22,2025-08-12,1,-0.16300000000001091,-0.16300000000001091,10,1,6,3,,train
SNIPER_22,2025-08-13,4,-2.117000000000189,-0.5292500000000473,14,4,4,6,,train
SNIPER_22,2025-08-14,9,2.7810000000044957,0.30900000000049954,27,9,9,9,,train
SNIPER_22,2025-08-15,4,-1.2999999999997272,-0.3249999999999318,17,4,10,3,,train
SNIPER_22,2025-08-18,7,12.059999999995398,1.7228571428564854,19,7,8,4,,train
SNIPER_22,2025-08-19,8,3.6589999999987413,0.45737499999984266,22,8,8,5,,train
SNIPER_22,2025-08-20,7,19.133000000006177,2.733285714286597,28,7,12,9,,train
SNIPER_22,2025-08-21,5,-2.6900000000005093,-0.5380000000001018,18,5,7,6,,train
SNIPER_22,2025-08-22,4,-1.3280000000004293,-0.3320000000001073,19,4,8,6,,train
SNIPER_22,2025-08-25,2,2.400000000000091,1.2000000000000455,11,2,4,4,,train
SNIPER_22,2025-08-26,3,7.090000000008331,2.36333333333611,19,3,8,8,,train
SNIPER_22,2025-08-27,10,6.554000000000542,0.6554000000000542,20,10,7,3,,train
SNIPER_22,2025-08-28,5,7.219999999996162,1.4439999999992323,25,5,12,8,,train
SNIPER_22,2025-08-29,7,20.13900000000467,2.8770000000006672,27,7,13,6,,train
SNIPER_22,2025-09-01,8,2.9570000000007894,0.3696250000000987,21,8,5,8,,train
SNIPER_22,2025-09-02,11,118.97700000000486,10.81609090909135,33,11,9,10,,train
SNIPER_22,2025-09-03,10,26.33699999999726,2.633699999999726,31,10,14,7,,train
SNIPER_22,2025-09-04,7,8.64999999999509,1.2357142857135843,25,7,11,5,,train
SNIPER_22,2025-09-05,8,-4.359999999999673,-0.5449999999999591,15,8,4,3,,train
SNIPER_22,2025-09-08,15,46.02699999999368,3.0684666666662452,38,15,12,10,,train
SNIPER_22,2025-09-09,8,-4.336000000000695,-0.5420000000000869,22,8,9,5,,train
SNIPER_22,2025-09-10,5,-3.163000000000011,-0.6326000000000022,26,5,10,10,,train
SNIPER_22,2025-09-11,6,-3.155999999999949,-0.5259999999999915,16,6,6,4,,train
SNIPER_22,2025-09-12,5,-1.9300000000007458,-0.38600000000014917,19,5,9,4,,train
SNIPER_22,2025-09-15,12,2.948999999990974,0.24574999999924785,32,12,15,4,,train
SNIPER_22,2025-09-16,7,-4.786000000000513,-0.683714285714359,18,7,5,6,,train
SNIPER_22,2025-09-17,16,22.526000000006206,1.407875000000388,30,16,11,3,,train
SNIPER_22,2025-09-18,7,15.226999999998498,2.1752857142854998,24,7,9,8,,train
SNIPER_22,2025-09-19,7,31.394000000001597,4.484857142857371,23,7,9,6,,train
SNIPER_22,2025-09-22,7,-3.2099999999995816,-0.4585714285713688,30,7,8,14,,train
SNIPER_22,2025-09-23,5,28.57899999999654,5.715799999999308,21,5,9,7,,train
SNIPER_22,2025-09-24,5,17.313999999998487,3.4627999999996972,25,5,5,14,,train
SNIPER_22,2025-09-25,7,39.9109999999996,5.701571428571372,16,7,5,3,,train
SNIPER_22,2025-09-26,12,33.583999999997104,2.7986666666664255,28,12,5,8,,train
SNIPER_22,2025-09-29,12,20.464000000000397,1.7053333333333665,32,12,9,10,,train
SNIPER_22,2025-09-30,14,35.27300000000514,2.519500000000367,39,14,17,7,,train
SNIPER_22,2025-10-01,11,-6.549999999999727,-0.5954545454545207,20,11,6,1,,train
SNIPER_22,2025-10-02,9,-4.239999999998872,-0.4711111111109858,22,9,5,6,,train
SNIPER_22,2025-10-03,14,30.530000000007476,2.18071428571482,30,14,8,7,,train
SNIPER_22,2025-10-06,15,50.41000000000713,3.360666666667142,39,15,13,11,,train
SNIPER_22,2025-10-07,12,31.03299999998899,2.586083333332416,32,12,10,9,,train
SNIPER_22,2025-10-08,15,57.51199999999653,3.834133333333102,32,15,8,8,,train
SNIPER_22,2025-10-09,23,-5.047000000005937,-0.2194347826089538,36,23,6,5,,train
SNIPER_22,2025-10-10,17,61.09900000000334,3.5940588235296085,30,17,6,7,,train
SNIPER_22,2025-10-13,19,35.72499999999718,1.8802631578945885,35,19,3,12,,train
SNIPER_22,2025-10-14,8,-4.147000000004482,-0.5183750000005602,19,8,2,8,,train
SNIPER_22,2025-10-15,19,89.1450000000159,4.691842105263994,31,19,7,3,,train
SNIPER_22,2025-10-16,25,109.44499999999152,4.377799999999661,41,25,4,10,,train
SNIPER_22,2025-10-17,21,137.7569999999987,6.559857142857081,35,21,5,9,,train
SNIPER_22,2025-10-20,14,60.310999999999694,4.307928571428549,36,14,10,12,,train
SNIPER_22,2025-10-21,23,85.85299999997005,3.7327391304334805,41,23,7,9,,train
SNIPER_22,2025-10-22,16,87.09400000001779,5.443375000001112,31,16,5,9,,train
SNIPER_22,2025-10-23,20,22.05299999999488,1.1026499999997441,35,20,4,9,,train
SNIPER_22,2025-10-24,11,2.4180000000001196,0.21981818181819268,23,11,3,7,,train
SNIPER_22,2025-10-27,16,57.42299999999523,3.5889374999997017,35,16,11,7,,train
SNIPER_22,2025-10-28,18,55.719999999999345,3.095555555555519,35,18,10,6,,train
SNIPER_22,2025-10-29,16,-11.106222222222186,-0.6941388888888866,29,13,6,9,,train
SNIPER_22,2025-10-30,13,-9.255999999999403,-0.7119999999999541,35,13,7,14,,train
SNIPER_22,2025-10-31,8,9.240000000001146,1.1550000000001432,27,8,12,5,,train
SNIPER_22,2025-11-03,8,4.181000000000495,0.5226250000000618,19,8,2,9,,train
SNIPER_22,2025-11-04,14,56.19000000000733,4.013571428571952,28,14,8,6,,train
SNIPER_22,2025-11-05,16,14.773999999999887,0.923374999999993,28,16,4,7,,train
SNIPER_22,2025-11-06,9,15.200000000000728,1.6888888888889697,24,9,7,8,,train
SNIPER_22,2025-11-07,9,-4.153000000000247,-0.4614444444444719,16,9,2,4,,train
SNIPER_22,2025-11-10,17,27.80800000001621,1.6357647058833065,43,14,17,12,,train
SNIPER_22,2025-11-11,6,1.8299999999981083,0.3049999999996847,27,6,9,11,,train
SNIPER_22,2025-11-12,17,69.27100000000155,4.074764705882444,35,17,6,9,,train
SNIPER_22,2025-11-13,13,27.612999999994827,2.124076923076525,26,13,7,5,,train
SNIPER_22,2025-11-14,20,94.6419999999971,4.732099999999855,46,20,7,16,,train
SNIPER_22,2025-11-17,18,123.56999999999744,6.864999999999857,36,18,8,9,,train
SNIPER_22,2025-11-18,6,1.374000000000251,0.22900000000004184,20,6,6,6,,train
SNIPER_22,2025-11-19,9,-12.500000000002274,-1.3888888888891415,18,9,3,5,,train
SNIPER_22,2025-11-20,9,20.957000000002154,2.328555555555795,26,9,10,6,,train
SNIPER_22,2025-11-21,7,62.86499999999796,8.980714285713995,18,7,2,9,,train
SNIPER_22,2025-11-24,15,54.47899999998117,3.631933333332078,35,15,7,12,,train
SNIPER_22,2025-11-25,10,-6.25600000000577,-0.625600000000577,21,10,6,5,,train
SNIPER_22,2025-11-26,8,26.662999999998647,3.332874999999831,20,8,6,5,,train
SNIPER_22,2025-11-27,6,2.7999999999974534,0.46666666666624224,18,6,7,5,,train
SNIPER_22,2025-11-28,10,-5.336000000006607,-0.5336000000006607,27,10,7,10,,train
SNIPER_22,2025-12-01,7,30.442999999995664,4.34899999999938,17,7,5,4,,train
SNIPER_22,2025-12-02,10,39.597000000011576,3.9597000000011575,24,10,8,6,,train
SNIPER_22,2025-12-03,5,-2.223000000002685,-0.44460000000053695,12,5,2,5,,train
SNIPER_22,2025-12-04,13,6.931044315974456,0.5331572550749581,26,10,10,4,,train
SNIPER_22,2025-12-05,9,18.23599999999442,2.026222222221602,30,9,14,6,,train
SNIPER_22,2025-12-08,7,-4.130000000003747,-0.5900000000005353,18,7,7,4,,train
SNIPER_22,2025-12-09,15,11.536999999987529,0.7691333333325019,30,15,7,7,,train
SNIPER_22,2025-12-10,5,-4.545000000002801,-0.9090000000005602,17,5,6,3,,train
SNIPER_22,2025-12-11,18,21.630999999995765,1.201722222221987,36,18,8,8,,train
SNIPER_22,2025-12-12,6,7.792999999997846,1.2988333333329745,18,6,7,4,,train
SNIPER_22,2025-12-15,4,43.27999999999429,10.819999999998572,16,4,4,6,,train
SNIPER_22,2025-12-16,8,8.409999999997126,1.0512499999996407,22,8,8,6,,train
SNIPER_22,2025-12-17,10,16.866999999990185,1.6866999999990184,18,10,4,3,,train
SNIPER_22,2025-12-18,9,41.152999999988424,4.57255555555427,15,9,0,6,,train
SNIPER_22,2025-12-19,8,-3.2210000000040964,-0.40262500000051205,16,8,2,6,,train
SNIPER_22,2025-12-22,21,136.07399999995414,6.4797142857121015,49,21,13,14,,train
SNIPER_22,2025-12-23,8,50.52599999999438,6.315749999999298,16,8,1,6,,train
SNIPER_22,2025-12-24,12,8.720999999995911,0.7267499999996593,30,12,8,9,,train
SNIPER_22,2025-12-26,12,-9.830000000004475,-0.8191666666670395,25,12,7,6,,train
SNIPER_22,2025-12-29,24,61.836000000010245,2.576500000000427,36,21,5,9,,train
SNIPER_22,2025-12-30,12,16.417000000005828,1.368083333333819,22,12,6,4,,train
SNIPER_22,2025-12-31,6,-4.310000000004038,-0.7183333333340064,18,6,3,8,,train
SNIPER_22,2026-01-02,18,-11.193000000011125,-0.6218333333339514,37,18,9,8,,test
SNIPER_22,2026-01-05,13,5.267000000001644,0.40515384615397265,28,13,8,7,,test
SNIPER_22,2026-01-06,17,4.640999999978704,0.2729999999987473,36,17,8,9,,test
SNIPER_22,2026-01-07,8,27.17699999999786,3.3971249999997326,24,8,9,7,,test
SNIPER_22,2026-01-08,13,52.66699999998491,4.051307692306532,27,13,4,10,,test
SNIPER_22,2026-01-09,16,22.271999999998116,1.3919999999998822,24,16,2,5,,test
SNIPER_22,2026-01-12,13,18.31000000001586,1.4084615384627586,29,13,7,6,,test
SNIPER_22,2026-01-13,10,30.810000000004948,3.0810000000004947,22,10,8,4,,test
SNIPER_22,2026-01-14,11,-8.094000000005508,-0.7358181818186825,17,11,1,4,,test
SNIPER_22,2026-01-15,7,-5.539000000001579,-0.7912857142859399,22,7,11,4,,test
SNIPER_22,2026-01-16,9,-7.4430000000047585,-0.8270000000005288,14,9,0,3,,test
SNIPER_22,2026-01-19,3,-2.3000000000010914,-0.7666666666670304,8,3,3,0,,test
SNIPER_22,2026-01-20,16,26.402999999984786,1.6501874999990491,40,16,7,15,,test
SNIPER_22,2026-01-21,10,1.1039999999784413,0.11039999999784414,17,10,3,3,,test
SNIPER_22,2026-01-22,24,51.32600000000639,2.1385833333335995,47,24,6,16,,test
SNIPER_22,2026-01-23,17,137.2400000000307,8.072941176472394,28,17,2,8,,test
SNIPER_22,2026-01-26,10,19.01000000000749,1.901000000000749,15,10,1,4,,test
SNIPER_22,2026-01-27,15,74.0739999999887,4.938266666665913,26,15,3,7,,test
SNIPER_22,2026-01-28,31,412.68850954481724,13.312532565961847,50,30,3,16,,test
SNIPER_22,2026-01-29,22,278.05500000000575,12.638863636363897,38,22,3,10,,test
SNIPER_22,2026-01-30,29,75.06699999999638,2.5885172413791855,48,29,3,14,,test
SNIPER_22,2026-02-02,24,426.2810000000063,17.761708333333598,35,24,2,7,,test
SNIPER_22,2026-02-03,24,187.016999999988,7.7923749999995,33,24,0,9,,test
SNIPER_22,2026-02-04,20,65.54799999999432,3.277399999999716,34,20,3,11,,test
SNIPER_22,2026-02-05,26,205.58100000001286,7.906961538462033,37,26,1,10,,test
SNIPER_22,2026-02-06,23,127.39899999998943,5.539086956521279,48,23,6,18,,test
SNIPER_22,2026-02-09,20,10.221300624757836,0.5110650312378918,25,17,1,5,,test
SNIPER_22,2026-02-10,9,-7.447000000002845,-0.8274444444447605,17,9,5,3,,test
SNIPER_22,2026-02-11,16,-11.241000000005442,-0.7025625000003402,22,16,3,3,,test
SNIPER_22,2026-02-12,11,26.31999999999516,2.392727272726833,18,11,3,4,,test
SNIPER_22,2026-02-13,20,80.21099999999296,4.010549999999649,28,20,1,6,,test
SNIPER_22,2026-02-16,6,-4.8160000000016225,-0.8026666666669371,13,6,2,3,,test
SNIPER_22,2026-02-17,19,89.75299999998424,4.723842105262328,32,19,4,9,,test
SNIPER_22,2026-02-18,11,93.28699999997662,8.480636363634238,36,11,7,15,,test
SNIPER_22,2026-02-19,16,25.3429999999953,1.5839374999997062,23,16,4,3,,test
SNIPER_22,2026-02-20,16,200.296000000003,12.518500000000188,24,16,5,1,,test
SNIPER_22,2026-02-23,14,134.33299999998326,9.595214285713089,33,14,4,13,,test
SNIPER_22,2026-02-24,14,-12.74300000000585,-0.9102142857147035,25,14,3,8,,test
SNIPER_22,2026-02-25,11,31.583999999998923,2.8712727272726295,20,11,4,4,,test
SNIPER_22,2026-02-26,11,41.56399999999121,3.7785454545446555,17,11,5,1,,test
SNIPER_22,2026-02-27,14,31.674999999999272,2.262499999999948,30,14,6,9,,test
SNIPER_22,2026-03-02,10,-19.119000000002416,-1.9119000000002415,22,10,5,6,,test
SNIPER_22,2026-03-03,28,-20.20100000000093,-0.721464285714319,45,28,5,12,,test
SNIPER_22,2026-03-04,11,-5.587000000005901,-0.5079090909096273,23,11,5,5,,test
SNIPER_22,2026-03-05,18,60.53299999999036,3.362944444443909,27,18,3,5,,test
SNIPER_22,2026-03-06,15,-1.11000000000422,-0.07400000000028134,27,15,7,4,,test
SNIPER_22,2026-03-09,15,159.75599999998576,10.65039999999905,25,15,2,8,,test
SNIPER_22,2026-03-10,22,54.47380099503274,2.4760818634105792,38,19,10,8,,test
SNIPER_22,2026-03-11,12,23.600000000018554,1.9666666666682129,21,12,1,7,,test
SNIPER_22,2026-03-12,25,29.812999999980093,1.1925199999992038,41,25,4,12,,test
SNIPER_22,2026-03-13,13,46.62299999996685,3.5863846153820655,25,13,3,8,,test
SNIPER_22,2026-03-16,8,13.3429999999953,1.6678749999994125,21,8,6,5,,test
SNIPER_22,2026-03-17,8,11.296000000007552,1.412000000000944,17,8,3,5,,test
SNIPER_22,2026-03-18,19,28.997000000002117,1.5261578947369536,42,19,9,12,,test
SNIPER_22,2026-03-19,25,254.46822480620145,10.178728992248057,38,22,2,13,,test
SNIPER_22,2026-03-20,18,70.2809999999863,3.9044999999992394,34,18,6,9,,test
SNIPER_22,2026-03-23,21,-13.157000000010157,-0.6265238095242932,31,21,5,4,,test
SNIPER_22,2026-03-24,17,50.14799999999195,2.949882352940703,31,17,2,8,,test
SNIPER_22,2026-03-25,11,80.65999999998985,7.33272727272635,23,11,6,5,,test
SNIPER_22,2026-03-26,19,32.43099999999231,1.7068947368417005,30,19,4,7,,test
SNIPER_22,2026-03-27,17,45.67700000000059,2.686882352941211,32,17,6,9,,test
SNIPER_22,2026-03-30,20,30.095999999984087,1.5047999999992043,27,20,2,3,,test
SNIPER_22,2026-03-31,26,91.1820000000107,3.507000000000412,44,26,3,14,,test
SNIPER_22,2026-04-01,18,50.7369999999828,2.8187222222212664,30,18,3,9,,test
SNIPER_22,2026-04-02,15,-7.9170000000067375,-0.5278000000004491,27,15,2,10,,test
SNIPER_22,2026-04-06,9,7.515999999997803,0.835111111110867,23,9,5,8,,test
SNIPER_22,2026-04-07,16,113.24200000000383,7.077625000000239,27,16,5,6,,test
SNIPER_22,2026-04-08,19,-18.188000000008287,-0.957263157895173,33,19,4,9,,test
SNIPER_22,2026-04-09,21,36.679999999975735,1.746666666665511,34,21,5,7,,test
SNIPER_22,2026-04-10,8,18.437000000004446,2.3046250000005557,18,8,3,6,,test
SNIPER_22,2026-04-13,9,-6.940000000005966,-0.771111111111774,24,9,4,9,,test
SNIPER_22,2026-04-14,13,10.074000000004162,0.774923076923397,31,13,5,11,,test
SNIPER_22,2026-04-15,9,44.20999999999094,4.9122222222212155,23,9,3,10,,test
SNIPER_22,2026-04-16,13,-2.312000000003536,-0.17784615384642585,27,13,8,5,,test
SNIPER_22,2026-04-17,14,35.283000000004904,2.520214285714636,32,14,8,9,,test
SNIPER_22,2026-04-20,19,84.91599999998198,4.4692631578937885,28,19,4,3,,test
SNIPER_22,2026-04-21,20,18.21999999997297,0.9109999999986484,38,20,8,9,,test
SNIPER_22,2026-04-22,14,23.85999999998421,1.7042857142845864,25,14,4,6,,test
SNIPER_22,2026-04-23,7,58.946999999983746,8.420999999997678,18,7,6,2,,test
SNIPER_22,2026-04-24,9,17.200000000004366,1.9111111111115962,27,9,11,7,,test
SNIPER_22,2026-04-27,15,-4.6030000000055225,-0.3068666666670348,35,15,14,6,,test
SNIPER_22,2026-04-28,20,38.19999999999072,1.909999999999536,49,20,14,15,,test
SNIPER_22,2026-04-29,12,37.974000000011074,3.1645000000009227,35,12,5,15,,test
SNIPER_22,2026-04-30,14,3.249999999990905,0.2321428571422075,35,14,7,14,,test
SNIPER_22,2026-05-01,14,-6.980000000008658,-0.498571428572047,27,14,2,10,,test
SNIPER_22,2026-05-04,23,34.011999999981526,1.478782608694849,43,23,9,11,,test
SNIPER_22,2026-05-05,7,-2.8340000000034706,-0.4048571428576387,25,7,9,8,,test
SNIPER_22,2026-05-06,19,26.800000000002,1.410526315789579,41,19,7,15,,test
SNIPER_22,2026-05-07,16,95.90900000000511,5.994312500000319,26,16,6,2,,test
SNIPER_22,2026-05-08,11,6.205333333319079,0.5641212121199163,19,8,5,5,,test
SNIPER_22,2026-05-11,17,75.10400000003301,4.417882352943118,37,17,7,13,,test
SNIPER_22,2026-05-12,22,82.16474829933304,3.73476128633332,39,19,6,13,,test
SNIPER_22,2026-05-13,7,28.33000000000175,4.047142857143107,16,7,3,5,,test
SNIPER_22,2026-05-14,7,-4.324000000004162,-0.6177142857148803,21,7,2,10,,test
SNIPER_22,2026-05-15,11,-0.6469999999962968,-0.05881818181784516,30,11,11,7,,test
SNIPER_22,2026-05-18,9,-7.890000000002146,-0.8766666666669052,17,9,3,4,,test
SNIPER_22,2026-05-19,18,44.06999999998607,2.448333333332559,33,18,8,7,,test
SNIPER_22,2026-05-20,19,2.146999999994477,0.11299999999970932,34,19,8,6,,test
SNIPER_22,2026-05-21,12,57.06600000001072,4.755500000000893,27,12,8,6,,test
SNIPER_22,2026-05-22,8,35.610000000011496,4.451250000001437,24,8,7,8,,test
SNIPER_22,2026-05-25,4,-2.5330000000021755,-0.6332500000005439,8,4,4,0,,test
SNIPER_22,2026-05-26,9,43.879999999991924,4.875555555554659,25,9,12,1,,test
SNIPER_22,2026-05-27,6,8.6899999999996,1.4483333333332666,30,6,7,14,,test
SNIPER_22,2026-05-28,25,62.47299999997995,2.498919999999198,43,25,4,12,,test
SNIPER_22,2026-05-29,16,112.8870000000179,7.055437500001119,37,16,7,11,,test
SNIPER_22,2026-06-01,13,-0.5159999999978028,-0.039692307692138676,32,13,8,10,,test
SNIPER_22,2026-06-02,13,34.26399999998557,2.635692307691198,27,13,7,6,,test
SNIPER_22,2026-06-03,15,-13.437000000006265,-0.8958000000004176,26,15,5,5,,test
SNIPER_22,2026-06-04,8,14.789999999996326,1.8487499999995407,26,8,9,9,,test
SNIPER_22,2026-06-05,9,-5.960000000002765,-0.6622222222225295,27,9,5,11,,test
SNIPER_22,2026-06-08,10,49.64700000000721,4.964700000000721,21,10,3,6,,test
SNIPER_22,2026-06-09,17,19.685999999986052,1.1579999999991795,32,17,5,7,,test
SNIPER_22,2026-06-10,27,46.60399999996662,1.7260740740728377,53,27,8,17,,test
SNIPER_22,2026-06-11,14,131.87700000000586,9.419785714286133,23,14,5,3,,test
SNIPER_22,2026-06-12,5,5.833999999993466,1.1667999999986933,15,5,4,6,,test
SNIPER_22,2026-06-15,14,23.11699999999655,1.6512142857140393,34,14,10,10,,test
SNIPER_22,2026-06-16,11,2.326999999995679,0.2115454545450617,21,11,5,4,,test
SNIPER_22,2026-06-17,15,2.5799999999935626,0.17199999999957083,25,15,5,4,,test
SNIPER_22,2026-06-18,14,88.4669999999669,6.319071428569065,39,14,9,14,,test
SNIPER_22,2026-06-19,12,36.679999999994834,3.0566666666662363,20,12,2,4,,test
SNIPER_22,2026-06-22,10,11.679999999996655,1.1679999999996655,22,10,9,2,,test
SNIPER_22,2026-06-23,14,68.73999999999751,4.909999999999822,32,14,7,11,,test
SNIPER_22,2026-06-24,17,61.76700000000028,3.633352941176487,41,17,11,11,,test
SNIPER_22,2026-06-25,4,-2.2800000000002,-0.57000000000005,11,4,2,2,,test
SNIPER_22,2026-06-26,18,-13.216999999998734,-0.7342777777777074,32,18,4,8,,test
SNIPER_22,2026-06-29,15,50.034000000009655,3.335600000000644,37,15,14,6,,test
SNIPER_22,2026-06-30,11,-6.372999999999138,-0.579363636363558,27,11,6,9,,test
SNIPER_22,2026-07-01,20,24.919999999991433,1.2459999999995717,46,20,12,13,,test
SNIPER_22,2026-07-02,6,-5.9099999999998545,-0.9849999999999758,27,6,11,7,,test
SNIPER_22,2026-07-03,6,12.109999999994216,2.0183333333323694,23,6,7,8,,test
SNIPER_22,2026-07-06,5,5.289999999997235,1.057999999999447,24,5,13,6,,test
SNIPER_22,2026-07-07,8,5.930000000000291,0.7412500000000364,26,8,7,9,,test
SNIPER_22,2026-07-08,15,17.31999999999971,1.1546666666666472,29,15,3,11,,test
SNIPER_22,2026-07-09,7,-2.7100000000018554,-0.3871428571431222,25,7,5,13,,test
SNIPER_22,2026-07-10,5,-2.7700000000022555,-0.5540000000004511,16,5,4,6,,test
SNIPER_22,2026-07-13,21,74.0199999999877,3.524761904761319,34,21,4,8,,test
SNIPER_22,2026-07-14,16,32.949999999994816,2.059374999999676,37,16,8,13,,test
SNIPER_22,2026-07-15,8,37.15999999999076,4.644999999998845,19,8,5,6,,test
